# This file uses meters as units for non-parametric coordinates.

mtllib ContainerBlue.mtl
g default
v 86.102112 8.211817 -275.940338
v 86.220818 8.211817 -265.593658
v 86.102112 301.361786 -275.940338
v 86.220818 301.361786 -265.593658
v 96.108215 301.361786 -276.055145
v 96.226921 301.361786 -265.708466
v 96.108215 8.211817 -276.055145
v 96.226921 8.211817 -265.708466
v 49.798702 8.211817 -275.523804
v 49.917416 8.211817 -265.177155
v 49.798702 301.361786 -275.523804
v 49.917416 301.361786 -265.177155
v 59.804802 301.361786 -275.638611
v 59.923515 301.361786 -265.291962
v 59.804802 8.211817 -275.638611
v 59.923515 8.211817 -265.291962
v 13.495293 8.211817 -275.107300
v 13.613998 8.211817 -264.760620
v 13.495293 301.361786 -275.107300
v 13.613998 301.361786 -264.760620
v 23.501389 301.361786 -275.222107
v 23.620102 301.361786 -264.875427
v 23.501389 8.211817 -275.222107
v 23.620102 8.211817 -264.875427
v -22.808128 8.211817 -274.690765
v -22.689415 8.211817 -264.344086
v -22.808128 301.361786 -274.690765
v -22.689415 301.361786 -264.344086
v -12.802025 301.361786 -274.805573
v -12.683311 301.361786 -264.458893
v -12.802025 8.211817 -274.805573
v -12.683311 8.211817 -264.458893
v -59.111534 8.211817 -274.274231
v -58.992821 8.211817 -263.927582
v -59.111534 301.361786 -274.274231
v -58.992821 301.361786 -263.927582
v -49.105431 301.361786 -274.389038
v -48.986717 301.361786 -264.042389
v -49.105431 8.211817 -274.389038
v -48.986717 8.211817 -264.042389
v -95.414940 8.211817 -273.857727
v -95.296242 8.211817 -263.511047
v -95.414940 301.361786 -273.857727
v -95.296242 301.361786 -263.511047
v -85.408836 301.361786 -273.972534
v -85.290138 301.361786 -263.625854
v -85.408836 8.211817 -273.972534
v -85.290138 8.211817 -263.625854
v -130.273743 4.786803 -232.423798
v -119.926384 4.786803 -232.423798
v -130.273743 304.786804 -232.423798
v -119.926384 304.786804 -232.423798
v -130.273743 304.786804 -242.430542
v -119.926384 304.786804 -242.430542
v -130.273743 4.786803 -242.430542
v -119.926384 4.786803 -242.430542
v -130.273743 4.786803 -195.741653
v -119.926384 4.786803 -195.741653
v -130.273743 304.786804 -195.741653
v -119.926384 304.786804 -195.741653
v -130.273743 304.786804 -205.748398
v -119.926384 304.786804 -205.748398
v -130.273743 4.786803 -205.748398
v -119.926384 4.786803 -205.748398
v -130.273743 4.786803 -159.435852
v -119.926384 4.786803 -159.435852
v -130.273743 304.786804 -159.435852
v -119.926384 304.786804 -159.435852
v -130.273743 304.786804 -169.442596
v -119.926384 304.786804 -169.442596
v -130.273743 4.786803 -169.442596
v -119.926384 4.786803 -169.442596
v -130.273743 4.786803 -123.130035
v -119.926384 4.786803 -123.130035
v -130.273743 304.786804 -123.130035
v -119.926384 304.786804 -123.130035
v -130.273743 304.786804 -133.136795
v -119.926384 304.786804 -133.136795
v -130.273743 4.786803 -133.136795
v -119.926384 4.786803 -133.136795
v -130.273743 4.786803 -86.824234
v -119.926384 4.786803 -86.824234
v -130.273743 304.786804 -86.824234
v -119.926384 304.786804 -86.824234
v -130.273743 304.786804 -96.830994
v -119.926384 304.786804 -96.830994
v -130.273743 4.786803 -96.830994
v -119.926384 4.786803 -96.830994
v -130.273743 4.786803 -50.518436
v -119.926384 4.786803 -50.518436
v -130.273743 304.786804 -50.518436
v -119.926384 304.786804 -50.518436
v -130.273743 304.786804 -60.525196
v -119.926384 304.786804 -60.525196
v -130.273743 4.786803 -60.525196
v -119.926384 4.786803 -60.525196
v -130.273743 4.786803 -14.212634
v -119.926384 4.786803 -14.212634
v -130.273743 304.786804 -14.212634
v -119.926384 304.786804 -14.212634
v -130.273743 304.786804 -24.219391
v -119.926384 304.786804 -24.219391
v -130.273743 4.786803 -24.219391
v -119.926384 4.786803 -24.219391
v -130.273743 4.786803 22.093166
v -119.926384 4.786803 22.093166
v -130.273743 304.786804 22.093166
v -119.926384 304.786804 22.093166
v -130.273743 304.786804 12.086411
v -119.926384 304.786804 12.086411
v -130.273743 4.786803 12.086411
v -119.926384 4.786803 12.086411
v -130.273743 4.786803 58.398972
v -119.926384 4.786803 58.398972
v -130.273743 304.786804 58.398972
v -119.926384 304.786804 58.398972
v -130.273743 304.786804 48.392212
v -119.926384 304.786804 48.392212
v -130.273743 4.786803 48.392212
v -119.926384 4.786803 48.392212
v -130.273743 4.786803 94.704773
v -119.926384 4.786803 94.704773
v -130.273743 304.786804 94.704773
v -119.926384 304.786804 94.704773
v -130.273743 304.786804 84.698013
v -119.926384 304.786804 84.698013
v -130.273743 4.786803 84.698013
v -119.926384 4.786803 84.698013
v -130.273743 4.786803 131.010559
v -119.926384 4.786803 131.010559
v -130.273743 304.786804 131.010559
v -119.926384 304.786804 131.010559
v -130.273743 304.786804 121.003807
v -119.926384 304.786804 121.003807
v -130.273743 4.786803 121.003807
v -119.926384 4.786803 121.003807
v -130.273743 4.786803 167.316360
v -119.926384 4.786803 167.316360
v -130.273743 304.786804 167.316360
v -119.926384 304.786804 167.316360
v -130.273743 304.786804 157.309616
v -119.926384 304.786804 157.309616
v -130.273743 4.786803 157.309616
v -119.926384 4.786803 157.309616
v -130.273743 4.786803 203.622162
v -119.926384 4.786803 203.622162
v -130.273743 304.786804 203.622162
v -119.926384 304.786804 203.622162
v -130.273743 304.786804 193.615417
v -119.926384 304.786804 193.615417
v -130.273743 4.786803 193.615417
v -119.926384 4.786803 193.615417
v -130.273743 4.786803 239.927963
v -119.926384 4.786803 239.927963
v -130.273743 304.786804 239.927963
v -119.926384 304.786804 239.927963
v -130.273743 304.786804 229.921219
v -119.926384 304.786804 229.921219
v -130.273743 4.786803 229.921219
v -119.926384 4.786803 229.921219
v -126.715843 15.973802 268.718140
v -5.141991 15.973802 268.718140
v -126.715843 105.384880 268.718140
v -5.141991 105.384880 268.718140
v -126.715843 105.384880 258.711365
v -5.141991 105.384880 258.711365
v -126.715843 15.973802 258.711365
v -5.141991 15.973802 258.711365
v -126.715843 134.252274 268.718140
v -5.141991 134.252274 268.718140
v -126.715843 189.334091 268.718140
v -5.141991 189.334091 268.718140
v -126.715843 189.334091 258.711365
v -5.141991 189.334091 258.711365
v -126.715843 134.252274 258.711365
v -5.141991 134.252274 258.711365
v -126.715843 218.201508 268.718140
v -5.141991 218.201508 268.718140
v -126.715843 297.195221 268.718140
v -5.141991 297.195221 268.718140
v -126.715843 297.195221 258.711365
v -5.141991 297.195221 258.711365
v -126.715843 218.201508 258.711365
v -5.141991 218.201508 258.711365
v 3.263466 218.201508 268.718140
v 124.837311 218.201508 268.718140
v 3.263458 297.195221 268.718140
v 124.837311 297.195221 268.718140
v 3.263458 297.195221 258.711365
v 124.837311 297.195221 258.711365
v 3.263466 218.201508 258.711365
v 124.837311 218.201508 258.711365
v 3.263466 134.252274 268.718140
v 124.837311 134.252274 268.718140
v 3.263458 189.334091 268.718140
v 124.837311 189.334091 268.718140
v 3.263458 189.334091 258.711365
v 124.837311 189.334091 258.711365
v 3.263466 134.252274 258.711365
v 124.837311 134.252274 258.711365
v 3.263466 15.973802 268.718140
v 124.837311 15.973802 268.718140
v 3.263458 105.384880 268.718140
v 124.837311 105.384880 268.718140
v 3.263458 105.384880 258.711365
v 124.837311 105.384880 258.711365
v 3.263466 15.973802 258.711365
v 124.837311 15.973802 258.711365
v -128.347443 4.786803 267.504089
v 129.249359 4.786803 267.504089
v -128.347443 304.786804 267.504089
v 129.249359 304.786804 267.504089
v -128.347443 304.786804 -273.864380
v 129.249359 304.786804 -273.864380
v -128.347443 4.786803 -273.864380
v 129.249359 4.786803 -273.864380
v 135.751282 298.247955 -268.585541
v 135.751282 308.595306 -268.585541
v -135.483948 298.247955 -268.585541
v -135.483948 308.595306 -268.585541
v -135.483948 298.247955 -278.592316
v -135.483948 308.595306 -278.592316
v 135.751282 298.247955 -278.592316
v 135.751282 308.595306 -278.592316
v -135.751282 4.786803 -268.799438
v -123.149162 4.786803 -268.799438
v -135.751282 308.595276 -268.799438
v -123.149162 308.595276 -268.799438
v -135.751282 308.595276 -278.806213
v -123.149162 308.595276 -278.806213
v -135.751282 4.786803 -278.806213
v -123.149162 4.786803 -278.806213
v 135.751282 0.000010 -268.585541
v 135.751282 10.347361 -268.585541
v -135.483948 0.000000 -268.585541
v -135.483948 10.347350 -268.585541
v -135.483948 0.000000 -278.592316
v -135.483948 10.347350 -278.592316
v 135.751282 0.000010 -278.592316
v 135.751282 10.347361 -278.592316
v -135.751282 0.442914 273.518646
v -122.925697 0.442914 273.518646
v -135.751282 11.629925 273.518646
v -122.925697 11.629925 273.518646
v -135.751282 11.629925 -278.806183
v -122.925697 11.629925 -278.806183
v -135.751282 0.442914 -278.806183
v -122.925697 0.442914 -278.806183
v -135.751282 297.195221 273.518646
v -122.925697 297.195221 273.518646
v -135.751282 308.382233 273.518646
v -122.925697 308.382233 273.518646
v -135.751282 308.382233 -278.806183
v -122.925697 308.382233 -278.806183
v -135.751282 297.195221 -278.806183
v -122.925697 297.195221 -278.806183
v -135.751282 4.786803 273.276154
v -123.149162 4.786803 273.276154
v -135.751282 308.595276 273.276154
v -123.149162 308.595276 273.276154
v -135.751282 308.595276 263.269379
v -123.149162 308.595276 263.269379
v -135.751282 4.786803 263.269379
v -123.149162 4.786803 263.269379
v 122.925682 4.786803 273.276154
v 135.527817 4.786803 273.276154
v 122.925682 308.595276 273.276154
v 135.527817 308.595276 273.276154
v 122.925682 308.595276 263.269379
v 135.527817 308.595276 263.269379
v 122.925682 4.786803 263.269379
v 135.527817 4.786803 263.269379
v 135.751282 298.247955 273.799347
v 135.751282 308.595306 273.799347
v -135.483948 298.247955 273.799347
v -135.483948 308.595306 273.799347
v -135.483948 298.247955 263.792572
v -135.483948 308.595306 263.792572
v 135.751282 298.247955 263.792572
v 135.751282 308.595306 263.792572
v 122.925682 297.195221 273.518646
v 135.751282 297.195221 273.518646
v 122.925682 308.382233 273.518646
v 135.751282 308.382233 273.518646
v 122.925682 308.382233 -278.806183
v 135.751282 308.382233 -278.806183
v 122.925682 297.195221 -278.806183
v 135.751282 297.195221 -278.806183
v 122.925682 0.442914 273.518646
v 135.751282 0.442914 273.518646
v 122.925682 11.629925 273.518646
v 135.751282 11.629925 273.518646
v 122.925682 11.629925 -278.806183
v 135.751282 11.629925 -278.806183
v 122.925682 0.442914 -278.806183
v 135.751282 0.442914 -278.806183
v 122.925690 4.786803 -268.799438
v 135.527817 4.786803 -268.799438
v 122.925690 308.595276 -268.799438
v 135.527817 308.595276 -268.799438
v 122.925690 308.595276 -278.806213
v 135.527817 308.595276 -278.806213
v 122.925690 4.786803 -278.806213
v 135.527817 4.786803 -278.806213
v -20.681129 0.249588 272.490417
v -20.681129 10.596937 272.490417
v -100.361809 0.249587 272.490417
v -100.361809 10.596937 272.490417
v -100.361778 0.249587 -273.546783
v -100.361778 10.596937 -273.546783
v -20.681114 0.249588 -273.546783
v -20.681114 10.596937 -273.546783
v 92.936417 0.249588 272.490417
v 92.936417 10.596937 272.490417
v 13.255745 0.249587 272.490417
v 13.255745 10.596937 272.490417
v 13.255760 0.249587 -273.546783
v 13.255760 10.596937 -273.546783
v 92.936424 0.249588 -273.546783
v 92.936424 10.596937 -273.546783
v -6.039040 4.786803 271.452271
v 6.827202 4.786803 271.452271
v -6.039040 304.786804 271.452271
v 6.827202 304.786804 271.452271
v -6.039040 304.786804 261.445496
v 6.827202 304.786804 261.445496
v -6.039040 4.786803 261.445496
v 6.827202 4.786803 261.445496
v 135.751282 4.702543 273.799347
v 135.751282 15.049893 273.799347
v -135.483948 4.702533 273.799347
v -135.483948 15.049884 273.799347
v -135.483948 4.702533 263.792572
v -135.483948 15.049884 263.792572
v 135.751282 4.702543 263.792572
v 135.751282 15.049893 263.792572
v -49.663948 156.913025 274.653107
v -41.067390 156.913025 274.653107
v -49.663948 163.924408 274.653107
v -41.067390 163.924408 274.653107
v -48.271996 163.924408 272.465454
v -42.591911 163.924408 272.465454
v -48.271996 156.913025 272.465454
v -42.591911 156.913025 272.465454
v -53.429710 156.913025 272.465454
v -53.429710 156.913025 273.598541
v -53.429710 163.924408 273.598541
v -53.429710 163.924408 272.465454
v -37.334190 156.913025 272.465454
v -37.334190 156.913025 273.565399
v -37.334190 163.924408 272.465454
v -37.334190 163.924408 273.565399
v -45.365669 156.913025 278.806213
v -45.365669 163.924408 278.806213
v -45.266243 163.924408 277.933838
v -45.266243 156.913025 277.933838
v -48.536522 156.913025 278.133240
v -48.536522 163.924408 278.133240
v -47.973122 163.924408 276.740753
v -47.973122 156.913025 276.740753
v -42.194817 156.913025 278.133240
v -42.194817 163.924408 278.133240
v -42.691933 163.924408 277.005890
v -42.691933 156.913025 277.005890
v -51.226311 156.913025 273.728119
v -51.226311 156.913025 272.465454
v -51.226311 163.924408 272.465454
v -51.226311 163.924408 273.728119
v -39.852730 156.913025 273.893829
v -39.852730 163.924408 273.893829
v -39.852730 163.924408 272.465454
v -39.852730 156.913025 272.465454
v -88.828911 156.913025 274.653107
v -80.232353 156.913025 274.653107
v -88.828911 163.924408 274.653107
v -80.232353 163.924408 274.653107
v -87.436958 163.924408 272.465454
v -81.756874 163.924408 272.465454
v -87.436958 156.913025 272.465454
v -81.756874 156.913025 272.465454
v -92.594658 156.913025 272.465454
v -92.594658 156.913025 273.598541
v -92.594658 163.924408 273.598541
v -92.594658 163.924408 272.465454
v -76.499153 156.913025 272.465454
v -76.499153 156.913025 273.565399
v -76.499153 163.924408 272.465454
v -76.499153 163.924408 273.565399
v -84.530632 156.913025 278.806213
v -84.530632 163.924408 278.806213
v -84.431206 163.924408 277.933838
v -84.431206 156.913025 277.933838
v -87.701485 156.913025 278.133240
v -87.701485 163.924408 278.133240
v -87.138084 163.924408 276.740753
v -87.138084 156.913025 276.740753
v -81.359779 156.913025 278.133240
v -81.359779 163.924408 278.133240
v -81.856895 163.924408 277.005890
v -81.856895 156.913025 277.005890
v -90.391273 156.913025 273.728119
v -90.391273 156.913025 272.465454
v -90.391273 163.924408 272.465454
v -90.391273 163.924408 273.728119
v -79.017693 156.913025 273.893829
v -79.017693 163.924408 273.893829
v -79.017693 163.924408 272.465454
v -79.017693 156.913025 272.465454
v -88.828911 275.330902 274.653107
v -80.232353 275.330902 274.653107
v -88.828911 282.342316 274.653107
v -80.232353 282.342316 274.653107
v -87.436958 282.342316 272.465454
v -81.756874 282.342316 272.465454
v -87.436958 275.330902 272.465454
v -81.756874 275.330902 272.465454
v -92.594658 275.330902 272.465454
v -92.594658 275.330902 273.598541
v -92.594658 282.342316 273.598541
v -92.594658 282.342316 272.465454
v -76.499153 275.330902 272.465454
v -76.499153 275.330902 273.565399
v -76.499153 282.342316 272.465454
v -76.499153 282.342316 273.565399
v -84.530632 275.330902 278.806213
v -84.530632 282.342316 278.806213
v -84.431206 282.342316 277.933838
v -84.431206 275.330902 277.933838
v -87.701485 275.330902 278.133240
v -87.701485 282.342316 278.133240
v -87.138084 282.342316 276.740753
v -87.138084 275.330902 276.740753
v -81.359779 275.330902 278.133240
v -81.359779 282.342316 278.133240
v -81.856895 282.342316 277.005890
v -81.856895 275.330902 277.005890
v -90.391273 275.330902 273.728119
v -90.391273 275.330902 272.465454
v -90.391273 282.342316 272.465454
v -90.391273 282.342316 273.728119
v -79.017693 275.330902 273.893829
v -79.017693 282.342316 273.893829
v -79.017693 282.342316 272.465454
v -79.017693 275.330902 272.465454
v -49.663948 275.330902 274.653107
v -41.067390 275.330902 274.653107
v -49.663948 282.342316 274.653107
v -41.067390 282.342316 274.653107
v -48.271996 282.342316 272.465454
v -42.591911 282.342316 272.465454
v -48.271996 275.330902 272.465454
v -42.591911 275.330902 272.465454
v -53.429710 275.330902 272.465454
v -53.429710 275.330902 273.598541
v -53.429710 282.342316 273.598541
v -53.429710 282.342316 272.465454
v -37.334190 275.330902 272.465454
v -37.334190 275.330902 273.565399
v -37.334190 282.342316 272.465454
v -37.334190 282.342316 273.565399
v -45.365669 275.330902 278.806213
v -45.365669 282.342316 278.806213
v -45.266243 282.342316 277.933838
v -45.266243 275.330902 277.933838
v -48.536522 275.330902 278.133240
v -48.536522 282.342316 278.133240
v -47.973122 282.342316 276.740753
v -47.973122 275.330902 276.740753
v -42.194817 275.330902 278.133240
v -42.194817 282.342316 278.133240
v -42.691933 282.342316 277.005890
v -42.691933 275.330902 277.005890
v -51.226311 275.330902 273.728119
v -51.226311 275.330902 272.465454
v -51.226311 282.342316 272.465454
v -51.226311 282.342316 273.728119
v -39.852730 275.330902 273.893829
v -39.852730 282.342316 273.893829
v -39.852730 282.342316 272.465454
v -39.852730 275.330902 272.465454
v -49.663948 38.495148 274.653107
v -41.067390 38.495148 274.653107
v -49.663948 45.506546 274.653107
v -41.067390 45.506546 274.653107
v -48.271996 45.506546 272.465454
v -42.591911 45.506546 272.465454
v -48.271996 38.495148 272.465454
v -42.591911 38.495148 272.465454
v -53.429710 38.495148 272.465454
v -53.429710 38.495148 273.598541
v -53.429710 45.506546 273.598541
v -53.429710 45.506546 272.465454
v -37.334190 38.495148 272.465454
v -37.334190 38.495148 273.565399
v -37.334190 45.506546 272.465454
v -37.334190 45.506546 273.565399
v -45.365669 38.495148 278.806213
v -45.365669 45.506546 278.806213
v -45.266243 45.506546 277.933838
v -45.266243 38.495148 277.933838
v -48.536522 38.495148 278.133240
v -48.536522 45.506546 278.133240
v -47.973122 45.506546 276.740753
v -47.973122 38.495148 276.740753
v -42.194817 38.495148 278.133240
v -42.194817 45.506546 278.133240
v -42.691933 45.506546 277.005890
v -42.691933 38.495148 277.005890
v -51.226311 38.495148 273.728119
v -51.226311 38.495148 272.465454
v -51.226311 45.506546 272.465454
v -51.226311 45.506546 273.728119
v -39.852730 38.495148 273.893829
v -39.852730 45.506546 273.893829
v -39.852730 45.506546 272.465454
v -39.852730 38.495148 272.465454
v -88.828911 38.495148 274.653107
v -80.232353 38.495148 274.653107
v -88.828911 45.506546 274.653107
v -80.232353 45.506546 274.653107
v -87.436958 45.506546 272.465454
v -81.756874 45.506546 272.465454
v -87.436958 38.495148 272.465454
v -81.756874 38.495148 272.465454
v -92.594658 38.495148 272.465454
v -92.594658 38.495148 273.598541
v -92.594658 45.506546 273.598541
v -92.594658 45.506546 272.465454
v -76.499153 38.495148 272.465454
v -76.499153 38.495148 273.565399
v -76.499153 45.506546 272.465454
v -76.499153 45.506546 273.565399
v -84.530632 38.495148 278.806213
v -84.530632 45.506546 278.806213
v -84.431206 45.506546 277.933838
v -84.431206 38.495148 277.933838
v -87.701485 38.495148 278.133240
v -87.701485 45.506546 278.133240
v -87.138084 45.506546 276.740753
v -87.138084 38.495148 276.740753
v -81.359779 38.495148 278.133240
v -81.359779 45.506546 278.133240
v -81.856895 45.506546 277.005890
v -81.856895 38.495148 277.005890
v -90.391273 38.495148 273.728119
v -90.391273 38.495148 272.465454
v -90.391273 45.506546 272.465454
v -90.391273 45.506546 273.728119
v -79.017693 38.495148 273.893829
v -79.017693 45.506546 273.893829
v -79.017693 45.506546 272.465454
v -79.017693 38.495148 272.465454
v 79.161949 38.495148 274.653107
v 87.758499 38.495148 274.653107
v 79.161949 45.506546 274.653107
v 87.758499 45.506546 274.653107
v 80.553902 45.506546 272.465454
v 86.233978 45.506546 272.465454
v 80.553902 38.495148 272.465454
v 86.233978 38.495148 272.465454
v 75.396194 38.495148 272.465454
v 75.396194 38.495148 273.598541
v 75.396194 45.506546 273.598541
v 75.396194 45.506546 272.465454
v 91.491699 38.495148 272.465454
v 91.491699 38.495148 273.565399
v 91.491699 45.506546 272.465454
v 91.491699 45.506546 273.565399
v 83.460228 38.495148 278.806213
v 83.460228 45.506546 278.806213
v 83.559647 45.506546 277.933838
v 83.559647 38.495148 277.933838
v 80.289368 38.495148 278.133240
v 80.289368 45.506546 278.133240
v 80.852776 45.506546 276.740753
v 80.852776 38.495148 276.740753
v 86.631088 38.495148 278.133240
v 86.631088 45.506546 278.133240
v 86.133957 45.506546 277.005890
v 86.133957 38.495148 277.005890
v 77.599594 38.495148 273.728119
v 77.599594 38.495148 272.465454
v 77.599594 45.506546 272.465454
v 77.599594 45.506546 273.728119
v 88.973160 38.495148 273.893829
v 88.973160 45.506546 273.893829
v 88.973160 45.506546 272.465454
v 88.973160 38.495148 272.465454
v 39.996994 38.495148 274.653107
v 48.593548 38.495148 274.653107
v 39.996994 45.506546 274.653107
v 48.593548 45.506546 274.653107
v 41.388954 45.506546 272.465454
v 47.069023 45.506546 272.465454
v 41.388954 38.495148 272.465454
v 47.069023 38.495148 272.465454
v 36.231239 38.495148 272.465454
v 36.231239 38.495148 273.598541
v 36.231239 45.506546 273.598541
v 36.231239 45.506546 272.465454
v 52.326748 38.495148 272.465454
v 52.326748 38.495148 273.565399
v 52.326748 45.506546 272.465454
v 52.326748 45.506546 273.565399
v 44.295273 38.495148 278.806213
v 44.295273 45.506546 278.806213
v 44.394699 45.506546 277.933838
v 44.394699 38.495148 277.933838
v 41.124413 38.495148 278.133240
v 41.124413 45.506546 278.133240
v 41.687820 45.506546 276.740753
v 41.687820 38.495148 276.740753
v 47.466133 38.495148 278.133240
v 47.466133 45.506546 278.133240
v 46.969006 45.506546 277.005890
v 46.969006 38.495148 277.005890
v 38.434639 38.495148 273.728119
v 38.434639 38.495148 272.465454
v 38.434639 45.506546 272.465454
v 38.434639 45.506546 273.728119
v 49.808208 38.495148 273.893829
v 49.808208 45.506546 273.893829
v 49.808208 45.506546 272.465454
v 49.808208 38.495148 272.465454
v 39.996994 156.913025 274.653107
v 48.593548 156.913025 274.653107
v 39.996994 163.924408 274.653107
v 48.593548 163.924408 274.653107
v 41.388954 163.924408 272.465454
v 47.069023 163.924408 272.465454
v 41.388954 156.913025 272.465454
v 47.069023 156.913025 272.465454
v 36.231239 156.913025 272.465454
v 36.231239 156.913025 273.598541
v 36.231239 163.924408 273.598541
v 36.231239 163.924408 272.465454
v 52.326748 156.913025 272.465454
v 52.326748 156.913025 273.565399
v 52.326748 163.924408 272.465454
v 52.326748 163.924408 273.565399
v 44.295273 156.913025 278.806213
v 44.295273 163.924408 278.806213
v 44.394699 163.924408 277.933838
v 44.394699 156.913025 277.933838
v 41.124413 156.913025 278.133240
v 41.124413 163.924408 278.133240
v 41.687820 163.924408 276.740753
v 41.687820 156.913025 276.740753
v 47.466133 156.913025 278.133240
v 47.466133 163.924408 278.133240
v 46.969006 163.924408 277.005890
v 46.969006 156.913025 277.005890
v 38.434639 156.913025 273.728119
v 38.434639 156.913025 272.465454
v 38.434639 163.924408 272.465454
v 38.434639 163.924408 273.728119
v 49.808208 156.913025 273.893829
v 49.808208 163.924408 273.893829
v 49.808208 163.924408 272.465454
v 49.808208 156.913025 272.465454
v 79.161949 156.913025 274.653107
v 87.758499 156.913025 274.653107
v 79.161949 163.924408 274.653107
v 87.758499 163.924408 274.653107
v 80.553902 163.924408 272.465454
v 86.233978 163.924408 272.465454
v 80.553902 156.913025 272.465454
v 86.233978 156.913025 272.465454
v 75.396194 156.913025 272.465454
v 75.396194 156.913025 273.598541
v 75.396194 163.924408 273.598541
v 75.396194 163.924408 272.465454
v 91.491699 156.913025 272.465454
v 91.491699 156.913025 273.565399
v 91.491699 163.924408 272.465454
v 91.491699 163.924408 273.565399
v 83.460228 156.913025 278.806213
v 83.460228 163.924408 278.806213
v 83.559647 163.924408 277.933838
v 83.559647 156.913025 277.933838
v 80.289368 156.913025 278.133240
v 80.289368 163.924408 278.133240
v 80.852776 163.924408 276.740753
v 80.852776 156.913025 276.740753
v 86.631088 156.913025 278.133240
v 86.631088 163.924408 278.133240
v 86.133957 163.924408 277.005890
v 86.133957 156.913025 277.005890
v 77.599594 156.913025 273.728119
v 77.599594 156.913025 272.465454
v 77.599594 163.924408 272.465454
v 77.599594 163.924408 273.728119
v 88.973160 156.913025 273.893829
v 88.973160 163.924408 273.893829
v 88.973160 163.924408 272.465454
v 88.973160 156.913025 272.465454
v 79.161949 275.330902 274.653107
v 87.758499 275.330902 274.653107
v 79.161949 282.342316 274.653107
v 87.758499 282.342316 274.653107
v 80.553902 282.342316 272.465454
v 86.233978 282.342316 272.465454
v 80.553902 275.330902 272.465454
v 86.233978 275.330902 272.465454
v 75.396194 275.330902 272.465454
v 75.396194 275.330902 273.598541
v 75.396194 282.342316 273.598541
v 75.396194 282.342316 272.465454
v 91.491699 275.330902 272.465454
v 91.491699 275.330902 273.565399
v 91.491699 282.342316 272.465454
v 91.491699 282.342316 273.565399
v 83.460228 275.330902 278.806213
v 83.460228 282.342316 278.806213
v 83.559647 282.342316 277.933838
v 83.559647 275.330902 277.933838
v 80.289368 275.330902 278.133240
v 80.289368 282.342316 278.133240
v 80.852776 282.342316 276.740753
v 80.852776 275.330902 276.740753
v 86.631088 275.330902 278.133240
v 86.631088 282.342316 278.133240
v 86.133957 282.342316 277.005890
v 86.133957 275.330902 277.005890
v 77.599594 275.330902 273.728119
v 77.599594 275.330902 272.465454
v 77.599594 282.342316 272.465454
v 77.599594 282.342316 273.728119
v 88.973160 275.330902 273.893829
v 88.973160 282.342316 273.893829
v 88.973160 282.342316 272.465454
v 88.973160 275.330902 272.465454
v 39.996994 275.330902 274.653107
v 48.593548 275.330902 274.653107
v 39.996994 282.342316 274.653107
v 48.593548 282.342316 274.653107
v 41.388954 282.342316 272.465454
v 47.069023 282.342316 272.465454
v 41.388954 275.330902 272.465454
v 47.069023 275.330902 272.465454
v 36.231239 275.330902 272.465454
v 36.231239 275.330902 273.598541
v 36.231239 282.342316 273.598541
v 36.231239 282.342316 272.465454
v 52.326748 275.330902 272.465454
v 52.326748 275.330902 273.565399
v 52.326748 282.342316 272.465454
v 52.326748 282.342316 273.565399
v 44.295273 275.330902 278.806213
v 44.295273 282.342316 278.806213
v 44.394699 282.342316 277.933838
v 44.394699 275.330902 277.933838
v 41.124413 275.330902 278.133240
v 41.124413 282.342316 278.133240
v 41.687820 282.342316 276.740753
v 41.687820 275.330902 276.740753
v 47.466133 275.330902 278.133240
v 47.466133 282.342316 278.133240
v 46.969006 282.342316 277.005890
v 46.969006 275.330902 277.005890
v 38.434639 275.330902 273.728119
v 38.434639 275.330902 272.465454
v 38.434639 282.342316 272.465454
v 38.434639 282.342316 273.728119
v 49.808208 275.330902 273.893829
v 49.808208 282.342316 273.893829
v 49.808208 282.342316 272.465454
v 49.808208 275.330902 272.465454
v 125.533112 296.491272 -232.423798
v 125.533112 306.838623 -232.423798
v -124.424400 296.491272 -232.423798
v -124.424400 306.838623 -232.423798
v -124.424400 296.491272 -242.430542
v -124.424400 306.838623 -242.430542
v 125.533112 296.491272 -242.430542
v 125.533112 306.838623 -242.430542
v 125.533112 296.491272 -195.741653
v 125.533112 306.838623 -195.741653
v -124.424400 296.491272 -195.741653
v -124.424400 306.838623 -195.741653
v -124.424400 296.491272 -205.748398
v -124.424400 306.838623 -205.748398
v 125.533112 296.491272 -205.748398
v 125.533112 306.838623 -205.748398
v 125.533112 296.491272 -159.435852
v 125.533112 306.838623 -159.435852
v -124.424400 296.491272 -159.435852
v -124.424400 306.838623 -159.435852
v -124.424400 296.491272 -169.442596
v -124.424400 306.838623 -169.442596
v 125.533112 296.491272 -169.442596
v 125.533112 306.838623 -169.442596
v 125.533112 296.491272 -123.130035
v 125.533112 306.838623 -123.130035
v -124.424400 296.491272 -123.130035
v -124.424400 306.838623 -123.130035
v -124.424400 296.491272 -133.136795
v -124.424400 306.838623 -133.136795
v 125.533112 296.491272 -133.136795
v 125.533112 306.838623 -133.136795
v 125.533112 296.491272 -86.824234
v 125.533112 306.838623 -86.824234
v -124.424400 296.491272 -86.824234
v -124.424400 306.838623 -86.824234
v -124.424400 296.491272 -96.830994
v -124.424400 306.838623 -96.830994
v 125.533112 296.491272 -96.830994
v 125.533112 306.838623 -96.830994
v 125.533112 296.491272 -50.518436
v 125.533112 306.838623 -50.518436
v -124.424400 296.491272 -50.518436
v -124.424400 306.838623 -50.518436
v -124.424400 296.491272 -60.525196
v -124.424400 306.838623 -60.525196
v 125.533112 296.491272 -60.525196
v 125.533112 306.838623 -60.525196
v 125.533112 296.491272 -14.212634
v 125.533112 306.838623 -14.212634
v -124.424400 296.491272 -14.212634
v -124.424400 306.838623 -14.212634
v -124.424400 296.491272 -24.219391
v -124.424400 306.838623 -24.219391
v 125.533112 296.491272 -24.219391
v 125.533112 306.838623 -24.219391
v 125.533112 296.491272 22.093166
v 125.533112 306.838623 22.093166
v -124.424400 296.491272 22.093166
v -124.424400 306.838623 22.093166
v -124.424400 296.491272 12.086411
v -124.424400 306.838623 12.086411
v 125.533112 296.491272 12.086411
v 125.533112 306.838623 12.086411
v 125.533112 296.491272 58.398972
v 125.533112 306.838623 58.398972
v -124.424400 296.491272 58.398972
v -124.424400 306.838623 58.398972
v -124.424400 296.491272 48.392212
v -124.424400 306.838623 48.392212
v 125.533112 296.491272 48.392212
v 125.533112 306.838623 48.392212
v 125.533112 296.491272 94.704773
v 125.533112 306.838623 94.704773
v -124.424400 296.491272 94.704773
v -124.424400 306.838623 94.704773
v -124.424400 296.491272 84.698013
v -124.424400 306.838623 84.698013
v 125.533112 296.491272 84.698013
v 125.533112 306.838623 84.698013
v 125.533112 296.491272 131.010559
v 125.533112 306.838623 131.010559
v -124.424400 296.491272 131.010559
v -124.424400 306.838623 131.010559
v -124.424400 296.491272 121.003807
v -124.424400 306.838623 121.003807
v 125.533112 296.491272 121.003807
v 125.533112 306.838623 121.003807
v 125.533112 296.491272 167.316360
v 125.533112 306.838623 167.316360
v -124.424400 296.491272 167.316360
v -124.424400 306.838623 167.316360
v -124.424400 296.491272 157.309616
v -124.424400 306.838623 157.309616
v 125.533112 296.491272 157.309616
v 125.533112 306.838623 157.309616
v 125.533112 296.491272 203.622162
v 125.533112 306.838623 203.622162
v -124.424400 296.491272 203.622162
v -124.424400 306.838623 203.622162
v -124.424400 296.491272 193.615417
v -124.424400 306.838623 193.615417
v 125.533112 296.491272 193.615417
v 125.533112 306.838623 193.615417
v 125.533112 296.491272 239.927963
v 125.533112 306.838623 239.927963
v -124.424400 296.491272 239.927963
v -124.424400 306.838623 239.927963
v -124.424400 296.491272 229.921219
v -124.424400 306.838623 229.921219
v 125.533112 296.491272 229.921219
v 125.533112 306.838623 229.921219
v -47.475533 10.257971 276.553009
v -42.906075 10.257971 276.553009
v -45.190804 10.257971 272.595734
v -45.190804 10.257971 277.872101
v -42.906075 10.257971 273.914825
v -47.475533 10.257971 273.914825
v -45.190804 10.257971 275.233917
v -47.828987 10.257971 275.233917
v -46.509895 10.257971 277.518646
v -45.190804 10.257971 276.553009
v -46.333168 10.257971 274.574371
v -46.333168 10.257971 275.893463
v -43.871712 10.257971 277.518646
v -42.552620 10.257971 275.233917
v -44.048439 10.257971 274.574371
v -44.048439 10.257971 275.893463
v -43.871712 10.257971 272.949188
v -46.509895 10.257971 272.949188
v -45.190804 10.257971 273.914825
v -46.904350 10.257971 274.244598
v -47.739098 10.257971 274.551117
v -47.081078 10.257971 275.563690
v -46.333168 10.257971 275.233917
v -46.992714 10.257971 274.904144
v -47.739098 10.257971 275.916718
v -47.056282 10.257971 277.099396
v -46.421532 10.257971 276.706055
v -47.036903 10.257971 276.299744
v -45.873619 10.257971 277.782196
v -45.190804 10.257971 277.212555
v -45.761986 10.257971 276.223236
v -45.806175 10.257971 276.959320
v -45.190804 10.257971 275.893463
v -45.761986 10.257971 274.904144
v -45.761986 10.257971 275.563690
v -44.507988 10.257971 277.782196
v -43.960075 10.257971 276.706055
v -44.619621 10.257971 276.223236
v -44.575432 10.257971 276.959320
v -43.325325 10.257971 277.099396
v -42.642509 10.257971 275.916718
v -43.300529 10.257971 275.563690
v -43.344704 10.257971 276.299744
v -42.642509 10.257971 274.551117
v -43.477257 10.257971 274.244598
v -44.048439 10.257971 275.233917
v -43.388893 10.257971 274.904144
v -44.619621 10.257971 274.904144
v -44.619621 10.257971 275.563690
v -43.325325 10.257971 273.368439
v -44.531258 10.257971 273.431976
v -44.619621 10.257971 274.244598
v -44.004250 10.257971 273.838287
v -44.507988 10.257971 272.685638
v -45.873619 10.257971 272.685638
v -45.850349 10.257971 273.431976
v -45.190804 10.257971 273.102234
v -47.056282 10.257971 273.368439
v -45.761986 10.257971 274.244598
v -46.377357 10.257971 273.838287
v -45.190804 10.257971 274.574371
v -46.333168 303.074524 275.233917
v -46.333168 303.074524 274.574371
v -46.904350 303.074524 274.244598
v -46.992714 303.074524 274.904144
v -47.475533 303.074524 273.914825
v -47.739098 303.074524 274.551117
v -47.828987 303.074524 275.233917
v -47.081078 303.074524 275.563690
v -46.333168 303.074524 275.893463
v -47.739098 303.074524 275.916718
v -47.036903 303.074524 276.299744
v -47.475533 303.074524 276.553009
v -47.056282 303.074524 277.099396
v -46.509895 303.074524 277.518646
v -46.421532 303.074524 276.706055
v -45.873619 303.074524 277.782196
v -45.806175 303.074524 276.959320
v -45.190804 303.074524 277.872101
v -45.190804 303.074524 277.212555
v -45.190804 303.074524 276.553009
v -45.761986 303.074524 276.223236
v -45.190804 303.074524 275.893463
v -45.761986 303.074524 275.563690
v -45.190804 303.074524 275.233917
v -45.761986 303.074524 274.904144
v -44.619621 303.074524 276.223236
v -44.575432 303.074524 276.959320
v -44.507988 303.074524 277.782196
v -43.871712 303.074524 277.518646
v -43.960075 303.074524 276.706055
v -44.048439 303.074524 275.893463
v -43.325325 303.074524 277.099396
v -43.344704 303.074524 276.299744
v -42.906075 303.074524 276.553009
v -42.642509 303.074524 275.916718
v -42.552620 303.074524 275.233917
v -43.300529 303.074524 275.563690
v -42.642509 303.074524 274.551117
v -43.388893 303.074524 274.904144
v -42.906075 303.074524 273.914825
v -43.477257 303.074524 274.244598
v -44.048439 303.074524 274.574371
v -44.048439 303.074524 275.233917
v -44.619621 303.074524 274.904144
v -44.619621 303.074524 275.563690
v -44.619621 303.074524 274.244598
v -44.004250 303.074524 273.838287
v -43.325325 303.074524 273.368439
v -43.871712 303.074524 272.949188
v -44.531258 303.074524 273.431976
v -45.190804 303.074524 273.914825
v -44.507988 303.074524 272.685638
v -45.190804 303.074524 273.102234
v -45.190804 303.074524 272.595734
v -45.873619 303.074524 272.685638
v -46.509895 303.074524 272.949188
v -45.850349 303.074524 273.431976
v -47.056282 303.074524 273.368439
v -46.377357 303.074524 273.838287
v -45.761986 303.074524 274.244598
v -45.190804 303.074524 274.574371
v -86.629646 10.257971 276.553009
v -82.060188 10.257971 276.553009
v -84.344917 10.257971 272.595734
v -84.344917 10.257971 277.872101
v -82.060188 10.257971 273.914825
v -86.629646 10.257971 273.914825
v -84.344917 10.257971 275.233917
v -86.983101 10.257971 275.233917
v -85.664009 10.257971 277.518646
v -84.344917 10.257971 276.553009
v -85.487282 10.257971 274.574371
v -85.487282 10.257971 275.893463
v -83.025826 10.257971 277.518646
v -81.706734 10.257971 275.233917
v -83.202553 10.257971 274.574371
v -83.202553 10.257971 275.893463
v -83.025826 10.257971 272.949188
v -85.664009 10.257971 272.949188
v -84.344917 10.257971 273.914825
v -86.058464 10.257971 274.244598
v -86.893211 10.257971 274.551117
v -86.235191 10.257971 275.563690
v -85.487282 10.257971 275.233917
v -86.146828 10.257971 274.904144
v -86.893211 10.257971 275.916718
v -86.210396 10.257971 277.099396
v -85.575645 10.257971 276.706055
v -86.191017 10.257971 276.299744
v -85.027733 10.257971 277.782196
v -84.344917 10.257971 277.212555
v -84.916100 10.257971 276.223236
v -84.960289 10.257971 276.959320
v -84.344917 10.257971 275.893463
v -84.916100 10.257971 274.904144
v -84.916100 10.257971 275.563690
v -83.662102 10.257971 277.782196
v -83.114189 10.257971 276.706055
v -83.773735 10.257971 276.223236
v -83.729546 10.257971 276.959320
v -82.479439 10.257971 277.099396
v -81.796623 10.257971 275.916718
v -82.454643 10.257971 275.563690
v -82.498817 10.257971 276.299744
v -81.796623 10.257971 274.551117
v -82.631371 10.257971 274.244598
v -83.202553 10.257971 275.233917
v -82.543007 10.257971 274.904144
v -83.773735 10.257971 274.904144
v -83.773735 10.257971 275.563690
v -82.479439 10.257971 273.368439
v -83.685371 10.257971 273.431976
v -83.773735 10.257971 274.244598
v -83.158363 10.257971 273.838287
v -83.662102 10.257971 272.685638
v -85.027733 10.257971 272.685638
v -85.004463 10.257971 273.431976
v -84.344917 10.257971 273.102234
v -86.210396 10.257971 273.368439
v -84.916100 10.257971 274.244598
v -85.531471 10.257971 273.838287
v -84.344917 10.257971 274.574371
v -85.487282 303.074524 275.233917
v -85.487282 303.074524 274.574371
v -86.058464 303.074524 274.244598
v -86.146828 303.074524 274.904144
v -86.629646 303.074524 273.914825
v -86.893211 303.074524 274.551117
v -86.983101 303.074524 275.233917
v -86.235191 303.074524 275.563690
v -85.487282 303.074524 275.893463
v -86.893211 303.074524 275.916718
v -86.191017 303.074524 276.299744
v -86.629646 303.074524 276.553009
v -86.210396 303.074524 277.099396
v -85.664009 303.074524 277.518646
v -85.575645 303.074524 276.706055
v -85.027733 303.074524 277.782196
v -84.960289 303.074524 276.959320
v -84.344917 303.074524 277.872101
v -84.344917 303.074524 277.212555
v -84.344917 303.074524 276.553009
v -84.916100 303.074524 276.223236
v -84.344917 303.074524 275.893463
v -84.916100 303.074524 275.563690
v -84.344917 303.074524 275.233917
v -84.916100 303.074524 274.904144
v -83.773735 303.074524 276.223236
v -83.729546 303.074524 276.959320
v -83.662102 303.074524 277.782196
v -83.025826 303.074524 277.518646
v -83.114189 303.074524 276.706055
v -83.202553 303.074524 275.893463
v -82.479439 303.074524 277.099396
v -82.498817 303.074524 276.299744
v -82.060188 303.074524 276.553009
v -81.796623 303.074524 275.916718
v -81.706734 303.074524 275.233917
v -82.454643 303.074524 275.563690
v -81.796623 303.074524 274.551117
v -82.543007 303.074524 274.904144
v -82.060188 303.074524 273.914825
v -82.631371 303.074524 274.244598
v -83.202553 303.074524 274.574371
v -83.202553 303.074524 275.233917
v -83.773735 303.074524 274.904144
v -83.773735 303.074524 275.563690
v -83.773735 303.074524 274.244598
v -83.158363 303.074524 273.838287
v -82.479439 303.074524 273.368439
v -83.025826 303.074524 272.949188
v -83.685371 303.074524 273.431976
v -84.344917 303.074524 273.914825
v -83.662102 303.074524 272.685638
v -84.344917 303.074524 273.102234
v -84.344917 303.074524 272.595734
v -85.027733 303.074524 272.685638
v -85.664009 303.074524 272.949188
v -85.004463 303.074524 273.431976
v -86.210396 303.074524 273.368439
v -85.531471 303.074524 273.838287
v -84.916100 303.074524 274.244598
v -84.344917 303.074524 274.574371
v 42.089066 10.257971 276.553009
v 46.658539 10.257971 276.553009
v 44.373802 10.257971 272.595734
v 44.373802 10.257971 277.872101
v 46.658535 10.257971 273.914825
v 42.089066 10.257971 273.914825
v 44.373802 10.257971 275.233917
v 41.735619 10.257971 275.233917
v 43.054710 10.257971 277.518646
v 44.373802 10.257971 276.553009
v 43.231438 10.257971 274.574371
v 43.231438 10.257971 275.893463
v 45.692894 10.257971 277.518646
v 47.011986 10.257971 275.233917
v 45.516167 10.257971 274.574371
v 45.516167 10.257971 275.893463
v 45.692894 10.257971 272.949188
v 43.054710 10.257971 272.949188
v 44.373802 10.257971 273.914825
v 42.660248 10.257971 274.244598
v 41.825508 10.257971 274.551117
v 42.483528 10.257971 275.563690
v 43.231438 10.257971 275.233917
v 42.571892 10.257971 274.904144
v 41.825508 10.257971 275.916718
v 42.508324 10.257971 277.099396
v 43.143074 10.257971 276.706055
v 42.527710 10.257971 276.299744
v 43.690987 10.257971 277.782196
v 44.373802 10.257971 277.212555
v 43.802620 10.257971 276.223236
v 43.758438 10.257971 276.959320
v 44.373802 10.257971 275.893463
v 43.802620 10.257971 274.904144
v 43.802620 10.257971 275.563690
v 45.056618 10.257971 277.782196
v 45.604530 10.257971 276.706055
v 44.944984 10.257971 276.223236
v 44.989166 10.257971 276.959320
v 46.239281 10.257971 277.099396
v 46.922092 10.257971 275.916718
v 46.264076 10.257971 275.563690
v 46.219894 10.257971 276.299744
v 46.922092 10.257971 274.551117
v 46.087349 10.257971 274.244598
v 45.516167 10.257971 275.233917
v 46.175713 10.257971 274.904144
v 44.944984 10.257971 274.904144
v 44.944984 10.257971 275.563690
v 46.239281 10.257971 273.368439
v 45.033348 10.257971 273.431976
v 44.944984 10.257971 274.244598
v 45.560349 10.257971 273.838287
v 45.056618 10.257971 272.685638
v 43.690987 10.257971 272.685638
v 43.714256 10.257971 273.431976
v 44.373802 10.257971 273.102234
v 42.508324 10.257971 273.368439
v 43.802620 10.257971 274.244598
v 43.187256 10.257971 273.838287
v 44.373802 10.257971 274.574371
v 43.231438 303.074524 275.233917
v 43.231438 303.074524 274.574371
v 42.660248 303.074524 274.244598
v 42.571892 303.074524 274.904144
v 42.089066 303.074524 273.914825
v 41.825508 303.074524 274.551117
v 41.735619 303.074524 275.233917
v 42.483528 303.074524 275.563690
v 43.231438 303.074524 275.893463
v 41.825508 303.074524 275.916718
v 42.527710 303.074524 276.299744
v 42.089066 303.074524 276.553009
v 42.508324 303.074524 277.099396
v 43.054710 303.074524 277.518646
v 43.143074 303.074524 276.706055
v 43.690987 303.074524 277.782196
v 43.758438 303.074524 276.959320
v 44.373802 303.074524 277.872101
v 44.373802 303.074524 277.212555
v 44.373802 303.074524 276.553009
v 43.802620 303.074524 276.223236
v 44.373802 303.074524 275.893463
v 43.802620 303.074524 275.563690
v 44.373802 303.074524 275.233917
v 43.802620 303.074524 274.904144
v 44.944984 303.074524 276.223236
v 44.989166 303.074524 276.959320
v 45.056618 303.074524 277.782196
v 45.692894 303.074524 277.518646
v 45.604530 303.074524 276.706055
v 45.516167 303.074524 275.893463
v 46.239281 303.074524 277.099396
v 46.219894 303.074524 276.299744
v 46.658539 303.074524 276.553009
v 46.922092 303.074524 275.916718
v 47.011986 303.074524 275.233917
v 46.264076 303.074524 275.563690
v 46.922092 303.074524 274.551117
v 46.175713 303.074524 274.904144
v 46.658535 303.074524 273.914825
v 46.087349 303.074524 274.244598
v 45.516167 303.074524 274.574371
v 45.516167 303.074524 275.233917
v 44.944984 303.074524 274.904144
v 44.944984 303.074524 275.563690
v 44.944984 303.074524 274.244598
v 45.560349 303.074524 273.838287
v 46.239281 303.074524 273.368439
v 45.692894 303.074524 272.949188
v 45.033348 303.074524 273.431976
v 44.373802 303.074524 273.914825
v 45.056618 303.074524 272.685638
v 44.373802 303.074524 273.102234
v 44.373802 303.074524 272.595734
v 43.690987 303.074524 272.685638
v 43.054710 303.074524 272.949188
v 43.714256 303.074524 273.431976
v 42.508324 303.074524 273.368439
v 43.187256 303.074524 273.838287
v 43.802620 303.074524 274.244598
v 44.373802 303.074524 274.574371
v 81.243172 10.257971 276.553009
v 85.812645 10.257971 276.553009
v 83.527908 10.257971 272.595734
v 83.527908 10.257971 277.872101
v 85.812645 10.257971 273.914825
v 81.243172 10.257971 273.914825
v 83.527908 10.257971 275.233917
v 80.889725 10.257971 275.233917
v 82.208817 10.257971 277.518646
v 83.527908 10.257971 276.553009
v 82.385544 10.257971 274.574371
v 82.385544 10.257971 275.893463
v 84.847000 10.257971 277.518646
v 86.166092 10.257971 275.233917
v 84.670273 10.257971 274.574371
v 84.670273 10.257971 275.893463
v 84.847000 10.257971 272.949188
v 82.208817 10.257971 272.949188
v 83.527908 10.257971 273.914825
v 81.814362 10.257971 274.244598
v 80.979614 10.257971 274.551117
v 81.637634 10.257971 275.563690
v 82.385544 10.257971 275.233917
v 81.725998 10.257971 274.904144
v 80.979614 10.257971 275.916718
v 81.662430 10.257971 277.099396
v 82.297180 10.257971 276.706055
v 81.681816 10.257971 276.299744
v 82.845093 10.257971 277.782196
v 83.527908 10.257971 277.212555
v 82.956726 10.257971 276.223236
v 82.912544 10.257971 276.959320
v 83.527908 10.257971 275.893463
v 82.956726 10.257971 274.904144
v 82.956726 10.257971 275.563690
v 84.210724 10.257971 277.782196
v 84.758636 10.257971 276.706055
v 84.099091 10.257971 276.223236
v 84.143272 10.257971 276.959320
v 85.393387 10.257971 277.099396
v 86.076202 10.257971 275.916718
v 85.418182 10.257971 275.563690
v 85.374001 10.257971 276.299744
v 86.076202 10.257971 274.551117
v 85.241455 10.257971 274.244598
v 84.670273 10.257971 275.233917
v 85.329819 10.257971 274.904144
v 84.099091 10.257971 274.904144
v 84.099091 10.257971 275.563690
v 85.393387 10.257971 273.368439
v 84.187454 10.257971 273.431976
v 84.099091 10.257971 274.244598
v 84.714455 10.257971 273.838287
v 84.210724 10.257971 272.685638
v 82.845093 10.257971 272.685638
v 82.868362 10.257971 273.431976
v 83.527908 10.257971 273.102234
v 81.662430 10.257971 273.368439
v 82.956726 10.257971 274.244598
v 82.341362 10.257971 273.838287
v 83.527908 10.257971 274.574371
v 82.385544 303.074524 275.233917
v 82.385544 303.074524 274.574371
v 81.814362 303.074524 274.244598
v 81.725998 303.074524 274.904144
v 81.243172 303.074524 273.914825
v 80.979614 303.074524 274.551117
v 80.889725 303.074524 275.233917
v 81.637634 303.074524 275.563690
v 82.385544 303.074524 275.893463
v 80.979614 303.074524 275.916718
v 81.681816 303.074524 276.299744
v 81.243172 303.074524 276.553009
v 81.662430 303.074524 277.099396
v 82.208817 303.074524 277.518646
v 82.297180 303.074524 276.706055
v 82.845093 303.074524 277.782196
v 82.912544 303.074524 276.959320
v 83.527908 303.074524 277.872101
v 83.527908 303.074524 277.212555
v 83.527908 303.074524 276.553009
v 82.956726 303.074524 276.223236
v 83.527908 303.074524 275.893463
v 82.956726 303.074524 275.563690
v 83.527908 303.074524 275.233917
v 82.956726 303.074524 274.904144
v 84.099091 303.074524 276.223236
v 84.143272 303.074524 276.959320
v 84.210724 303.074524 277.782196
v 84.847000 303.074524 277.518646
v 84.758636 303.074524 276.706055
v 84.670273 303.074524 275.893463
v 85.393387 303.074524 277.099396
v 85.374001 303.074524 276.299744
v 85.812645 303.074524 276.553009
v 86.076202 303.074524 275.916718
v 86.166092 303.074524 275.233917
v 85.418182 303.074524 275.563690
v 86.076202 303.074524 274.551117
v 85.329819 303.074524 274.904144
v 85.812645 303.074524 273.914825
v 85.241455 303.074524 274.244598
v 84.670273 303.074524 274.574371
v 84.670273 303.074524 275.233917
v 84.099091 303.074524 274.904144
v 84.099091 303.074524 275.563690
v 84.099091 303.074524 274.244598
v 84.714455 303.074524 273.838287
v 85.393387 303.074524 273.368439
v 84.847000 303.074524 272.949188
v 84.187454 303.074524 273.431976
v 83.527908 303.074524 273.914825
v 84.210724 303.074524 272.685638
v 83.527908 303.074524 273.102234
v 83.527908 303.074524 272.595734
v 82.845093 303.074524 272.685638
v 82.208817 303.074524 272.949188
v 82.868362 303.074524 273.431976
v 81.662430 303.074524 273.368439
v 82.341362 303.074524 273.838287
v 82.956726 303.074524 274.244598
v 83.527908 303.074524 274.574371
v 121.628014 4.786803 -232.423798
v 131.975357 4.786803 -232.423798
v 121.628014 304.786804 -232.423798
v 131.975357 304.786804 -232.423798
v 121.628014 304.786804 -242.430542
v 131.975357 304.786804 -242.430542
v 121.628014 4.786803 -242.430542
v 131.975357 4.786803 -242.430542
v 121.628014 4.786803 -195.741653
v 131.975357 4.786803 -195.741653
v 121.628014 304.786804 -195.741653
v 131.975357 304.786804 -195.741653
v 121.628014 304.786804 -205.748398
v 131.975357 304.786804 -205.748398
v 121.628014 4.786803 -205.748398
v 131.975357 4.786803 -205.748398
v 121.628014 4.786803 -159.435852
v 131.975357 4.786803 -159.435852
v 121.628014 304.786804 -159.435852
v 131.975357 304.786804 -159.435852
v 121.628014 304.786804 -169.442596
v 131.975357 304.786804 -169.442596
v 121.628014 4.786803 -169.442596
v 131.975357 4.786803 -169.442596
v 121.628014 4.786803 -123.130035
v 131.975357 4.786803 -123.130035
v 121.628014 304.786804 -123.130035
v 131.975357 304.786804 -123.130035
v 121.628014 304.786804 -133.136795
v 131.975357 304.786804 -133.136795
v 121.628014 4.786803 -133.136795
v 131.975357 4.786803 -133.136795
v 121.628014 4.786803 -86.824234
v 131.975357 4.786803 -86.824234
v 121.628014 304.786804 -86.824234
v 131.975357 304.786804 -86.824234
v 121.628014 304.786804 -96.830994
v 131.975357 304.786804 -96.830994
v 121.628014 4.786803 -96.830994
v 131.975357 4.786803 -96.830994
v 121.628014 4.786803 -50.518436
v 131.975357 4.786803 -50.518436
v 121.628014 304.786804 -50.518436
v 131.975357 304.786804 -50.518436
v 121.628014 304.786804 -60.525196
v 131.975357 304.786804 -60.525196
v 121.628014 4.786803 -60.525196
v 131.975357 4.786803 -60.525196
v 121.628014 4.786803 -14.212634
v 131.975357 4.786803 -14.212634
v 121.628014 304.786804 -14.212634
v 131.975357 304.786804 -14.212634
v 121.628014 304.786804 -24.219391
v 131.975357 304.786804 -24.219391
v 121.628014 4.786803 -24.219391
v 131.975357 4.786803 -24.219391
v 121.628014 4.786803 22.093166
v 131.975357 4.786803 22.093166
v 121.628014 304.786804 22.093166
v 131.975357 304.786804 22.093166
v 121.628014 304.786804 12.086411
v 131.975357 304.786804 12.086411
v 121.628014 4.786803 12.086411
v 131.975357 4.786803 12.086411
v 121.628014 4.786803 58.398972
v 131.975357 4.786803 58.398972
v 121.628014 304.786804 58.398972
v 131.975357 304.786804 58.398972
v 121.628014 304.786804 48.392212
v 131.975357 304.786804 48.392212
v 121.628014 4.786803 48.392212
v 131.975357 4.786803 48.392212
v 121.628014 4.786803 94.704773
v 131.975357 4.786803 94.704773
v 121.628014 304.786804 94.704773
v 131.975357 304.786804 94.704773
v 121.628014 304.786804 84.698013
v 131.975357 304.786804 84.698013
v 121.628014 4.786803 84.698013
v 131.975357 4.786803 84.698013
v 121.628014 4.786803 131.010559
v 131.975357 4.786803 131.010559
v 121.628014 304.786804 131.010559
v 131.975357 304.786804 131.010559
v 121.628014 304.786804 121.003807
v 131.975357 304.786804 121.003807
v 121.628014 4.786803 121.003807
v 131.975357 4.786803 121.003807
v 121.628014 4.786803 167.316360
v 131.975357 4.786803 167.316360
v 121.628014 304.786804 167.316360
v 131.975357 304.786804 167.316360
v 121.628014 304.786804 157.309616
v 131.975357 304.786804 157.309616
v 121.628014 4.786803 157.309616
v 131.975357 4.786803 157.309616
v 121.628014 4.786803 203.622162
v 131.975357 4.786803 203.622162
v 121.628014 304.786804 203.622162
v 131.975357 304.786804 203.622162
v 121.628014 304.786804 193.615417
v 131.975357 304.786804 193.615417
v 121.628014 4.786803 193.615417
v 131.975357 4.786803 193.615417
v 121.628014 4.786803 239.927963
v 131.975357 4.786803 239.927963
v 121.628014 304.786804 239.927963
v 131.975357 304.786804 239.927963
v 121.628014 304.786804 229.921219
v 131.975357 304.786804 229.921219
v 121.628014 4.786803 229.921219
v 131.975357 4.786803 229.921219
vt 0.107813 0.643303
vt 0.113819 0.643354
vt 0.112330 0.817473
vt 0.106324 0.817422
vt 0.124094 0.823382
vt 0.118088 0.823331
vt 0.118138 0.817523
vt 0.124143 0.817574
vt 0.119627 0.643404
vt 0.125632 0.643455
vt 0.119676 0.637596
vt 0.125682 0.637648
vt 0.102005 0.643253
vt 0.100516 0.817372
vt 0.851631 0.733949
vt 0.857636 0.734000
vt 0.856147 0.908119
vt 0.850142 0.908068
vt 0.867911 0.914028
vt 0.861906 0.913977
vt 0.861955 0.908169
vt 0.867961 0.908220
vt 0.863444 0.734050
vt 0.869450 0.734101
vt 0.863494 0.728242
vt 0.869499 0.728293
vt 0.845823 0.733899
vt 0.844334 0.908018
vt 0.936638 0.597549
vt 0.942644 0.597600
vt 0.941155 0.771719
vt 0.935149 0.771668
vt 0.952919 0.777628
vt 0.946913 0.777577
vt 0.946963 0.771769
vt 0.952968 0.771820
vt 0.948452 0.597650
vt 0.954457 0.597701
vt 0.948501 0.591842
vt 0.954507 0.591893
vt 0.930830 0.597499
vt 0.929341 0.771618
vt 0.075935 0.643785
vt 0.081941 0.643836
vt 0.080452 0.817955
vt 0.074447 0.817904
vt 0.092216 0.823864
vt 0.086210 0.823813
vt 0.086260 0.818005
vt 0.092266 0.818056
vt 0.087749 0.643886
vt 0.093755 0.643937
vt 0.087799 0.638078
vt 0.093804 0.638129
vt 0.070128 0.643735
vt 0.068639 0.817854
vt 0.012180 0.644749
vt 0.018185 0.644800
vt 0.016696 0.818919
vt 0.010691 0.818867
vt 0.028460 0.824828
vt 0.022454 0.824776
vt 0.022504 0.818968
vt 0.028510 0.819020
vt 0.023993 0.644850
vt 0.029999 0.644901
vt 0.024043 0.639042
vt 0.030048 0.639093
vt 0.006372 0.644699
vt 0.004883 0.818818
vt 0.044058 0.644267
vt 0.050063 0.644318
vt 0.048574 0.818437
vt 0.042569 0.818386
vt 0.060338 0.824346
vt 0.054332 0.824295
vt 0.054382 0.818487
vt 0.060388 0.818538
vt 0.055871 0.644368
vt 0.061877 0.644419
vt 0.055921 0.638560
vt 0.061926 0.638611
vt 0.038250 0.644217
vt 0.036761 0.818336
vt 0.926096 0.403066
vt 0.932170 0.403118
vt 0.930664 0.579225
vt 0.924590 0.579174
vt 0.942562 0.585202
vt 0.936488 0.585150
vt 0.936538 0.579276
vt 0.942612 0.579328
vt 0.938044 0.403169
vt 0.944118 0.403221
vt 0.938094 0.397294
vt 0.944169 0.397346
vt 0.920222 0.403016
vt 0.918716 0.579123
vt 0.740141 0.633810
vt 0.746216 0.633862
vt 0.744709 0.809969
vt 0.738635 0.809918
vt 0.756608 0.815946
vt 0.750534 0.815894
vt 0.750584 0.810020
vt 0.756658 0.810072
vt 0.752090 0.633913
vt 0.758164 0.633965
vt 0.752140 0.628038
vt 0.758214 0.628090
vt 0.734267 0.633760
vt 0.732761 0.809867
vt 0.872966 0.545404
vt 0.879040 0.545456
vt 0.877534 0.721563
vt 0.871460 0.721511
vt 0.889432 0.727540
vt 0.883358 0.727488
vt 0.883408 0.721614
vt 0.889482 0.721666
vt 0.884914 0.545507
vt 0.890988 0.545559
vt 0.884965 0.539632
vt 0.891039 0.539684
vt 0.867092 0.545354
vt 0.865586 0.721461
vt 0.772019 0.217609
vt 0.778093 0.217661
vt 0.776588 0.393768
vt 0.770513 0.393716
vt 0.788486 0.399744
vt 0.782411 0.399692
vt 0.782462 0.393818
vt 0.788536 0.393870
vt 0.783968 0.217711
vt 0.790042 0.217763
vt 0.784018 0.211837
vt 0.790092 0.211889
vt 0.766145 0.217559
vt 0.764639 0.393666
vt 0.740141 0.270784
vt 0.746216 0.270836
vt 0.744710 0.446943
vt 0.738635 0.446891
vt 0.756608 0.452920
vt 0.750534 0.452868
vt 0.750584 0.446994
vt 0.756658 0.447046
vt 0.752090 0.270887
vt 0.758164 0.270939
vt 0.752140 0.265012
vt 0.758214 0.265064
vt 0.734267 0.270734
vt 0.732761 0.446841
vt 0.548874 0.636702
vt 0.554948 0.636754
vt 0.553442 0.812862
vt 0.547368 0.812810
vt 0.565340 0.818838
vt 0.559266 0.818786
vt 0.559316 0.812912
vt 0.565390 0.812964
vt 0.560822 0.636804
vt 0.566896 0.636856
vt 0.560872 0.630930
vt 0.566947 0.630982
vt 0.543000 0.636652
vt 0.541494 0.812759
vt 0.299164 0.640477
vt 0.305238 0.640529
vt 0.303732 0.816636
vt 0.297658 0.816584
vt 0.315630 0.822612
vt 0.309556 0.822560
vt 0.309606 0.816686
vt 0.315681 0.816738
vt 0.311112 0.640579
vt 0.317186 0.640631
vt 0.311162 0.634705
vt 0.317237 0.634757
vt 0.293290 0.640427
vt 0.291784 0.816534
vt 0.708263 0.276508
vt 0.714338 0.276560
vt 0.712832 0.452667
vt 0.706758 0.452615
vt 0.724730 0.458643
vt 0.718656 0.458592
vt 0.718706 0.452717
vt 0.724780 0.452769
vt 0.720212 0.276610
vt 0.726286 0.276662
vt 0.720262 0.270736
vt 0.726336 0.270788
vt 0.702389 0.276458
vt 0.700883 0.452565
vt 0.894218 0.350873
vt 0.900292 0.350925
vt 0.898786 0.527032
vt 0.892712 0.526980
vt 0.910684 0.533008
vt 0.904610 0.532956
vt 0.904660 0.527082
vt 0.910734 0.527134
vt 0.906166 0.350975
vt 0.912240 0.351027
vt 0.906216 0.345101
vt 0.912291 0.345153
vt 0.888344 0.350822
vt 0.886838 0.526929
vt 0.676386 0.276511
vt 0.682460 0.276563
vt 0.680954 0.452670
vt 0.674880 0.452618
vt 0.692852 0.458647
vt 0.686778 0.458595
vt 0.686828 0.452721
vt 0.692902 0.452772
vt 0.688334 0.276614
vt 0.694408 0.276665
vt 0.688384 0.270739
vt 0.694458 0.270791
vt 0.670511 0.276461
vt 0.669005 0.452568
vt 0.857027 0.356578
vt 0.863101 0.356630
vt 0.861595 0.532737
vt 0.855521 0.532685
vt 0.873493 0.538714
vt 0.867419 0.538662
vt 0.867469 0.532788
vt 0.873544 0.532839
vt 0.868975 0.356681
vt 0.875049 0.356732
vt 0.869026 0.350806
vt 0.875100 0.350858
vt 0.851153 0.356528
vt 0.849647 0.532635
vt 0.926096 0.208518
vt 0.932170 0.208570
vt 0.930664 0.384677
vt 0.924590 0.384625
vt 0.942562 0.390654
vt 0.936488 0.390602
vt 0.936538 0.384728
vt 0.942612 0.384779
vt 0.938044 0.208620
vt 0.944118 0.208672
vt 0.938094 0.202746
vt 0.944169 0.202798
vt 0.920222 0.208468
vt 0.918716 0.384575
vt 0.235408 0.641441
vt 0.241482 0.641493
vt 0.239976 0.817600
vt 0.233902 0.817548
vt 0.251874 0.823576
vt 0.245800 0.823524
vt 0.245851 0.817650
vt 0.251925 0.817702
vt 0.247356 0.641543
vt 0.253431 0.641595
vt 0.247407 0.635669
vt 0.253481 0.635721
vt 0.229534 0.641391
vt 0.228028 0.817498
vt 0.267286 0.640959
vt 0.273360 0.641011
vt 0.271854 0.817118
vt 0.265780 0.817066
vt 0.283752 0.823094
vt 0.277678 0.823042
vt 0.277728 0.817168
vt 0.283803 0.817220
vt 0.279234 0.641061
vt 0.285308 0.641113
vt 0.279285 0.635187
vt 0.285359 0.635239
vt 0.261412 0.640909
vt 0.259906 0.817016
vt 0.504865 0.010768
vt 0.576234 0.010757
vt 0.576242 0.063246
vt 0.504872 0.063257
vt 0.576243 0.069120
vt 0.504873 0.069131
vt 0.653486 0.063234
vt 0.582116 0.063245
vt 0.582108 0.010757
vt 0.653478 0.010746
vt 0.504864 0.004894
vt 0.576233 0.004883
vt 0.498990 0.010769
vt 0.498998 0.063257
vt 0.743949 0.134653
vt 0.815318 0.134646
vt 0.815321 0.166981
vt 0.743952 0.166989
vt 0.815322 0.172856
vt 0.743953 0.172863
vt 0.815325 0.205191
vt 0.743956 0.205199
vt 0.743948 0.128779
vt 0.815317 0.128771
vt 0.821192 0.134645
vt 0.821196 0.166981
vt 0.738074 0.134654
vt 0.738078 0.166989
vt 0.737931 0.122137
vt 0.666562 0.122147
vt 0.666555 0.075774
vt 0.737925 0.075764
vt 0.589311 0.069910
vt 0.660680 0.069900
vt 0.660681 0.075775
vt 0.589312 0.075784
vt 0.660687 0.122148
vt 0.589318 0.122157
vt 0.660688 0.128022
vt 0.589319 0.128032
vt 0.743805 0.122136
vt 0.743799 0.075763
vt 0.658236 0.181038
vt 0.586867 0.181048
vt 0.586861 0.134675
vt 0.658230 0.134665
vt 0.509616 0.128811
vt 0.580985 0.128801
vt 0.580986 0.134676
vt 0.509617 0.134685
vt 0.580992 0.181048
vt 0.509623 0.181058
vt 0.580993 0.186923
vt 0.509624 0.186933
vt 0.664111 0.181037
vt 0.664104 0.134664
vt 0.658941 0.193555
vt 0.730310 0.193547
vt 0.730314 0.225883
vt 0.658944 0.225890
vt 0.730314 0.231757
vt 0.658945 0.231765
vt 0.730318 0.264093
vt 0.658948 0.264100
vt 0.658940 0.187680
vt 0.730310 0.187673
vt 0.736185 0.193547
vt 0.736188 0.225882
vt 0.653067 0.193555
vt 0.653070 0.225891
vt 0.669567 0.010768
vt 0.740936 0.010757
vt 0.740944 0.063246
vt 0.669575 0.063257
vt 0.740945 0.069120
vt 0.669576 0.069131
vt 0.818188 0.063234
vt 0.746819 0.063245
vt 0.746811 0.010757
vt 0.818180 0.010746
vt 0.669566 0.004894
vt 0.740935 0.004883
vt 0.663692 0.010769
vt 0.663700 0.063257
vt 0.491658 0.004883
vt 0.493944 0.156086
vt 0.317850 0.158749
vt 0.315565 0.007545
vt 0.007169 0.632528
vt 0.004883 0.481324
vt 0.322654 0.476520
vt 0.324940 0.627724
vt 0.498748 0.473858
vt 0.501034 0.625062
vt 0.816519 0.469054
vt 0.818805 0.620258
vt 0.505838 0.942833
vt 0.329744 0.945495
vt 0.958011 0.170186
vt 0.951936 0.170186
vt 0.951916 0.010959
vt 0.957991 0.010958
vt 0.957990 0.004884
vt 0.963864 0.004883
vt 0.963865 0.010957
vt 0.939967 0.010960
vt 0.946042 0.010960
vt 0.946062 0.170187
vt 0.939987 0.170188
vt 0.963885 0.170185
vt 0.963886 0.176259
vt 0.958011 0.176260
vt 0.565392 0.200965
vt 0.572790 0.200965
vt 0.572796 0.379314
vt 0.565398 0.379314
vt 0.572796 0.386712
vt 0.578671 0.379314
vt 0.578671 0.386712
vt 0.559524 0.379314
vt 0.552126 0.379315
vt 0.552120 0.200965
vt 0.559518 0.200965
vt 0.578664 0.193566
vt 0.578665 0.200964
vt 0.572790 0.193567
vt 0.963321 0.943496
vt 0.957247 0.943497
vt 0.957229 0.784269
vt 0.963304 0.784269
vt 0.963303 0.778194
vt 0.969177 0.778194
vt 0.969178 0.784268
vt 0.945280 0.784271
vt 0.951355 0.784270
vt 0.951372 0.943497
vt 0.945298 0.943498
vt 0.969196 0.943495
vt 0.969196 0.949570
vt 0.963322 0.949570
vt 0.886271 0.336652
vt 0.886271 0.344181
vt 0.879704 0.344182
vt 0.879703 0.336652
vt 0.872174 0.336653
vt 0.872153 0.012413
vt 0.879682 0.012413
vt 0.879682 0.004883
vt 0.886249 0.004883
vt 0.886249 0.012412
vt 0.893779 0.012412
vt 0.893800 0.336651
vt 0.865607 0.336653
vt 0.865586 0.012414
vt 0.850043 0.012412
vt 0.850044 0.004883
vt 0.856611 0.004883
vt 0.856610 0.012413
vt 0.828417 0.012411
vt 0.835947 0.012411
vt 0.835924 0.336651
vt 0.828395 0.336650
vt 0.856588 0.336652
vt 0.856587 0.344181
vt 0.850020 0.344181
vt 0.850021 0.336652
vt 0.842491 0.336651
vt 0.842514 0.012412
vt 0.621189 0.195116
vt 0.628587 0.195106
vt 0.628826 0.373455
vt 0.621428 0.373465
vt 0.647973 0.373429
vt 0.647983 0.380827
vt 0.642108 0.380835
vt 0.642098 0.373437
vt 0.634700 0.373447
vt 0.634461 0.195098
vt 0.641859 0.195088
vt 0.641849 0.187690
vt 0.647724 0.187682
vt 0.647733 0.195080
vt 0.583998 0.195094
vt 0.591396 0.195092
vt 0.591457 0.373441
vt 0.584059 0.373444
vt 0.610604 0.373434
vt 0.610606 0.380832
vt 0.604732 0.380835
vt 0.604729 0.373436
vt 0.597331 0.373439
vt 0.597270 0.195090
vt 0.604668 0.195087
vt 0.604666 0.187689
vt 0.610540 0.187687
vt 0.610543 0.195085
vt 0.931426 0.943697
vt 0.925351 0.943696
vt 0.925380 0.784469
vt 0.931455 0.784470
vt 0.931456 0.778395
vt 0.937330 0.778396
vt 0.937329 0.784471
vt 0.913431 0.784466
vt 0.919506 0.784468
vt 0.919477 0.943695
vt 0.913403 0.943694
vt 0.937300 0.943698
vt 0.937299 0.949772
vt 0.931425 0.949771
vt 0.293412 0.336652
vt 0.293411 0.344181
vt 0.286844 0.344181
vt 0.286845 0.336652
vt 0.279315 0.336651
vt 0.279340 0.012412
vt 0.286869 0.012412
vt 0.286869 0.004883
vt 0.293437 0.004884
vt 0.293436 0.012413
vt 0.265243 0.012411
vt 0.272773 0.012411
vt 0.272748 0.336651
vt 0.265219 0.336650
vt 0.249679 0.012412
vt 0.249679 0.004883
vt 0.256247 0.004884
vt 0.256246 0.012413
vt 0.228053 0.012411
vt 0.235582 0.012411
vt 0.235557 0.336651
vt 0.228028 0.336650
vt 0.256221 0.336652
vt 0.256220 0.344182
vt 0.249653 0.344181
vt 0.249654 0.336652
vt 0.242125 0.336651
vt 0.242150 0.012412
vt 0.526116 0.199447
vt 0.533514 0.199446
vt 0.533533 0.377796
vt 0.526135 0.377796
vt 0.546806 0.383669
vt 0.539408 0.383669
vt 0.539408 0.377795
vt 0.546806 0.377794
vt 0.539389 0.199446
vt 0.546787 0.199445
vt 0.539388 0.193571
vt 0.546786 0.193570
vt 0.520242 0.199448
vt 0.520261 0.377797
vt 0.063858 0.010957
vt 0.063859 0.004883
vt 0.110635 0.004890
vt 0.110634 0.010965
vt 0.004933 0.010948
vt 0.011007 0.010949
vt 0.010957 0.331498
vt 0.004883 0.331497
vt 0.110584 0.331513
vt 0.110583 0.337587
vt 0.063807 0.337580
vt 0.063808 0.331506
vt 0.057734 0.331505
vt 0.057783 0.010956
vt 0.169305 0.004883
vt 0.169306 0.010957
vt 0.122530 0.010962
vt 0.122529 0.004887
vt 0.116455 0.010962
vt 0.122559 0.331510
vt 0.116484 0.331511
vt 0.122559 0.337585
vt 0.169335 0.331506
vt 0.169336 0.337580
vt 0.175409 0.331505
vt 0.175380 0.010957
vt 0.222156 0.010953
vt 0.222186 0.331501
vt 0.916204 0.012486
vt 0.923757 0.012458
vt 0.924412 0.188570
vt 0.916859 0.188598
vt 0.924440 0.196123
vt 0.930286 0.188548
vt 0.930314 0.196101
vt 0.910985 0.188620
vt 0.903432 0.188648
vt 0.902777 0.012536
vt 0.910330 0.012508
vt 0.929603 0.004883
vt 0.929631 0.012436
vt 0.923729 0.004905
vt 0.876962 0.774304
vt 0.883037 0.774332
vt 0.882286 0.933558
vt 0.876212 0.933529
vt 0.882257 0.939632
vt 0.888160 0.933586
vt 0.888132 0.939660
vt 0.894235 0.933614
vt 0.888911 0.774360
vt 0.894985 0.774389
vt 0.876990 0.768429
vt 0.883064 0.768458
vt 0.900860 0.774416
vt 0.900109 0.933642
vt 0.760068 0.091405
vt 0.762216 0.091405
vt 0.762215 0.095521
vt 0.760068 0.095521
vt 0.575810 0.104525
vt 0.573767 0.103863
vt 0.574584 0.103532
vt 0.577094 0.103708
vt 0.782758 0.095524
vt 0.780242 0.095524
vt 0.780243 0.091408
vt 0.782758 0.091408
vt 0.520242 0.114470
vt 0.522752 0.114294
vt 0.523569 0.114625
vt 0.521526 0.115287
vt 0.770501 0.091406
vt 0.771147 0.091406
vt 0.771146 0.095522
vt 0.770501 0.095522
vt 0.757042 0.091404
vt 0.757707 0.091404
vt 0.757706 0.095520
vt 0.757041 0.095520
vt 0.520983 0.116204
vt 0.520242 0.116204
vt 0.759002 0.095521
vt 0.759003 0.091405
vt 0.577094 0.105442
vt 0.576353 0.105442
vt 0.754013 0.095520
vt 0.754014 0.091404
vt 0.755748 0.091404
vt 0.755747 0.095520
vt 0.521526 0.110240
vt 0.520242 0.111135
vt 0.520242 0.109527
vt 0.521080 0.109527
vt 0.774233 0.091407
vt 0.774233 0.095523
vt 0.772625 0.095523
vt 0.772625 0.091407
vt 0.577094 0.100373
vt 0.575810 0.099478
vt 0.576256 0.098765
vt 0.577094 0.098765
vt 0.768169 0.095522
vt 0.768169 0.091406
vt 0.769010 0.091406
vt 0.769009 0.095522
vt 0.764119 0.091405
vt 0.766022 0.091406
vt 0.766021 0.095522
vt 0.764118 0.095521
vt 0.573884 0.101943
vt 0.573372 0.102001
vt 0.573767 0.100140
vt 0.574429 0.100432
vt 0.778506 0.091408
vt 0.778505 0.095524
vt 0.776899 0.095523
vt 0.776900 0.091407
vt 0.523964 0.112763
vt 0.523452 0.112705
vt 0.522907 0.111194
vt 0.523569 0.110902
vt 0.520907 0.117497
vt 0.520242 0.117497
vt 0.577094 0.106735
vt 0.576429 0.106735
vt 0.576448 0.097287
vt 0.577094 0.097287
vt 0.520242 0.108049
vt 0.520888 0.108049
vt 0.505045 0.097288
vt 0.507193 0.097288
vt 0.507192 0.101404
vt 0.505045 0.101404
vt 0.814894 0.109398
vt 0.812851 0.108736
vt 0.813668 0.108406
vt 0.816178 0.108581
vt 0.527735 0.101407
vt 0.525219 0.101407
vt 0.525219 0.097291
vt 0.527735 0.097291
vt 0.727448 0.135201
vt 0.729958 0.135026
vt 0.730775 0.135357
vt 0.728732 0.136019
vt 0.515478 0.097289
vt 0.516124 0.097290
vt 0.516123 0.101406
vt 0.515477 0.101405
vt 0.502019 0.097287
vt 0.502684 0.097287
vt 0.502683 0.101403
vt 0.502018 0.101403
vt 0.728189 0.136936
vt 0.727448 0.136936
vt 0.503979 0.101404
vt 0.503979 0.097288
vt 0.816178 0.110315
vt 0.815437 0.110315
vt 0.498990 0.101403
vt 0.498991 0.097287
vt 0.500725 0.097287
vt 0.500724 0.101403
vt 0.728732 0.130972
vt 0.727448 0.131867
vt 0.727448 0.130259
vt 0.728287 0.130259
vt 0.519210 0.097290
vt 0.519210 0.101406
vt 0.517602 0.101406
vt 0.517602 0.097290
vt 0.816178 0.105246
vt 0.814894 0.104352
vt 0.815340 0.103638
vt 0.816178 0.103638
vt 0.513146 0.101405
vt 0.513146 0.097289
vt 0.513987 0.097289
vt 0.513986 0.101405
vt 0.509096 0.097288
vt 0.510999 0.097289
vt 0.510998 0.101405
vt 0.509095 0.101404
vt 0.812968 0.106816
vt 0.812456 0.106875
vt 0.812851 0.105013
vt 0.813513 0.105305
vt 0.523483 0.097291
vt 0.523482 0.101407
vt 0.521876 0.101406
vt 0.521876 0.097290
vt 0.731171 0.133495
vt 0.730658 0.133437
vt 0.730114 0.131926
vt 0.730775 0.131634
vt 0.728113 0.138229
vt 0.727448 0.138229
vt 0.816178 0.111609
vt 0.815513 0.111609
vt 0.815533 0.102160
vt 0.816178 0.102160
vt 0.727448 0.128780
vt 0.728094 0.128780
vt 0.520984 0.075772
vt 0.523132 0.075773
vt 0.523131 0.079889
vt 0.520984 0.079888
vt 0.804268 0.109397
vt 0.802225 0.108735
vt 0.803042 0.108404
vt 0.805552 0.108580
vt 0.543674 0.079892
vt 0.541158 0.079892
vt 0.541158 0.075776
vt 0.543674 0.075776
vt 0.498990 0.130557
vt 0.501500 0.130381
vt 0.502317 0.130712
vt 0.500274 0.131374
vt 0.531417 0.075774
vt 0.532063 0.075774
vt 0.532062 0.079890
vt 0.531416 0.079890
vt 0.517958 0.075772
vt 0.518623 0.075772
vt 0.518622 0.079888
vt 0.517957 0.079888
vt 0.499731 0.132291
vt 0.498990 0.132291
vt 0.519918 0.079888
vt 0.519918 0.075772
vt 0.805552 0.110314
vt 0.804811 0.110314
vt 0.514929 0.079887
vt 0.514930 0.075771
vt 0.516664 0.075772
vt 0.516663 0.079888
vt 0.500274 0.126327
vt 0.498990 0.127222
vt 0.498990 0.125614
vt 0.499829 0.125614
vt 0.535149 0.075775
vt 0.535149 0.079891
vt 0.533541 0.079890
vt 0.533541 0.075774
vt 0.805552 0.105245
vt 0.804268 0.104350
vt 0.804714 0.103637
vt 0.805552 0.103637
vt 0.529084 0.079890
vt 0.529085 0.075774
vt 0.529926 0.075774
vt 0.529925 0.079890
vt 0.525035 0.075773
vt 0.526938 0.075773
vt 0.526937 0.079889
vt 0.525034 0.079889
vt 0.802342 0.106815
vt 0.801830 0.106874
vt 0.802225 0.105012
vt 0.802887 0.105304
vt 0.539422 0.075775
vt 0.539421 0.079891
vt 0.537815 0.079891
vt 0.537815 0.075775
vt 0.502712 0.128851
vt 0.502200 0.128792
vt 0.501655 0.127281
vt 0.502317 0.126989
vt 0.499655 0.133584
vt 0.498990 0.133584
vt 0.805552 0.111608
vt 0.804887 0.111608
vt 0.804907 0.102159
vt 0.805552 0.102159
vt 0.498990 0.124136
vt 0.499636 0.124136
vt 0.760068 0.069887
vt 0.762216 0.069887
vt 0.762215 0.074003
vt 0.760068 0.074003
vt 0.793642 0.109395
vt 0.791599 0.108733
vt 0.792417 0.108403
vt 0.794926 0.108578
vt 0.782758 0.074006
vt 0.780242 0.074006
vt 0.780243 0.069890
vt 0.782758 0.069890
vt 0.509616 0.114468
vt 0.512126 0.114293
vt 0.512943 0.114624
vt 0.510900 0.115286
vt 0.770501 0.069888
vt 0.771147 0.069889
vt 0.771146 0.074005
vt 0.770501 0.074004
vt 0.757042 0.069886
vt 0.757707 0.069886
vt 0.757706 0.074002
vt 0.757041 0.074002
vt 0.510357 0.116203
vt 0.509616 0.116203
vt 0.759002 0.074003
vt 0.759003 0.069887
vt 0.794926 0.110312
vt 0.794185 0.110312
vt 0.754013 0.074002
vt 0.754014 0.069886
vt 0.755748 0.069886
vt 0.755747 0.074002
vt 0.510900 0.110239
vt 0.509616 0.111134
vt 0.509616 0.109526
vt 0.510455 0.109526
vt 0.774233 0.069889
vt 0.774233 0.074005
vt 0.772625 0.074005
vt 0.772625 0.069889
vt 0.794926 0.105244
vt 0.793642 0.104349
vt 0.794088 0.103636
vt 0.794926 0.103636
vt 0.768169 0.074004
vt 0.768169 0.069888
vt 0.769010 0.069888
vt 0.769010 0.074004
vt 0.764119 0.069887
vt 0.766022 0.069888
vt 0.766021 0.074004
vt 0.764118 0.074003
vt 0.791716 0.106814
vt 0.791204 0.106872
vt 0.791599 0.105010
vt 0.792261 0.105302
vt 0.778506 0.069890
vt 0.778505 0.074006
vt 0.776899 0.074006
vt 0.776900 0.069890
vt 0.513338 0.112762
vt 0.512826 0.112704
vt 0.512281 0.111193
vt 0.512943 0.110901
vt 0.510281 0.117496
vt 0.509616 0.117496
vt 0.794926 0.111606
vt 0.794261 0.111606
vt 0.794281 0.102157
vt 0.794926 0.102157
vt 0.509616 0.108047
vt 0.510262 0.108047
vt 0.760068 0.080646
vt 0.762216 0.080646
vt 0.762215 0.084762
vt 0.760068 0.084762
vt 0.304848 0.108661
vt 0.302805 0.107999
vt 0.303622 0.107669
vt 0.306132 0.107844
vt 0.782758 0.084765
vt 0.780242 0.084765
vt 0.780243 0.080649
vt 0.782758 0.080649
vt 0.302410 0.123934
vt 0.304920 0.123759
vt 0.305737 0.124089
vt 0.303694 0.124751
vt 0.770501 0.080647
vt 0.771147 0.080648
vt 0.771146 0.084764
vt 0.770501 0.084763
vt 0.757042 0.080645
vt 0.757707 0.080645
vt 0.757706 0.084761
vt 0.757041 0.084761
vt 0.303151 0.125669
vt 0.302410 0.125669
vt 0.759002 0.084762
vt 0.759003 0.080646
vt 0.306132 0.109579
vt 0.305391 0.109579
vt 0.754013 0.084761
vt 0.754014 0.080645
vt 0.755748 0.080645
vt 0.755747 0.084761
vt 0.303694 0.119705
vt 0.302410 0.120600
vt 0.302410 0.118992
vt 0.303248 0.118992
vt 0.774233 0.080648
vt 0.774233 0.084764
vt 0.772625 0.084764
vt 0.772625 0.080648
vt 0.306132 0.104510
vt 0.304848 0.103615
vt 0.305294 0.102902
vt 0.306132 0.102902
vt 0.768169 0.084763
vt 0.768169 0.080647
vt 0.769010 0.080647
vt 0.769010 0.084763
vt 0.764119 0.080646
vt 0.766022 0.080647
vt 0.766021 0.084763
vt 0.764118 0.084762
vt 0.302922 0.106080
vt 0.302410 0.106138
vt 0.302805 0.104277
vt 0.303467 0.104568
vt 0.778506 0.080649
vt 0.778505 0.084765
vt 0.776899 0.084764
vt 0.776900 0.080648
vt 0.306132 0.122228
vt 0.305620 0.122170
vt 0.305075 0.120658
vt 0.305737 0.120367
vt 0.303075 0.126962
vt 0.302410 0.126962
vt 0.306132 0.110872
vt 0.305467 0.110872
vt 0.305486 0.101423
vt 0.306132 0.101423
vt 0.302410 0.117513
vt 0.303055 0.117513
vt 0.505045 0.086529
vt 0.507193 0.086529
vt 0.507192 0.090645
vt 0.505045 0.090645
vt 0.756451 0.109401
vt 0.754408 0.108739
vt 0.755226 0.108408
vt 0.757735 0.108584
vt 0.527735 0.090648
vt 0.525219 0.090648
vt 0.525219 0.086532
vt 0.527735 0.086532
vt 0.716822 0.135203
vt 0.719332 0.135027
vt 0.720150 0.135358
vt 0.718107 0.136020
vt 0.515478 0.086530
vt 0.516124 0.086531
vt 0.516123 0.090647
vt 0.515477 0.090646
vt 0.502019 0.086528
vt 0.502684 0.086528
vt 0.502683 0.090644
vt 0.502018 0.090644
vt 0.717564 0.136937
vt 0.716822 0.136937
vt 0.503979 0.090645
vt 0.503979 0.086529
vt 0.757735 0.110318
vt 0.756994 0.110318
vt 0.498990 0.090644
vt 0.498991 0.086528
vt 0.500725 0.086528
vt 0.500724 0.090644
vt 0.718107 0.130973
vt 0.716822 0.131868
vt 0.716822 0.130260
vt 0.717661 0.130260
vt 0.519210 0.086531
vt 0.519210 0.090647
vt 0.517602 0.090647
vt 0.517602 0.086531
vt 0.757735 0.105249
vt 0.756451 0.104354
vt 0.756897 0.103641
vt 0.757735 0.103641
vt 0.513146 0.090646
vt 0.513146 0.086530
vt 0.513987 0.086530
vt 0.513986 0.090646
vt 0.509096 0.086529
vt 0.510999 0.086530
vt 0.510998 0.090646
vt 0.509095 0.090645
vt 0.754525 0.106819
vt 0.754013 0.106878
vt 0.754408 0.105016
vt 0.755070 0.105308
vt 0.523483 0.086532
vt 0.523482 0.090648
vt 0.521876 0.090647
vt 0.521876 0.086531
vt 0.720545 0.133497
vt 0.720032 0.133438
vt 0.719488 0.131927
vt 0.720150 0.131635
vt 0.717487 0.138231
vt 0.716822 0.138231
vt 0.757735 0.111611
vt 0.757070 0.111611
vt 0.757090 0.102163
vt 0.757735 0.102163
vt 0.716822 0.128782
vt 0.717468 0.128782
vt 0.558175 0.086526
vt 0.560323 0.086526
vt 0.560322 0.090642
vt 0.558174 0.090642
vt 0.304848 0.092571
vt 0.302805 0.091909
vt 0.303622 0.091579
vt 0.306132 0.091754
vt 0.580864 0.090645
vt 0.578349 0.090645
vt 0.578349 0.086529
vt 0.580865 0.086529
vt 0.498990 0.114467
vt 0.501500 0.114291
vt 0.502317 0.114622
vt 0.500274 0.115284
vt 0.568608 0.086527
vt 0.569254 0.086528
vt 0.569253 0.090644
vt 0.568607 0.090643
vt 0.555148 0.086525
vt 0.555814 0.086525
vt 0.555813 0.090641
vt 0.555148 0.090641
vt 0.499731 0.116201
vt 0.498990 0.116201
vt 0.557109 0.090642
vt 0.557109 0.086526
vt 0.306132 0.093488
vt 0.305391 0.093488
vt 0.552120 0.090641
vt 0.552121 0.086525
vt 0.553855 0.086525
vt 0.553854 0.090641
vt 0.500274 0.110237
vt 0.498990 0.111132
vt 0.498990 0.109524
vt 0.499829 0.109524
vt 0.572340 0.086528
vt 0.572339 0.090644
vt 0.570731 0.090644
vt 0.570732 0.086528
vt 0.306132 0.088420
vt 0.304848 0.087525
vt 0.305294 0.086812
vt 0.306132 0.086812
vt 0.566275 0.090643
vt 0.566276 0.086527
vt 0.567117 0.086527
vt 0.567116 0.090643
vt 0.562226 0.086526
vt 0.564128 0.086527
vt 0.564128 0.090643
vt 0.562225 0.090642
vt 0.302922 0.089990
vt 0.302410 0.090048
vt 0.302805 0.088187
vt 0.303467 0.088478
vt 0.576613 0.086529
vt 0.576612 0.090645
vt 0.575006 0.090644
vt 0.575006 0.086528
vt 0.502712 0.112761
vt 0.502200 0.112702
vt 0.501655 0.111191
vt 0.502317 0.110899
vt 0.499655 0.117494
vt 0.498990 0.117494
vt 0.306132 0.094782
vt 0.305467 0.094782
vt 0.305486 0.085333
vt 0.306132 0.085333
vt 0.498990 0.108046
vt 0.499636 0.108046
vt 0.797259 0.080640
vt 0.799407 0.080641
vt 0.799406 0.084757
vt 0.797259 0.084756
vt 0.304848 0.044301
vt 0.302805 0.043639
vt 0.303622 0.043309
vt 0.306132 0.043484
vt 0.819949 0.084760
vt 0.817433 0.084759
vt 0.817433 0.080643
vt 0.819949 0.080644
vt 0.536181 0.114461
vt 0.538691 0.114286
vt 0.539508 0.114616
vt 0.537465 0.115278
vt 0.807692 0.080642
vt 0.808338 0.080642
vt 0.808337 0.084758
vt 0.807691 0.084758
vt 0.794232 0.080640
vt 0.794898 0.080640
vt 0.794897 0.084756
vt 0.794232 0.084756
vt 0.536922 0.116195
vt 0.536181 0.116195
vt 0.796193 0.084756
vt 0.796193 0.080640
vt 0.306132 0.045218
vt 0.305391 0.045218
vt 0.791204 0.084755
vt 0.791205 0.080639
vt 0.792939 0.080639
vt 0.792938 0.084755
vt 0.537465 0.110232
vt 0.536181 0.111127
vt 0.536181 0.109519
vt 0.537019 0.109519
vt 0.811424 0.080642
vt 0.811424 0.084758
vt 0.809816 0.084758
vt 0.809816 0.080642
vt 0.306132 0.040150
vt 0.304848 0.039255
vt 0.305294 0.038542
vt 0.306132 0.038542
vt 0.805359 0.084757
vt 0.805360 0.080641
vt 0.806201 0.080642
vt 0.806200 0.084758
vt 0.801310 0.080641
vt 0.803213 0.080641
vt 0.803212 0.084757
vt 0.801309 0.084757
vt 0.302922 0.041720
vt 0.302410 0.041778
vt 0.302805 0.039917
vt 0.303467 0.040208
vt 0.815697 0.080643
vt 0.815696 0.084759
vt 0.814090 0.084759
vt 0.814090 0.080643
vt 0.539903 0.112755
vt 0.539391 0.112697
vt 0.538846 0.111185
vt 0.539508 0.110894
vt 0.536846 0.117489
vt 0.536181 0.117489
vt 0.306132 0.046512
vt 0.305467 0.046512
vt 0.305486 0.037063
vt 0.306132 0.037063
vt 0.536181 0.108040
vt 0.536827 0.108040
vt 0.797259 0.091399
vt 0.799407 0.091399
vt 0.799406 0.095515
vt 0.797259 0.095515
vt 0.304848 0.012121
vt 0.302805 0.011459
vt 0.303622 0.011129
vt 0.306132 0.011304
vt 0.819949 0.095519
vt 0.817433 0.095518
vt 0.817433 0.091402
vt 0.819949 0.091403
vt 0.764639 0.108585
vt 0.767149 0.108410
vt 0.767966 0.108741
vt 0.765923 0.109403
vt 0.807692 0.091401
vt 0.808338 0.091401
vt 0.808337 0.095517
vt 0.807691 0.095517
vt 0.794232 0.091399
vt 0.794898 0.091399
vt 0.794897 0.095515
vt 0.794232 0.095515
vt 0.765380 0.110320
vt 0.764639 0.110320
vt 0.796193 0.095515
vt 0.796193 0.091399
vt 0.306132 0.013038
vt 0.305391 0.013038
vt 0.791204 0.095514
vt 0.791205 0.091398
vt 0.792939 0.091398
vt 0.792938 0.095514
vt 0.765923 0.104356
vt 0.764639 0.105251
vt 0.764639 0.103643
vt 0.765478 0.103643
vt 0.811424 0.091401
vt 0.811424 0.095517
vt 0.809816 0.095517
vt 0.809816 0.091401
vt 0.306132 0.007970
vt 0.304848 0.007075
vt 0.305294 0.006362
vt 0.306132 0.006362
vt 0.805359 0.095516
vt 0.805360 0.091400
vt 0.806201 0.091401
vt 0.806200 0.095517
vt 0.801310 0.091400
vt 0.803213 0.091400
vt 0.803212 0.095516
vt 0.801309 0.095516
vt 0.302922 0.009540
vt 0.302410 0.009598
vt 0.302805 0.007736
vt 0.303467 0.008028
vt 0.815697 0.091402
vt 0.815696 0.095518
vt 0.814090 0.095518
vt 0.814090 0.091402
vt 0.768361 0.106879
vt 0.767849 0.106821
vt 0.767305 0.105310
vt 0.767966 0.105018
vt 0.765304 0.111613
vt 0.764639 0.111613
vt 0.306132 0.014332
vt 0.305467 0.014332
vt 0.305486 0.004883
vt 0.306132 0.004883
vt 0.764639 0.102164
vt 0.765285 0.102164
vt 0.542236 0.097282
vt 0.544384 0.097282
vt 0.544383 0.101398
vt 0.542235 0.101398
vt 0.304848 0.060391
vt 0.302805 0.059729
vt 0.303622 0.059399
vt 0.306132 0.059574
vt 0.564925 0.101402
vt 0.562410 0.101401
vt 0.562410 0.097285
vt 0.564926 0.097286
vt 0.546807 0.114463
vt 0.549317 0.114287
vt 0.550134 0.114618
vt 0.548091 0.115280
vt 0.552669 0.097284
vt 0.553315 0.097284
vt 0.553314 0.101400
vt 0.552668 0.101400
vt 0.539209 0.097282
vt 0.539875 0.097282
vt 0.539874 0.101398
vt 0.539209 0.101398
vt 0.547548 0.116197
vt 0.546807 0.116197
vt 0.541170 0.101398
vt 0.541170 0.097282
vt 0.306132 0.061308
vt 0.305391 0.061308
vt 0.536181 0.101397
vt 0.536182 0.097281
vt 0.537916 0.097281
vt 0.537915 0.101397
vt 0.548091 0.110233
vt 0.546807 0.111128
vt 0.546807 0.109520
vt 0.547645 0.109520
vt 0.556401 0.097284
vt 0.556401 0.101400
vt 0.554793 0.101400
vt 0.554793 0.097284
vt 0.306132 0.056240
vt 0.304848 0.055345
vt 0.305294 0.054632
vt 0.306132 0.054632
vt 0.550336 0.101399
vt 0.550337 0.097283
vt 0.551178 0.097284
vt 0.551177 0.101400
vt 0.546287 0.097283
vt 0.548190 0.097283
vt 0.548189 0.101399
vt 0.546286 0.101399
vt 0.302922 0.057810
vt 0.302410 0.057868
vt 0.302805 0.056007
vt 0.303467 0.056298
vt 0.560674 0.097285
vt 0.560673 0.101401
vt 0.559067 0.101401
vt 0.559067 0.097285
vt 0.550529 0.112757
vt 0.550017 0.112698
vt 0.549472 0.111187
vt 0.550134 0.110895
vt 0.547472 0.117491
vt 0.546807 0.117491
vt 0.306132 0.062602
vt 0.305467 0.062602
vt 0.305486 0.053153
vt 0.306132 0.053153
vt 0.546807 0.108042
vt 0.547453 0.108042
vt 0.558175 0.075767
vt 0.560323 0.075767
vt 0.560322 0.079883
vt 0.558174 0.079883
vt 0.304848 0.076481
vt 0.302805 0.075819
vt 0.303622 0.075489
vt 0.306132 0.075664
vt 0.580864 0.079886
vt 0.578349 0.079886
vt 0.578349 0.075770
vt 0.580865 0.075770
vt 0.557433 0.114464
vt 0.559943 0.114289
vt 0.560760 0.114619
vt 0.558717 0.115281
vt 0.568608 0.075768
vt 0.569254 0.075769
vt 0.569253 0.079885
vt 0.568607 0.079885
vt 0.555148 0.075766
vt 0.555814 0.075766
vt 0.555813 0.079882
vt 0.555148 0.079882
vt 0.558174 0.116198
vt 0.557433 0.116198
vt 0.557109 0.079883
vt 0.557109 0.075767
vt 0.306132 0.077398
vt 0.305391 0.077398
vt 0.552120 0.079882
vt 0.552121 0.075766
vt 0.553855 0.075766
vt 0.553854 0.079882
vt 0.558717 0.110235
vt 0.557433 0.111130
vt 0.557433 0.109522
vt 0.558271 0.109522
vt 0.572340 0.075769
vt 0.572340 0.079885
vt 0.570731 0.079885
vt 0.570732 0.075769
vt 0.306132 0.072330
vt 0.304848 0.071435
vt 0.305294 0.070722
vt 0.306132 0.070722
vt 0.566275 0.079884
vt 0.566276 0.075768
vt 0.567117 0.075768
vt 0.567116 0.079884
vt 0.562226 0.075767
vt 0.564128 0.075768
vt 0.564128 0.079884
vt 0.562225 0.079883
vt 0.302922 0.073900
vt 0.302410 0.073958
vt 0.302805 0.072097
vt 0.303467 0.072388
vt 0.576613 0.075770
vt 0.576612 0.079886
vt 0.575006 0.079886
vt 0.575006 0.075770
vt 0.561155 0.112758
vt 0.560643 0.112699
vt 0.560098 0.111188
vt 0.560760 0.110896
vt 0.558098 0.117492
vt 0.557433 0.117492
vt 0.306132 0.078692
vt 0.305467 0.078692
vt 0.305486 0.069243
vt 0.306132 0.069243
vt 0.557433 0.108043
vt 0.558079 0.108043
vt 0.797259 0.069881
vt 0.799407 0.069882
vt 0.799406 0.073998
vt 0.797259 0.073997
vt 0.304848 0.028211
vt 0.302805 0.027549
vt 0.303622 0.027219
vt 0.306132 0.027394
vt 0.819949 0.074001
vt 0.817433 0.074000
vt 0.817433 0.069884
vt 0.819949 0.069885
vt 0.775265 0.108587
vt 0.777775 0.108411
vt 0.778592 0.108742
vt 0.776549 0.109404
vt 0.807692 0.069883
vt 0.808338 0.069883
vt 0.808337 0.073999
vt 0.807691 0.073999
vt 0.794232 0.069881
vt 0.794898 0.069881
vt 0.794897 0.073997
vt 0.794232 0.073997
vt 0.776006 0.110321
vt 0.775265 0.110321
vt 0.796193 0.073997
vt 0.796193 0.069881
vt 0.306132 0.029128
vt 0.305391 0.029128
vt 0.791204 0.073996
vt 0.791205 0.069880
vt 0.792939 0.069881
vt 0.792938 0.073997
vt 0.776549 0.104357
vt 0.775265 0.105252
vt 0.775265 0.103644
vt 0.776104 0.103644
vt 0.811424 0.069883
vt 0.811424 0.073999
vt 0.809816 0.073999
vt 0.809816 0.069883
vt 0.306132 0.024060
vt 0.304848 0.023165
vt 0.305294 0.022452
vt 0.306132 0.022452
vt 0.805359 0.073999
vt 0.805360 0.069882
vt 0.806201 0.069883
vt 0.806200 0.073999
vt 0.801310 0.069882
vt 0.803213 0.069882
vt 0.803212 0.073998
vt 0.801309 0.073998
vt 0.302922 0.025630
vt 0.302410 0.025688
vt 0.302805 0.023826
vt 0.303467 0.024118
vt 0.815697 0.069884
vt 0.815696 0.074000
vt 0.814090 0.074000
vt 0.814090 0.069884
vt 0.778987 0.106880
vt 0.778475 0.106822
vt 0.777930 0.105311
vt 0.778592 0.105019
vt 0.775930 0.111614
vt 0.775265 0.111614
vt 0.306132 0.030422
vt 0.305467 0.030422
vt 0.305486 0.020973
vt 0.306132 0.020973
vt 0.775265 0.102166
vt 0.775911 0.102166
vt 0.978593 0.010160
vt 0.984147 0.010208
vt 0.982770 0.171225
vt 0.977216 0.171178
vt 0.993648 0.176690
vt 0.988095 0.176642
vt 0.988141 0.171271
vt 0.993694 0.171319
vt 0.989518 0.010254
vt 0.995071 0.010301
vt 0.989563 0.004883
vt 0.995117 0.004930
vt 0.973222 0.010114
vt 0.971845 0.171132
vt 0.755448 0.822632
vt 0.761001 0.822679
vt 0.759625 0.983697
vt 0.754071 0.983650
vt 0.770503 0.989162
vt 0.764950 0.989114
vt 0.764995 0.983743
vt 0.770549 0.983791
vt 0.766372 0.822725
vt 0.771926 0.822773
vt 0.766418 0.817354
vt 0.771972 0.817402
vt 0.750077 0.822586
vt 0.748700 0.983604
vt 0.532303 0.826006
vt 0.537856 0.826053
vt 0.536479 0.987071
vt 0.530926 0.987023
vt 0.547358 0.992535
vt 0.541804 0.992487
vt 0.541850 0.987116
vt 0.547404 0.987164
vt 0.543227 0.826099
vt 0.548781 0.826147
vt 0.543273 0.820728
vt 0.548827 0.820776
vt 0.526932 0.825960
vt 0.525555 0.986977
vt 0.596058 0.825041
vt 0.601612 0.825089
vt 0.600235 0.986106
vt 0.594681 0.986059
vt 0.611114 0.991571
vt 0.605560 0.991523
vt 0.605606 0.986152
vt 0.611160 0.986200
vt 0.606983 0.825135
vt 0.612537 0.825182
vt 0.607029 0.819764
vt 0.612583 0.819811
vt 0.590688 0.824995
vt 0.589311 0.986013
vt 0.787326 0.822150
vt 0.792880 0.822197
vt 0.791503 0.983215
vt 0.785949 0.983167
vt 0.802381 0.988679
vt 0.796828 0.988632
vt 0.796873 0.983261
vt 0.802427 0.983308
vt 0.798250 0.822243
vt 0.803804 0.822291
vt 0.798296 0.816872
vt 0.803850 0.816920
vt 0.781955 0.822104
vt 0.780578 0.983121
vt 0.957341 0.188178
vt 0.962895 0.188226
vt 0.961518 0.349243
vt 0.955964 0.349196
vt 0.972397 0.354708
vt 0.966843 0.354660
vt 0.966889 0.349289
vt 0.972443 0.349337
vt 0.968266 0.188272
vt 0.973819 0.188319
vt 0.968312 0.182901
vt 0.973866 0.182948
vt 0.951970 0.188132
vt 0.950593 0.349150
vt 0.957341 0.366626
vt 0.962895 0.366674
vt 0.961518 0.527692
vt 0.955964 0.527644
vt 0.972397 0.533156
vt 0.966843 0.533108
vt 0.966889 0.527737
vt 0.972443 0.527785
vt 0.968266 0.366720
vt 0.973819 0.366767
vt 0.968312 0.361349
vt 0.973866 0.361396
vt 0.951970 0.366580
vt 0.950593 0.527598
vt 0.659814 0.824078
vt 0.665368 0.824125
vt 0.663991 0.985143
vt 0.658437 0.985095
vt 0.674870 0.990607
vt 0.669316 0.990560
vt 0.669362 0.985189
vt 0.674915 0.985236
vt 0.670739 0.824171
vt 0.676292 0.824218
vt 0.670785 0.818800
vt 0.676338 0.818848
vt 0.654443 0.824032
vt 0.653067 0.985049
vt 0.819203 0.821668
vt 0.824757 0.821715
vt 0.823380 0.982734
vt 0.817827 0.982686
vt 0.834259 0.988198
vt 0.828705 0.988150
vt 0.828751 0.982780
vt 0.834305 0.982827
vt 0.830128 0.821761
vt 0.835682 0.821809
vt 0.830174 0.816390
vt 0.835728 0.816438
vt 0.813833 0.821622
vt 0.812456 0.982640
vt 0.564181 0.825524
vt 0.569734 0.825571
vt 0.568357 0.986589
vt 0.562804 0.986541
vt 0.579236 0.992053
vt 0.573682 0.992006
vt 0.573728 0.986635
vt 0.579282 0.986682
vt 0.575105 0.825617
vt 0.580659 0.825665
vt 0.575151 0.820246
vt 0.580705 0.820294
vt 0.558810 0.825478
vt 0.557433 0.986495
vt 0.723570 0.823114
vt 0.729124 0.823161
vt 0.727747 0.984178
vt 0.722193 0.984131
vt 0.738626 0.989643
vt 0.733072 0.989595
vt 0.733118 0.984224
vt 0.738671 0.984272
vt 0.734495 0.823207
vt 0.740048 0.823255
vt 0.734541 0.817836
vt 0.740094 0.817884
vt 0.718199 0.823068
vt 0.716822 0.984085
vt 0.627936 0.824559
vt 0.633490 0.824607
vt 0.632113 0.985625
vt 0.626559 0.985577
vt 0.642992 0.991089
vt 0.637438 0.991041
vt 0.637484 0.985671
vt 0.643038 0.985718
vt 0.638861 0.824653
vt 0.644415 0.824700
vt 0.638907 0.819282
vt 0.644460 0.819329
vt 0.622565 0.824513
vt 0.621189 0.985531
vt 0.691692 0.823596
vt 0.697246 0.823643
vt 0.695869 0.984660
vt 0.690315 0.984613
vt 0.706748 0.990125
vt 0.701194 0.990077
vt 0.701240 0.984706
vt 0.706793 0.984754
vt 0.702617 0.823689
vt 0.708171 0.823737
vt 0.702663 0.818318
vt 0.708216 0.818366
vt 0.686321 0.823550
vt 0.684944 0.984567
vt 0.967967 0.545074
vt 0.973521 0.545122
vt 0.972144 0.706140
vt 0.966590 0.706092
vt 0.983023 0.711604
vt 0.977469 0.711556
vt 0.977515 0.706186
vt 0.983069 0.706233
vt 0.978892 0.545168
vt 0.984445 0.545215
vt 0.978938 0.539797
vt 0.984491 0.539844
vt 0.962596 0.545028
vt 0.961219 0.706046
vt 0.818647 0.119797
vt 0.818647 0.120184
vt 0.818312 0.120378
vt 0.818260 0.119991
vt 0.817976 0.120571
vt 0.817822 0.120198
vt 0.817769 0.119797
vt 0.818208 0.119603
vt 0.818647 0.119410
vt 0.817822 0.119396
vt 0.818234 0.119171
vt 0.817976 0.119023
vt 0.818223 0.118702
vt 0.818543 0.118456
vt 0.818595 0.118933
vt 0.818917 0.118301
vt 0.818956 0.118784
vt 0.819318 0.118248
vt 0.819318 0.118635
vt 0.819318 0.119023
vt 0.818982 0.119216
vt 0.819318 0.119410
vt 0.818982 0.119603
vt 0.819318 0.119797
vt 0.818982 0.119991
vt 0.819653 0.119216
vt 0.819679 0.118784
vt 0.819718 0.118301
vt 0.820092 0.118456
vt 0.820040 0.118933
vt 0.819988 0.119410
vt 0.820413 0.118702
vt 0.820401 0.119171
vt 0.820659 0.119023
vt 0.820814 0.119396
vt 0.820866 0.119797
vt 0.820427 0.119603
vt 0.820814 0.120198
vt 0.820375 0.119991
vt 0.820659 0.120571
vt 0.820324 0.120378
vt 0.819988 0.120184
vt 0.819988 0.119797
vt 0.819653 0.119991
vt 0.819653 0.119603
vt 0.819653 0.120378
vt 0.820014 0.120616
vt 0.820413 0.120892
vt 0.820092 0.121138
vt 0.819705 0.120855
vt 0.819318 0.120571
vt 0.819718 0.121293
vt 0.819318 0.121048
vt 0.819318 0.121346
vt 0.818917 0.121293
vt 0.818543 0.121138
vt 0.818930 0.120855
vt 0.818223 0.120892
vt 0.818621 0.120616
vt 0.818982 0.120378
vt 0.819318 0.120184
vt 0.579563 0.114924
vt 0.579176 0.114730
vt 0.579228 0.114343
vt 0.579563 0.114537
vt 0.578738 0.114523
vt 0.578892 0.114149
vt 0.579124 0.115117
vt 0.578685 0.114924
vt 0.579563 0.115311
vt 0.579150 0.115549
vt 0.578738 0.115325
vt 0.579138 0.116019
vt 0.578892 0.115698
vt 0.579511 0.115788
vt 0.579459 0.116265
vt 0.579872 0.115937
vt 0.579833 0.116420
vt 0.580234 0.116085
vt 0.580234 0.116472
vt 0.579898 0.115504
vt 0.580234 0.115698
vt 0.579898 0.115117
vt 0.580234 0.115311
vt 0.579898 0.114730
vt 0.580234 0.114924
vt 0.580569 0.115504
vt 0.580595 0.115937
vt 0.580634 0.116420
vt 0.580956 0.115788
vt 0.581008 0.116265
vt 0.580904 0.115311
vt 0.581317 0.115549
vt 0.581329 0.116019
vt 0.581729 0.115325
vt 0.581575 0.115698
vt 0.581343 0.115117
vt 0.581782 0.114924
vt 0.581291 0.114730
vt 0.581729 0.114523
vt 0.581239 0.114343
vt 0.581575 0.114149
vt 0.580904 0.114924
vt 0.580904 0.114537
vt 0.580569 0.115117
vt 0.580569 0.114730
vt 0.580569 0.114343
vt 0.580930 0.114104
vt 0.581329 0.113829
vt 0.580621 0.113866
vt 0.581008 0.113582
vt 0.580234 0.114149
vt 0.580234 0.113672
vt 0.580634 0.113428
vt 0.579833 0.113428
vt 0.580234 0.113375
vt 0.579846 0.113866
vt 0.579459 0.113582
vt 0.579537 0.114104
vt 0.579138 0.113829
vt 0.579898 0.114343
vt 0.580234 0.114537
vt 0.830821 0.343301
vt 0.831225 0.343300
vt 0.831415 0.515197
vt 0.831011 0.515197
vt 0.831629 0.343300
vt 0.831819 0.515196
vt 0.832034 0.343299
vt 0.832224 0.515196
vt 0.832438 0.343299
vt 0.832628 0.515196
vt 0.832842 0.343298
vt 0.833032 0.515195
vt 0.833246 0.343298
vt 0.833436 0.515195
vt 0.833651 0.343297
vt 0.833841 0.515194
vt 0.834055 0.343297
vt 0.834245 0.515194
vt 0.834459 0.343297
vt 0.834649 0.515193
vt 0.834864 0.343296
vt 0.835054 0.515193
vt 0.835268 0.343296
vt 0.835458 0.515192
vt 0.835672 0.343295
vt 0.835862 0.515192
vt 0.836077 0.343295
vt 0.836267 0.515191
vt 0.836481 0.343294
vt 0.836671 0.515191
vt 0.836885 0.343294
vt 0.837075 0.515191
vt 0.837289 0.343293
vt 0.837479 0.515190
vt 0.837694 0.343293
vt 0.837884 0.515190
vt 0.838098 0.343293
vt 0.838288 0.515189
vt 0.828395 0.343303
vt 0.828799 0.343303
vt 0.828989 0.515200
vt 0.828585 0.515200
vt 0.829203 0.343302
vt 0.829393 0.515199
vt 0.829608 0.343302
vt 0.829798 0.515199
vt 0.830012 0.343302
vt 0.830202 0.515198
vt 0.830416 0.343301
vt 0.830606 0.515198
vt 0.808021 0.119797
vt 0.808021 0.120184
vt 0.807686 0.120378
vt 0.807634 0.119991
vt 0.807350 0.120571
vt 0.807196 0.120198
vt 0.807143 0.119797
vt 0.807582 0.119603
vt 0.808021 0.119410
vt 0.807196 0.119396
vt 0.807608 0.119171
vt 0.807350 0.119023
vt 0.807597 0.118702
vt 0.807917 0.118456
vt 0.807969 0.118933
vt 0.808291 0.118301
vt 0.808330 0.118784
vt 0.808692 0.118248
vt 0.808692 0.118635
vt 0.808692 0.119023
vt 0.808356 0.119216
vt 0.808692 0.119410
vt 0.808356 0.119603
vt 0.808692 0.119797
vt 0.808356 0.119991
vt 0.809027 0.119216
vt 0.809053 0.118784
vt 0.809093 0.118301
vt 0.809466 0.118456
vt 0.809414 0.118933
vt 0.809362 0.119410
vt 0.809787 0.118702
vt 0.809775 0.119171
vt 0.810033 0.119023
vt 0.810188 0.119396
vt 0.810240 0.119797
vt 0.809801 0.119603
vt 0.810188 0.120198
vt 0.809749 0.119991
vt 0.810033 0.120571
vt 0.809698 0.120378
vt 0.809362 0.120184
vt 0.809362 0.119797
vt 0.809027 0.119991
vt 0.809027 0.119603
vt 0.809027 0.120378
vt 0.809388 0.120616
vt 0.809787 0.120892
vt 0.809466 0.121138
vt 0.809079 0.120855
vt 0.808692 0.120571
vt 0.809093 0.121293
vt 0.808692 0.121048
vt 0.808692 0.121346
vt 0.808291 0.121293
vt 0.807917 0.121138
vt 0.808304 0.120855
vt 0.807597 0.120892
vt 0.807995 0.120616
vt 0.808356 0.120378
vt 0.808692 0.120184
vt 0.568937 0.114924
vt 0.568550 0.114730
vt 0.568602 0.114343
vt 0.568937 0.114537
vt 0.568112 0.114523
vt 0.568266 0.114149
vt 0.568498 0.115117
vt 0.568059 0.114924
vt 0.568937 0.115311
vt 0.568524 0.115549
vt 0.568112 0.115325
vt 0.568512 0.116019
vt 0.568266 0.115698
vt 0.568885 0.115788
vt 0.568833 0.116265
vt 0.569246 0.115937
vt 0.569207 0.116420
vt 0.569608 0.116085
vt 0.569608 0.116472
vt 0.569272 0.115504
vt 0.569608 0.115698
vt 0.569272 0.115117
vt 0.569608 0.115311
vt 0.569272 0.114730
vt 0.569608 0.114924
vt 0.569943 0.115504
vt 0.569969 0.115937
vt 0.570008 0.116420
vt 0.570330 0.115788
vt 0.570382 0.116265
vt 0.570278 0.115311
vt 0.570691 0.115549
vt 0.570703 0.116019
vt 0.571104 0.115325
vt 0.570949 0.115698
vt 0.570717 0.115117
vt 0.571156 0.114924
vt 0.570665 0.114730
vt 0.571104 0.114523
vt 0.570613 0.114343
vt 0.570949 0.114149
vt 0.570278 0.114924
vt 0.570278 0.114537
vt 0.569943 0.115117
vt 0.569943 0.114730
vt 0.569943 0.114343
vt 0.570304 0.114104
vt 0.570703 0.113829
vt 0.569995 0.113866
vt 0.570382 0.113582
vt 0.569608 0.114149
vt 0.569608 0.113672
vt 0.570008 0.113428
vt 0.569207 0.113428
vt 0.569608 0.113375
vt 0.569220 0.113866
vt 0.568833 0.113582
vt 0.568911 0.114104
vt 0.568512 0.113829
vt 0.569272 0.114343
vt 0.569608 0.114537
vt 0.304836 0.201108
vt 0.305240 0.201108
vt 0.305430 0.373004
vt 0.305025 0.373005
vt 0.305644 0.201107
vt 0.305834 0.373004
vt 0.306048 0.201107
vt 0.306238 0.373004
vt 0.306453 0.201106
vt 0.306643 0.373003
vt 0.306857 0.201106
vt 0.307047 0.373003
vt 0.307261 0.201106
vt 0.307451 0.373002
vt 0.307666 0.201105
vt 0.307856 0.373002
vt 0.308070 0.201105
vt 0.308260 0.373001
vt 0.308474 0.201104
vt 0.308664 0.373001
vt 0.308879 0.201104
vt 0.309068 0.373000
vt 0.309283 0.201103
vt 0.309473 0.373000
vt 0.309687 0.201103
vt 0.309877 0.373000
vt 0.310091 0.201102
vt 0.310281 0.372999
vt 0.310496 0.201102
vt 0.310686 0.372999
vt 0.310900 0.201102
vt 0.311090 0.372998
vt 0.311304 0.201101
vt 0.311494 0.372998
vt 0.311709 0.201101
vt 0.311899 0.372997
vt 0.312113 0.201100
vt 0.312303 0.372997
vt 0.302410 0.201111
vt 0.302814 0.201110
vt 0.303004 0.373007
vt 0.302600 0.373008
vt 0.303218 0.201110
vt 0.303408 0.373007
vt 0.303623 0.201110
vt 0.303813 0.373006
vt 0.304027 0.201109
vt 0.304217 0.373006
vt 0.304431 0.201109
vt 0.304621 0.373005
vt 0.797395 0.119796
vt 0.797395 0.120183
vt 0.797060 0.120377
vt 0.797008 0.119989
vt 0.796724 0.120570
vt 0.796570 0.120197
vt 0.796517 0.119796
vt 0.796956 0.119602
vt 0.797395 0.119409
vt 0.796570 0.119395
vt 0.796982 0.119170
vt 0.796724 0.119021
vt 0.796971 0.118701
vt 0.797291 0.118455
vt 0.797343 0.118932
vt 0.797665 0.118300
vt 0.797704 0.118783
vt 0.798066 0.118247
vt 0.798066 0.118634
vt 0.798066 0.119021
vt 0.797730 0.119215
vt 0.798066 0.119409
vt 0.797730 0.119602
vt 0.798066 0.119796
vt 0.797730 0.119989
vt 0.798401 0.119215
vt 0.798427 0.118783
vt 0.798467 0.118300
vt 0.798840 0.118455
vt 0.798788 0.118932
vt 0.798736 0.119409
vt 0.799161 0.118701
vt 0.799149 0.119170
vt 0.799407 0.119021
vt 0.799562 0.119395
vt 0.799614 0.119796
vt 0.799175 0.119602
vt 0.799562 0.120197
vt 0.799124 0.119989
vt 0.799407 0.120570
vt 0.799072 0.120377
vt 0.798736 0.120183
vt 0.798736 0.119796
vt 0.798401 0.119989
vt 0.798401 0.119602
vt 0.798401 0.120377
vt 0.798762 0.120615
vt 0.799161 0.120891
vt 0.798840 0.121137
vt 0.798453 0.120854
vt 0.798066 0.120570
vt 0.798467 0.121292
vt 0.798066 0.121047
vt 0.798066 0.121345
vt 0.797665 0.121292
vt 0.797291 0.121137
vt 0.797679 0.120854
vt 0.796971 0.120891
vt 0.797369 0.120615
vt 0.797730 0.120377
vt 0.798066 0.120183
vt 0.537059 0.088080
vt 0.536672 0.087887
vt 0.536724 0.087500
vt 0.537059 0.087693
vt 0.536234 0.087679
vt 0.536388 0.087306
vt 0.536620 0.088274
vt 0.536181 0.088080
vt 0.537059 0.088467
vt 0.536646 0.088706
vt 0.536234 0.088481
vt 0.536635 0.089175
vt 0.536388 0.088855
vt 0.537007 0.088945
vt 0.536955 0.089422
vt 0.537368 0.089093
vt 0.537329 0.089576
vt 0.537730 0.089242
vt 0.537730 0.089629
vt 0.537394 0.088661
vt 0.537730 0.088855
vt 0.537394 0.088274
vt 0.537730 0.088467
vt 0.537394 0.087887
vt 0.537730 0.088080
vt 0.538065 0.088661
vt 0.538091 0.089093
vt 0.538130 0.089576
vt 0.538452 0.088945
vt 0.538504 0.089422
vt 0.538400 0.088467
vt 0.538813 0.088706
vt 0.538825 0.089175
vt 0.539226 0.088481
vt 0.539071 0.088855
vt 0.538839 0.088274
vt 0.539278 0.088080
vt 0.538787 0.087887
vt 0.539226 0.087679
vt 0.538736 0.087500
vt 0.539071 0.087306
vt 0.538400 0.088080
vt 0.538400 0.087693
vt 0.538065 0.088274
vt 0.538065 0.087887
vt 0.538065 0.087500
vt 0.538426 0.087261
vt 0.538825 0.086985
vt 0.538117 0.087022
vt 0.538504 0.086739
vt 0.537730 0.087306
vt 0.537730 0.086829
vt 0.538130 0.086584
vt 0.537329 0.086584
vt 0.537730 0.086532
vt 0.537342 0.087022
vt 0.536955 0.086739
vt 0.537033 0.087261
vt 0.536635 0.086985
vt 0.537394 0.087500
vt 0.537730 0.087693
vt 0.506729 0.193582
vt 0.507133 0.193581
vt 0.507323 0.365478
vt 0.506919 0.365479
vt 0.507537 0.193581
vt 0.507727 0.365478
vt 0.507942 0.193580
vt 0.508132 0.365477
vt 0.508346 0.193580
vt 0.508536 0.365477
vt 0.508750 0.193580
vt 0.508940 0.365476
vt 0.509154 0.193579
vt 0.509345 0.365476
vt 0.509559 0.193579
vt 0.509749 0.365475
vt 0.509963 0.193578
vt 0.510153 0.365475
vt 0.510368 0.193578
vt 0.510557 0.365475
vt 0.510772 0.193577
vt 0.510962 0.365474
vt 0.511176 0.193577
vt 0.511366 0.365474
vt 0.511580 0.193576
vt 0.511770 0.365473
vt 0.511985 0.193576
vt 0.512175 0.365473
vt 0.512389 0.193576
vt 0.512579 0.365472
vt 0.512793 0.193575
vt 0.512983 0.365472
vt 0.513198 0.193575
vt 0.513388 0.365471
vt 0.513602 0.193574
vt 0.513792 0.365471
vt 0.514006 0.193574
vt 0.514196 0.365470
vt 0.504303 0.193585
vt 0.504707 0.193584
vt 0.504897 0.365481
vt 0.504493 0.365481
vt 0.505112 0.193584
vt 0.505301 0.365480
vt 0.505516 0.193583
vt 0.505706 0.365480
vt 0.505920 0.193583
vt 0.506110 0.365479
vt 0.506324 0.193582
vt 0.506514 0.365479
vt 0.786769 0.119794
vt 0.786769 0.120181
vt 0.786434 0.120375
vt 0.786382 0.119988
vt 0.786098 0.120568
vt 0.785944 0.120195
vt 0.785891 0.119794
vt 0.786330 0.119601
vt 0.786769 0.119407
vt 0.785944 0.119393
vt 0.786356 0.119168
vt 0.786098 0.119020
vt 0.786345 0.118699
vt 0.786665 0.118453
vt 0.786717 0.118930
vt 0.787039 0.118298
vt 0.787078 0.118781
vt 0.787440 0.118245
vt 0.787440 0.118633
vt 0.787440 0.119020
vt 0.787104 0.119213
vt 0.787440 0.119407
vt 0.787104 0.119601
vt 0.787440 0.119794
vt 0.787104 0.119988
vt 0.787775 0.119213
vt 0.787801 0.118781
vt 0.787841 0.118298
vt 0.788214 0.118453
vt 0.788162 0.118930
vt 0.788110 0.119407
vt 0.788535 0.118699
vt 0.788523 0.119168
vt 0.788781 0.119020
vt 0.788936 0.119393
vt 0.788988 0.119794
vt 0.788549 0.119601
vt 0.788936 0.120195
vt 0.788498 0.119988
vt 0.788781 0.120568
vt 0.788446 0.120375
vt 0.788110 0.120181
vt 0.788110 0.119794
vt 0.787775 0.119988
vt 0.787775 0.119601
vt 0.787775 0.120375
vt 0.788136 0.120613
vt 0.788535 0.120889
vt 0.788214 0.121135
vt 0.787827 0.120852
vt 0.787440 0.120568
vt 0.787841 0.121290
vt 0.787440 0.121046
vt 0.787440 0.121343
vt 0.787039 0.121290
vt 0.786665 0.121135
vt 0.787053 0.120852
vt 0.786345 0.120889
vt 0.786743 0.120613
vt 0.787104 0.120375
vt 0.787440 0.120181
vt 0.499868 0.077319
vt 0.499481 0.077126
vt 0.499533 0.076738
vt 0.499868 0.076932
vt 0.499043 0.076918
vt 0.499198 0.076545
vt 0.499429 0.077513
vt 0.498990 0.077319
vt 0.499868 0.077706
vt 0.499455 0.077945
vt 0.499043 0.077720
vt 0.499444 0.078414
vt 0.499198 0.078094
vt 0.499816 0.078183
vt 0.499764 0.078660
vt 0.500178 0.078332
vt 0.500138 0.078815
vt 0.500539 0.078481
vt 0.500539 0.078868
vt 0.500203 0.077900
vt 0.500539 0.078094
vt 0.500203 0.077513
vt 0.500539 0.077706
vt 0.500203 0.077126
vt 0.500539 0.077319
vt 0.500874 0.077900
vt 0.500900 0.078332
vt 0.500940 0.078815
vt 0.501261 0.078183
vt 0.501313 0.078660
vt 0.501209 0.077706
vt 0.501622 0.077945
vt 0.501634 0.078414
vt 0.502035 0.077720
vt 0.501880 0.078094
vt 0.501648 0.077513
vt 0.502088 0.077319
vt 0.501597 0.077126
vt 0.502035 0.076918
vt 0.501545 0.076738
vt 0.501880 0.076545
vt 0.501209 0.077319
vt 0.501209 0.076932
vt 0.500874 0.077513
vt 0.500874 0.077126
vt 0.500874 0.076738
vt 0.501235 0.076500
vt 0.501634 0.076224
vt 0.500926 0.076261
vt 0.501313 0.075978
vt 0.500539 0.076545
vt 0.500539 0.076068
vt 0.500940 0.075823
vt 0.500138 0.075823
vt 0.500539 0.075770
vt 0.500152 0.076261
vt 0.499764 0.075978
vt 0.499842 0.076500
vt 0.499444 0.076224
vt 0.500203 0.076738
vt 0.500539 0.076932
vt 0.984897 0.183339
vt 0.985301 0.183338
vt 0.985491 0.355235
vt 0.985087 0.355235
vt 0.985706 0.183338
vt 0.985896 0.355235
vt 0.986110 0.183337
vt 0.986300 0.355234
vt 0.986514 0.183337
vt 0.986704 0.355234
vt 0.986919 0.183336
vt 0.987109 0.355233
vt 0.987323 0.183336
vt 0.987513 0.355233
vt 0.987727 0.183336
vt 0.987917 0.355232
vt 0.988131 0.183335
vt 0.988321 0.355232
vt 0.988536 0.183335
vt 0.988726 0.355231
vt 0.988940 0.183334
vt 0.989130 0.355231
vt 0.989344 0.183334
vt 0.989534 0.355231
vt 0.989749 0.183333
vt 0.989939 0.355230
vt 0.990153 0.183333
vt 0.990343 0.355230
vt 0.990557 0.183332
vt 0.990747 0.355229
vt 0.990961 0.183332
vt 0.991152 0.355229
vt 0.991366 0.183332
vt 0.991556 0.355228
vt 0.991770 0.183331
vt 0.991960 0.355228
vt 0.992175 0.183331
vt 0.992364 0.355227
vt 0.982471 0.183341
vt 0.982876 0.183341
vt 0.983066 0.355238
vt 0.982661 0.355238
vt 0.983280 0.183341
vt 0.983470 0.355237
vt 0.983684 0.183340
vt 0.983874 0.355237
vt 0.984088 0.183340
vt 0.984279 0.355236
vt 0.984493 0.183339
vt 0.984683 0.355236
vt 0.612630 0.635738
vt 0.618704 0.635790
vt 0.617198 0.811897
vt 0.611124 0.811845
vt 0.629096 0.817873
vt 0.623022 0.817822
vt 0.623072 0.811947
vt 0.629146 0.811999
vt 0.624578 0.635840
vt 0.630652 0.635892
vt 0.624628 0.629966
vt 0.630703 0.630018
vt 0.606756 0.635688
vt 0.605250 0.811795
vt 0.580752 0.636220
vt 0.586826 0.636272
vt 0.585320 0.812379
vt 0.579246 0.812327
vt 0.597218 0.818355
vt 0.591144 0.818304
vt 0.591194 0.812429
vt 0.597268 0.812481
vt 0.592700 0.636322
vt 0.598774 0.636374
vt 0.592751 0.630448
vt 0.598825 0.630500
vt 0.574878 0.636170
vt 0.573372 0.812277
vt 0.644508 0.635256
vt 0.650582 0.635308
vt 0.649076 0.811415
vt 0.643002 0.811363
vt 0.660974 0.817392
vt 0.654900 0.817340
vt 0.654950 0.811465
vt 0.661024 0.811517
vt 0.656456 0.635358
vt 0.662530 0.635410
vt 0.656506 0.629484
vt 0.662580 0.629536
vt 0.638634 0.635206
vt 0.637128 0.811313
vt 0.904844 0.591611
vt 0.910918 0.591663
vt 0.909412 0.767770
vt 0.903338 0.767718
vt 0.921310 0.773747
vt 0.915236 0.773695
vt 0.915286 0.767821
vt 0.921360 0.767872
vt 0.916792 0.591714
vt 0.922866 0.591766
vt 0.916842 0.585839
vt 0.922917 0.585891
vt 0.898970 0.591561
vt 0.897464 0.767668
vt 0.803897 0.632847
vt 0.809971 0.632899
vt 0.808465 0.809006
vt 0.802391 0.808954
vt 0.820364 0.814982
vt 0.814289 0.814930
vt 0.814340 0.809056
vt 0.820414 0.809108
vt 0.815846 0.632949
vt 0.821920 0.633001
vt 0.815896 0.627075
vt 0.821970 0.627127
vt 0.798023 0.632796
vt 0.796517 0.808903
vt 0.516996 0.637184
vt 0.523070 0.637236
vt 0.521564 0.813343
vt 0.515490 0.813291
vt 0.533462 0.819320
vt 0.527388 0.819268
vt 0.527439 0.813394
vt 0.533513 0.813446
vt 0.528944 0.637286
vt 0.535019 0.637338
vt 0.528995 0.631412
vt 0.535069 0.631464
vt 0.511122 0.637134
vt 0.509616 0.813241
vt 0.203530 0.641923
vt 0.209604 0.641975
vt 0.208098 0.818082
vt 0.202024 0.818030
vt 0.219997 0.824058
vt 0.213922 0.824006
vt 0.213973 0.818132
vt 0.220047 0.818184
vt 0.215478 0.642025
vt 0.221553 0.642077
vt 0.215529 0.636151
vt 0.221603 0.636203
vt 0.197656 0.641873
vt 0.196150 0.817980
vt 0.708263 0.634292
vt 0.714338 0.634344
vt 0.712832 0.810451
vt 0.706758 0.810399
vt 0.724730 0.816428
vt 0.718656 0.816376
vt 0.718706 0.810502
vt 0.724780 0.810553
vt 0.720212 0.634395
vt 0.726286 0.634447
vt 0.720262 0.628520
vt 0.726336 0.628572
vt 0.702389 0.634242
vt 0.700883 0.810349
vt 0.835775 0.545123
vt 0.841849 0.545175
vt 0.840343 0.721282
vt 0.834269 0.721230
vt 0.852241 0.727259
vt 0.846167 0.727207
vt 0.846217 0.721332
vt 0.852292 0.721384
vt 0.847723 0.545225
vt 0.853797 0.545277
vt 0.847774 0.539351
vt 0.853848 0.539403
vt 0.829901 0.545073
vt 0.828395 0.721180
vt 0.772019 0.633328
vt 0.778094 0.633380
vt 0.776588 0.809487
vt 0.770513 0.809436
vt 0.788486 0.815464
vt 0.782411 0.815412
vt 0.782462 0.809538
vt 0.788536 0.809590
vt 0.783968 0.633431
vt 0.790042 0.633483
vt 0.784018 0.627557
vt 0.790092 0.627608
vt 0.766145 0.633278
vt 0.764639 0.809385
vt 0.676386 0.634774
vt 0.682460 0.634826
vt 0.680954 0.810933
vt 0.674880 0.810881
vt 0.692852 0.816910
vt 0.686778 0.816858
vt 0.686828 0.810983
vt 0.692902 0.811035
vt 0.688334 0.634876
vt 0.694408 0.634928
vt 0.688384 0.629002
vt 0.694458 0.629054
vt 0.670511 0.634724
vt 0.669005 0.810831
vt 0.803897 0.217605
vt 0.809971 0.217657
vt 0.808465 0.393765
vt 0.802391 0.393713
vt 0.820364 0.399741
vt 0.814289 0.399689
vt 0.814340 0.393815
vt 0.820414 0.393867
vt 0.815846 0.217708
vt 0.821920 0.217760
vt 0.815896 0.211833
vt 0.821970 0.211885
vt 0.798023 0.217555
vt 0.796517 0.393663
vt 0.139774 0.642887
vt 0.145849 0.642939
vt 0.144343 0.819045
vt 0.138268 0.818994
vt 0.156241 0.825022
vt 0.150167 0.824970
vt 0.150217 0.819096
vt 0.156291 0.819148
vt 0.151723 0.642989
vt 0.157797 0.643041
vt 0.151773 0.637115
vt 0.157847 0.637167
vt 0.133900 0.642836
vt 0.132394 0.818943
vt 0.171652 0.642405
vt 0.177727 0.642457
vt 0.176220 0.818564
vt 0.170147 0.818512
vt 0.188119 0.824540
vt 0.182045 0.824488
vt 0.182095 0.818614
vt 0.188169 0.818666
vt 0.183601 0.642507
vt 0.189675 0.642559
vt 0.183651 0.636633
vt 0.189725 0.636685
vt 0.165778 0.642354
vt 0.164272 0.818461
vn -0.999934 0.000000 0.011472
vn -0.999934 0.000000 0.011472
vn -0.999934 0.000000 0.011472
vn -0.999934 0.000000 0.011472
vn 0.000000 1.000000 0.000000
vn 0.000000 1.000000 0.000000
vn 0.000000 1.000000 0.000000
vn 0.000000 1.000000 0.000000
vn 0.999934 0.000000 -0.011472
vn 0.999934 0.000000 -0.011472
vn 0.999934 0.000000 -0.011472
vn 0.999934 0.000000 -0.011472
vn 0.000000 -1.000000 0.000000
vn 0.000000 -1.000000 0.000000
vn 0.000000 -1.000000 0.000000
vn 0.000000 -1.000000 0.000000
vn 0.011473 0.000000 0.999934
vn 0.011473 0.000000 0.999934
vn 0.011473 0.000000 0.999934
vn 0.011473 0.000000 0.999934
vn -0.011473 0.000000 -0.999934
vn -0.011473 0.000000 -0.999934
vn -0.011473 0.000000 -0.999934
vn -0.011473 0.000000 -0.999934
vn -0.999934 0.000000 0.011473
vn -0.999934 0.000000 0.011473
vn -0.999934 0.000000 0.011473
vn -0.999934 0.000000 0.011473
vn 0.000000 1.000000 0.000000
vn 0.000000 1.000000 0.000000
vn 0.000000 1.000000 0.000000
vn 0.000000 1.000000 0.000000
vn 0.999934 0.000000 -0.011473
vn 0.999934 0.000000 -0.011473
vn 0.999934 0.000000 -0.011473
vn 0.999934 0.000000 -0.011473
vn 0.000000 -1.000000 0.000000
vn 0.000000 -1.000000 0.000000
vn 0.000000 -1.000000 0.000000
vn 0.000000 -1.000000 0.000000
vn 0.011473 0.000000 0.999934
vn 0.011473 0.000000 0.999934
vn 0.011473 0.000000 0.999934
vn 0.011473 0.000000 0.999934
vn -0.011473 0.000000 -0.999934
vn -0.011473 0.000000 -0.999934
vn -0.011473 0.000000 -0.999934
vn -0.011473 0.000000 -0.999934
vn -0.999934 0.000000 0.011472
vn -0.999934 0.000000 0.011472
vn -0.999934 0.000000 0.011472
vn -0.999934 0.000000 0.011472
vn 0.000000 1.000000 -0.000002
vn 0.000000 1.000000 -0.000002
vn 0.000000 1.000000 -0.000002
vn 0.000000 1.000000 -0.000002
vn 0.999934 0.000000 -0.011473
vn 0.999934 0.000000 -0.011473
vn 0.999934 0.000000 -0.011473
vn 0.999934 0.000000 -0.011473
vn 0.000000 -1.000000 0.000000
vn 0.000000 -1.000000 0.000000
vn 0.000000 -1.000000 0.000000
vn 0.000000 -1.000000 0.000000
vn 0.011473 0.000000 0.999934
vn 0.011473 0.000000 0.999934
vn 0.011473 0.000000 0.999934
vn 0.011473 0.000000 0.999934
vn -0.011473 0.000000 -0.999934
vn -0.011473 0.000000 -0.999934
vn -0.011473 0.000000 -0.999934
vn -0.011473 0.000000 -0.999934
vn -0.999934 0.000000 0.011473
vn -0.999934 0.000000 0.011473
vn -0.999934 0.000000 0.011473
vn -0.999934 0.000000 0.011473
vn 0.000000 1.000000 0.000000
vn 0.000000 1.000000 0.000000
vn 0.000000 1.000000 0.000000
vn 0.000000 1.000000 0.000000
vn 0.999934 0.000000 -0.011473
vn 0.999934 0.000000 -0.011473
vn 0.999934 0.000000 -0.011473
vn 0.999934 0.000000 -0.011473
vn 0.000000 -1.000000 0.000000
vn 0.000000 -1.000000 0.000000
vn 0.000000 -1.000000 0.000000
vn 0.000000 -1.000000 0.000000
vn 0.011473 0.000000 0.999934
vn 0.011473 0.000000 0.999934
vn 0.011473 0.000000 0.999934
vn 0.011473 0.000000 0.999934
vn -0.011473 0.000000 -0.999934
vn -0.011473 0.000000 -0.999934
vn -0.011473 0.000000 -0.999934
vn -0.011473 0.000000 -0.999934
vn -0.999934 0.000000 0.011473
vn -0.999934 0.000000 0.011473
vn -0.999934 0.000000 0.011473
vn -0.999934 0.000000 0.011473
vn 0.000000 1.000000 0.000000
vn 0.000000 1.000000 0.000000
vn 0.000000 1.000000 0.000000
vn 0.000000 1.000000 0.000000
vn 0.999934 0.000000 -0.011473
vn 0.999934 0.000000 -0.011473
vn 0.999934 0.000000 -0.011473
vn 0.999934 0.000000 -0.011473
vn 0.000000 -1.000000 0.000000
vn 0.000000 -1.000000 0.000000
vn 0.000000 -1.000000 0.000000
vn 0.000000 -1.000000 0.000000
vn 0.011473 0.000000 0.999934
vn 0.011473 0.000000 0.999934
vn 0.011473 0.000000 0.999934
vn 0.011473 0.000000 0.999934
vn -0.011470 0.000000 -0.999934
vn -0.011470 0.000000 -0.999934
vn -0.011470 0.000000 -0.999934
vn -0.011470 0.000000 -0.999934
vn -0.999934 0.000000 0.011471
vn -0.999934 0.000000 0.011471
vn -0.999934 0.000000 0.011471
vn -0.999934 0.000000 0.011471
vn 0.000000 1.000000 0.000000
vn 0.000000 1.000000 0.000000
vn 0.000000 1.000000 0.000000
vn 0.000000 1.000000 0.000000
vn 0.999934 0.000000 -0.011471
vn 0.999934 0.000000 -0.011471
vn 0.999934 0.000000 -0.011471
vn 0.999934 0.000000 -0.011471
vn 0.000000 -1.000000 0.000000
vn 0.000000 -1.000000 0.000000
vn 0.000000 -1.000000 0.000000
vn 0.000000 -1.000000 0.000000
vn 0.011473 0.000000 0.999934
vn 0.011473 0.000000 0.999934
vn 0.011473 0.000000 0.999934
vn 0.011473 0.000000 0.999934
vn -0.011473 0.000000 -0.999934
vn -0.011473 0.000000 -0.999934
vn -0.011473 0.000000 -0.999934
vn -0.011473 0.000000 -0.999934
vn 0.000000 0.000000 1.000000
vn 0.000000 0.000000 1.000000
vn 0.000000 0.000000 1.000000
vn 0.000000 0.000000 1.000000
vn 0.000000 1.000000 0.000000
vn 0.000000 1.000000 0.000000
vn 0.000000 1.000000 0.000000
vn 0.000000 1.000000 0.000000
vn 0.000000 0.000000 -1.000000
vn 0.000000 0.000000 -1.000000
vn 0.000000 0.000000 -1.000000
vn 0.000000 0.000000 -1.000000
vn 0.000000 -1.000000 0.000000
vn 0.000000 -1.000000 0.000000
vn 0.000000 -1.000000 0.000000
vn 0.000000 -1.000000 0.000000
vn 1.000000 0.000000 0.000000
vn 1.000000 0.000000 0.000000
vn 1.000000 0.000000 0.000000
vn 1.000000 0.000000 0.000000
vn -1.000000 0.000000 0.000000
vn -1.000000 0.000000 0.000000
vn -1.000000 0.000000 0.000000
vn -1.000000 0.000000 0.000000
vn 0.000000 0.000000 1.000000
vn 0.000000 0.000000 1.000000
vn 0.000000 0.000000 1.000000
vn 0.000000 0.000000 1.000000
vn 0.000000 1.000000 0.000000
vn 0.000000 1.000000 0.000000
vn 0.000000 1.000000 0.000000
vn 0.000000 1.000000 0.000000
vn 0.000000 0.000000 -1.000000
vn 0.000000 0.000000 -1.000000
vn 0.000000 0.000000 -1.000000
vn 0.000000 0.000000 -1.000000
vn 0.000000 -1.000000 0.000000
vn 0.000000 -1.000000 0.000000
vn 0.000000 -1.000000 0.000000
vn 0.000000 -1.000000 0.000000
vn 1.000000 0.000000 0.000000
vn 1.000000 0.000000 0.000000
vn 1.000000 0.000000 0.000000
vn 1.000000 0.000000 0.000000
vn -1.000000 0.000000 0.000000
vn -1.000000 0.000000 0.000000
vn -1.000000 0.000000 0.000000
vn -1.000000 0.000000 0.000000
vn 0.000000 0.000000 1.000000
vn 0.000000 0.000000 1.000000
vn 0.000000 0.000000 1.000000
vn 0.000000 0.000000 1.000000
vn 0.000000 1.000000 0.000000
vn 0.000000 1.000000 0.000000
vn 0.000000 1.000000 0.000000
vn 0.000000 1.000000 0.000000
vn 0.000000 0.000000 -1.000000
vn 0.000000 0.000000 -1.000000
vn 0.000000 0.000000 -1.000000
vn 0.000000 0.000000 -1.000000
vn 0.000000 -1.000000 0.000000
vn 0.000000 -1.000000 0.000000
vn 0.000000 -1.000000 0.000000
vn 0.000000 -1.000000 0.000000
vn 1.000000 0.000000 0.000000
vn 1.000000 0.000000 0.000000
vn 1.000000 0.000000 0.000000
vn 1.000000 0.000000 0.000000
vn -1.000000 0.000000 0.000000
vn -1.000000 0.000000 0.000000
vn -1.000000 0.000000 0.000000
vn -1.000000 0.000000 0.000000
vn 0.000000 0.000000 1.000000
vn 0.000000 0.000000 1.000000
vn 0.000000 0.000000 1.000000
vn 0.000000 0.000000 1.000000
vn 0.000000 1.000000 0.000000
vn 0.000000 1.000000 0.000000
vn 0.000000 1.000000 0.000000
vn 0.000000 1.000000 0.000000
vn 0.000000 0.000000 -1.000000
vn 0.000000 0.000000 -1.000000
vn 0.000000 0.000000 -1.000000
vn 0.000000 0.000000 -1.000000
vn 0.000000 -1.000000 0.000000
vn 0.000000 -1.000000 0.000000
vn 0.000000 -1.000000 0.000000
vn 0.000000 -1.000000 0.000000
vn 1.000000 0.000000 0.000000
vn 1.000000 0.000000 0.000000
vn 1.000000 0.000000 0.000000
vn 1.000000 0.000000 0.000000
vn -1.000000 0.000000 0.000000
vn -1.000000 0.000000 0.000000
vn -1.000000 0.000000 0.000000
vn -1.000000 0.000000 0.000000
vn 0.000000 0.000000 1.000000
vn 0.000000 0.000000 1.000000
vn 0.000000 0.000000 1.000000
vn 0.000000 0.000000 1.000000
vn 0.000000 1.000000 0.000000
vn 0.000000 1.000000 0.000000
vn 0.000000 1.000000 0.000000
vn 0.000000 1.000000 0.000000
vn 0.000000 0.000000 -1.000000
vn 0.000000 0.000000 -1.000000
vn 0.000000 0.000000 -1.000000
vn 0.000000 0.000000 -1.000000
vn 0.000000 -1.000000 0.000000
vn 0.000000 -1.000000 0.000000
vn 0.000000 -1.000000 0.000000
vn 0.000000 -1.000000 0.000000
vn 1.000000 0.000000 0.000000
vn 1.000000 0.000000 0.000000
vn 1.000000 0.000000 0.000000
vn 1.000000 0.000000 0.000000
vn -1.000000 0.000000 0.000000
vn -1.000000 0.000000 0.000000
vn -1.000000 0.000000 0.000000
vn -1.000000 0.000000 0.000000
vn 0.000000 0.000000 1.000000
vn 0.000000 0.000000 1.000000
vn 0.000000 0.000000 1.000000
vn 0.000000 0.000000 1.000000
vn 0.000000 1.000000 0.000000
vn 0.000000 1.000000 0.000000
vn 0.000000 1.000000 0.000000
vn 0.000000 1.000000 0.000000
vn 0.000000 0.000000 -1.000000
vn 0.000000 0.000000 -1.000000
vn 0.000000 0.000000 -1.000000
vn 0.000000 0.000000 -1.000000
vn 0.000000 -1.000000 0.000000
vn 0.000000 -1.000000 0.000000
vn 0.000000 -1.000000 0.000000
vn 0.000000 -1.000000 0.000000
vn 1.000000 0.000000 0.000000
vn 1.000000 0.000000 0.000000
vn 1.000000 0.000000 0.000000
vn 1.000000 0.000000 0.000000
vn -1.000000 0.000000 0.000000
vn -1.000000 0.000000 0.000000
vn -1.000000 0.000000 0.000000
vn -1.000000 0.000000 0.000000
vn 0.000000 0.000000 1.000000
vn 0.000000 0.000000 1.000000
vn 0.000000 0.000000 1.000000
vn 0.000000 0.000000 1.000000
vn 0.000000 1.000000 0.000000
vn 0.000000 1.000000 0.000000
vn 0.000000 1.000000 0.000000
vn 0.000000 1.000000 0.000000
vn 0.000000 0.000000 -1.000000
vn 0.000000 0.000000 -1.000000
vn 0.000000 0.000000 -1.000000
vn 0.000000 0.000000 -1.000000
vn 0.000000 -1.000000 0.000000
vn 0.000000 -1.000000 0.000000
vn 0.000000 -1.000000 0.000000
vn 0.000000 -1.000000 0.000000
vn 1.000000 0.000000 0.000000
vn 1.000000 0.000000 0.000000
vn 1.000000 0.000000 0.000000
vn 1.000000 0.000000 0.000000
vn -1.000000 0.000000 0.000000
vn -1.000000 0.000000 0.000000
vn -1.000000 0.000000 0.000000
vn -1.000000 0.000000 0.000000
vn 0.000000 0.000000 1.000000
vn 0.000000 0.000000 1.000000
vn 0.000000 0.000000 1.000000
vn 0.000000 0.000000 1.000000
vn 0.000000 1.000000 0.000000
vn 0.000000 1.000000 0.000000
vn 0.000000 1.000000 0.000000
vn 0.000000 1.000000 0.000000
vn 0.000000 0.000000 -1.000000
vn 0.000000 0.000000 -1.000000
vn 0.000000 0.000000 -1.000000
vn 0.000000 0.000000 -1.000000
vn 0.000000 -1.000000 0.000000
vn 0.000000 -1.000000 0.000000
vn 0.000000 -1.000000 0.000000
vn 0.000000 -1.000000 0.000000
vn 1.000000 0.000000 0.000000
vn 1.000000 0.000000 0.000000
vn 1.000000 0.000000 0.000000
vn 1.000000 0.000000 0.000000
vn -1.000000 0.000000 0.000000
vn -1.000000 0.000000 0.000000
vn -1.000000 0.000000 0.000000
vn -1.000000 0.000000 0.000000
vn 0.000000 0.000000 1.000000
vn 0.000000 0.000000 1.000000
vn 0.000000 0.000000 1.000000
vn 0.000000 0.000000 1.000000
vn 0.000000 1.000000 0.000000
vn 0.000000 1.000000 0.000000
vn 0.000000 1.000000 0.000000
vn 0.000000 1.000000 0.000000
vn 0.000000 0.000000 -1.000000
vn 0.000000 0.000000 -1.000000
vn 0.000000 0.000000 -1.000000
vn 0.000000 0.000000 -1.000000
vn 0.000000 -1.000000 0.000000
vn 0.000000 -1.000000 0.000000
vn 0.000000 -1.000000 0.000000
vn 0.000000 -1.000000 0.000000
vn 1.000000 0.000000 0.000000
vn 1.000000 0.000000 0.000000
vn 1.000000 0.000000 0.000000
vn 1.000000 0.000000 0.000000
vn -1.000000 0.000000 0.000000
vn -1.000000 0.000000 0.000000
vn -1.000000 0.000000 0.000000
vn -1.000000 0.000000 0.000000
vn 0.000000 0.000000 1.000000
vn 0.000000 0.000000 1.000000
vn 0.000000 0.000000 1.000000
vn 0.000000 0.000000 1.000000
vn 0.000000 1.000000 0.000000
vn 0.000000 1.000000 0.000000
vn 0.000000 1.000000 0.000000
vn 0.000000 1.000000 0.000000
vn 0.000000 0.000000 -1.000000
vn 0.000000 0.000000 -1.000000
vn 0.000000 0.000000 -1.000000
vn 0.000000 0.000000 -1.000000
vn 0.000000 -1.000000 0.000000
vn 0.000000 -1.000000 0.000000
vn 0.000000 -1.000000 0.000000
vn 0.000000 -1.000000 0.000000
vn 1.000000 0.000000 0.000000
vn 1.000000 0.000000 0.000000
vn 1.000000 0.000000 0.000000
vn 1.000000 0.000000 0.000000
vn -1.000000 0.000000 0.000000
vn -1.000000 0.000000 0.000000
vn -1.000000 0.000000 0.000000
vn -1.000000 0.000000 0.000000
vn 0.000000 0.000000 1.000000
vn 0.000000 0.000000 1.000000
vn 0.000000 0.000000 1.000000
vn 0.000000 0.000000 1.000000
vn 0.000000 1.000000 0.000000
vn 0.000000 1.000000 0.000000
vn 0.000000 1.000000 0.000000
vn 0.000000 1.000000 0.000000
vn 0.000000 0.000000 -1.000000
vn 0.000000 0.000000 -1.000000
vn 0.000000 0.000000 -1.000000
vn 0.000000 0.000000 -1.000000
vn 0.000000 -1.000000 0.000000
vn 0.000000 -1.000000 0.000000
vn 0.000000 -1.000000 0.000000
vn 0.000000 -1.000000 0.000000
vn 1.000000 0.000000 0.000000
vn 1.000000 0.000000 0.000000
vn 1.000000 0.000000 0.000000
vn 1.000000 0.000000 0.000000
vn -1.000000 0.000000 0.000000
vn -1.000000 0.000000 0.000000
vn -1.000000 0.000000 0.000000
vn -1.000000 0.000000 0.000000
vn 0.000000 0.000000 1.000000
vn 0.000000 0.000000 1.000000
vn 0.000000 0.000000 1.000000
vn 0.000000 0.000000 1.000000
vn 0.000000 1.000000 0.000000
vn 0.000000 1.000000 0.000000
vn 0.000000 1.000000 0.000000
vn 0.000000 1.000000 0.000000
vn 0.000000 0.000000 -1.000000
vn 0.000000 0.000000 -1.000000
vn 0.000000 0.000000 -1.000000
vn 0.000000 0.000000 -1.000000
vn 0.000000 -1.000000 0.000000
vn 0.000000 -1.000000 0.000000
vn 0.000000 -1.000000 0.000000
vn 0.000000 -1.000000 0.000000
vn 1.000000 0.000000 0.000000
vn 1.000000 0.000000 0.000000
vn 1.000000 0.000000 0.000000
vn 1.000000 0.000000 0.000000
vn -1.000000 0.000000 0.000000
vn -1.000000 0.000000 0.000000
vn -1.000000 0.000000 0.000000
vn -1.000000 0.000000 0.000000
vn 0.000000 0.000000 1.000000
vn 0.000000 0.000000 1.000000
vn 0.000000 0.000000 1.000000
vn 0.000000 0.000000 1.000000
vn 0.000000 1.000000 0.000000
vn 0.000000 1.000000 0.000000
vn 0.000000 1.000000 0.000000
vn 0.000000 1.000000 0.000000
vn 0.000000 0.000000 -1.000000
vn 0.000000 0.000000 -1.000000
vn 0.000000 0.000000 -1.000000
vn 0.000000 0.000000 -1.000000
vn 0.000000 -1.000000 0.000000
vn 0.000000 -1.000000 0.000000
vn 0.000000 -1.000000 0.000000
vn 0.000000 -1.000000 0.000000
vn 1.000000 0.000000 0.000000
vn 1.000000 0.000000 0.000000
vn 1.000000 0.000000 0.000000
vn 1.000000 0.000000 0.000000
vn -1.000000 0.000000 0.000000
vn -1.000000 0.000000 0.000000
vn -1.000000 0.000000 0.000000
vn -1.000000 0.000000 0.000000
vn 0.000000 0.000000 1.000000
vn 0.000000 0.000000 1.000000
vn 0.000000 0.000000 1.000000
vn 0.000000 0.000000 1.000000
vn 0.000000 1.000000 0.000000
vn 0.000000 1.000000 0.000000
vn 0.000000 1.000000 0.000000
vn 0.000000 1.000000 0.000000
vn 0.000000 0.000000 -1.000000
vn 0.000000 0.000000 -1.000000
vn 0.000000 0.000000 -1.000000
vn 0.000000 0.000000 -1.000000
vn 0.000000 -1.000000 0.000000
vn 0.000000 -1.000000 0.000000
vn 0.000000 -1.000000 0.000000
vn 0.000000 -1.000000 0.000000
vn 1.000000 0.000000 0.000000
vn 1.000000 0.000000 0.000000
vn 1.000000 0.000000 0.000000
vn 1.000000 0.000000 0.000000
vn -1.000000 0.000000 0.000000
vn -1.000000 0.000000 0.000000
vn -1.000000 0.000000 0.000000
vn -1.000000 0.000000 0.000000
vn 0.000000 0.000000 1.000000
vn 0.000000 0.000000 1.000000
vn 0.000000 0.000000 1.000000
vn 0.000000 0.000000 1.000000
vn 0.000000 1.000000 0.000000
vn 0.000000 1.000000 0.000000
vn 0.000000 1.000000 0.000000
vn 0.000000 1.000000 0.000000
vn 0.000000 0.000000 -1.000000
vn 0.000000 0.000000 -1.000000
vn 0.000000 0.000000 -1.000000
vn 0.000000 0.000000 -1.000000
vn 0.000000 -1.000000 0.000000
vn 0.000000 -1.000000 0.000000
vn 0.000000 -1.000000 0.000000
vn 0.000000 -1.000000 0.000000
vn 1.000000 0.000000 0.000000
vn 1.000000 0.000000 0.000000
vn 1.000000 0.000000 0.000000
vn 1.000000 0.000000 0.000000
vn -1.000000 0.000000 0.000000
vn -1.000000 0.000000 0.000000
vn -1.000000 0.000000 0.000000
vn -1.000000 0.000000 0.000000
vn 0.000000 0.000000 1.000000
vn 0.000000 0.000000 1.000000
vn 0.000000 0.000000 1.000000
vn 0.000000 0.000000 1.000000
vn 0.000000 1.000000 0.000000
vn 0.000000 1.000000 0.000000
vn 0.000000 1.000000 0.000000
vn 0.000000 1.000000 0.000000
vn 0.000000 0.000000 -1.000000
vn 0.000000 0.000000 -1.000000
vn 0.000000 0.000000 -1.000000
vn 0.000000 0.000000 -1.000000
vn 0.000000 -1.000000 0.000000
vn 0.000000 -1.000000 0.000000
vn 0.000000 -1.000000 0.000000
vn 0.000000 -1.000000 0.000000
vn 1.000000 0.000000 0.000000
vn 1.000000 0.000000 0.000000
vn 1.000000 0.000000 0.000000
vn 1.000000 0.000000 0.000000
vn -1.000000 0.000000 0.000000
vn -1.000000 0.000000 0.000000
vn -1.000000 0.000000 0.000000
vn -1.000000 0.000000 0.000000
vn 0.000000 0.000000 1.000000
vn 0.000000 0.000000 1.000000
vn 0.000000 0.000000 1.000000
vn 0.000000 0.000000 1.000000
vn 0.000000 1.000000 0.000000
vn 0.000000 1.000000 0.000000
vn 0.000000 1.000000 0.000000
vn 0.000000 1.000000 0.000000
vn 0.000000 0.000000 -1.000000
vn 0.000000 0.000000 -1.000000
vn 0.000000 0.000000 -1.000000
vn 0.000000 0.000000 -1.000000
vn 0.000000 -1.000000 0.000000
vn 0.000000 -1.000000 0.000000
vn 0.000000 -1.000000 0.000000
vn 0.000000 -1.000000 0.000000
vn 1.000000 0.000000 0.000000
vn 1.000000 0.000000 0.000000
vn 1.000000 0.000000 0.000000
vn 1.000000 0.000000 0.000000
vn -1.000000 0.000000 0.000000
vn -1.000000 0.000000 0.000000
vn -1.000000 0.000000 0.000000
vn -1.000000 0.000000 0.000000
vn 0.000000 0.000000 1.000000
vn 0.000000 0.000000 1.000000
vn 0.000000 0.000000 1.000000
vn 0.000000 0.000000 1.000000
vn 0.000000 1.000000 0.000000
vn 0.000000 1.000000 0.000000
vn 0.000000 1.000000 0.000000
vn 0.000000 1.000000 0.000000
vn 0.000000 0.000000 -1.000000
vn 0.000000 0.000000 -1.000000
vn 0.000000 0.000000 -1.000000
vn 0.000000 0.000000 -1.000000
vn 0.000000 -1.000000 0.000000
vn 0.000000 -1.000000 0.000000
vn 0.000000 -1.000000 0.000000
vn 0.000000 -1.000000 0.000000
vn 1.000000 0.000000 0.000000
vn 1.000000 0.000000 0.000000
vn 1.000000 0.000000 0.000000
vn 1.000000 0.000000 0.000000
vn -1.000000 -0.000000 0.000000
vn -1.000000 -0.000000 0.000000
vn -1.000000 -0.000000 0.000000
vn -1.000000 -0.000000 0.000000
vn 0.000000 0.000000 1.000000
vn 0.000000 0.000000 1.000000
vn 0.000000 0.000000 1.000000
vn 0.000000 0.000000 1.000000
vn 0.000000 1.000000 0.000000
vn 0.000000 1.000000 0.000000
vn 0.000000 1.000000 0.000000
vn 0.000000 1.000000 0.000000
vn 0.000000 0.000000 -1.000000
vn 0.000000 0.000000 -1.000000
vn 0.000000 0.000000 -1.000000
vn 0.000000 0.000000 -1.000000
vn 0.000000 -1.000000 0.000000
vn 0.000000 -1.000000 0.000000
vn 0.000000 -1.000000 0.000000
vn 0.000000 -1.000000 0.000000
vn 1.000000 0.000000 0.000000
vn 1.000000 0.000000 0.000000
vn 1.000000 0.000000 0.000000
vn 1.000000 0.000000 0.000000
vn -1.000000 -0.000000 0.000000
vn -1.000000 -0.000000 0.000000
vn -1.000000 -0.000000 0.000000
vn -1.000000 -0.000000 0.000000
vn 0.000000 0.000000 1.000000
vn 0.000000 0.000000 1.000000
vn 0.000000 0.000000 1.000000
vn 0.000000 0.000000 1.000000
vn 0.000000 1.000000 0.000000
vn 0.000000 1.000000 0.000000
vn 0.000000 1.000000 0.000000
vn 0.000000 1.000000 0.000000
vn 0.000000 0.000000 -1.000000
vn 0.000000 0.000000 -1.000000
vn 0.000000 0.000000 -1.000000
vn 0.000000 0.000000 -1.000000
vn 0.000000 -1.000000 0.000000
vn 0.000000 -1.000000 0.000000
vn 0.000000 -1.000000 0.000000
vn 0.000000 -1.000000 0.000000
vn 1.000000 0.000000 0.000000
vn 1.000000 0.000000 0.000000
vn 1.000000 0.000000 0.000000
vn 1.000000 0.000000 0.000000
vn -1.000000 -0.000000 0.000000
vn -1.000000 -0.000000 0.000000
vn -1.000000 -0.000000 0.000000
vn -1.000000 -0.000000 0.000000
vn 0.000000 0.000000 1.000000
vn 0.000000 0.000000 1.000000
vn 0.000000 0.000000 1.000000
vn 0.000000 0.000000 1.000000
vn 0.000000 1.000000 0.000000
vn 0.000000 1.000000 0.000000
vn 0.000000 1.000000 0.000000
vn 0.000000 1.000000 0.000000
vn 0.000000 0.000000 -1.000000
vn 0.000000 0.000000 -1.000000
vn 0.000000 0.000000 -1.000000
vn 0.000000 0.000000 -1.000000
vn 0.000000 -1.000000 0.000000
vn 0.000000 -1.000000 0.000000
vn 0.000000 -1.000000 0.000000
vn 0.000000 -1.000000 0.000000
vn 1.000000 0.000000 0.000000
vn 1.000000 0.000000 0.000000
vn 1.000000 0.000000 0.000000
vn 1.000000 0.000000 0.000000
vn -1.000000 0.000000 0.000000
vn -1.000000 0.000000 0.000000
vn -1.000000 0.000000 0.000000
vn -1.000000 0.000000 0.000000
vn 0.000000 0.000000 1.000000
vn 0.000000 0.000000 1.000000
vn 0.000000 0.000000 1.000000
vn 0.000000 0.000000 1.000000
vn -1.000000 0.000000 0.000000
vn -1.000000 0.000000 0.000000
vn -1.000000 0.000000 0.000000
vn -1.000000 0.000000 0.000000
vn 0.000000 0.000000 -1.000000
vn 0.000000 0.000000 -1.000000
vn 0.000000 0.000000 -1.000000
vn 0.000000 0.000000 -1.000000
vn 1.000000 0.000000 0.000000
vn 1.000000 0.000000 0.000000
vn 1.000000 0.000000 0.000000
vn 1.000000 0.000000 0.000000
vn 0.000000 1.000000 0.000000
vn 0.000000 1.000000 0.000000
vn 0.000000 1.000000 0.000000
vn 0.000000 1.000000 0.000000
vn 0.000000 -1.000000 0.000000
vn 0.000000 -1.000000 0.000000
vn 0.000000 -1.000000 0.000000
vn 0.000000 -1.000000 0.000000
vn 0.000000 0.000000 1.000000
vn 0.000000 0.000000 1.000000
vn 0.000000 0.000000 1.000000
vn 0.000000 0.000000 1.000000
vn 0.000000 1.000000 0.000000
vn 0.000000 1.000000 0.000000
vn 0.000000 1.000000 0.000000
vn 0.000000 1.000000 0.000000
vn 0.000000 0.000000 -1.000000
vn 0.000000 0.000000 -1.000000
vn 0.000000 0.000000 -1.000000
vn 0.000000 0.000000 -1.000000
vn 0.000000 -1.000000 0.000000
vn 0.000000 -1.000000 0.000000
vn 0.000000 -1.000000 0.000000
vn 0.000000 -1.000000 0.000000
vn 1.000000 0.000000 0.000000
vn 1.000000 0.000000 0.000000
vn 1.000000 0.000000 0.000000
vn 1.000000 0.000000 0.000000
vn -1.000000 0.000000 0.000000
vn -1.000000 0.000000 0.000000
vn -1.000000 0.000000 0.000000
vn -1.000000 0.000000 0.000000
vn 0.000000 0.000000 1.000000
vn 0.000000 0.000000 1.000000
vn 0.000000 0.000000 1.000000
vn 0.000000 0.000000 1.000000
vn -1.000000 0.000000 0.000000
vn -1.000000 0.000000 0.000000
vn -1.000000 0.000000 0.000000
vn -1.000000 0.000000 0.000000
vn -0.000000 0.000000 -1.000000
vn -0.000000 0.000000 -1.000000
vn -0.000000 0.000000 -1.000000
vn -0.000000 0.000000 -1.000000
vn 1.000000 0.000000 0.000000
vn 1.000000 0.000000 0.000000
vn 1.000000 0.000000 0.000000
vn 1.000000 0.000000 0.000000
vn -0.000000 1.000000 0.000000
vn -0.000000 1.000000 0.000000
vn -0.000000 1.000000 0.000000
vn -0.000000 1.000000 0.000000
vn 0.000000 -1.000000 0.000000
vn 0.000000 -1.000000 0.000000
vn 0.000000 -1.000000 0.000000
vn 0.000000 -1.000000 0.000000
vn 0.000000 0.000000 1.000000
vn 0.000000 0.000000 1.000000
vn 0.000000 0.000000 1.000000
vn 0.000000 0.000000 1.000000
vn 0.000000 1.000000 0.000000
vn 0.000000 1.000000 0.000000
vn 0.000000 1.000000 0.000000
vn 0.000000 1.000000 0.000000
vn 0.000000 0.000000 -1.000000
vn 0.000000 0.000000 -1.000000
vn 0.000000 0.000000 -1.000000
vn 0.000000 0.000000 -1.000000
vn 0.000000 -1.000000 0.000000
vn 0.000000 -1.000000 0.000000
vn 0.000000 -1.000000 0.000000
vn 0.000000 -1.000000 0.000000
vn 1.000000 0.000000 0.000000
vn 1.000000 0.000000 0.000000
vn 1.000000 0.000000 0.000000
vn 1.000000 0.000000 0.000000
vn -1.000000 0.000000 0.000000
vn -1.000000 0.000000 0.000000
vn -1.000000 0.000000 0.000000
vn -1.000000 0.000000 0.000000
vn 0.000000 0.000000 1.000000
vn 0.000000 0.000000 1.000000
vn 0.000000 0.000000 1.000000
vn 0.000000 0.000000 1.000000
vn 0.000000 1.000000 0.000000
vn 0.000000 1.000000 0.000000
vn 0.000000 1.000000 0.000000
vn 0.000000 1.000000 0.000000
vn 0.000000 0.000000 -1.000000
vn 0.000000 0.000000 -1.000000
vn 0.000000 0.000000 -1.000000
vn 0.000000 0.000000 -1.000000
vn 0.000000 -1.000000 0.000000
vn 0.000000 -1.000000 0.000000
vn 0.000000 -1.000000 0.000000
vn 0.000000 -1.000000 0.000000
vn 1.000000 0.000000 0.000000
vn 1.000000 0.000000 0.000000
vn 1.000000 0.000000 0.000000
vn 1.000000 0.000000 0.000000
vn -1.000000 0.000000 0.000000
vn -1.000000 0.000000 0.000000
vn -1.000000 0.000000 0.000000
vn -1.000000 0.000000 0.000000
vn 0.000000 0.000000 1.000000
vn 0.000000 0.000000 1.000000
vn 0.000000 0.000000 1.000000
vn 0.000000 0.000000 1.000000
vn 0.000000 1.000000 0.000000
vn 0.000000 1.000000 0.000000
vn 0.000000 1.000000 0.000000
vn 0.000000 1.000000 0.000000
vn 0.000000 0.000000 -1.000000
vn 0.000000 0.000000 -1.000000
vn 0.000000 0.000000 -1.000000
vn 0.000000 0.000000 -1.000000
vn 0.000000 -1.000000 0.000000
vn 0.000000 -1.000000 0.000000
vn 0.000000 -1.000000 0.000000
vn 0.000000 -1.000000 0.000000
vn 1.000000 0.000000 0.000000
vn 1.000000 0.000000 0.000000
vn 1.000000 0.000000 0.000000
vn 1.000000 0.000000 0.000000
vn -1.000000 0.000000 0.000000
vn -1.000000 0.000000 0.000000
vn -1.000000 0.000000 0.000000
vn -1.000000 0.000000 0.000000
vn 0.000000 0.000000 1.000000
vn 0.000000 0.000000 1.000000
vn 0.000000 0.000000 1.000000
vn 0.000000 0.000000 1.000000
vn 0.000000 1.000000 0.000000
vn 0.000000 1.000000 0.000000
vn 0.000000 1.000000 0.000000
vn 0.000000 1.000000 0.000000
vn 0.000000 0.000000 -1.000000
vn 0.000000 0.000000 -1.000000
vn 0.000000 0.000000 -1.000000
vn 0.000000 0.000000 -1.000000
vn 0.000000 -1.000000 0.000000
vn 0.000000 -1.000000 0.000000
vn 0.000000 -1.000000 0.000000
vn 0.000000 -1.000000 0.000000
vn 1.000000 0.000000 0.000000
vn 1.000000 0.000000 0.000000
vn 1.000000 0.000000 0.000000
vn 1.000000 0.000000 0.000000
vn -1.000000 0.000000 0.000000
vn -1.000000 0.000000 0.000000
vn -1.000000 0.000000 0.000000
vn -1.000000 0.000000 0.000000
vn 0.000000 0.000000 1.000000
vn 0.000000 0.000000 1.000000
vn 0.000000 0.000000 1.000000
vn 0.000000 0.000000 1.000000
vn -1.000000 0.000000 0.000000
vn -1.000000 0.000000 0.000000
vn -1.000000 0.000000 0.000000
vn -1.000000 0.000000 0.000000
vn 0.000000 0.000000 -1.000000
vn 0.000000 0.000000 -1.000000
vn 0.000000 0.000000 -1.000000
vn 0.000000 0.000000 -1.000000
vn 1.000000 0.000000 0.000000
vn 1.000000 0.000000 0.000000
vn 1.000000 0.000000 0.000000
vn 1.000000 0.000000 0.000000
vn 0.000000 1.000000 0.000000
vn 0.000000 1.000000 0.000000
vn 0.000000 1.000000 0.000000
vn 0.000000 1.000000 0.000000
vn 0.000000 -1.000000 0.000000
vn 0.000000 -1.000000 0.000000
vn 0.000000 -1.000000 0.000000
vn 0.000000 -1.000000 0.000000
vn 0.000000 0.000000 1.000000
vn 0.000000 0.000000 1.000000
vn 0.000000 0.000000 1.000000
vn 0.000000 0.000000 1.000000
vn 0.000000 1.000000 0.000000
vn 0.000000 1.000000 0.000000
vn 0.000000 1.000000 0.000000
vn 0.000000 1.000000 0.000000
vn 0.000000 0.000000 -1.000000
vn 0.000000 0.000000 -1.000000
vn 0.000000 0.000000 -1.000000
vn 0.000000 0.000000 -1.000000
vn 0.000000 -1.000000 0.000000
vn 0.000000 -1.000000 0.000000
vn 0.000000 -1.000000 0.000000
vn 0.000000 -1.000000 0.000000
vn 1.000000 0.000000 0.000000
vn 1.000000 0.000000 0.000000
vn 1.000000 0.000000 0.000000
vn 1.000000 0.000000 0.000000
vn -1.000000 0.000000 0.000000
vn -1.000000 0.000000 0.000000
vn -1.000000 0.000000 0.000000
vn -1.000000 0.000000 0.000000
vn 0.000000 0.000000 1.000000
vn 0.000000 0.000000 1.000000
vn 0.000000 0.000000 1.000000
vn 0.000000 0.000000 1.000000
vn 0.000000 1.000000 0.000000
vn 0.000000 1.000000 0.000000
vn 0.000000 1.000000 0.000000
vn 0.000000 1.000000 0.000000
vn 0.000000 0.000000 -1.000000
vn 0.000000 0.000000 -1.000000
vn 0.000000 0.000000 -1.000000
vn 0.000000 0.000000 -1.000000
vn 0.000000 -1.000000 0.000000
vn 0.000000 -1.000000 0.000000
vn 0.000000 -1.000000 0.000000
vn 0.000000 -1.000000 0.000000
vn 1.000000 0.000000 0.000000
vn 1.000000 0.000000 0.000000
vn 1.000000 0.000000 0.000000
vn 1.000000 0.000000 0.000000
vn -1.000000 0.000000 0.000000
vn -1.000000 0.000000 0.000000
vn -1.000000 0.000000 0.000000
vn -1.000000 0.000000 0.000000
vn 0.000000 0.000000 1.000000
vn 0.000000 0.000000 1.000000
vn 0.000000 0.000000 1.000000
vn 0.000000 0.000000 1.000000
vn 0.000000 1.000000 0.000000
vn 0.000000 1.000000 0.000000
vn 0.000000 1.000000 0.000000
vn 0.000000 1.000000 0.000000
vn 0.000000 0.000000 -1.000000
vn 0.000000 0.000000 -1.000000
vn 0.000000 0.000000 -1.000000
vn 0.000000 0.000000 -1.000000
vn 0.000000 -1.000000 0.000000
vn 0.000000 -1.000000 0.000000
vn 0.000000 -1.000000 0.000000
vn 0.000000 -1.000000 0.000000
vn 1.000000 0.000000 0.000000
vn 1.000000 0.000000 0.000000
vn 1.000000 0.000000 0.000000
vn 1.000000 0.000000 0.000000
vn -1.000000 0.000000 0.000000
vn -1.000000 0.000000 0.000000
vn -1.000000 0.000000 0.000000
vn -1.000000 0.000000 0.000000
vn 0.000000 0.000000 1.000000
vn 0.000000 0.000000 1.000000
vn 0.000000 0.000000 1.000000
vn 0.000000 0.000000 1.000000
vn -1.000000 0.000000 -0.000000
vn -1.000000 0.000000 -0.000000
vn -1.000000 0.000000 -0.000000
vn -1.000000 0.000000 -0.000000
vn 0.000000 0.000000 -1.000000
vn 0.000000 0.000000 -1.000000
vn 0.000000 0.000000 -1.000000
vn 0.000000 0.000000 -1.000000
vn 1.000000 0.000000 0.000000
vn 1.000000 0.000000 0.000000
vn 1.000000 0.000000 0.000000
vn 1.000000 0.000000 0.000000
vn 0.000000 1.000000 -0.000000
vn 0.000000 1.000000 -0.000000
vn 0.000000 1.000000 -0.000000
vn 0.000000 1.000000 -0.000000
vn 0.000000 -1.000000 0.000000
vn 0.000000 -1.000000 0.000000
vn 0.000000 -1.000000 0.000000
vn 0.000000 -1.000000 0.000000
vn 0.000000 0.000000 1.000000
vn 0.000000 0.000000 1.000000
vn 0.000000 0.000000 1.000000
vn 0.000000 0.000000 1.000000
vn -1.000000 0.000000 -0.000000
vn -1.000000 0.000000 -0.000000
vn -1.000000 0.000000 -0.000000
vn -1.000000 0.000000 -0.000000
vn 0.000000 0.000000 -1.000000
vn 0.000000 0.000000 -1.000000
vn 0.000000 0.000000 -1.000000
vn 0.000000 0.000000 -1.000000
vn 1.000000 0.000000 0.000000
vn 1.000000 0.000000 0.000000
vn 1.000000 0.000000 0.000000
vn 1.000000 0.000000 0.000000
vn 0.000000 1.000000 0.000000
vn 0.000000 1.000000 0.000000
vn 0.000000 1.000000 0.000000
vn 0.000000 1.000000 0.000000
vn 0.000000 -1.000000 0.000000
vn 0.000000 -1.000000 0.000000
vn 0.000000 -1.000000 0.000000
vn 0.000000 -1.000000 0.000000
vn 0.000000 0.000000 1.000000
vn 0.000000 0.000000 1.000000
vn 0.000000 0.000000 1.000000
vn 0.000000 0.000000 1.000000
vn 0.000000 1.000000 0.000000
vn 0.000000 1.000000 0.000000
vn 0.000000 1.000000 0.000000
vn 0.000000 1.000000 0.000000
vn 0.000000 0.000000 -1.000000
vn 0.000000 0.000000 -1.000000
vn 0.000000 0.000000 -1.000000
vn 0.000000 0.000000 -1.000000
vn 0.000000 -1.000000 0.000000
vn 0.000000 -1.000000 0.000000
vn 0.000000 -1.000000 0.000000
vn 0.000000 -1.000000 0.000000
vn 1.000000 0.000000 0.000000
vn 1.000000 0.000000 0.000000
vn 1.000000 0.000000 0.000000
vn 1.000000 0.000000 0.000000
vn -1.000000 0.000000 0.000000
vn -1.000000 0.000000 0.000000
vn -1.000000 0.000000 0.000000
vn -1.000000 0.000000 0.000000
vn 0.000000 0.000000 1.000000
vn 0.000000 0.000000 1.000000
vn 0.000000 0.000000 1.000000
vn 0.000000 0.000000 1.000000
vn -1.000000 0.000000 0.000000
vn -1.000000 0.000000 0.000000
vn -1.000000 0.000000 0.000000
vn -1.000000 0.000000 0.000000
vn -0.000000 0.000000 -1.000000
vn -0.000000 0.000000 -1.000000
vn -0.000000 0.000000 -1.000000
vn -0.000000 0.000000 -1.000000
vn 1.000000 0.000000 0.000000
vn 1.000000 0.000000 0.000000
vn 1.000000 0.000000 0.000000
vn 1.000000 0.000000 0.000000
vn -0.000000 1.000000 0.000000
vn -0.000000 1.000000 0.000000
vn -0.000000 1.000000 0.000000
vn -0.000000 1.000000 0.000000
vn 0.000000 -1.000000 0.000000
vn 0.000000 -1.000000 0.000000
vn 0.000000 -1.000000 0.000000
vn 0.000000 -1.000000 0.000000
vn -0.951324 0.000000 0.308192
vn -0.694858 0.000000 0.719147
vn -0.694858 0.000000 0.719147
vn -0.951324 0.000000 0.308192
vn 0.000000 1.000000 0.000000
vn 0.000000 1.000000 -0.000005
vn 0.000000 1.000000 -0.000002
vn 0.000000 1.000000 0.000000
vn 0.997566 0.000000 -0.069737
vn 0.876342 0.000000 -0.481690
vn 0.876342 0.000000 -0.481690
vn 0.997566 0.000000 -0.069737
vn 0.000000 -1.000000 0.000000
vn 0.000000 -1.000000 0.000002
vn 0.000000 -1.000000 0.000005
vn 0.000000 -1.000000 0.000000
vn 1.000000 0.000000 0.000000
vn 1.000000 0.000000 0.000000
vn 1.000000 0.000000 0.000000
vn 1.000000 0.000000 0.000000
vn -1.000000 0.000000 0.000000
vn -1.000000 0.000000 0.000000
vn -1.000000 0.000000 0.000000
vn -1.000000 0.000000 0.000000
vn 0.000000 -1.000000 0.000007
vn 0.000000 -1.000000 0.000007
vn 0.000000 -1.000000 0.000005
vn 0.000000 -1.000000 0.000004
vn -0.509455 0.000000 0.860497
vn -0.509455 0.000000 0.860497
vn -0.269665 0.000000 0.962954
vn -0.269665 0.000000 0.962954
vn 0.000000 1.000000 0.000000
vn 0.000000 1.000000 0.000000
vn 0.000000 1.000000 0.000000
vn 0.000000 1.000000 0.000000
vn 0.000000 0.000000 -1.000000
vn 0.000000 0.000000 -1.000000
vn 0.000000 0.000000 -1.000000
vn 0.000000 0.000000 -1.000000
vn 0.000000 -1.000000 -0.000004
vn 0.000000 -1.000000 -0.000004
vn 0.000000 -1.000000 -0.000002
vn 0.000000 -1.000000 -0.000003
vn 0.000000 0.000000 -1.000000
vn 0.000000 0.000000 -1.000000
vn 0.000000 0.000000 -1.000000
vn 0.000000 0.000000 -1.000000
vn 0.000000 1.000000 -0.000008
vn 0.000000 1.000000 -0.000008
vn 0.000000 1.000000 -0.000005
vn 0.000000 1.000000 -0.000004
vn 0.530058 0.000000 0.847962
vn 0.530058 0.000000 0.847962
vn 0.279729 0.000000 0.960079
vn 0.279729 0.000000 0.960079
vn 0.000000 0.000000 1.000000
vn 0.694858 0.000000 0.719147
vn 0.694858 0.000000 0.719147
vn 0.000000 0.000000 1.000000
vn 0.000000 1.000000 -0.000004
vn 0.000000 1.000000 -0.000005
vn 0.000000 1.000000 0.000001
vn 0.000000 1.000000 0.000001
vn 0.050142 0.000000 -0.998742
vn 0.050142 0.000000 -0.998742
vn -0.898326 0.000000 -0.439329
vn -0.898326 0.000000 -0.439329
vn 0.000000 -1.000000 0.000005
vn 0.000000 -1.000000 0.000004
vn 0.000000 -1.000000 0.000002
vn 0.000000 -1.000000 0.000001
vn -0.694858 0.000000 0.719147
vn 0.000000 0.000000 1.000000
vn 0.000000 0.000000 1.000000
vn -0.694858 0.000000 0.719147
vn 0.000000 1.000000 -0.000002
vn 0.000000 1.000000 -0.000005
vn 0.000000 1.000000 -0.000005
vn 0.000000 1.000000 -0.000004
vn 0.876342 0.000000 -0.481690
vn 0.876342 0.000000 -0.481690
vn 0.050142 0.000000 -0.998742
vn 0.050142 0.000000 -0.998742
vn 0.000000 -1.000000 0.000005
vn 0.000000 -1.000000 0.000002
vn 0.000000 -1.000000 0.000004
vn 0.000000 -1.000000 0.000005
vn 0.694858 0.000000 0.719147
vn 0.951324 0.000000 0.308192
vn 0.951324 0.000000 0.308192
vn 0.694858 0.000000 0.719147
vn 0.000000 1.000000 0.000001
vn 0.000000 1.000000 0.000001
vn 0.000000 1.000000 0.000002
vn 0.000000 1.000000 0.000002
vn -0.898326 0.000000 -0.439329
vn -0.898326 0.000000 -0.439329
vn -0.999758 0.000000 -0.022024
vn -0.999758 0.000000 -0.022024
vn 0.000000 -1.000000 0.000001
vn 0.000000 -1.000000 0.000002
vn 0.000000 -1.000000 0.000003
vn 0.000000 -1.000000 0.000003
vn 0.000000 -1.000000 0.000004
vn 0.000000 -1.000000 0.000005
vn 0.000000 -1.000000 0.000000
vn 0.000000 -1.000000 0.000000
vn 0.000000 0.000000 -1.000000
vn 0.000000 0.000000 -1.000000
vn 0.000000 0.000000 -1.000000
vn 0.000000 0.000000 -1.000000
vn 0.000000 1.000000 0.000000
vn 0.000000 1.000000 0.000000
vn 0.000000 1.000000 0.000000
vn 0.000000 1.000000 0.000000
vn -0.269665 0.000000 0.962954
vn -0.269665 0.000000 0.962954
vn -0.058702 0.000000 0.998276
vn -0.058702 0.000000 0.998276
vn 0.279729 0.000000 0.960079
vn 0.279729 0.000000 0.960079
vn 0.129309 0.000000 0.991604
vn 0.129309 0.000000 0.991604
vn 0.000000 1.000000 -0.000004
vn 0.000000 1.000000 -0.000005
vn 0.000000 1.000000 0.000000
vn 0.000000 1.000000 0.000000
vn 0.000000 0.000000 -1.000000
vn 0.000000 0.000000 -1.000000
vn 0.000000 0.000000 -1.000000
vn 0.000000 0.000000 -1.000000
vn 0.000000 -1.000000 -0.000003
vn 0.000000 -1.000000 -0.000002
vn 0.000000 -1.000000 0.000000
vn 0.000000 -1.000000 0.000000
vn -0.951324 0.000000 0.308192
vn -0.694858 0.000000 0.719147
vn -0.694858 0.000000 0.719147
vn -0.951324 0.000000 0.308192
vn 0.000000 1.000000 0.000000
vn 0.000000 1.000000 -0.000005
vn 0.000000 1.000000 -0.000002
vn 0.000000 1.000000 0.000000
vn 0.997566 0.000000 -0.069737
vn 0.876342 0.000000 -0.481690
vn 0.876342 0.000000 -0.481690
vn 0.997566 0.000000 -0.069737
vn 0.000000 -1.000000 0.000000
vn 0.000000 -1.000000 0.000002
vn 0.000000 -1.000000 0.000005
vn 0.000000 -1.000000 0.000000
vn 1.000000 0.000000 0.000000
vn 1.000000 0.000000 0.000000
vn 1.000000 0.000000 0.000000
vn 1.000000 0.000000 0.000000
vn -1.000000 0.000000 0.000000
vn -1.000000 0.000000 0.000000
vn -1.000000 0.000000 0.000000
vn -1.000000 0.000000 0.000000
vn 0.000000 -1.000000 0.000007
vn 0.000000 -1.000000 0.000007
vn 0.000000 -1.000000 0.000005
vn 0.000000 -1.000000 0.000004
vn -0.509455 0.000000 0.860497
vn -0.509455 0.000000 0.860497
vn -0.269666 0.000000 0.962954
vn -0.269666 0.000000 0.962954
vn 0.000000 1.000000 0.000000
vn 0.000000 1.000000 0.000000
vn 0.000000 1.000000 0.000000
vn 0.000000 1.000000 0.000000
vn 0.000000 0.000000 -1.000000
vn 0.000000 0.000000 -1.000000
vn 0.000000 0.000000 -1.000000
vn 0.000000 0.000000 -1.000000
vn 0.000000 -1.000000 -0.000004
vn 0.000000 -1.000000 -0.000004
vn 0.000000 -1.000000 -0.000002
vn 0.000000 -1.000000 -0.000003
vn 0.000000 0.000000 -1.000000
vn 0.000000 0.000000 -1.000000
vn 0.000000 0.000000 -1.000000
vn 0.000000 0.000000 -1.000000
vn 0.000000 1.000000 -0.000008
vn 0.000000 1.000000 -0.000008
vn 0.000000 1.000000 -0.000005
vn 0.000000 1.000000 -0.000004
vn 0.530058 0.000000 0.847962
vn 0.530058 0.000000 0.847962
vn 0.279729 0.000000 0.960079
vn 0.279729 0.000000 0.960079
vn 0.000000 0.000000 1.000000
vn 0.694858 0.000000 0.719147
vn 0.694858 0.000000 0.719147
vn 0.000000 0.000000 1.000000
vn 0.000000 1.000000 -0.000004
vn 0.000000 1.000000 -0.000005
vn 0.000000 1.000000 0.000001
vn 0.000000 1.000000 0.000001
vn 0.050142 0.000000 -0.998742
vn 0.050142 0.000000 -0.998742
vn -0.898326 0.000000 -0.439329
vn -0.898326 0.000000 -0.439329
vn 0.000000 -1.000000 0.000005
vn 0.000000 -1.000000 0.000004
vn 0.000000 -1.000000 0.000002
vn 0.000000 -1.000000 0.000001
vn -0.694858 0.000000 0.719147
vn 0.000000 0.000000 1.000000
vn 0.000000 0.000000 1.000000
vn -0.694858 0.000000 0.719147
vn 0.000000 1.000000 -0.000002
vn 0.000000 1.000000 -0.000005
vn 0.000000 1.000000 -0.000005
vn 0.000000 1.000000 -0.000004
vn 0.876342 0.000000 -0.481690
vn 0.876342 0.000000 -0.481690
vn 0.050142 0.000000 -0.998742
vn 0.050142 0.000000 -0.998742
vn 0.000000 -1.000000 0.000005
vn 0.000000 -1.000000 0.000002
vn 0.000000 -1.000000 0.000004
vn 0.000000 -1.000000 0.000005
vn 0.694858 0.000000 0.719147
vn 0.951324 0.000000 0.308192
vn 0.951324 0.000000 0.308192
vn 0.694858 0.000000 0.719147
vn 0.000000 1.000000 0.000001
vn 0.000000 1.000000 0.000001
vn 0.000000 1.000000 0.000002
vn 0.000000 1.000000 0.000002
vn -0.898326 0.000000 -0.439329
vn -0.898326 0.000000 -0.439329
vn -0.999758 0.000000 -0.022024
vn -0.999758 0.000000 -0.022024
vn 0.000000 -1.000000 0.000001
vn 0.000000 -1.000000 0.000002
vn 0.000000 -1.000000 0.000003
vn 0.000000 -1.000000 0.000003
vn 0.000000 -1.000000 0.000004
vn 0.000000 -1.000000 0.000005
vn 0.000000 -1.000000 0.000000
vn 0.000000 -1.000000 0.000000
vn 0.000000 0.000000 -1.000000
vn 0.000000 0.000000 -1.000000
vn 0.000000 0.000000 -1.000000
vn 0.000000 0.000000 -1.000000
vn 0.000000 1.000000 0.000000
vn 0.000000 1.000000 0.000000
vn 0.000000 1.000000 0.000000
vn 0.000000 1.000000 0.000000
vn -0.269666 0.000000 0.962954
vn -0.269666 0.000000 0.962954
vn -0.058702 0.000000 0.998276
vn -0.058702 0.000000 0.998276
vn 0.279729 0.000000 0.960079
vn 0.279729 0.000000 0.960079
vn 0.129309 0.000000 0.991604
vn 0.129309 0.000000 0.991604
vn 0.000000 1.000000 -0.000004
vn 0.000000 1.000000 -0.000005
vn 0.000000 1.000000 0.000000
vn 0.000000 1.000000 0.000000
vn 0.000000 0.000000 -1.000000
vn 0.000000 0.000000 -1.000000
vn 0.000000 0.000000 -1.000000
vn 0.000000 0.000000 -1.000000
vn 0.000000 -1.000000 -0.000003
vn 0.000000 -1.000000 -0.000002
vn 0.000000 -1.000000 0.000000
vn 0.000000 -1.000000 0.000000
vn -0.951324 0.000000 0.308192
vn -0.694859 0.000000 0.719146
vn -0.694859 0.000000 0.719146
vn -0.951324 0.000000 0.308192
vn 0.000000 1.000000 0.000006
vn 0.000000 1.000000 0.000002
vn 0.000000 1.000000 0.000004
vn 0.000000 1.000000 0.000006
vn 0.997566 0.000000 -0.069737
vn 0.876341 0.000000 -0.481691
vn 0.876341 0.000000 -0.481691
vn 0.997566 0.000000 -0.069737
vn 0.000000 -1.000000 0.000000
vn 0.000000 -1.000000 0.000000
vn 0.000000 -1.000000 0.000000
vn 0.000000 -1.000000 0.000000
vn 1.000000 0.000000 0.000000
vn 1.000000 0.000000 0.000000
vn 1.000000 0.000000 0.000000
vn 1.000000 0.000000 0.000000
vn -1.000000 0.000000 0.000000
vn -1.000000 0.000000 0.000000
vn -1.000000 0.000000 0.000000
vn -1.000000 0.000000 0.000000
vn 0.000000 -1.000000 0.000000
vn 0.000000 -1.000000 0.000000
vn 0.000000 -1.000000 0.000000
vn 0.000000 -1.000000 0.000000
vn -0.509453 0.000000 0.860498
vn -0.509453 0.000000 0.860498
vn -0.269668 0.000000 0.962953
vn -0.269668 0.000000 0.962953
vn 0.000000 1.000000 -0.000007
vn 0.000000 1.000000 -0.000007
vn 0.000000 1.000000 -0.000004
vn 0.000000 1.000000 -0.000005
vn 0.000000 0.000000 -1.000000
vn 0.000000 0.000000 -1.000000
vn 0.000000 0.000000 -1.000000
vn 0.000000 0.000000 -1.000000
vn 0.000000 -1.000000 0.000000
vn 0.000000 -1.000000 0.000000
vn 0.000000 -1.000000 0.000000
vn 0.000000 -1.000000 0.000000
vn 0.000000 0.000000 -1.000000
vn 0.000000 0.000000 -1.000000
vn 0.000000 0.000000 -1.000000
vn 0.000000 0.000000 -1.000000
vn 0.000000 1.000000 0.000000
vn 0.000000 1.000000 0.000000
vn 0.000000 1.000000 0.000000
vn 0.000000 1.000000 0.000000
vn 0.530057 0.000000 0.847962
vn 0.530057 0.000000 0.847962
vn 0.279729 0.000000 0.960079
vn 0.279729 0.000000 0.960079
vn 0.000000 0.000000 1.000000
vn 0.694859 0.000000 0.719146
vn 0.694859 0.000000 0.719146
vn 0.000000 0.000000 1.000000
vn 0.000000 1.000000 0.000010
vn 0.000000 1.000000 0.000008
vn 0.000000 1.000000 0.000013
vn 0.000000 1.000000 0.000009
vn 0.050141 0.000000 -0.998742
vn 0.050141 0.000000 -0.998742
vn -0.898326 0.000000 -0.439330
vn -0.898326 0.000000 -0.439330
vn 0.000000 -1.000000 0.000008
vn 0.000000 -1.000000 0.000010
vn 0.000000 -1.000000 0.000001
vn 0.000000 -1.000000 0.000008
vn -0.694859 0.000000 0.719146
vn 0.000000 0.000000 1.000000
vn 0.000000 0.000000 1.000000
vn -0.694859 0.000000 0.719146
vn 0.000000 1.000000 0.000004
vn 0.000000 1.000000 0.000002
vn 0.000000 1.000000 0.000008
vn 0.000000 1.000000 0.000010
vn 0.876341 0.000000 -0.481691
vn 0.876341 0.000000 -0.481691
vn 0.050141 0.000000 -0.998742
vn 0.050141 0.000000 -0.998742
vn 0.000000 -1.000000 0.000000
vn 0.000000 -1.000000 0.000000
vn 0.000000 -1.000000 0.000010
vn 0.000000 -1.000000 0.000008
vn 0.694859 0.000000 0.719146
vn 0.951324 0.000000 0.308192
vn 0.951324 0.000000 0.308192
vn 0.694859 0.000000 0.719146
vn 0.000000 1.000000 0.000009
vn 0.000000 1.000000 0.000013
vn 0.000000 1.000000 0.000006
vn 0.000000 1.000000 0.000006
vn -0.898326 0.000000 -0.439330
vn -0.898326 0.000000 -0.439330
vn -0.999758 0.000000 -0.022024
vn -0.999758 0.000000 -0.022024
vn 0.000000 -1.000000 0.000008
vn 0.000000 -1.000000 0.000001
vn 0.000000 -1.000000 -0.000006
vn 0.000000 -1.000000 -0.000006
vn 0.000000 -1.000000 0.000000
vn 0.000000 -1.000000 0.000000
vn 0.000000 -1.000000 0.000000
vn 0.000000 -1.000000 0.000000
vn 0.000000 0.000000 -1.000000
vn 0.000000 0.000000 -1.000000
vn 0.000000 0.000000 -1.000000
vn 0.000000 0.000000 -1.000000
vn 0.000000 1.000000 -0.000005
vn 0.000000 1.000000 -0.000004
vn 0.000000 1.000000 0.000000
vn 0.000000 1.000000 0.000000
vn -0.269668 0.000000 0.962953
vn -0.269668 0.000000 0.962953
vn -0.058710 0.000000 0.998275
vn -0.058710 0.000000 0.998275
vn 0.279729 0.000000 0.960079
vn 0.279729 0.000000 0.960079
vn 0.129309 0.000000 0.991604
vn 0.129309 0.000000 0.991604
vn 0.000000 1.000000 0.000000
vn 0.000000 1.000000 0.000000
vn 0.000000 1.000000 0.000000
vn 0.000000 1.000000 0.000000
vn 0.000000 0.000000 -1.000000
vn 0.000000 0.000000 -1.000000
vn 0.000000 0.000000 -1.000000
vn 0.000000 0.000000 -1.000000
vn 0.000000 -1.000000 0.000000
vn 0.000000 -1.000000 0.000000
vn 0.000000 -1.000000 0.000000
vn 0.000000 -1.000000 0.000000
vn -0.951324 0.000000 0.308192
vn -0.694859 0.000000 0.719146
vn -0.694859 0.000000 0.719146
vn -0.951324 0.000000 0.308192
vn 0.000000 1.000000 0.000006
vn 0.000000 1.000000 0.000002
vn 0.000000 1.000000 0.000004
vn 0.000000 1.000000 0.000006
vn 0.997566 0.000000 -0.069737
vn 0.876341 0.000000 -0.481691
vn 0.876341 0.000000 -0.481691
vn 0.997566 0.000000 -0.069737
vn 0.000000 -1.000000 0.000000
vn 0.000000 -1.000000 0.000000
vn 0.000000 -1.000000 0.000000
vn 0.000000 -1.000000 0.000000
vn 1.000000 0.000000 0.000000
vn 1.000000 0.000000 0.000000
vn 1.000000 0.000000 0.000000
vn 1.000000 0.000000 0.000000
vn -1.000000 0.000000 0.000000
vn -1.000000 0.000000 0.000000
vn -1.000000 0.000000 0.000000
vn -1.000000 0.000000 0.000000
vn 0.000000 -1.000000 0.000000
vn 0.000000 -1.000000 0.000000
vn 0.000000 -1.000000 0.000000
vn 0.000000 -1.000000 0.000000
vn -0.509453 0.000000 0.860498
vn -0.509453 0.000000 0.860498
vn -0.269667 0.000000 0.962954
vn -0.269667 0.000000 0.962954
vn 0.000000 1.000000 -0.000007
vn 0.000000 1.000000 -0.000007
vn 0.000000 1.000000 -0.000004
vn 0.000000 1.000000 -0.000005
vn 0.000000 0.000000 -1.000000
vn 0.000000 0.000000 -1.000000
vn 0.000000 0.000000 -1.000000
vn 0.000000 0.000000 -1.000000
vn 0.000000 -1.000000 0.000000
vn 0.000000 -1.000000 0.000000
vn 0.000000 -1.000000 0.000000
vn 0.000000 -1.000000 0.000000
vn 0.000000 0.000000 -1.000000
vn 0.000000 0.000000 -1.000000
vn 0.000000 0.000000 -1.000000
vn 0.000000 0.000000 -1.000000
vn 0.000000 1.000000 0.000000
vn 0.000000 1.000000 0.000000
vn 0.000000 1.000000 0.000000
vn 0.000000 1.000000 0.000000
vn 0.530057 0.000000 0.847962
vn 0.530057 0.000000 0.847962
vn 0.279729 0.000000 0.960079
vn 0.279729 0.000000 0.960079
vn 0.000000 0.000000 1.000000
vn 0.694859 0.000000 0.719146
vn 0.694859 0.000000 0.719146
vn 0.000000 0.000000 1.000000
vn 0.000000 1.000000 0.000010
vn 0.000000 1.000000 0.000008
vn 0.000000 1.000000 0.000013
vn 0.000000 1.000000 0.000009
vn 0.050141 0.000000 -0.998742
vn 0.050141 0.000000 -0.998742
vn -0.898326 0.000000 -0.439330
vn -0.898326 0.000000 -0.439330
vn 0.000000 -1.000000 0.000008
vn 0.000000 -1.000000 0.000010
vn 0.000000 -1.000000 0.000001
vn 0.000000 -1.000000 0.000008
vn -0.694859 0.000000 0.719146
vn 0.000000 0.000000 1.000000
vn 0.000000 0.000000 1.000000
vn -0.694859 0.000000 0.719146
vn 0.000000 1.000000 0.000004
vn 0.000000 1.000000 0.000002
vn 0.000000 1.000000 0.000008
vn 0.000000 1.000000 0.000010
vn 0.876341 0.000000 -0.481691
vn 0.876341 0.000000 -0.481691
vn 0.050141 0.000000 -0.998742
vn 0.050141 0.000000 -0.998742
vn 0.000000 -1.000000 0.000000
vn 0.000000 -1.000000 0.000000
vn 0.000000 -1.000000 0.000010
vn 0.000000 -1.000000 0.000008
vn 0.694859 0.000000 0.719146
vn 0.951324 0.000000 0.308192
vn 0.951324 0.000000 0.308192
vn 0.694859 0.000000 0.719146
vn 0.000000 1.000000 0.000009
vn 0.000000 1.000000 0.000013
vn 0.000000 1.000000 0.000006
vn 0.000000 1.000000 0.000006
vn -0.898326 0.000000 -0.439330
vn -0.898326 0.000000 -0.439330
vn -0.999758 0.000000 -0.022024
vn -0.999758 0.000000 -0.022024
vn 0.000000 -1.000000 0.000008
vn 0.000000 -1.000000 0.000001
vn 0.000000 -1.000000 -0.000006
vn 0.000000 -1.000000 -0.000006
vn 0.000000 -1.000000 0.000000
vn 0.000000 -1.000000 0.000000
vn 0.000000 -1.000000 0.000000
vn 0.000000 -1.000000 0.000000
vn 0.000000 0.000000 -1.000000
vn 0.000000 0.000000 -1.000000
vn 0.000000 0.000000 -1.000000
vn 0.000000 0.000000 -1.000000
vn 0.000000 1.000000 -0.000005
vn 0.000000 1.000000 -0.000004
vn 0.000000 1.000000 0.000000
vn 0.000000 1.000000 0.000000
vn -0.269667 0.000000 0.962954
vn -0.269667 0.000000 0.962954
vn -0.058710 0.000000 0.998275
vn -0.058710 0.000000 0.998275
vn 0.279729 0.000000 0.960079
vn 0.279729 0.000000 0.960079
vn 0.129309 0.000000 0.991604
vn 0.129309 0.000000 0.991604
vn 0.000000 1.000000 0.000000
vn 0.000000 1.000000 0.000000
vn 0.000000 1.000000 0.000000
vn 0.000000 1.000000 0.000000
vn 0.000000 0.000000 -1.000000
vn 0.000000 0.000000 -1.000000
vn 0.000000 0.000000 -1.000000
vn 0.000000 0.000000 -1.000000
vn 0.000000 -1.000000 0.000000
vn 0.000000 -1.000000 0.000000
vn 0.000000 -1.000000 0.000000
vn 0.000000 -1.000000 0.000000
vn -0.951325 0.000000 0.308191
vn -0.694859 0.000000 0.719146
vn -0.694859 0.000000 0.719146
vn -0.951325 0.000000 0.308191
vn 0.000000 1.000000 0.000000
vn 0.000000 1.000000 0.000000
vn 0.000000 1.000000 0.000000
vn 0.000000 1.000000 0.000000
vn 0.997566 0.000000 -0.069737
vn 0.876342 0.000000 -0.481690
vn 0.876342 0.000000 -0.481690
vn 0.997566 0.000000 -0.069737
vn 0.000000 -1.000000 0.000001
vn 0.000000 -1.000000 0.000001
vn 0.000000 -1.000000 0.000000
vn 0.000000 -1.000000 0.000001
vn 1.000000 0.000000 0.000000
vn 1.000000 0.000000 0.000000
vn 1.000000 0.000000 0.000000
vn 1.000000 0.000000 0.000000
vn -1.000000 0.000000 0.000000
vn -1.000000 0.000000 0.000000
vn -1.000000 0.000000 0.000000
vn -1.000000 0.000000 0.000000
vn 0.000000 -1.000000 0.000000
vn 0.000000 -1.000000 0.000000
vn 0.000000 -1.000000 0.000000
vn 0.000000 -1.000000 0.000000
vn -0.509447 0.000000 0.860502
vn -0.509447 0.000000 0.860502
vn -0.269664 0.000000 0.962955
vn -0.269664 0.000000 0.962955
vn 0.000000 1.000000 -0.000004
vn 0.000000 1.000000 -0.000004
vn 0.000000 1.000000 -0.000002
vn 0.000000 1.000000 -0.000002
vn 0.000000 0.000000 -1.000000
vn 0.000000 0.000000 -1.000000
vn 0.000000 0.000000 -1.000000
vn 0.000000 0.000000 -1.000000
vn 0.000000 -1.000000 0.000000
vn 0.000000 -1.000000 0.000000
vn 0.000000 -1.000000 0.000000
vn 0.000000 -1.000000 0.000000
vn 0.000000 0.000000 -1.000000
vn 0.000000 0.000000 -1.000000
vn 0.000000 0.000000 -1.000000
vn 0.000000 0.000000 -1.000000
vn 0.000000 1.000000 0.000000
vn 0.000000 1.000000 0.000000
vn 0.000000 1.000000 0.000000
vn 0.000000 1.000000 0.000000
vn 0.530049 0.000000 0.847967
vn 0.530049 0.000000 0.847967
vn 0.279729 0.000000 0.960079
vn 0.279729 0.000000 0.960079
vn 0.000000 0.000000 1.000000
vn 0.694859 0.000000 0.719146
vn 0.694859 0.000000 0.719146
vn 0.000000 0.000000 1.000000
vn 0.000000 1.000000 0.000001
vn 0.000000 1.000000 0.000001
vn 0.000000 1.000000 0.000001
vn 0.000000 1.000000 0.000000
vn 0.050142 0.000000 -0.998742
vn 0.050142 0.000000 -0.998742
vn -0.898326 0.000000 -0.439329
vn -0.898326 0.000000 -0.439329
vn 0.000000 -1.000000 -0.000001
vn 0.000000 -1.000000 -0.000001
vn 0.000000 -1.000000 -0.000001
vn 0.000000 -1.000000 -0.000001
vn -0.694859 0.000000 0.719146
vn 0.000000 0.000000 1.000000
vn 0.000000 0.000000 1.000000
vn -0.694859 0.000000 0.719146
vn 0.000000 1.000000 0.000000
vn 0.000000 1.000000 0.000000
vn 0.000000 1.000000 0.000001
vn 0.000000 1.000000 0.000001
vn 0.876342 0.000000 -0.481690
vn 0.876342 0.000000 -0.481690
vn 0.050142 0.000000 -0.998742
vn 0.050142 0.000000 -0.998742
vn 0.000000 -1.000000 0.000000
vn 0.000000 -1.000000 0.000001
vn 0.000000 -1.000000 -0.000001
vn 0.000000 -1.000000 -0.000001
vn 0.694859 0.000000 0.719146
vn 0.951325 0.000000 0.308191
vn 0.951325 0.000000 0.308191
vn 0.694859 0.000000 0.719146
vn 0.000000 1.000000 0.000000
vn 0.000000 1.000000 0.000001
vn 0.000000 1.000000 -0.000000
vn 0.000000 1.000000 -0.000000
vn -0.898326 0.000000 -0.439329
vn -0.898326 0.000000 -0.439329
vn -0.999758 0.000000 -0.022024
vn -0.999758 0.000000 -0.022024
vn 0.000000 -1.000000 -0.000001
vn 0.000000 -1.000000 -0.000001
vn 0.000000 -1.000000 0.000000
vn 0.000000 -1.000000 0.000000
vn 0.000000 -1.000000 0.000000
vn 0.000000 -1.000000 0.000000
vn 0.000000 -1.000000 0.000000
vn 0.000000 -1.000000 0.000000
vn 0.000000 0.000000 -1.000000
vn 0.000000 0.000000 -1.000000
vn 0.000000 0.000000 -1.000000
vn 0.000000 0.000000 -1.000000
vn 0.000000 1.000000 -0.000002
vn 0.000000 1.000000 -0.000002
vn 0.000000 1.000000 0.000000
vn 0.000000 1.000000 0.000000
vn -0.269664 0.000000 0.962955
vn -0.269664 0.000000 0.962955
vn -0.058710 0.000000 0.998275
vn -0.058710 0.000000 0.998275
vn 0.279729 0.000000 0.960079
vn 0.279729 0.000000 0.960079
vn 0.129316 0.000000 0.991603
vn 0.129316 0.000000 0.991603
vn 0.000000 1.000000 0.000000
vn 0.000000 1.000000 0.000000
vn 0.000000 1.000000 0.000000
vn 0.000000 1.000000 0.000000
vn 0.000000 0.000000 -1.000000
vn 0.000000 0.000000 -1.000000
vn 0.000000 0.000000 -1.000000
vn 0.000000 0.000000 -1.000000
vn 0.000000 -1.000000 0.000000
vn 0.000000 -1.000000 0.000000
vn 0.000000 -1.000000 0.000000
vn 0.000000 -1.000000 0.000000
vn -0.951325 0.000000 0.308191
vn -0.694859 0.000000 0.719146
vn -0.694859 0.000000 0.719146
vn -0.951325 0.000000 0.308191
vn 0.000000 1.000000 0.000000
vn 0.000000 1.000000 0.000000
vn 0.000000 1.000000 0.000000
vn 0.000000 1.000000 0.000000
vn 0.997566 0.000000 -0.069737
vn 0.876342 0.000000 -0.481690
vn 0.876342 0.000000 -0.481690
vn 0.997566 0.000000 -0.069737
vn 0.000000 -1.000000 0.000001
vn 0.000000 -1.000000 0.000001
vn 0.000000 -1.000000 0.000000
vn 0.000000 -1.000000 0.000001
vn 1.000000 0.000000 0.000000
vn 1.000000 0.000000 0.000000
vn 1.000000 0.000000 0.000000
vn 1.000000 0.000000 0.000000
vn -1.000000 0.000000 0.000000
vn -1.000000 0.000000 0.000000
vn -1.000000 0.000000 0.000000
vn -1.000000 0.000000 0.000000
vn 0.000000 -1.000000 0.000000
vn 0.000000 -1.000000 0.000000
vn 0.000000 -1.000000 0.000000
vn 0.000000 -1.000000 0.000000
vn -0.509447 0.000000 0.860502
vn -0.509447 0.000000 0.860502
vn -0.269665 0.000000 0.962954
vn -0.269665 0.000000 0.962954
vn 0.000000 1.000000 -0.000004
vn 0.000000 1.000000 -0.000004
vn 0.000000 1.000000 -0.000002
vn 0.000000 1.000000 -0.000002
vn 0.000000 0.000000 -1.000000
vn 0.000000 0.000000 -1.000000
vn 0.000000 0.000000 -1.000000
vn 0.000000 0.000000 -1.000000
vn 0.000000 -1.000000 0.000000
vn 0.000000 -1.000000 0.000000
vn 0.000000 -1.000000 0.000000
vn 0.000000 -1.000000 0.000000
vn 0.000000 0.000000 -1.000000
vn 0.000000 0.000000 -1.000000
vn 0.000000 0.000000 -1.000000
vn 0.000000 0.000000 -1.000000
vn 0.000000 1.000000 0.000000
vn 0.000000 1.000000 0.000000
vn 0.000000 1.000000 0.000000
vn 0.000000 1.000000 0.000000
vn 0.530049 0.000000 0.847967
vn 0.530049 0.000000 0.847967
vn 0.279729 0.000000 0.960079
vn 0.279729 0.000000 0.960079
vn 0.000000 0.000000 1.000000
vn 0.694859 0.000000 0.719146
vn 0.694859 0.000000 0.719146
vn 0.000000 0.000000 1.000000
vn 0.000000 1.000000 0.000001
vn 0.000000 1.000000 0.000001
vn 0.000000 1.000000 0.000001
vn 0.000000 1.000000 0.000000
vn 0.050142 0.000000 -0.998742
vn 0.050142 0.000000 -0.998742
vn -0.898326 0.000000 -0.439329
vn -0.898326 0.000000 -0.439329
vn 0.000000 -1.000000 -0.000001
vn 0.000000 -1.000000 -0.000001
vn 0.000000 -1.000000 -0.000001
vn 0.000000 -1.000000 -0.000001
vn -0.694859 0.000000 0.719146
vn 0.000000 0.000000 1.000000
vn 0.000000 0.000000 1.000000
vn -0.694859 0.000000 0.719146
vn 0.000000 1.000000 0.000000
vn 0.000000 1.000000 0.000000
vn 0.000000 1.000000 0.000001
vn 0.000000 1.000000 0.000001
vn 0.876342 0.000000 -0.481690
vn 0.876342 0.000000 -0.481690
vn 0.050142 0.000000 -0.998742
vn 0.050142 0.000000 -0.998742
vn 0.000000 -1.000000 0.000000
vn 0.000000 -1.000000 0.000001
vn 0.000000 -1.000000 -0.000001
vn 0.000000 -1.000000 -0.000001
vn 0.694859 0.000000 0.719146
vn 0.951325 0.000000 0.308191
vn 0.951325 0.000000 0.308191
vn 0.694859 0.000000 0.719146
vn 0.000000 1.000000 0.000000
vn 0.000000 1.000000 0.000001
vn 0.000000 1.000000 -0.000000
vn 0.000000 1.000000 -0.000000
vn -0.898326 0.000000 -0.439329
vn -0.898326 0.000000 -0.439329
vn -0.999758 0.000000 -0.022024
vn -0.999758 0.000000 -0.022024
vn 0.000000 -1.000000 -0.000001
vn 0.000000 -1.000000 -0.000001
vn 0.000000 -1.000000 0.000000
vn 0.000000 -1.000000 0.000000
vn 0.000000 -1.000000 0.000000
vn 0.000000 -1.000000 0.000000
vn 0.000000 -1.000000 0.000000
vn 0.000000 -1.000000 0.000000
vn 0.000000 0.000000 -1.000000
vn 0.000000 0.000000 -1.000000
vn 0.000000 0.000000 -1.000000
vn 0.000000 0.000000 -1.000000
vn 0.000000 1.000000 -0.000002
vn 0.000000 1.000000 -0.000002
vn 0.000000 1.000000 0.000000
vn 0.000000 1.000000 0.000000
vn -0.269665 0.000000 0.962954
vn -0.269665 0.000000 0.962954
vn -0.058710 0.000000 0.998275
vn -0.058710 0.000000 0.998275
vn 0.279729 0.000000 0.960079
vn 0.279729 0.000000 0.960079
vn 0.129316 0.000000 0.991603
vn 0.129316 0.000000 0.991603
vn 0.000000 1.000000 0.000000
vn 0.000000 1.000000 0.000000
vn 0.000000 1.000000 0.000000
vn 0.000000 1.000000 0.000000
vn 0.000000 0.000000 -1.000000
vn 0.000000 0.000000 -1.000000
vn 0.000000 0.000000 -1.000000
vn 0.000000 0.000000 -1.000000
vn 0.000000 -1.000000 0.000000
vn 0.000000 -1.000000 0.000000
vn 0.000000 -1.000000 0.000000
vn 0.000000 -1.000000 0.000000
vn -0.951325 0.000000 0.308189
vn -0.694859 0.000000 0.719146
vn -0.694859 0.000000 0.719146
vn -0.951325 0.000000 0.308189
vn 0.000000 1.000000 0.000000
vn 0.000000 1.000000 -0.000001
vn 0.000000 1.000000 -0.000001
vn 0.000000 1.000000 0.000000
vn 0.997566 0.000000 -0.069737
vn 0.876342 0.000000 -0.481689
vn 0.876342 0.000000 -0.481689
vn 0.997566 0.000000 -0.069737
vn 0.000000 -1.000000 0.000001
vn 0.000000 -1.000000 0.000001
vn 0.000000 -1.000000 0.000000
vn 0.000000 -1.000000 0.000001
vn 1.000000 0.000000 0.000000
vn 1.000000 0.000000 0.000000
vn 1.000000 0.000000 0.000000
vn 1.000000 0.000000 0.000000
vn -1.000000 0.000000 0.000000
vn -1.000000 0.000000 0.000000
vn -1.000000 0.000000 0.000000
vn -1.000000 0.000000 0.000000
vn 0.000000 -1.000000 -0.000002
vn 0.000000 -1.000000 -0.000002
vn 0.000000 -1.000000 -0.000001
vn 0.000000 -1.000000 -0.000001
vn -0.509449 0.000000 0.860501
vn -0.509449 0.000000 0.860501
vn -0.269665 0.000000 0.962954
vn -0.269665 0.000000 0.962954
vn 0.000000 1.000000 0.000000
vn 0.000000 1.000000 0.000000
vn 0.000000 1.000000 0.000000
vn 0.000000 1.000000 0.000000
vn 0.000000 0.000000 -1.000000
vn 0.000000 0.000000 -1.000000
vn 0.000000 0.000000 -1.000000
vn 0.000000 0.000000 -1.000000
vn 0.000000 -1.000000 0.000000
vn 0.000000 -1.000000 0.000000
vn 0.000000 -1.000000 0.000000
vn 0.000000 -1.000000 0.000000
vn 0.000000 0.000000 -1.000000
vn 0.000000 0.000000 -1.000000
vn 0.000000 0.000000 -1.000000
vn 0.000000 0.000000 -1.000000
vn 0.000000 1.000000 0.000000
vn 0.000000 1.000000 0.000000
vn 0.000000 1.000000 0.000000
vn 0.000000 1.000000 0.000000
vn 0.530049 0.000000 0.847967
vn 0.530049 0.000000 0.847967
vn 0.279729 0.000000 0.960079
vn 0.279729 0.000000 0.960079
vn 0.000000 0.000000 1.000000
vn 0.694859 0.000000 0.719146
vn 0.694859 0.000000 0.719146
vn 0.000000 0.000000 1.000000
vn 0.000000 1.000000 -0.000002
vn 0.000000 1.000000 -0.000002
vn 0.000000 1.000000 -0.000001
vn 0.000000 1.000000 -0.000001
vn 0.050142 0.000000 -0.998742
vn 0.050142 0.000000 -0.998742
vn -0.898326 0.000000 -0.439329
vn -0.898326 0.000000 -0.439329
vn 0.000000 -1.000000 0.000000
vn 0.000000 -1.000000 0.000000
vn 0.000000 -1.000000 0.000000
vn 0.000000 -1.000000 0.000000
vn -0.694859 0.000000 0.719146
vn 0.000000 0.000000 1.000000
vn 0.000000 0.000000 1.000000
vn -0.694859 0.000000 0.719146
vn 0.000000 1.000000 -0.000001
vn 0.000000 1.000000 -0.000001
vn 0.000000 1.000000 -0.000002
vn 0.000000 1.000000 -0.000002
vn 0.876342 0.000000 -0.481689
vn 0.876342 0.000000 -0.481689
vn 0.050142 0.000000 -0.998742
vn 0.050142 0.000000 -0.998742
vn 0.000000 -1.000000 0.000000
vn 0.000000 -1.000000 0.000001
vn 0.000000 -1.000000 0.000000
vn 0.000000 -1.000000 0.000000
vn 0.694859 0.000000 0.719146
vn 0.951326 0.000000 0.308187
vn 0.951326 0.000000 0.308187
vn 0.694859 0.000000 0.719146
vn 0.000000 1.000000 -0.000001
vn 0.000000 1.000000 -0.000001
vn 0.000000 1.000000 -0.000000
vn 0.000000 1.000000 -0.000000
vn -0.898326 0.000000 -0.439329
vn -0.898326 0.000000 -0.439329
vn -0.999758 0.000000 -0.022024
vn -0.999758 0.000000 -0.022024
vn 0.000000 -1.000000 0.000000
vn 0.000000 -1.000000 0.000000
vn 0.000000 -1.000000 0.000000
vn 0.000000 -1.000000 0.000000
vn 0.000000 -1.000000 -0.000001
vn 0.000000 -1.000000 -0.000001
vn 0.000000 -1.000000 0.000000
vn 0.000000 -1.000000 0.000000
vn 0.000000 0.000000 -1.000000
vn 0.000000 0.000000 -1.000000
vn 0.000000 0.000000 -1.000000
vn 0.000000 0.000000 -1.000000
vn 0.000000 1.000000 0.000000
vn 0.000000 1.000000 0.000000
vn 0.000000 1.000000 0.000000
vn 0.000000 1.000000 0.000000
vn -0.269665 0.000000 0.962954
vn -0.269665 0.000000 0.962954
vn -0.058710 0.000000 0.998275
vn -0.058710 0.000000 0.998275
vn 0.279729 0.000000 0.960079
vn 0.279729 0.000000 0.960079
vn 0.129316 0.000000 0.991603
vn 0.129316 0.000000 0.991603
vn 0.000000 1.000000 0.000000
vn 0.000000 1.000000 0.000000
vn 0.000000 1.000000 0.000000
vn 0.000000 1.000000 0.000000
vn 0.000000 0.000000 -1.000000
vn 0.000000 0.000000 -1.000000
vn 0.000000 0.000000 -1.000000
vn 0.000000 0.000000 -1.000000
vn 0.000000 -1.000000 0.000000
vn 0.000000 -1.000000 0.000000
vn 0.000000 -1.000000 0.000000
vn 0.000000 -1.000000 0.000000
vn -0.951325 0.000000 0.308189
vn -0.694859 0.000000 0.719146
vn -0.694859 0.000000 0.719146
vn -0.951325 0.000000 0.308189
vn 0.000000 1.000000 0.000000
vn 0.000000 1.000000 0.000000
vn 0.000000 1.000000 0.000000
vn 0.000000 1.000000 0.000000
vn 0.997566 0.000000 -0.069735
vn 0.876342 0.000000 -0.481689
vn 0.876342 0.000000 -0.481689
vn 0.997566 0.000000 -0.069735
vn 0.000000 -1.000000 0.000001
vn 0.000000 -1.000000 0.000001
vn 0.000000 -1.000000 0.000002
vn 0.000000 -1.000000 0.000001
vn 1.000000 0.000000 0.000000
vn 1.000000 0.000000 0.000000
vn 1.000000 0.000000 0.000000
vn 1.000000 0.000000 0.000000
vn -1.000000 0.000000 0.000000
vn -1.000000 0.000000 0.000000
vn -1.000000 0.000000 0.000000
vn -1.000000 0.000000 0.000000
vn 0.000000 -1.000000 0.000000
vn 0.000000 -1.000000 0.000000
vn 0.000000 -1.000000 0.000000
vn 0.000000 -1.000000 0.000000
vn -0.509449 0.000000 0.860501
vn -0.509449 0.000000 0.860501
vn -0.269665 0.000000 0.962954
vn -0.269665 0.000000 0.962954
vn 0.000000 1.000000 -0.000002
vn 0.000000 1.000000 -0.000002
vn 0.000000 1.000000 -0.000001
vn 0.000000 1.000000 -0.000001
vn 0.000000 0.000000 -1.000000
vn 0.000000 0.000000 -1.000000
vn 0.000000 0.000000 -1.000000
vn 0.000000 0.000000 -1.000000
vn 0.000000 -1.000000 0.000000
vn 0.000000 -1.000000 0.000000
vn 0.000000 -1.000000 0.000000
vn 0.000000 -1.000000 0.000000
vn 0.000000 0.000000 -1.000000
vn 0.000000 0.000000 -1.000000
vn 0.000000 0.000000 -1.000000
vn 0.000000 0.000000 -1.000000
vn 0.000000 1.000000 0.000000
vn 0.000000 1.000000 0.000000
vn 0.000000 1.000000 0.000000
vn 0.000000 1.000000 0.000000
vn 0.530049 0.000000 0.847967
vn 0.530049 0.000000 0.847967
vn 0.279729 0.000000 0.960079
vn 0.279729 0.000000 0.960079
vn 0.000000 0.000000 1.000000
vn 0.694859 0.000000 0.719146
vn 0.694859 0.000000 0.719146
vn 0.000000 0.000000 1.000000
vn 0.000000 1.000000 0.000000
vn 0.000000 1.000000 0.000000
vn 0.000000 1.000000 0.000000
vn 0.000000 1.000000 0.000000
vn 0.050142 0.000000 -0.998742
vn 0.050142 0.000000 -0.998742
vn -0.898327 0.000000 -0.439328
vn -0.898327 0.000000 -0.439328
vn 0.000000 -1.000000 0.000002
vn 0.000000 -1.000000 0.000002
vn 0.000000 -1.000000 0.000001
vn 0.000000 -1.000000 0.000001
vn -0.694859 0.000000 0.719146
vn 0.000000 0.000000 1.000000
vn 0.000000 0.000000 1.000000
vn -0.694859 0.000000 0.719146
vn 0.000000 1.000000 0.000000
vn 0.000000 1.000000 0.000000
vn 0.000000 1.000000 0.000000
vn 0.000000 1.000000 0.000000
vn 0.876342 0.000000 -0.481689
vn 0.876342 0.000000 -0.481689
vn 0.050142 0.000000 -0.998742
vn 0.050142 0.000000 -0.998742
vn 0.000000 -1.000000 0.000002
vn 0.000000 -1.000000 0.000001
vn 0.000000 -1.000000 0.000002
vn 0.000000 -1.000000 0.000002
vn 0.694859 0.000000 0.719146
vn 0.951325 0.000000 0.308188
vn 0.951325 0.000000 0.308188
vn 0.694859 0.000000 0.719146
vn 0.000000 1.000000 0.000000
vn 0.000000 1.000000 0.000000
vn 0.000000 1.000000 0.000000
vn 0.000000 1.000000 0.000000
vn -0.898327 0.000000 -0.439328
vn -0.898327 0.000000 -0.439328
vn -0.999758 0.000000 -0.022023
vn -0.999758 0.000000 -0.022023
vn 0.000000 -1.000000 0.000001
vn 0.000000 -1.000000 0.000001
vn 0.000000 -1.000000 0.000000
vn 0.000000 -1.000000 0.000000
vn 0.000000 -1.000000 0.000000
vn 0.000000 -1.000000 0.000000
vn 0.000000 -1.000000 0.000000
vn 0.000000 -1.000000 0.000000
vn 0.000000 0.000000 -1.000000
vn 0.000000 0.000000 -1.000000
vn 0.000000 0.000000 -1.000000
vn 0.000000 0.000000 -1.000000
vn 0.000000 1.000000 -0.000001
vn 0.000000 1.000000 -0.000001
vn 0.000000 1.000000 0.000000
vn 0.000000 1.000000 0.000000
vn -0.269665 0.000000 0.962954
vn -0.269665 0.000000 0.962954
vn -0.058710 0.000000 0.998275
vn -0.058710 0.000000 0.998275
vn 0.279729 0.000000 0.960079
vn 0.279729 0.000000 0.960079
vn 0.129316 0.000000 0.991603
vn 0.129316 0.000000 0.991603
vn 0.000000 1.000000 0.000000
vn 0.000000 1.000000 0.000000
vn 0.000000 1.000000 0.000000
vn 0.000000 1.000000 0.000000
vn 0.000000 0.000000 -1.000000
vn 0.000000 0.000000 -1.000000
vn 0.000000 0.000000 -1.000000
vn 0.000000 0.000000 -1.000000
vn 0.000000 -1.000000 0.000000
vn 0.000000 -1.000000 0.000000
vn 0.000000 -1.000000 0.000000
vn 0.000000 -1.000000 0.000000
vn -0.951325 0.000000 0.308190
vn -0.694858 0.000000 0.719147
vn -0.694858 0.000000 0.719147
vn -0.951325 0.000000 0.308190
vn 0.000000 1.000000 0.000000
vn 0.000000 1.000000 0.000005
vn 0.000000 1.000000 0.000002
vn 0.000000 1.000000 0.000000
vn 0.997566 0.000000 -0.069735
vn 0.876342 0.000000 -0.481689
vn 0.876342 0.000000 -0.481689
vn 0.997566 0.000000 -0.069735
vn 0.000000 -1.000000 0.000000
vn 0.000000 -1.000000 0.000005
vn 0.000000 -1.000000 0.000010
vn 0.000000 -1.000000 0.000000
vn 1.000000 0.000000 0.000000
vn 1.000000 0.000000 0.000000
vn 1.000000 0.000000 0.000000
vn 1.000000 0.000000 0.000000
vn -1.000000 0.000000 0.000000
vn -1.000000 0.000000 0.000000
vn -1.000000 0.000000 0.000000
vn -1.000000 0.000000 0.000000
vn 0.000000 -1.000000 0.000000
vn 0.000000 -1.000000 0.000000
vn 0.000000 -1.000000 0.000000
vn 0.000000 -1.000000 0.000000
vn -0.509457 0.000000 0.860496
vn -0.509457 0.000000 0.860496
vn -0.269665 0.000000 0.962954
vn -0.269665 0.000000 0.962954
vn 0.000000 1.000000 0.000000
vn 0.000000 1.000000 0.000000
vn 0.000000 1.000000 0.000000
vn 0.000000 1.000000 0.000000
vn 0.000000 0.000000 -1.000000
vn 0.000000 0.000000 -1.000000
vn 0.000000 0.000000 -1.000000
vn 0.000000 0.000000 -1.000000
vn 0.000000 -1.000000 0.000000
vn 0.000000 -1.000000 0.000000
vn 0.000000 -1.000000 0.000000
vn 0.000000 -1.000000 0.000000
vn 0.000000 0.000000 -1.000000
vn 0.000000 0.000000 -1.000000
vn 0.000000 0.000000 -1.000000
vn 0.000000 0.000000 -1.000000
vn 0.000000 1.000000 0.000000
vn 0.000000 1.000000 0.000000
vn 0.000000 1.000000 0.000000
vn 0.000000 1.000000 0.000000
vn 0.530058 0.000000 0.847962
vn 0.530058 0.000000 0.847962
vn 0.279729 0.000000 0.960079
vn 0.279729 0.000000 0.960079
vn 0.000000 0.000000 1.000000
vn 0.694859 0.000000 0.719146
vn 0.694859 0.000000 0.719146
vn 0.000000 0.000000 1.000000
vn 0.000000 1.000000 0.000009
vn 0.000000 1.000000 0.000009
vn 0.000000 1.000000 0.000006
vn 0.000000 1.000000 0.000004
vn 0.050142 0.000000 -0.998742
vn 0.050142 0.000000 -0.998742
vn -0.898327 0.000000 -0.439328
vn -0.898327 0.000000 -0.439328
vn 0.000000 -1.000000 0.000006
vn 0.000000 -1.000000 0.000004
vn 0.000000 -1.000000 -0.000000
vn 0.000000 -1.000000 -0.000004
vn -0.694858 0.000000 0.719147
vn 0.000000 0.000000 1.000000
vn 0.000000 0.000000 1.000000
vn -0.694858 0.000000 0.719147
vn 0.000000 1.000000 0.000002
vn 0.000000 1.000000 0.000005
vn 0.000000 1.000000 0.000009
vn 0.000000 1.000000 0.000009
vn 0.876342 0.000000 -0.481689
vn 0.876342 0.000000 -0.481689
vn 0.050142 0.000000 -0.998742
vn 0.050142 0.000000 -0.998742
vn 0.000000 -1.000000 0.000010
vn 0.000000 -1.000000 0.000005
vn 0.000000 -1.000000 0.000004
vn 0.000000 -1.000000 0.000006
vn 0.694859 0.000000 0.719146
vn 0.951325 0.000000 0.308189
vn 0.951325 0.000000 0.308189
vn 0.694859 0.000000 0.719146
vn 0.000000 1.000000 0.000004
vn 0.000000 1.000000 0.000006
vn 0.000000 1.000000 0.000002
vn 0.000000 1.000000 0.000002
vn -0.898327 0.000000 -0.439328
vn -0.898327 0.000000 -0.439328
vn -0.999758 0.000000 -0.022023
vn -0.999758 0.000000 -0.022023
vn 0.000000 -1.000000 -0.000004
vn 0.000000 -1.000000 -0.000000
vn 0.000000 -1.000000 0.000003
vn 0.000000 -1.000000 0.000003
vn 0.000000 -1.000000 0.000000
vn 0.000000 -1.000000 0.000000
vn 0.000000 -1.000000 0.000000
vn 0.000000 -1.000000 0.000000
vn 0.000000 0.000000 -1.000000
vn 0.000000 0.000000 -1.000000
vn 0.000000 0.000000 -1.000000
vn 0.000000 0.000000 -1.000000
vn 0.000000 1.000000 0.000000
vn 0.000000 1.000000 0.000000
vn 0.000000 1.000000 0.000000
vn 0.000000 1.000000 0.000000
vn -0.269665 0.000000 0.962954
vn -0.269665 0.000000 0.962954
vn -0.058702 0.000000 0.998276
vn -0.058702 0.000000 0.998276
vn 0.279729 0.000000 0.960079
vn 0.279729 0.000000 0.960079
vn 0.129309 0.000000 0.991604
vn 0.129309 0.000000 0.991604
vn 0.000000 1.000000 0.000000
vn 0.000000 1.000000 0.000000
vn 0.000000 1.000000 0.000000
vn 0.000000 1.000000 0.000000
vn 0.000000 0.000000 -1.000000
vn 0.000000 0.000000 -1.000000
vn 0.000000 0.000000 -1.000000
vn 0.000000 0.000000 -1.000000
vn 0.000000 -1.000000 0.000000
vn 0.000000 -1.000000 0.000000
vn 0.000000 -1.000000 0.000000
vn 0.000000 -1.000000 0.000000
vn -0.951325 0.000000 0.308190
vn -0.694858 0.000000 0.719147
vn -0.694858 0.000000 0.719147
vn -0.951325 0.000000 0.308190
vn 0.000000 1.000000 0.000000
vn 0.000000 1.000000 0.000005
vn 0.000000 1.000000 0.000002
vn 0.000000 1.000000 0.000000
vn 0.997566 0.000000 -0.069737
vn 0.876342 0.000000 -0.481689
vn 0.876342 0.000000 -0.481689
vn 0.997566 0.000000 -0.069737
vn 0.000000 -1.000000 -0.000003
vn 0.000000 -1.000000 -0.000002
vn 0.000000 -1.000000 -0.000001
vn 0.000000 -1.000000 -0.000003
vn 1.000000 0.000000 0.000000
vn 1.000000 0.000000 0.000000
vn 1.000000 0.000000 0.000000
vn 1.000000 0.000000 0.000000
vn -1.000000 0.000000 0.000000
vn -1.000000 0.000000 0.000000
vn -1.000000 0.000000 0.000000
vn -1.000000 0.000000 0.000000
vn 0.000000 -1.000000 0.000000
vn 0.000000 -1.000000 0.000000
vn 0.000000 -1.000000 0.000000
vn 0.000000 -1.000000 0.000000
vn -0.509457 0.000000 0.860496
vn -0.509457 0.000000 0.860496
vn -0.269665 0.000000 0.962954
vn -0.269665 0.000000 0.962954
vn 0.000000 1.000000 0.000000
vn 0.000000 1.000000 0.000000
vn 0.000000 1.000000 0.000000
vn 0.000000 1.000000 0.000000
vn 0.000000 0.000000 -1.000000
vn 0.000000 0.000000 -1.000000
vn 0.000000 0.000000 -1.000000
vn 0.000000 0.000000 -1.000000
vn 0.000000 -1.000000 -0.000004
vn 0.000000 -1.000000 -0.000004
vn 0.000000 -1.000000 -0.000002
vn 0.000000 -1.000000 -0.000003
vn 0.000000 0.000000 -1.000000
vn 0.000000 0.000000 -1.000000
vn 0.000000 0.000000 -1.000000
vn 0.000000 0.000000 -1.000000
vn 0.000000 1.000000 -0.000008
vn 0.000000 1.000000 -0.000008
vn 0.000000 1.000000 -0.000005
vn 0.000000 1.000000 -0.000004
vn 0.530058 0.000000 0.847962
vn 0.530058 0.000000 0.847962
vn 0.279729 0.000000 0.960079
vn 0.279729 0.000000 0.960079
vn 0.000000 0.000000 1.000000
vn 0.694859 0.000000 0.719146
vn 0.694859 0.000000 0.719146
vn 0.000000 0.000000 1.000000
vn 0.000000 1.000000 0.000009
vn 0.000000 1.000000 0.000009
vn 0.000000 1.000000 0.000006
vn 0.000000 1.000000 0.000004
vn 0.050142 0.000000 -0.998742
vn 0.050142 0.000000 -0.998742
vn -0.898326 0.000000 -0.439329
vn -0.898326 0.000000 -0.439329
vn 0.000000 -1.000000 0.000004
vn 0.000000 -1.000000 0.000005
vn 0.000000 -1.000000 0.000003
vn 0.000000 -1.000000 0.000005
vn -0.694858 0.000000 0.719147
vn 0.000000 0.000000 1.000000
vn 0.000000 0.000000 1.000000
vn -0.694858 0.000000 0.719147
vn 0.000000 1.000000 0.000002
vn 0.000000 1.000000 0.000005
vn 0.000000 1.000000 0.000009
vn 0.000000 1.000000 0.000009
vn 0.876342 0.000000 -0.481689
vn 0.876342 0.000000 -0.481689
vn 0.050142 0.000000 -0.998742
vn 0.050142 0.000000 -0.998742
vn 0.000000 -1.000000 -0.000001
vn 0.000000 -1.000000 -0.000002
vn 0.000000 -1.000000 0.000005
vn 0.000000 -1.000000 0.000004
vn 0.694859 0.000000 0.719146
vn 0.951325 0.000000 0.308188
vn 0.951325 0.000000 0.308188
vn 0.694859 0.000000 0.719146
vn 0.000000 1.000000 0.000004
vn 0.000000 1.000000 0.000006
vn 0.000000 1.000000 0.000002
vn 0.000000 1.000000 0.000002
vn -0.898326 0.000000 -0.439329
vn -0.898326 0.000000 -0.439329
vn -0.999758 0.000000 -0.022024
vn -0.999758 0.000000 -0.022024
vn 0.000000 -1.000000 0.000005
vn 0.000000 -1.000000 0.000003
vn 0.000000 -1.000000 0.000000
vn 0.000000 -1.000000 0.000000
vn 0.000000 -1.000000 0.000000
vn 0.000000 -1.000000 0.000000
vn 0.000000 -1.000000 0.000000
vn 0.000000 -1.000000 0.000000
vn 0.000000 0.000000 -1.000000
vn 0.000000 0.000000 -1.000000
vn 0.000000 0.000000 -1.000000
vn 0.000000 0.000000 -1.000000
vn 0.000000 1.000000 0.000000
vn 0.000000 1.000000 0.000000
vn 0.000000 1.000000 0.000000
vn 0.000000 1.000000 0.000000
vn -0.269665 0.000000 0.962954
vn -0.269665 0.000000 0.962954
vn -0.058702 0.000000 0.998276
vn -0.058702 0.000000 0.998276
vn 0.279729 0.000000 0.960079
vn 0.279729 0.000000 0.960079
vn 0.129309 0.000000 0.991604
vn 0.129309 0.000000 0.991604
vn 0.000000 1.000000 -0.000004
vn 0.000000 1.000000 -0.000005
vn 0.000000 1.000000 0.000000
vn 0.000000 1.000000 0.000000
vn 0.000000 0.000000 -1.000000
vn 0.000000 0.000000 -1.000000
vn 0.000000 0.000000 -1.000000
vn 0.000000 0.000000 -1.000000
vn 0.000000 -1.000000 -0.000003
vn 0.000000 -1.000000 -0.000002
vn 0.000000 -1.000000 0.000000
vn 0.000000 -1.000000 0.000000
vn -0.951325 0.000000 0.308191
vn -0.694857 0.000000 0.719147
vn -0.694857 0.000000 0.719147
vn -0.951325 0.000000 0.308191
vn 0.000000 1.000000 0.000006
vn 0.000000 1.000000 -0.000007
vn 0.000000 1.000000 -0.000001
vn 0.000000 1.000000 0.000006
vn 0.997566 0.000000 -0.069737
vn 0.876342 0.000000 -0.481690
vn 0.876342 0.000000 -0.481690
vn 0.997566 0.000000 -0.069737
vn 0.000000 -1.000000 0.000000
vn 0.000000 -1.000000 0.000005
vn 0.000000 -1.000000 0.000010
vn 0.000000 -1.000000 0.000000
vn 1.000000 0.000000 0.000000
vn 1.000000 0.000000 0.000000
vn 1.000000 0.000000 0.000000
vn 1.000000 0.000000 0.000000
vn -1.000000 0.000000 0.000000
vn -1.000000 0.000000 0.000000
vn -1.000000 0.000000 0.000000
vn -1.000000 0.000000 0.000000
vn 0.000000 -1.000000 -0.000014
vn 0.000000 -1.000000 -0.000014
vn 0.000000 -1.000000 -0.000010
vn 0.000000 -1.000000 -0.000009
vn -0.509455 0.000000 0.860497
vn -0.509455 0.000000 0.860497
vn -0.269668 0.000000 0.962953
vn -0.269668 0.000000 0.962953
vn 0.000000 1.000000 0.000000
vn 0.000000 1.000000 0.000000
vn 0.000000 1.000000 0.000000
vn 0.000000 1.000000 0.000000
vn 0.000000 0.000000 -1.000000
vn 0.000000 0.000000 -1.000000
vn 0.000000 0.000000 -1.000000
vn 0.000000 0.000000 -1.000000
vn 0.000000 -1.000000 0.000000
vn 0.000000 -1.000000 0.000000
vn 0.000000 -1.000000 0.000000
vn 0.000000 -1.000000 0.000000
vn 0.000000 0.000000 -1.000000
vn 0.000000 0.000000 -1.000000
vn 0.000000 0.000000 -1.000000
vn 0.000000 0.000000 -1.000000
vn 0.000000 1.000000 0.000000
vn 0.000000 1.000000 0.000000
vn 0.000000 1.000000 0.000000
vn 0.000000 1.000000 0.000000
vn 0.530057 0.000000 0.847962
vn 0.530057 0.000000 0.847962
vn 0.279729 0.000000 0.960079
vn 0.279729 0.000000 0.960079
vn 0.000000 0.000000 1.000000
vn 0.694859 0.000000 0.719146
vn 0.694859 0.000000 0.719146
vn 0.000000 0.000000 1.000000
vn 0.000000 1.000000 -0.000018
vn 0.000000 1.000000 -0.000018
vn 0.000000 1.000000 -0.000008
vn 0.000000 1.000000 -0.000001
vn 0.050142 0.000000 -0.998742
vn 0.050142 0.000000 -0.998742
vn -0.898326 0.000000 -0.439330
vn -0.898326 0.000000 -0.439330
vn 0.000000 -1.000000 0.000010
vn 0.000000 -1.000000 0.000009
vn 0.000000 -1.000000 0.000000
vn 0.000000 -1.000000 0.000000
vn -0.694857 0.000000 0.719147
vn 0.000000 0.000000 1.000000
vn 0.000000 0.000000 1.000000
vn -0.694857 0.000000 0.719147
vn 0.000000 1.000000 -0.000001
vn 0.000000 1.000000 -0.000007
vn 0.000000 1.000000 -0.000018
vn 0.000000 1.000000 -0.000018
vn 0.876342 0.000000 -0.481690
vn 0.876342 0.000000 -0.481690
vn 0.050142 0.000000 -0.998742
vn 0.050142 0.000000 -0.998742
vn 0.000000 -1.000000 0.000010
vn 0.000000 -1.000000 0.000005
vn 0.000000 -1.000000 0.000009
vn 0.000000 -1.000000 0.000010
vn 0.694859 0.000000 0.719146
vn 0.951326 0.000000 0.308187
vn 0.951326 0.000000 0.308187
vn 0.694859 0.000000 0.719146
vn 0.000000 1.000000 -0.000001
vn 0.000000 1.000000 -0.000008
vn 0.000000 1.000000 0.000006
vn 0.000000 1.000000 0.000006
vn -0.898326 0.000000 -0.439330
vn -0.898326 0.000000 -0.439330
vn -0.999758 0.000000 -0.022024
vn -0.999758 0.000000 -0.022024
vn 0.000000 -1.000000 0.000000
vn 0.000000 -1.000000 0.000000
vn 0.000000 -1.000000 0.000000
vn 0.000000 -1.000000 0.000000
vn 0.000000 -1.000000 -0.000009
vn 0.000000 -1.000000 -0.000010
vn 0.000000 -1.000000 0.000000
vn 0.000000 -1.000000 0.000000
vn 0.000000 0.000000 -1.000000
vn 0.000000 0.000000 -1.000000
vn 0.000000 0.000000 -1.000000
vn 0.000000 0.000000 -1.000000
vn 0.000000 1.000000 0.000000
vn 0.000000 1.000000 0.000000
vn 0.000000 1.000000 0.000000
vn 0.000000 1.000000 0.000000
vn -0.269668 0.000000 0.962953
vn -0.269668 0.000000 0.962953
vn -0.058710 0.000000 0.998275
vn -0.058710 0.000000 0.998275
vn 0.279729 0.000000 0.960079
vn 0.279729 0.000000 0.960079
vn 0.129309 0.000000 0.991604
vn 0.129309 0.000000 0.991604
vn 0.000000 1.000000 0.000000
vn 0.000000 1.000000 0.000000
vn 0.000000 1.000000 0.000000
vn 0.000000 1.000000 0.000000
vn 0.000000 0.000000 -1.000000
vn 0.000000 0.000000 -1.000000
vn 0.000000 0.000000 -1.000000
vn 0.000000 0.000000 -1.000000
vn 0.000000 -1.000000 0.000000
vn 0.000000 -1.000000 0.000000
vn 0.000000 -1.000000 0.000000
vn 0.000000 -1.000000 0.000000
vn -0.951325 0.000000 0.308191
vn -0.694857 0.000000 0.719147
vn -0.694857 0.000000 0.719147
vn -0.951325 0.000000 0.308191
vn 0.000000 1.000000 0.000000
vn 0.000000 1.000000 -0.000010
vn 0.000000 1.000000 -0.000005
vn 0.000000 1.000000 0.000000
vn 0.997566 0.000000 -0.069736
vn 0.876342 0.000000 -0.481690
vn 0.876342 0.000000 -0.481690
vn 0.997566 0.000000 -0.069736
vn 0.000000 -1.000000 0.000000
vn 0.000000 -1.000000 0.000000
vn 0.000000 -1.000000 0.000000
vn 0.000000 -1.000000 0.000000
vn 1.000000 0.000000 0.000000
vn 1.000000 0.000000 0.000000
vn 1.000000 0.000000 0.000000
vn 1.000000 0.000000 0.000000
vn -1.000000 0.000000 0.000000
vn -1.000000 0.000000 0.000000
vn -1.000000 0.000000 0.000000
vn -1.000000 0.000000 0.000000
vn 0.000000 -1.000000 0.000000
vn 0.000000 -1.000000 0.000000
vn 0.000000 -1.000000 0.000000
vn 0.000000 -1.000000 0.000000
vn -0.509455 0.000000 0.860497
vn -0.509455 0.000000 0.860497
vn -0.269668 0.000000 0.962953
vn -0.269668 0.000000 0.962953
vn 0.000000 1.000000 0.000000
vn 0.000000 1.000000 0.000000
vn 0.000000 1.000000 0.000000
vn 0.000000 1.000000 0.000000
vn 0.000000 0.000000 -1.000000
vn 0.000000 0.000000 -1.000000
vn 0.000000 0.000000 -1.000000
vn 0.000000 0.000000 -1.000000
vn 0.000000 -1.000000 0.000000
vn 0.000000 -1.000000 0.000000
vn 0.000000 -1.000000 0.000000
vn 0.000000 -1.000000 0.000000
vn 0.000000 0.000000 -1.000000
vn 0.000000 0.000000 -1.000000
vn 0.000000 0.000000 -1.000000
vn 0.000000 0.000000 -1.000000
vn 0.000000 1.000000 0.000000
vn 0.000000 1.000000 0.000000
vn 0.000000 1.000000 0.000000
vn 0.000000 1.000000 0.000000
vn 0.530057 0.000000 0.847962
vn 0.530057 0.000000 0.847962
vn 0.279729 0.000000 0.960079
vn 0.279729 0.000000 0.960079
vn 0.000000 0.000000 1.000000
vn 0.694858 0.000000 0.719147
vn 0.694858 0.000000 0.719147
vn 0.000000 0.000000 1.000000
vn 0.000000 1.000000 -0.000018
vn 0.000000 1.000000 -0.000018
vn 0.000000 1.000000 -0.000009
vn 0.000000 1.000000 -0.000003
vn 0.050142 0.000000 -0.998742
vn 0.050142 0.000000 -0.998742
vn -0.898327 0.000000 -0.439328
vn -0.898327 0.000000 -0.439328
vn 0.000000 -1.000000 0.000000
vn 0.000000 -1.000000 0.000000
vn 0.000000 -1.000000 0.000000
vn 0.000000 -1.000000 0.000000
vn -0.694857 0.000000 0.719147
vn 0.000000 0.000000 1.000000
vn 0.000000 0.000000 1.000000
vn -0.694857 0.000000 0.719147
vn 0.000000 1.000000 -0.000005
vn 0.000000 1.000000 -0.000010
vn 0.000000 1.000000 -0.000018
vn 0.000000 1.000000 -0.000018
vn 0.876342 0.000000 -0.481690
vn 0.876342 0.000000 -0.481690
vn 0.050142 0.000000 -0.998742
vn 0.050142 0.000000 -0.998742
vn 0.000000 -1.000000 0.000000
vn 0.000000 -1.000000 0.000000
vn 0.000000 -1.000000 0.000000
vn 0.000000 -1.000000 0.000000
vn 0.694858 0.000000 0.719147
vn 0.951325 0.000000 0.308188
vn 0.951325 0.000000 0.308188
vn 0.694858 0.000000 0.719147
vn 0.000000 1.000000 -0.000003
vn 0.000000 1.000000 -0.000009
vn 0.000000 1.000000 0.000004
vn 0.000000 1.000000 0.000004
vn -0.898327 0.000000 -0.439328
vn -0.898327 0.000000 -0.439328
vn -0.999758 0.000000 -0.022023
vn -0.999758 0.000000 -0.022023
vn 0.000000 -1.000000 0.000000
vn 0.000000 -1.000000 0.000000
vn 0.000000 -1.000000 0.000000
vn 0.000000 -1.000000 0.000000
vn 0.000000 -1.000000 0.000000
vn 0.000000 -1.000000 0.000000
vn 0.000000 -1.000000 0.000000
vn 0.000000 -1.000000 0.000000
vn 0.000000 0.000000 -1.000000
vn 0.000000 0.000000 -1.000000
vn 0.000000 0.000000 -1.000000
vn 0.000000 0.000000 -1.000000
vn 0.000000 1.000000 0.000000
vn 0.000000 1.000000 0.000000
vn 0.000000 1.000000 0.000000
vn 0.000000 1.000000 0.000000
vn -0.269668 0.000000 0.962953
vn -0.269668 0.000000 0.962953
vn -0.058710 0.000000 0.998275
vn -0.058710 0.000000 0.998275
vn 0.279729 0.000000 0.960079
vn 0.279729 0.000000 0.960079
vn 0.129309 0.000000 0.991604
vn 0.129309 0.000000 0.991604
vn 0.000000 1.000000 0.000000
vn 0.000000 1.000000 0.000000
vn 0.000000 1.000000 0.000000
vn 0.000000 1.000000 0.000000
vn 0.000000 0.000000 -1.000000
vn 0.000000 0.000000 -1.000000
vn 0.000000 0.000000 -1.000000
vn 0.000000 0.000000 -1.000000
vn 0.000000 -1.000000 0.000000
vn 0.000000 -1.000000 0.000000
vn 0.000000 -1.000000 0.000000
vn 0.000000 -1.000000 0.000000
vn 0.000000 0.000000 1.000000
vn 0.000000 0.000000 1.000000
vn 0.000000 0.000000 1.000000
vn 0.000000 0.000000 1.000000
vn -1.000000 0.000000 0.000000
vn -1.000000 0.000000 0.000000
vn -1.000000 0.000000 0.000000
vn -1.000000 0.000000 0.000000
vn 0.000000 0.000000 -1.000000
vn 0.000000 0.000000 -1.000000
vn 0.000000 0.000000 -1.000000
vn 0.000000 0.000000 -1.000000
vn 1.000000 0.000000 0.000000
vn 1.000000 0.000000 0.000000
vn 1.000000 0.000000 0.000000
vn 1.000000 0.000000 0.000000
vn 0.000000 1.000000 0.000000
vn 0.000000 1.000000 0.000000
vn 0.000000 1.000000 0.000000
vn 0.000000 1.000000 0.000000
vn 0.000000 -1.000000 0.000000
vn 0.000000 -1.000000 0.000000
vn 0.000000 -1.000000 0.000000
vn 0.000000 -1.000000 0.000000
vn 0.000000 0.000000 1.000000
vn 0.000000 0.000000 1.000000
vn 0.000000 0.000000 1.000000
vn 0.000000 0.000000 1.000000
vn -1.000000 0.000000 0.000000
vn -1.000000 0.000000 0.000000
vn -1.000000 0.000000 0.000000
vn -1.000000 0.000000 0.000000
vn 0.000000 0.000000 -1.000000
vn 0.000000 0.000000 -1.000000
vn 0.000000 0.000000 -1.000000
vn 0.000000 0.000000 -1.000000
vn 1.000000 0.000000 0.000000
vn 1.000000 0.000000 0.000000
vn 1.000000 0.000000 0.000000
vn 1.000000 0.000000 0.000000
vn 0.000000 1.000000 0.000000
vn 0.000000 1.000000 0.000000
vn 0.000000 1.000000 0.000000
vn 0.000000 1.000000 0.000000
vn 0.000000 -1.000000 0.000000
vn 0.000000 -1.000000 0.000000
vn 0.000000 -1.000000 0.000000
vn 0.000000 -1.000000 0.000000
vn 0.000000 0.000000 1.000000
vn 0.000000 0.000000 1.000000
vn 0.000000 0.000000 1.000000
vn 0.000000 0.000000 1.000000
vn -1.000000 0.000000 0.000000
vn -1.000000 0.000000 0.000000
vn -1.000000 0.000000 0.000000
vn -1.000000 0.000000 0.000000
vn 0.000000 0.000000 -1.000000
vn 0.000000 0.000000 -1.000000
vn 0.000000 0.000000 -1.000000
vn 0.000000 0.000000 -1.000000
vn 1.000000 0.000000 0.000000
vn 1.000000 0.000000 0.000000
vn 1.000000 0.000000 0.000000
vn 1.000000 0.000000 0.000000
vn 0.000000 1.000000 0.000000
vn 0.000000 1.000000 0.000000
vn 0.000000 1.000000 0.000000
vn 0.000000 1.000000 0.000000
vn 0.000000 -1.000000 0.000000
vn 0.000000 -1.000000 0.000000
vn 0.000000 -1.000000 0.000000
vn 0.000000 -1.000000 0.000000
vn 0.000000 0.000000 1.000000
vn 0.000000 0.000000 1.000000
vn 0.000000 0.000000 1.000000
vn 0.000000 0.000000 1.000000
vn -1.000000 0.000000 0.000000
vn -1.000000 0.000000 0.000000
vn -1.000000 0.000000 0.000000
vn -1.000000 0.000000 0.000000
vn 0.000000 0.000000 -1.000000
vn 0.000000 0.000000 -1.000000
vn 0.000000 0.000000 -1.000000
vn 0.000000 0.000000 -1.000000
vn 1.000000 0.000000 0.000000
vn 1.000000 0.000000 0.000000
vn 1.000000 0.000000 0.000000
vn 1.000000 0.000000 0.000000
vn 0.000000 1.000000 0.000000
vn 0.000000 1.000000 0.000000
vn 0.000000 1.000000 0.000000
vn 0.000000 1.000000 0.000000
vn 0.000000 -1.000000 0.000000
vn 0.000000 -1.000000 0.000000
vn 0.000000 -1.000000 0.000000
vn 0.000000 -1.000000 0.000000
vn 0.000000 0.000000 1.000000
vn 0.000000 0.000000 1.000000
vn 0.000000 0.000000 1.000000
vn 0.000000 0.000000 1.000000
vn -1.000000 0.000000 0.000000
vn -1.000000 0.000000 0.000000
vn -1.000000 0.000000 0.000000
vn -1.000000 0.000000 0.000000
vn 0.000000 0.000000 -1.000000
vn 0.000000 0.000000 -1.000000
vn 0.000000 0.000000 -1.000000
vn 0.000000 0.000000 -1.000000
vn 1.000000 0.000000 0.000000
vn 1.000000 0.000000 0.000000
vn 1.000000 0.000000 0.000000
vn 1.000000 0.000000 0.000000
vn 0.000000 1.000000 0.000000
vn 0.000000 1.000000 0.000000
vn 0.000000 1.000000 0.000000
vn 0.000000 1.000000 0.000000
vn 0.000000 -1.000000 0.000000
vn 0.000000 -1.000000 0.000000
vn 0.000000 -1.000000 0.000000
vn 0.000000 -1.000000 0.000000
vn 0.000000 0.000000 1.000000
vn 0.000000 0.000000 1.000000
vn 0.000000 0.000000 1.000000
vn 0.000000 0.000000 1.000000
vn -1.000000 0.000000 0.000000
vn -1.000000 0.000000 0.000000
vn -1.000000 0.000000 0.000000
vn -1.000000 0.000000 0.000000
vn 0.000000 0.000000 -1.000000
vn 0.000000 0.000000 -1.000000
vn 0.000000 0.000000 -1.000000
vn 0.000000 0.000000 -1.000000
vn 1.000000 0.000000 0.000000
vn 1.000000 0.000000 0.000000
vn 1.000000 0.000000 0.000000
vn 1.000000 0.000000 0.000000
vn 0.000000 1.000000 0.000000
vn 0.000000 1.000000 0.000000
vn 0.000000 1.000000 0.000000
vn 0.000000 1.000000 0.000000
vn 0.000000 -1.000000 0.000000
vn 0.000000 -1.000000 0.000000
vn 0.000000 -1.000000 0.000000
vn 0.000000 -1.000000 0.000000
vn 0.000000 0.000000 1.000000
vn 0.000000 0.000000 1.000000
vn 0.000000 0.000000 1.000000
vn 0.000000 0.000000 1.000000
vn -1.000000 0.000000 0.000000
vn -1.000000 0.000000 0.000000
vn -1.000000 0.000000 0.000000
vn -1.000000 0.000000 0.000000
vn 0.000000 0.000000 -1.000000
vn 0.000000 0.000000 -1.000000
vn 0.000000 0.000000 -1.000000
vn 0.000000 0.000000 -1.000000
vn 1.000000 0.000000 0.000000
vn 1.000000 0.000000 0.000000
vn 1.000000 0.000000 0.000000
vn 1.000000 0.000000 0.000000
vn 0.000000 1.000000 0.000000
vn 0.000000 1.000000 0.000000
vn 0.000000 1.000000 0.000000
vn 0.000000 1.000000 0.000000
vn 0.000000 -1.000000 0.000000
vn 0.000000 -1.000000 0.000000
vn 0.000000 -1.000000 0.000000
vn 0.000000 -1.000000 0.000000
vn 0.000000 0.000000 1.000000
vn 0.000000 0.000000 1.000000
vn 0.000000 0.000000 1.000000
vn 0.000000 0.000000 1.000000
vn -1.000000 0.000000 0.000000
vn -1.000000 0.000000 0.000000
vn -1.000000 0.000000 0.000000
vn -1.000000 0.000000 0.000000
vn 0.000000 0.000000 -1.000000
vn 0.000000 0.000000 -1.000000
vn 0.000000 0.000000 -1.000000
vn 0.000000 0.000000 -1.000000
vn 1.000000 0.000000 0.000000
vn 1.000000 0.000000 0.000000
vn 1.000000 0.000000 0.000000
vn 1.000000 0.000000 0.000000
vn 0.000000 1.000000 0.000000
vn 0.000000 1.000000 0.000000
vn 0.000000 1.000000 0.000000
vn 0.000000 1.000000 0.000000
vn 0.000000 -1.000000 0.000000
vn 0.000000 -1.000000 0.000000
vn 0.000000 -1.000000 0.000000
vn 0.000000 -1.000000 0.000000
vn 0.000000 0.000000 1.000000
vn 0.000000 0.000000 1.000000
vn 0.000000 0.000000 1.000000
vn 0.000000 0.000000 1.000000
vn -1.000000 0.000000 0.000000
vn -1.000000 0.000000 0.000000
vn -1.000000 0.000000 0.000000
vn -1.000000 0.000000 0.000000
vn 0.000000 0.000000 -1.000000
vn 0.000000 0.000000 -1.000000
vn 0.000000 0.000000 -1.000000
vn 0.000000 0.000000 -1.000000
vn 1.000000 0.000000 0.000000
vn 1.000000 0.000000 0.000000
vn 1.000000 0.000000 0.000000
vn 1.000000 0.000000 0.000000
vn 0.000000 1.000000 0.000000
vn 0.000000 1.000000 0.000000
vn 0.000000 1.000000 0.000000
vn 0.000000 1.000000 0.000000
vn 0.000000 -1.000000 0.000000
vn 0.000000 -1.000000 0.000000
vn 0.000000 -1.000000 0.000000
vn 0.000000 -1.000000 0.000000
vn 0.000000 0.000000 1.000000
vn 0.000000 0.000000 1.000000
vn 0.000000 0.000000 1.000000
vn 0.000000 0.000000 1.000000
vn -1.000000 0.000000 0.000000
vn -1.000000 0.000000 0.000000
vn -1.000000 0.000000 0.000000
vn -1.000000 0.000000 0.000000
vn 0.000000 0.000000 -1.000000
vn 0.000000 0.000000 -1.000000
vn 0.000000 0.000000 -1.000000
vn 0.000000 0.000000 -1.000000
vn 1.000000 0.000000 0.000000
vn 1.000000 0.000000 0.000000
vn 1.000000 0.000000 0.000000
vn 1.000000 0.000000 0.000000
vn 0.000000 1.000000 0.000000
vn 0.000000 1.000000 0.000000
vn 0.000000 1.000000 0.000000
vn 0.000000 1.000000 0.000000
vn 0.000000 -1.000000 0.000000
vn 0.000000 -1.000000 0.000000
vn 0.000000 -1.000000 0.000000
vn 0.000000 -1.000000 0.000000
vn 0.000000 0.000000 1.000000
vn 0.000000 0.000000 1.000000
vn 0.000000 0.000000 1.000000
vn 0.000000 0.000000 1.000000
vn -1.000000 0.000000 0.000000
vn -1.000000 0.000000 0.000000
vn -1.000000 0.000000 0.000000
vn -1.000000 0.000000 0.000000
vn 0.000000 0.000000 -1.000000
vn 0.000000 0.000000 -1.000000
vn 0.000000 0.000000 -1.000000
vn 0.000000 0.000000 -1.000000
vn 1.000000 0.000000 0.000000
vn 1.000000 0.000000 0.000000
vn 1.000000 0.000000 0.000000
vn 1.000000 0.000000 0.000000
vn 0.000000 1.000000 0.000000
vn 0.000000 1.000000 0.000000
vn 0.000000 1.000000 0.000000
vn 0.000000 1.000000 0.000000
vn 0.000000 -1.000000 0.000000
vn 0.000000 -1.000000 0.000000
vn 0.000000 -1.000000 0.000000
vn 0.000000 -1.000000 0.000000
vn 0.000000 0.000000 1.000000
vn 0.000000 0.000000 1.000000
vn 0.000000 0.000000 1.000000
vn 0.000000 0.000000 1.000000
vn -1.000000 0.000000 0.000000
vn -1.000000 0.000000 0.000000
vn -1.000000 0.000000 0.000000
vn -1.000000 0.000000 0.000000
vn 0.000000 0.000000 -1.000000
vn 0.000000 0.000000 -1.000000
vn 0.000000 0.000000 -1.000000
vn 0.000000 0.000000 -1.000000
vn 1.000000 0.000000 0.000000
vn 1.000000 0.000000 0.000000
vn 1.000000 0.000000 0.000000
vn 1.000000 0.000000 0.000000
vn 0.000000 1.000000 0.000000
vn 0.000000 1.000000 0.000000
vn 0.000000 1.000000 0.000000
vn 0.000000 1.000000 0.000000
vn 0.000000 -1.000000 0.000000
vn 0.000000 -1.000000 0.000000
vn 0.000000 -1.000000 0.000000
vn 0.000000 -1.000000 0.000000
vn 0.000000 0.000000 1.000000
vn 0.000000 0.000000 1.000000
vn 0.000000 0.000000 1.000000
vn 0.000000 0.000000 1.000000
vn -1.000000 0.000000 0.000000
vn -1.000000 0.000000 0.000000
vn -1.000000 0.000000 0.000000
vn -1.000000 0.000000 0.000000
vn 0.000000 0.000000 -1.000000
vn 0.000000 0.000000 -1.000000
vn 0.000000 0.000000 -1.000000
vn 0.000000 0.000000 -1.000000
vn 1.000000 0.000000 0.000000
vn 1.000000 0.000000 0.000000
vn 1.000000 0.000000 0.000000
vn 1.000000 0.000000 0.000000
vn 0.000000 1.000000 0.000000
vn 0.000000 1.000000 0.000000
vn 0.000000 1.000000 0.000000
vn 0.000000 1.000000 0.000000
vn 0.000000 -1.000000 0.000000
vn 0.000000 -1.000000 0.000000
vn 0.000000 -1.000000 0.000000
vn 0.000000 -1.000000 0.000000
vn 0.000000 0.000000 1.000000
vn 0.000000 0.000000 1.000000
vn 0.000000 0.000000 1.000000
vn 0.000000 0.000000 1.000000
vn -1.000000 0.000000 0.000000
vn -1.000000 0.000000 0.000000
vn -1.000000 0.000000 0.000000
vn -1.000000 0.000000 0.000000
vn 0.000000 0.000000 -1.000000
vn 0.000000 0.000000 -1.000000
vn 0.000000 0.000000 -1.000000
vn 0.000000 0.000000 -1.000000
vn 1.000000 0.000000 0.000000
vn 1.000000 0.000000 0.000000
vn 1.000000 0.000000 0.000000
vn 1.000000 0.000000 0.000000
vn 0.000000 1.000000 0.000000
vn 0.000000 1.000000 0.000000
vn 0.000000 1.000000 0.000000
vn 0.000000 1.000000 0.000000
vn 0.000000 -1.000000 0.000000
vn 0.000000 -1.000000 0.000000
vn 0.000000 -1.000000 0.000000
vn 0.000000 -1.000000 0.000000
vn 0.000000 1.000000 0.000002
vn 0.000000 1.000000 0.000000
vn 0.000000 1.000000 0.000014
vn 0.000000 1.000000 0.000007
vn 0.000000 1.000000 0.000014
vn 0.000000 1.000000 0.000022
vn 0.000000 1.000000 0.000010
vn 0.000000 1.000000 0.000007
vn 0.000000 1.000000 0.000010
vn 0.000000 1.000000 -0.000022
vn 0.000000 1.000000 -0.000012
vn 0.000000 1.000000 0.000007
vn 0.000000 1.000000 -0.000012
vn 0.000000 1.000000 0.000005
vn 0.000000 1.000000 0.000002
vn 0.000000 1.000000 0.000007
vn 0.000000 1.000000 -0.000012
vn 0.000000 1.000000 -0.000022
vn 0.000000 1.000000 -0.000006
vn 0.000000 1.000000 -0.000009
vn 0.000000 1.000000 -0.000006
vn 0.000000 1.000000 0.000000
vn 0.000000 1.000000 -0.000034
vn 0.000000 1.000000 -0.000009
vn 0.000000 1.000000 -0.000034
vn 0.000000 1.000000 -0.000014
vn 0.000000 1.000000 -0.000003
vn 0.000000 1.000000 -0.000009
vn 0.000000 1.000000 -0.000003
vn 0.000000 1.000000 0.000005
vn 0.000000 1.000000 -0.000012
vn 0.000000 1.000000 -0.000009
vn 0.000000 1.000000 -0.000003
vn 0.000000 1.000000 -0.000014
vn 0.000000 1.000000 -0.000011
vn 0.000000 1.000000 0.000013
vn 0.000000 1.000000 -0.000011
vn 0.000000 1.000000 -0.000025
vn 0.000000 1.000000 -0.000006
vn 0.000000 1.000000 0.000013
vn 0.000000 1.000000 -0.000006
vn 0.000000 1.000000 0.000023
vn 0.000000 1.000000 0.000020
vn 0.000000 1.000000 0.000013
vn 0.000000 1.000000 0.000020
vn 0.000000 1.000000 0.000005
vn 0.000000 1.000000 -0.000003
vn 0.000000 1.000000 0.000013
vn 0.000000 1.000000 0.000020
vn 0.000000 1.000000 0.000023
vn 0.000000 1.000000 0.000000
vn 0.000000 1.000000 0.000000
vn 0.000000 1.000000 0.000000
vn 0.000000 1.000000 0.000000
vn 0.000000 1.000000 0.000000
vn 0.000000 1.000000 0.000000
vn 0.000000 1.000000 0.000000
vn 0.000000 1.000000 0.000000
vn 0.000000 1.000000 0.000002
vn 0.000000 1.000000 0.000000
vn 0.000000 1.000000 0.000002
vn 0.000000 1.000000 0.000005
vn 0.000000 1.000000 0.000020
vn 0.000000 1.000000 0.000000
vn 0.000000 1.000000 0.000017
vn 0.000000 1.000000 0.000023
vn 0.000000 1.000000 -0.000006
vn 0.000000 1.000000 0.000004
vn 0.000000 1.000000 -0.000006
vn 0.000000 1.000000 -0.000025
vn 0.000000 1.000000 -0.000022
vn 0.000000 1.000000 0.000004
vn 0.000000 1.000000 -0.000022
vn 0.000000 1.000000 -0.000018
vn 0.000000 1.000000 -0.000002
vn 0.000000 1.000000 0.000004
vn 0.000000 1.000000 -0.000002
vn 0.000000 1.000000 0.000009
vn 0.000000 1.000000 0.000017
vn 0.000000 1.000000 0.000004
vn 0.000000 1.000000 -0.000002
vn 0.000000 1.000000 -0.000018
vn 0.000000 1.000000 -0.000023
vn 0.000000 1.000000 0.000001
vn 0.000000 1.000000 -0.000023
vn 0.000000 1.000000 0.000015
vn 0.000000 1.000000 0.000003
vn 0.000000 1.000000 0.000001
vn 0.000000 1.000000 0.000003
vn 0.000000 1.000000 -0.000012
vn 0.000000 1.000000 -0.000003
vn 0.000000 1.000000 0.000001
vn 0.000000 1.000000 -0.000003
vn 0.000000 1.000000 0.000009
vn 0.000000 1.000000 -0.000002
vn 0.000000 1.000000 0.000001
vn 0.000000 1.000000 -0.000003
vn 0.000000 1.000000 -0.000012
vn 0.000000 1.000000 0.000009
vn 0.000000 1.000000 0.000006
vn 0.000000 1.000000 0.000009
vn 0.000000 1.000000 -0.000000
vn 0.000000 1.000000 -0.000002
vn 0.000000 1.000000 0.000006
vn 0.000000 1.000000 -0.000002
vn 0.000000 1.000000 -0.000005
vn 0.000000 1.000000 0.000004
vn 0.000000 1.000000 0.000006
vn 0.000000 1.000000 0.000004
vn 0.000000 1.000000 0.000009
vn 0.000000 1.000000 -0.000003
vn 0.000000 1.000000 0.000006
vn 0.000000 1.000000 0.000004
vn 0.000000 1.000000 -0.000005
vn 0.000000 1.000000 0.000000
vn 0.000000 1.000000 0.000000
vn 0.000000 1.000000 0.000000
vn 0.000000 1.000000 0.000000
vn 0.000000 1.000000 0.000000
vn 0.000000 1.000000 0.000000
vn 0.000000 1.000000 0.000000
vn 0.000000 1.000000 0.000023
vn 0.000000 1.000000 0.000017
vn 0.000000 1.000000 0.000000
vn 0.000000 1.000000 0.000017
vn 0.000000 1.000000 0.000009
vn 0.000000 1.000000 0.000004
vn 0.000000 1.000000 0.000000
vn 0.000000 1.000000 -0.000006
vn 0.000000 1.000000 -0.000005
vn 0.000000 1.000000 -0.000002
vn 0.000000 1.000000 -0.000016
vn 0.000000 1.000000 -0.000002
vn 0.000000 1.000000 -0.000000
vn 0.000000 1.000000 -0.000017
vn 0.000000 1.000000 -0.000016
vn 0.000000 1.000000 -0.000017
vn 0.000000 1.000000 0.000010
vn 0.000000 1.000000 0.000010
vn 0.000000 1.000000 -0.000016
vn 0.000000 1.000000 0.000010
vn 0.000000 1.000000 0.000000
vn 0.000000 1.000000 -0.000006
vn 0.000000 1.000000 -0.000016
vn 0.000000 1.000000 0.000010
vn 0.000000 1.000000 0.000010
vn 0.000000 1.000000 0.000026
vn 0.000000 1.000000 0.000011
vn 0.000000 1.000000 0.000026
vn 0.000000 1.000000 0.000000
vn 0.000000 1.000000 0.000026
vn 0.000000 1.000000 0.000011
vn 0.000000 1.000000 0.000026
vn 0.000000 1.000000 0.000010
vn 0.000000 1.000000 0.000010
vn 0.000000 1.000000 0.000011
vn 0.000000 1.000000 0.000010
vn 0.000000 1.000000 0.000000
vn 0.000000 1.000000 0.000010
vn 0.000000 1.000000 0.000011
vn 0.000000 1.000000 0.000010
vn 0.000000 1.000000 0.000010
vn 0.000000 1.000000 0.000000
vn 0.000000 1.000000 -0.000010
vn 0.000000 1.000000 0.000000
vn 0.000000 1.000000 0.000022
vn 0.000000 1.000000 0.000014
vn 0.000000 1.000000 -0.000010
vn 0.000000 1.000000 0.000014
vn 0.000000 1.000000 0.000000
vn 0.000000 1.000000 -0.000006
vn 0.000000 1.000000 -0.000010
vn 0.000000 1.000000 -0.000006
vn 0.000000 1.000000 0.000000
vn 0.000000 1.000000 0.000010
vn 0.000000 1.000000 -0.000010
vn 0.000000 1.000000 -0.000006
vn 0.000000 1.000000 0.000000
vn 0.000000 1.000000 0.000000
vn 0.000000 1.000000 0.000000
vn 0.000000 1.000000 0.000000
vn 0.000000 1.000000 0.000000
vn 0.000000 1.000000 0.000000
vn 0.000000 1.000000 0.000000
vn 0.000000 1.000000 0.000000
vn 0.000000 1.000000 -0.000005
vn 0.000000 1.000000 -0.000006
vn 0.000000 1.000000 0.000000
vn 0.000000 1.000000 -0.000006
vn 0.000000 1.000000 0.000000
vn 0.000000 1.000000 -0.000006
vn 0.000000 1.000000 0.000000
vn 0.000000 -1.000000 0.000000
vn 0.000000 -1.000000 -0.000000
vn 0.000000 -1.000000 0.000000
vn 0.000000 -1.000000 0.000000
vn 0.000000 -1.000000 0.000000
vn 0.000000 -1.000000 -0.000000
vn 0.000000 -1.000000 -0.000000
vn 0.000000 -1.000000 0.000000
vn 0.000000 -1.000000 -0.000000
vn 0.000000 -1.000000 -0.000000
vn 0.000000 -1.000000 0.000000
vn 0.000000 -1.000000 -0.000000
vn 0.000000 -1.000000 0.000000
vn 0.000000 -1.000000 -0.000000
vn 0.000000 -1.000000 0.000000
vn 0.000000 -1.000000 0.000000
vn 0.000000 -1.000000 0.000000
vn 0.000000 -1.000000 0.000000
vn 0.000000 -1.000000 0.000001
vn 0.000000 -1.000000 -0.000000
vn 0.000000 -1.000000 0.000001
vn 0.000000 -1.000000 0.000000
vn 0.000000 -1.000000 -0.000001
vn 0.000000 -1.000000 0.000000
vn 0.000000 -1.000000 -0.000001
vn 0.000000 -1.000000 0.000000
vn 0.000000 -1.000000 -0.000000
vn 0.000000 -1.000000 -0.000000
vn 0.000000 -1.000000 -0.000000
vn 0.000000 -1.000000 0.000000
vn 0.000000 -1.000000 0.000000
vn 0.000000 -1.000000 0.000000
vn 0.000000 -1.000000 -0.000000
vn 0.000000 -1.000000 -0.000000
vn 0.000000 -1.000000 -0.000000
vn 0.000000 -1.000000 -0.000000
vn 0.000000 -1.000000 -0.000000
vn 0.000000 -1.000000 -0.000000
vn 0.000000 -1.000000 0.000000
vn 0.000000 -1.000000 0.000000
vn 0.000000 -1.000000 0.000000
vn 0.000000 -1.000000 -0.000000
vn 0.000000 -1.000000 0.000000
vn 0.000000 -1.000000 0.000000
vn 0.000000 -1.000000 0.000000
vn 0.000000 -1.000000 -0.000000
vn 0.000000 -1.000000 -0.000000
vn 0.000000 -1.000000 0.000000
vn 0.000000 -1.000000 0.000000
vn 0.000000 -1.000000 0.000000
vn 0.000000 -1.000000 0.000000
vn 0.000000 -1.000000 0.000000
vn 0.000000 -1.000000 0.000000
vn 0.000000 -1.000000 0.000000
vn 0.000000 -1.000000 0.000000
vn 0.000000 -1.000000 0.000000
vn 0.000000 -1.000000 0.000000
vn 0.000000 -1.000000 0.000000
vn 0.000000 -1.000000 0.000000
vn 0.000000 -1.000000 0.000000
vn 0.000000 -1.000000 0.000000
vn 0.000000 -1.000000 0.000000
vn 0.000000 -1.000000 0.000000
vn 0.000000 -1.000000 0.000000
vn 0.000000 -1.000000 -0.000000
vn 0.000000 -1.000000 -0.000000
vn 0.000000 -1.000000 0.000000
vn 0.000000 -1.000000 0.000000
vn 0.000000 -1.000000 0.000000
vn 0.000000 -1.000000 -0.000000
vn 0.000000 -1.000000 0.000000
vn 0.000000 -1.000000 0.000000
vn 0.000000 -1.000000 0.000000
vn 0.000000 -1.000000 -0.000000
vn 0.000000 -1.000000 -0.000000
vn 0.000000 -1.000000 -0.000000
vn 0.000000 -1.000000 -0.000000
vn 0.000000 -1.000000 -0.000000
vn 0.000000 -1.000000 -0.000000
vn 0.000000 -1.000000 -0.000000
vn 0.000000 -1.000000 -0.000000
vn 0.000000 -1.000000 -0.000000
vn 0.000000 -1.000000 -0.000001
vn 0.000000 -1.000000 -0.000000
vn 0.000000 -1.000000 -0.000001
vn 0.000000 -1.000000 -0.000000
vn 0.000000 -1.000000 0.000000
vn 0.000000 -1.000000 0.000000
vn 0.000000 -1.000000 0.000000
vn 0.000000 -1.000000 -0.000000
vn 0.000000 -1.000000 -0.000000
vn 0.000000 -1.000000 -0.000000
vn 0.000000 -1.000000 -0.000000
vn 0.000000 -1.000000 -0.000000
vn 0.000000 -1.000000 -0.000000
vn 0.000000 -1.000000 -0.000000
vn 0.000000 -1.000000 -0.000000
vn 0.000000 -1.000000 -0.000000
vn 0.000000 -1.000000 -0.000000
vn 0.000000 -1.000000 -0.000000
vn 0.000000 -1.000000 -0.000000
vn 0.000000 -1.000000 -0.000000
vn 0.000000 -1.000000 0.000000
vn 0.000000 -1.000000 0.000000
vn 0.000000 -1.000000 0.000000
vn 0.000000 -1.000000 -0.000000
vn 0.000000 -1.000000 0.000000
vn 0.000000 -1.000000 0.000000
vn 0.000000 -1.000000 0.000000
vn 0.000000 -1.000000 -0.000000
vn 0.000000 -1.000000 -0.000000
vn 0.000000 -1.000000 -0.000000
vn 0.000000 -1.000000 0.000000
vn 0.000000 -1.000000 0.000000
vn 0.000000 -1.000000 0.000000
vn 0.000000 -1.000000 0.000000
vn 0.000000 -1.000000 0.000000
vn 0.000000 -1.000000 0.000000
vn 0.000000 -1.000000 0.000000
vn 0.000000 -1.000000 0.000000
vn 0.000000 -1.000000 0.000000
vn 0.000000 -1.000000 0.000000
vn 0.000000 -1.000000 -0.000000
vn 0.000000 -1.000000 0.000000
vn 0.000000 -1.000000 -0.000000
vn 0.000000 -1.000000 0.000000
vn 0.000000 -1.000000 0.000000
vn 0.000000 -1.000000 -0.000000
vn 0.000000 -1.000000 0.000000
vn 0.000000 -1.000000 0.000000
vn 0.000000 -1.000000 0.000000
vn 0.000000 -1.000000 0.000000
vn 0.000000 -1.000000 0.000000
vn 0.000000 -1.000000 0.000000
vn 0.000000 -1.000000 0.000000
vn 0.000000 -1.000000 0.000000
vn 0.000000 -1.000000 0.000000
vn 0.000000 -1.000000 0.000000
vn 0.000000 -1.000000 0.000000
vn 0.000000 -1.000000 0.000000
vn 0.000000 -1.000000 0.000000
vn 0.000000 -1.000000 0.000000
vn 0.000000 -1.000000 0.000000
vn 0.000000 -1.000000 0.000000
vn 0.000000 -1.000000 0.000000
vn 0.000000 -1.000000 0.000000
vn 0.000000 -1.000000 0.000000
vn 0.000000 -1.000000 0.000000
vn 0.000000 -1.000000 0.000000
vn 0.000000 -1.000000 0.000000
vn 0.000000 -1.000000 0.000000
vn 0.000000 -1.000000 0.000000
vn 0.000000 -1.000000 0.000000
vn 0.000000 -1.000000 0.000000
vn 0.000000 -1.000000 0.000000
vn 0.000000 -1.000000 0.000000
vn 0.000000 -1.000000 0.000000
vn 0.000000 -1.000000 0.000000
vn 0.000000 -1.000000 0.000000
vn 0.000000 -1.000000 0.000000
vn 0.000000 -1.000000 0.000000
vn 0.000000 -1.000000 0.000000
vn 0.000000 -1.000000 0.000000
vn 0.000000 -1.000000 0.000000
vn 0.000000 -1.000000 0.000000
vn 0.000000 -1.000000 0.000000
vn 0.000000 -1.000000 0.000000
vn 0.000000 -1.000000 0.000000
vn 0.000000 -1.000000 0.000000
vn 0.000000 -1.000000 0.000000
vn 0.000000 -1.000000 0.000000
vn 0.000000 -1.000000 0.000000
vn 0.000000 -1.000000 0.000000
vn 0.000000 -1.000000 0.000000
vn 0.000000 -1.000000 0.000000
vn 0.000000 -1.000000 0.000000
vn 0.000000 -1.000000 0.000000
vn 0.000000 -1.000000 0.000000
vn 0.000000 -1.000000 0.000000
vn 0.000000 -1.000000 0.000000
vn 0.000000 -1.000000 0.000000
vn 0.000000 -1.000000 0.000000
vn 0.000000 -1.000000 0.000000
vn 0.000000 -1.000000 0.000000
vn 0.000000 -1.000000 0.000000
vn 0.000000 -1.000000 0.000000
vn 0.000000 -1.000000 0.000000
vn 0.000000 -1.000000 0.000000
vn 0.000000 -1.000000 0.000000
vn 0.000000 -1.000000 0.000000
vn 0.000000 -1.000000 0.000000
vn 0.000000 -1.000000 0.000000
vn -0.923880 0.000000 -0.382683
vn -0.923880 0.000000 -0.382683
vn -0.923880 0.000000 -0.382683
vn -0.923880 0.000000 -0.382683
vn -0.991445 0.000000 -0.130526
vn -0.991445 0.000000 -0.130526
vn -0.991445 0.000000 -0.130526
vn -0.991445 0.000000 -0.130526
vn -0.991446 0.000000 0.130521
vn -0.991446 0.000000 0.130521
vn -0.991446 0.000000 0.130521
vn -0.991446 0.000000 0.130521
vn -0.923874 0.000000 0.382696
vn -0.923874 0.000000 0.382696
vn -0.923874 0.000000 0.382696
vn -0.923874 0.000000 0.382696
vn -0.793360 0.000000 0.608753
vn -0.793360 0.000000 0.608753
vn -0.793360 0.000000 0.608753
vn -0.793360 0.000000 0.608753
vn -0.608762 0.000000 0.793353
vn -0.608762 0.000000 0.793353
vn -0.608762 0.000000 0.793353
vn -0.608762 0.000000 0.793353
vn -0.382679 0.000000 0.923882
vn -0.382679 0.000000 0.923882
vn -0.382679 0.000000 0.923882
vn -0.382679 0.000000 0.923882
vn -0.130553 0.000000 0.991441
vn -0.130553 0.000000 0.991441
vn -0.130553 0.000000 0.991441
vn -0.130553 0.000000 0.991441
vn 0.130553 0.000000 0.991441
vn 0.130553 0.000000 0.991441
vn 0.130553 0.000000 0.991441
vn 0.130553 0.000000 0.991441
vn 0.382679 0.000000 0.923882
vn 0.382679 0.000000 0.923882
vn 0.382679 0.000000 0.923882
vn 0.382679 0.000000 0.923882
vn 0.608762 0.000000 0.793353
vn 0.608762 0.000000 0.793353
vn 0.608762 0.000000 0.793353
vn 0.608762 0.000000 0.793353
vn 0.793360 0.000000 0.608753
vn 0.793360 0.000000 0.608753
vn 0.793360 0.000000 0.608753
vn 0.793360 0.000000 0.608753
vn 0.923874 0.000000 0.382696
vn 0.923874 0.000000 0.382696
vn 0.923874 0.000000 0.382696
vn 0.923874 0.000000 0.382696
vn 0.991446 0.000000 0.130521
vn 0.991446 0.000000 0.130521
vn 0.991446 0.000000 0.130521
vn 0.991446 0.000000 0.130521
vn 0.991445 0.000000 -0.130526
vn 0.991445 0.000000 -0.130526
vn 0.991445 0.000000 -0.130526
vn 0.991445 0.000000 -0.130526
vn 0.923880 0.000000 -0.382683
vn 0.923880 0.000000 -0.382683
vn 0.923880 0.000000 -0.382683
vn 0.923880 0.000000 -0.382683
vn 0.793360 0.000000 -0.608753
vn 0.793360 0.000000 -0.608753
vn 0.793360 0.000000 -0.608753
vn 0.793360 0.000000 -0.608753
vn 0.608762 0.000000 -0.793353
vn 0.608762 0.000000 -0.793353
vn 0.608762 0.000000 -0.793353
vn 0.608762 0.000000 -0.793353
vn 0.382679 0.000000 -0.923882
vn 0.382679 0.000000 -0.923882
vn 0.382679 0.000000 -0.923882
vn 0.382679 0.000000 -0.923882
vn 0.130515 0.000000 -0.991446
vn 0.130515 0.000000 -0.991446
vn 0.130515 0.000000 -0.991446
vn 0.130515 0.000000 -0.991446
vn -0.130515 0.000000 -0.991446
vn -0.130515 0.000000 -0.991446
vn -0.130515 0.000000 -0.991446
vn -0.130515 0.000000 -0.991446
vn -0.382679 0.000000 -0.923882
vn -0.382679 0.000000 -0.923882
vn -0.382679 0.000000 -0.923882
vn -0.382679 0.000000 -0.923882
vn -0.608762 0.000000 -0.793353
vn -0.608762 0.000000 -0.793353
vn -0.608762 0.000000 -0.793353
vn -0.608762 0.000000 -0.793353
vn -0.793360 0.000000 -0.608753
vn -0.793360 0.000000 -0.608753
vn -0.793360 0.000000 -0.608753
vn -0.793360 0.000000 -0.608753
vn 0.000000 1.000000 0.000002
vn 0.000000 1.000000 -0.000000
vn 0.000000 1.000000 0.000014
vn 0.000000 1.000000 0.000007
vn 0.000000 1.000000 0.000014
vn 0.000000 1.000000 0.000022
vn 0.000000 1.000000 0.000010
vn 0.000000 1.000000 0.000007
vn 0.000000 1.000000 0.000010
vn 0.000000 1.000000 -0.000022
vn 0.000000 1.000000 -0.000012
vn 0.000000 1.000000 0.000007
vn 0.000000 1.000000 -0.000012
vn 0.000000 1.000000 0.000005
vn 0.000000 1.000000 0.000002
vn 0.000000 1.000000 0.000007
vn 0.000000 1.000000 -0.000012
vn 0.000000 1.000000 -0.000022
vn 0.000000 1.000000 -0.000006
vn 0.000000 1.000000 -0.000009
vn 0.000000 1.000000 -0.000006
vn 0.000000 1.000000 0.000000
vn 0.000000 1.000000 -0.000034
vn 0.000000 1.000000 -0.000009
vn 0.000000 1.000000 -0.000034
vn 0.000000 1.000000 -0.000014
vn 0.000000 1.000000 -0.000003
vn 0.000000 1.000000 -0.000009
vn 0.000000 1.000000 -0.000003
vn 0.000000 1.000000 0.000005
vn 0.000000 1.000000 -0.000012
vn 0.000000 1.000000 -0.000009
vn 0.000000 1.000000 -0.000003
vn 0.000000 1.000000 -0.000014
vn 0.000000 1.000000 -0.000011
vn 0.000000 1.000000 0.000013
vn 0.000000 1.000000 -0.000011
vn 0.000000 1.000000 -0.000025
vn 0.000000 1.000000 -0.000006
vn 0.000000 1.000000 0.000013
vn 0.000000 1.000000 -0.000006
vn 0.000000 1.000000 0.000023
vn 0.000000 1.000000 0.000020
vn 0.000000 1.000000 0.000013
vn 0.000000 1.000000 0.000020
vn 0.000000 1.000000 0.000005
vn 0.000000 1.000000 -0.000003
vn 0.000000 1.000000 0.000013
vn 0.000000 1.000000 0.000020
vn 0.000000 1.000000 0.000023
vn 0.000000 1.000000 0.000000
vn 0.000000 1.000000 0.000000
vn 0.000000 1.000000 0.000000
vn 0.000000 1.000000 0.000000
vn 0.000000 1.000000 0.000000
vn 0.000000 1.000000 0.000000
vn 0.000000 1.000000 0.000000
vn 0.000000 1.000000 -0.000000
vn 0.000000 1.000000 0.000002
vn 0.000000 1.000000 0.000000
vn 0.000000 1.000000 0.000002
vn 0.000000 1.000000 0.000005
vn 0.000000 1.000000 0.000020
vn 0.000000 1.000000 0.000000
vn 0.000000 1.000000 0.000017
vn 0.000000 1.000000 0.000023
vn 0.000000 1.000000 -0.000006
vn 0.000000 1.000000 0.000004
vn 0.000000 1.000000 -0.000006
vn 0.000000 1.000000 -0.000025
vn 0.000000 1.000000 -0.000022
vn 0.000000 1.000000 0.000004
vn 0.000000 1.000000 -0.000022
vn 0.000000 1.000000 -0.000018
vn 0.000000 1.000000 -0.000002
vn 0.000000 1.000000 0.000004
vn 0.000000 1.000000 -0.000002
vn 0.000000 1.000000 0.000009
vn 0.000000 1.000000 0.000017
vn 0.000000 1.000000 0.000004
vn 0.000000 1.000000 -0.000002
vn 0.000000 1.000000 -0.000018
vn 0.000000 1.000000 -0.000023
vn 0.000000 1.000000 0.000001
vn 0.000000 1.000000 -0.000023
vn 0.000000 1.000000 0.000015
vn 0.000000 1.000000 0.000003
vn 0.000000 1.000000 0.000001
vn 0.000000 1.000000 0.000003
vn 0.000000 1.000000 -0.000012
vn 0.000000 1.000000 -0.000003
vn 0.000000 1.000000 0.000001
vn 0.000000 1.000000 -0.000003
vn 0.000000 1.000000 0.000009
vn 0.000000 1.000000 -0.000002
vn 0.000000 1.000000 0.000001
vn 0.000000 1.000000 -0.000003
vn 0.000000 1.000000 -0.000012
vn 0.000000 1.000000 0.000009
vn 0.000000 1.000000 0.000006
vn 0.000000 1.000000 0.000009
vn 0.000000 1.000000 -0.000000
vn 0.000000 1.000000 -0.000002
vn 0.000000 1.000000 0.000006
vn 0.000000 1.000000 -0.000002
vn 0.000000 1.000000 -0.000005
vn 0.000000 1.000000 0.000004
vn 0.000000 1.000000 0.000006
vn 0.000000 1.000000 0.000004
vn 0.000000 1.000000 0.000009
vn 0.000000 1.000000 -0.000003
vn 0.000000 1.000000 0.000006
vn 0.000000 1.000000 0.000004
vn 0.000000 1.000000 -0.000005
vn 0.000000 1.000000 0.000000
vn 0.000000 1.000000 0.000000
vn 0.000000 1.000000 0.000000
vn 0.000000 1.000000 0.000000
vn 0.000000 1.000000 0.000000
vn 0.000000 1.000000 0.000000
vn 0.000000 1.000000 0.000000
vn 0.000000 1.000000 0.000023
vn 0.000000 1.000000 0.000017
vn 0.000000 1.000000 0.000000
vn 0.000000 1.000000 0.000017
vn 0.000000 1.000000 0.000009
vn 0.000000 1.000000 0.000004
vn 0.000000 1.000000 0.000000
vn 0.000000 1.000000 -0.000006
vn 0.000000 1.000000 -0.000005
vn 0.000000 1.000000 -0.000002
vn 0.000000 1.000000 -0.000016
vn 0.000000 1.000000 -0.000002
vn 0.000000 1.000000 -0.000000
vn 0.000000 1.000000 -0.000017
vn 0.000000 1.000000 -0.000016
vn 0.000000 1.000000 -0.000017
vn 0.000000 1.000000 0.000010
vn 0.000000 1.000000 0.000010
vn 0.000000 1.000000 -0.000016
vn 0.000000 1.000000 0.000010
vn 0.000000 1.000000 0.000000
vn 0.000000 1.000000 -0.000006
vn 0.000000 1.000000 -0.000016
vn 0.000000 1.000000 0.000010
vn 0.000000 1.000000 0.000010
vn 0.000000 1.000000 0.000026
vn 0.000000 1.000000 0.000011
vn 0.000000 1.000000 0.000026
vn 0.000000 1.000000 0.000000
vn 0.000000 1.000000 0.000026
vn 0.000000 1.000000 0.000011
vn 0.000000 1.000000 0.000026
vn 0.000000 1.000000 0.000010
vn 0.000000 1.000000 0.000010
vn 0.000000 1.000000 0.000011
vn 0.000000 1.000000 0.000010
vn 0.000000 1.000000 0.000000
vn 0.000000 1.000000 0.000010
vn 0.000000 1.000000 0.000011
vn 0.000000 1.000000 0.000010
vn 0.000000 1.000000 0.000010
vn 0.000000 1.000000 0.000000
vn 0.000000 1.000000 -0.000010
vn 0.000000 1.000000 0.000000
vn 0.000000 1.000000 0.000022
vn 0.000000 1.000000 0.000014
vn 0.000000 1.000000 -0.000010
vn 0.000000 1.000000 0.000014
vn 0.000000 1.000000 -0.000000
vn 0.000000 1.000000 -0.000006
vn 0.000000 1.000000 -0.000010
vn 0.000000 1.000000 -0.000006
vn 0.000000 1.000000 0.000000
vn 0.000000 1.000000 0.000010
vn 0.000000 1.000000 -0.000010
vn 0.000000 1.000000 -0.000006
vn 0.000000 1.000000 -0.000000
vn 0.000000 1.000000 0.000000
vn 0.000000 1.000000 0.000000
vn 0.000000 1.000000 0.000000
vn 0.000000 1.000000 0.000000
vn 0.000000 1.000000 0.000000
vn 0.000000 1.000000 0.000000
vn 0.000000 1.000000 0.000000
vn 0.000000 1.000000 -0.000005
vn 0.000000 1.000000 -0.000006
vn 0.000000 1.000000 0.000000
vn 0.000000 1.000000 -0.000006
vn 0.000000 1.000000 0.000000
vn 0.000000 1.000000 -0.000006
vn 0.000000 1.000000 0.000000
vn 0.000000 -1.000000 0.000000
vn 0.000000 -1.000000 -0.000000
vn 0.000000 -1.000000 0.000000
vn 0.000000 -1.000000 0.000000
vn 0.000000 -1.000000 0.000000
vn 0.000000 -1.000000 -0.000000
vn 0.000000 -1.000000 -0.000000
vn 0.000000 -1.000000 0.000000
vn 0.000000 -1.000000 -0.000000
vn 0.000000 -1.000000 -0.000000
vn 0.000000 -1.000000 0.000000
vn 0.000000 -1.000000 -0.000000
vn 0.000000 -1.000000 0.000000
vn 0.000000 -1.000000 -0.000000
vn 0.000000 -1.000000 0.000000
vn 0.000000 -1.000000 0.000000
vn 0.000000 -1.000000 0.000000
vn 0.000000 -1.000000 0.000000
vn 0.000000 -1.000000 0.000001
vn 0.000000 -1.000000 -0.000000
vn 0.000000 -1.000000 0.000001
vn 0.000000 -1.000000 0.000000
vn 0.000000 -1.000000 -0.000001
vn 0.000000 -1.000000 0.000000
vn 0.000000 -1.000000 -0.000001
vn 0.000000 -1.000000 0.000000
vn 0.000000 -1.000000 -0.000000
vn 0.000000 -1.000000 -0.000000
vn 0.000000 -1.000000 -0.000000
vn 0.000000 -1.000000 0.000000
vn 0.000000 -1.000000 0.000000
vn 0.000000 -1.000000 0.000000
vn 0.000000 -1.000000 -0.000000
vn 0.000000 -1.000000 -0.000000
vn 0.000000 -1.000000 -0.000000
vn 0.000000 -1.000000 -0.000000
vn 0.000000 -1.000000 -0.000000
vn 0.000000 -1.000000 -0.000000
vn 0.000000 -1.000000 0.000000
vn 0.000000 -1.000000 0.000000
vn 0.000000 -1.000000 0.000000
vn 0.000000 -1.000000 -0.000000
vn 0.000000 -1.000000 0.000000
vn 0.000000 -1.000000 0.000000
vn 0.000000 -1.000000 0.000000
vn 0.000000 -1.000000 -0.000000
vn 0.000000 -1.000000 -0.000000
vn 0.000000 -1.000000 0.000000
vn 0.000000 -1.000000 0.000000
vn 0.000000 -1.000000 0.000000
vn 0.000000 -1.000000 0.000000
vn 0.000000 -1.000000 0.000000
vn 0.000000 -1.000000 0.000000
vn 0.000000 -1.000000 0.000000
vn 0.000000 -1.000000 0.000000
vn 0.000000 -1.000000 0.000000
vn 0.000000 -1.000000 0.000000
vn 0.000000 -1.000000 0.000000
vn 0.000000 -1.000000 0.000000
vn 0.000000 -1.000000 0.000000
vn 0.000000 -1.000000 0.000000
vn 0.000000 -1.000000 0.000000
vn 0.000000 -1.000000 0.000000
vn 0.000000 -1.000000 0.000000
vn 0.000000 -1.000000 -0.000000
vn 0.000000 -1.000000 -0.000000
vn 0.000000 -1.000000 0.000000
vn 0.000000 -1.000000 0.000000
vn 0.000000 -1.000000 0.000000
vn 0.000000 -1.000000 -0.000000
vn 0.000000 -1.000000 0.000000
vn 0.000000 -1.000000 0.000000
vn 0.000000 -1.000000 0.000000
vn 0.000000 -1.000000 -0.000000
vn 0.000000 -1.000000 -0.000000
vn 0.000000 -1.000000 -0.000000
vn 0.000000 -1.000000 -0.000000
vn 0.000000 -1.000000 -0.000000
vn 0.000000 -1.000000 -0.000000
vn 0.000000 -1.000000 -0.000000
vn 0.000000 -1.000000 -0.000000
vn 0.000000 -1.000000 -0.000000
vn 0.000000 -1.000000 -0.000001
vn 0.000000 -1.000000 -0.000000
vn 0.000000 -1.000000 -0.000001
vn 0.000000 -1.000000 -0.000000
vn 0.000000 -1.000000 0.000000
vn 0.000000 -1.000000 0.000000
vn 0.000000 -1.000000 0.000000
vn 0.000000 -1.000000 -0.000000
vn 0.000000 -1.000000 -0.000000
vn 0.000000 -1.000000 -0.000000
vn 0.000000 -1.000000 -0.000000
vn 0.000000 -1.000000 -0.000000
vn 0.000000 -1.000000 -0.000000
vn 0.000000 -1.000000 -0.000000
vn 0.000000 -1.000000 -0.000000
vn 0.000000 -1.000000 -0.000000
vn 0.000000 -1.000000 -0.000000
vn 0.000000 -1.000000 -0.000000
vn 0.000000 -1.000000 -0.000000
vn 0.000000 -1.000000 -0.000000
vn 0.000000 -1.000000 0.000000
vn 0.000000 -1.000000 0.000000
vn 0.000000 -1.000000 0.000000
vn 0.000000 -1.000000 -0.000000
vn 0.000000 -1.000000 0.000000
vn 0.000000 -1.000000 0.000000
vn 0.000000 -1.000000 0.000000
vn 0.000000 -1.000000 -0.000000
vn 0.000000 -1.000000 -0.000000
vn 0.000000 -1.000000 -0.000000
vn 0.000000 -1.000000 0.000000
vn 0.000000 -1.000000 0.000000
vn 0.000000 -1.000000 0.000000
vn 0.000000 -1.000000 0.000000
vn 0.000000 -1.000000 0.000000
vn 0.000000 -1.000000 0.000000
vn 0.000000 -1.000000 0.000000
vn 0.000000 -1.000000 0.000000
vn 0.000000 -1.000000 0.000000
vn 0.000000 -1.000000 0.000000
vn 0.000000 -1.000000 -0.000000
vn 0.000000 -1.000000 0.000000
vn 0.000000 -1.000000 -0.000000
vn 0.000000 -1.000000 0.000000
vn 0.000000 -1.000000 0.000000
vn 0.000000 -1.000000 -0.000000
vn 0.000000 -1.000000 0.000000
vn 0.000000 -1.000000 0.000000
vn 0.000000 -1.000000 0.000000
vn 0.000000 -1.000000 0.000000
vn 0.000000 -1.000000 0.000000
vn 0.000000 -1.000000 0.000000
vn 0.000000 -1.000000 0.000000
vn 0.000000 -1.000000 0.000000
vn 0.000000 -1.000000 0.000000
vn 0.000000 -1.000000 0.000000
vn 0.000000 -1.000000 0.000000
vn 0.000000 -1.000000 0.000000
vn 0.000000 -1.000000 0.000000
vn 0.000000 -1.000000 0.000000
vn 0.000000 -1.000000 0.000000
vn 0.000000 -1.000000 0.000000
vn 0.000000 -1.000000 0.000000
vn 0.000000 -1.000000 0.000000
vn 0.000000 -1.000000 0.000000
vn 0.000000 -1.000000 0.000000
vn 0.000000 -1.000000 0.000000
vn 0.000000 -1.000000 0.000000
vn 0.000000 -1.000000 0.000000
vn 0.000000 -1.000000 0.000000
vn 0.000000 -1.000000 0.000000
vn 0.000000 -1.000000 0.000000
vn 0.000000 -1.000000 0.000000
vn 0.000000 -1.000000 0.000000
vn 0.000000 -1.000000 0.000000
vn 0.000000 -1.000000 0.000000
vn 0.000000 -1.000000 0.000000
vn 0.000000 -1.000000 0.000000
vn 0.000000 -1.000000 0.000000
vn 0.000000 -1.000000 0.000000
vn 0.000000 -1.000000 0.000000
vn 0.000000 -1.000000 0.000000
vn 0.000000 -1.000000 0.000000
vn 0.000000 -1.000000 0.000000
vn 0.000000 -1.000000 0.000000
vn 0.000000 -1.000000 0.000000
vn 0.000000 -1.000000 0.000000
vn 0.000000 -1.000000 0.000000
vn 0.000000 -1.000000 0.000000
vn 0.000000 -1.000000 0.000000
vn 0.000000 -1.000000 0.000000
vn 0.000000 -1.000000 0.000000
vn 0.000000 -1.000000 0.000000
vn 0.000000 -1.000000 0.000000
vn 0.000000 -1.000000 0.000000
vn 0.000000 -1.000000 0.000000
vn 0.000000 -1.000000 0.000000
vn 0.000000 -1.000000 0.000000
vn 0.000000 -1.000000 0.000000
vn 0.000000 -1.000000 0.000000
vn 0.000000 -1.000000 0.000000
vn 0.000000 -1.000000 0.000000
vn 0.000000 -1.000000 0.000000
vn 0.000000 -1.000000 0.000000
vn 0.000000 -1.000000 0.000000
vn 0.000000 -1.000000 0.000000
vn 0.000000 -1.000000 0.000000
vn 0.000000 -1.000000 0.000000
vn 0.000000 -1.000000 0.000000
vn 0.000000 -1.000000 0.000000
vn -0.923880 0.000000 -0.382683
vn -0.923880 0.000000 -0.382683
vn -0.923880 0.000000 -0.382683
vn -0.923880 0.000000 -0.382683
vn -0.991445 0.000000 -0.130526
vn -0.991445 0.000000 -0.130526
vn -0.991445 0.000000 -0.130526
vn -0.991445 0.000000 -0.130526
vn -0.991446 0.000000 0.130521
vn -0.991446 0.000000 0.130521
vn -0.991446 0.000000 0.130521
vn -0.991446 0.000000 0.130521
vn -0.923874 0.000000 0.382696
vn -0.923874 0.000000 0.382696
vn -0.923874 0.000000 0.382696
vn -0.923874 0.000000 0.382696
vn -0.793360 0.000000 0.608753
vn -0.793360 0.000000 0.608753
vn -0.793360 0.000000 0.608753
vn -0.793360 0.000000 0.608753
vn -0.608762 0.000000 0.793353
vn -0.608762 0.000000 0.793353
vn -0.608762 0.000000 0.793353
vn -0.608762 0.000000 0.793353
vn -0.382679 0.000000 0.923882
vn -0.382679 0.000000 0.923882
vn -0.382679 0.000000 0.923882
vn -0.382679 0.000000 0.923882
vn -0.130553 0.000000 0.991441
vn -0.130553 0.000000 0.991441
vn -0.130553 0.000000 0.991441
vn -0.130553 0.000000 0.991441
vn 0.130553 0.000000 0.991441
vn 0.130553 0.000000 0.991441
vn 0.130553 0.000000 0.991441
vn 0.130553 0.000000 0.991441
vn 0.382679 0.000000 0.923882
vn 0.382679 0.000000 0.923882
vn 0.382679 0.000000 0.923882
vn 0.382679 0.000000 0.923882
vn 0.608762 0.000000 0.793353
vn 0.608762 0.000000 0.793353
vn 0.608762 0.000000 0.793353
vn 0.608762 0.000000 0.793353
vn 0.793360 0.000000 0.608753
vn 0.793360 0.000000 0.608753
vn 0.793360 0.000000 0.608753
vn 0.793360 0.000000 0.608753
vn 0.923874 0.000000 0.382696
vn 0.923874 0.000000 0.382696
vn 0.923874 0.000000 0.382696
vn 0.923874 0.000000 0.382696
vn 0.991446 0.000000 0.130521
vn 0.991446 0.000000 0.130521
vn 0.991446 0.000000 0.130521
vn 0.991446 0.000000 0.130521
vn 0.991445 0.000000 -0.130526
vn 0.991445 0.000000 -0.130526
vn 0.991445 0.000000 -0.130526
vn 0.991445 0.000000 -0.130526
vn 0.923880 0.000000 -0.382683
vn 0.923880 0.000000 -0.382683
vn 0.923880 0.000000 -0.382683
vn 0.923880 0.000000 -0.382683
vn 0.793360 0.000000 -0.608753
vn 0.793360 0.000000 -0.608753
vn 0.793360 0.000000 -0.608753
vn 0.793360 0.000000 -0.608753
vn 0.608762 0.000000 -0.793353
vn 0.608762 0.000000 -0.793353
vn 0.608762 0.000000 -0.793353
vn 0.608762 0.000000 -0.793353
vn 0.382679 0.000000 -0.923882
vn 0.382679 0.000000 -0.923882
vn 0.382679 0.000000 -0.923882
vn 0.382679 0.000000 -0.923882
vn 0.130515 0.000000 -0.991446
vn 0.130515 0.000000 -0.991446
vn 0.130515 0.000000 -0.991446
vn 0.130515 0.000000 -0.991446
vn -0.130515 0.000000 -0.991446
vn -0.130515 0.000000 -0.991446
vn -0.130515 0.000000 -0.991446
vn -0.130515 0.000000 -0.991446
vn -0.382679 0.000000 -0.923882
vn -0.382679 0.000000 -0.923882
vn -0.382679 0.000000 -0.923882
vn -0.382679 0.000000 -0.923882
vn -0.608762 0.000000 -0.793353
vn -0.608762 0.000000 -0.793353
vn -0.608762 0.000000 -0.793353
vn -0.608762 0.000000 -0.793353
vn -0.793360 0.000000 -0.608753
vn -0.793360 0.000000 -0.608753
vn -0.793360 0.000000 -0.608753
vn -0.793360 0.000000 -0.608753
vn 0.000000 1.000000 -0.000004
vn 0.000000 1.000000 0.000013
vn 0.000000 1.000000 0.000006
vn 0.000000 1.000000 -0.000005
vn 0.000000 1.000000 0.000006
vn 0.000000 1.000000 -0.000000
vn 0.000000 1.000000 0.000004
vn 0.000000 1.000000 -0.000005
vn 0.000000 1.000000 0.000004
vn 0.000000 1.000000 -0.000016
vn 0.000000 1.000000 -0.000006
vn 0.000000 1.000000 -0.000005
vn 0.000000 1.000000 -0.000006
vn 0.000000 1.000000 0.000002
vn 0.000000 1.000000 -0.000004
vn 0.000000 1.000000 -0.000005
vn 0.000000 1.000000 -0.000006
vn 0.000000 1.000000 -0.000016
vn 0.000000 1.000000 0.000008
vn 0.000000 1.000000 -0.000003
vn 0.000000 1.000000 0.000008
vn 0.000000 1.000000 0.000000
vn 0.000000 1.000000 -0.000021
vn 0.000000 1.000000 -0.000003
vn 0.000000 1.000000 -0.000021
vn 0.000000 1.000000 -0.000009
vn 0.000000 1.000000 -0.000002
vn 0.000000 1.000000 -0.000003
vn 0.000000 1.000000 -0.000002
vn 0.000000 1.000000 0.000002
vn 0.000000 1.000000 -0.000006
vn 0.000000 1.000000 -0.000003
vn 0.000000 1.000000 -0.000002
vn 0.000000 1.000000 -0.000009
vn 0.000000 1.000000 -0.000002
vn 0.000000 1.000000 0.000004
vn 0.000000 1.000000 -0.000002
vn 0.000000 1.000000 -0.000002
vn 0.000000 1.000000 0.000001
vn 0.000000 1.000000 0.000004
vn 0.000000 1.000000 0.000001
vn 0.000000 1.000000 0.000004
vn 0.000000 1.000000 0.000008
vn 0.000000 1.000000 0.000004
vn 0.000000 1.000000 0.000008
vn 0.000000 1.000000 0.000002
vn 0.000000 1.000000 -0.000002
vn 0.000000 1.000000 0.000004
vn 0.000000 1.000000 0.000008
vn 0.000000 1.000000 0.000004
vn 0.000000 1.000000 0.000000
vn 0.000000 1.000000 0.000000
vn 0.000000 1.000000 0.000000
vn 0.000000 1.000000 0.000000
vn 0.000000 1.000000 0.000000
vn 0.000000 1.000000 0.000000
vn 0.000000 1.000000 0.000000
vn 0.000000 1.000000 0.000013
vn 0.000000 1.000000 -0.000004
vn 0.000000 1.000000 0.000000
vn 0.000000 1.000000 -0.000004
vn 0.000000 1.000000 0.000002
vn 0.000000 1.000000 0.000008
vn 0.000000 1.000000 0.000000
vn 0.000000 1.000000 0.000014
vn 0.000000 1.000000 0.000004
vn 0.000000 1.000000 0.000001
vn 0.000000 1.000000 0.000010
vn 0.000000 1.000000 0.000001
vn 0.000000 1.000000 -0.000002
vn 0.000000 1.000000 0.000002
vn 0.000000 1.000000 0.000010
vn 0.000000 1.000000 0.000002
vn 0.000000 1.000000 -0.000008
vn 0.000000 1.000000 -0.000002
vn 0.000000 1.000000 0.000010
vn 0.000000 1.000000 -0.000002
vn 0.000000 1.000000 0.000003
vn 0.000000 1.000000 0.000014
vn 0.000000 1.000000 0.000010
vn 0.000000 1.000000 -0.000002
vn 0.000000 1.000000 -0.000008
vn 0.000000 1.000000 -0.000027
vn 0.000000 1.000000 -0.000011
vn 0.000000 1.000000 -0.000027
vn 0.000000 1.000000 -0.000008
vn 0.000000 1.000000 -0.000001
vn 0.000000 1.000000 -0.000011
vn 0.000000 1.000000 -0.000001
vn 0.000000 1.000000 0.000007
vn 0.000000 1.000000 0.000001
vn 0.000000 1.000000 -0.000011
vn 0.000000 1.000000 0.000001
vn 0.000000 1.000000 0.000003
vn 0.000000 1.000000 -0.000002
vn 0.000000 1.000000 -0.000011
vn 0.000000 1.000000 0.000001
vn 0.000000 1.000000 0.000007
vn 0.000000 1.000000 -0.000029
vn 0.000000 1.000000 -0.000003
vn 0.000000 1.000000 -0.000029
vn 0.000000 1.000000 -0.000031
vn 0.000000 1.000000 -0.000023
vn 0.000000 1.000000 -0.000003
vn 0.000000 1.000000 -0.000023
vn 0.000000 1.000000 -0.000005
vn 0.000000 1.000000 0.000004
vn 0.000000 1.000000 -0.000003
vn 0.000000 1.000000 0.000004
vn 0.000000 1.000000 0.000003
vn 0.000000 1.000000 0.000001
vn 0.000000 1.000000 -0.000003
vn 0.000000 1.000000 0.000004
vn 0.000000 1.000000 -0.000005
vn 0.000000 1.000000 0.000000
vn 0.000000 1.000000 0.000000
vn 0.000000 1.000000 0.000000
vn 0.000000 1.000000 0.000000
vn 0.000000 1.000000 0.000000
vn 0.000000 1.000000 0.000000
vn 0.000000 1.000000 0.000000
vn 0.000000 1.000000 0.000004
vn 0.000000 1.000000 0.000014
vn 0.000000 1.000000 0.000000
vn 0.000000 1.000000 0.000014
vn 0.000000 1.000000 0.000003
vn 0.000000 1.000000 0.000004
vn 0.000000 1.000000 0.000000
vn 0.000000 1.000000 -0.000018
vn 0.000000 1.000000 -0.000005
vn 0.000000 1.000000 -0.000023
vn 0.000000 1.000000 -0.000006
vn 0.000000 1.000000 -0.000023
vn 0.000000 1.000000 -0.000031
vn 0.000000 1.000000 0.000013
vn 0.000000 1.000000 -0.000006
vn 0.000000 1.000000 0.000013
vn 0.000000 1.000000 0.000030
vn 0.000000 1.000000 0.000007
vn 0.000000 1.000000 -0.000006
vn 0.000000 1.000000 0.000007
vn 0.000000 1.000000 -0.000012
vn 0.000000 1.000000 -0.000018
vn 0.000000 1.000000 -0.000006
vn 0.000000 1.000000 0.000007
vn 0.000000 1.000000 0.000030
vn 0.000000 1.000000 0.000026
vn 0.000000 1.000000 0.000011
vn 0.000000 1.000000 0.000026
vn 0.000000 1.000000 0.000000
vn 0.000000 1.000000 0.000026
vn 0.000000 1.000000 0.000011
vn 0.000000 1.000000 0.000026
vn 0.000000 1.000000 0.000030
vn 0.000000 1.000000 0.000007
vn 0.000000 1.000000 0.000011
vn 0.000000 1.000000 0.000007
vn 0.000000 1.000000 -0.000012
vn 0.000000 1.000000 0.000007
vn 0.000000 1.000000 0.000011
vn 0.000000 1.000000 0.000007
vn 0.000000 1.000000 0.000030
vn 0.000000 1.000000 -0.000004
vn 0.000000 1.000000 0.000006
vn 0.000000 1.000000 -0.000004
vn 0.000000 1.000000 -0.000000
vn 0.000000 1.000000 0.000006
vn 0.000000 1.000000 0.000006
vn 0.000000 1.000000 0.000006
vn 0.000000 1.000000 0.000013
vn 0.000000 1.000000 -0.000005
vn 0.000000 1.000000 0.000006
vn 0.000000 1.000000 -0.000005
vn 0.000000 1.000000 -0.000012
vn 0.000000 1.000000 0.000007
vn 0.000000 1.000000 0.000006
vn 0.000000 1.000000 -0.000005
vn 0.000000 1.000000 0.000013
vn 0.000000 1.000000 0.000000
vn 0.000000 1.000000 0.000000
vn 0.000000 1.000000 0.000000
vn 0.000000 1.000000 0.000000
vn 0.000000 1.000000 0.000000
vn 0.000000 1.000000 0.000000
vn 0.000000 1.000000 0.000000
vn 0.000000 1.000000 -0.000005
vn 0.000000 1.000000 -0.000018
vn 0.000000 1.000000 0.000000
vn 0.000000 1.000000 -0.000018
vn 0.000000 1.000000 -0.000012
vn 0.000000 1.000000 -0.000005
vn 0.000000 1.000000 0.000000
vn 0.000000 -1.000000 0.000000
vn 0.000000 -1.000000 -0.000000
vn 0.000000 -1.000000 0.000000
vn 0.000000 -1.000000 0.000000
vn 0.000000 -1.000000 0.000000
vn 0.000000 -1.000000 -0.000000
vn 0.000000 -1.000000 -0.000000
vn 0.000000 -1.000000 0.000000
vn 0.000000 -1.000000 -0.000000
vn 0.000000 -1.000000 -0.000000
vn 0.000000 -1.000000 -0.000000
vn 0.000000 -1.000000 -0.000000
vn 0.000000 -1.000000 -0.000000
vn 0.000000 -1.000000 -0.000000
vn 0.000000 -1.000000 0.000000
vn 0.000000 -1.000000 0.000000
vn 0.000000 -1.000000 -0.000000
vn 0.000000 -1.000000 -0.000000
vn 0.000000 -1.000000 -0.000000
vn 0.000000 -1.000000 -0.000000
vn 0.000000 -1.000000 -0.000000
vn 0.000000 -1.000000 -0.000000
vn 0.000000 -1.000000 -0.000000
vn 0.000000 -1.000000 -0.000001
vn 0.000000 -1.000000 -0.000000
vn 0.000000 -1.000000 -0.000000
vn 0.000000 -1.000000 0.000000
vn 0.000000 -1.000000 0.000001
vn 0.000000 -1.000000 0.000000
vn 0.000000 -1.000000 -0.000000
vn 0.000000 -1.000000 -0.000000
vn 0.000000 -1.000000 0.000000
vn 0.000000 -1.000000 0.000000
vn 0.000000 -1.000000 -0.000000
vn 0.000000 -1.000000 0.000000
vn 0.000000 -1.000000 0.000001
vn 0.000000 -1.000000 0.000000
vn 0.000000 -1.000000 -0.000000
vn 0.000000 -1.000000 -0.000000
vn 0.000000 -1.000000 0.000000
vn 0.000000 -1.000000 -0.000000
vn 0.000000 -1.000000 -0.000000
vn 0.000000 -1.000000 -0.000000
vn 0.000000 -1.000000 -0.000001
vn 0.000000 -1.000000 -0.000000
vn 0.000000 -1.000000 -0.000000
vn 0.000000 -1.000000 0.000000
vn 0.000000 -1.000000 0.000000
vn 0.000000 -1.000000 -0.000000
vn 0.000000 -1.000000 0.000000
vn 0.000000 -1.000000 0.000000
vn 0.000000 -1.000000 -0.000001
vn 0.000000 -1.000000 0.000000
vn 0.000000 -1.000000 0.000000
vn 0.000000 -1.000000 0.000000
vn 0.000000 -1.000000 0.000000
vn 0.000000 -1.000000 0.000000
vn 0.000000 -1.000000 0.000000
vn 0.000000 -1.000000 0.000000
vn 0.000000 -1.000000 0.000000
vn 0.000000 -1.000000 0.000000
vn 0.000000 -1.000000 0.000000
vn 0.000000 -1.000000 -0.000000
vn 0.000000 -1.000000 0.000000
vn 0.000000 -1.000000 -0.000000
vn 0.000000 -1.000000 -0.000000
vn 0.000000 -1.000000 -0.000000
vn 0.000000 -1.000000 -0.000001
vn 0.000000 -1.000000 -0.000000
vn 0.000000 -1.000000 -0.000000
vn 0.000000 -1.000000 0.000000
vn 0.000000 -1.000000 0.000000
vn 0.000000 -1.000000 0.000000
vn 0.000000 -1.000000 -0.000000
vn 0.000000 -1.000000 0.000000
vn 0.000000 -1.000000 0.000001
vn 0.000000 -1.000000 0.000000
vn 0.000000 -1.000000 -0.000000
vn 0.000000 -1.000000 -0.000000
vn 0.000000 -1.000000 -0.000000
vn 0.000000 -1.000000 0.000000
vn 0.000000 -1.000000 -0.000000
vn 0.000000 -1.000000 0.000000
vn 0.000000 -1.000000 0.000001
vn 0.000000 -1.000000 0.000000
vn 0.000000 -1.000000 -0.000000
vn 0.000000 -1.000000 -0.000000
vn 0.000000 -1.000000 0.000000
vn 0.000000 -1.000000 -0.000000
vn 0.000000 -1.000000 -0.000000
vn 0.000000 -1.000000 -0.000000
vn 0.000000 -1.000000 -0.000000
vn 0.000000 -1.000000 -0.000000
vn 0.000000 -1.000000 -0.000000
vn 0.000000 -1.000000 0.000000
vn 0.000000 -1.000000 -0.000000
vn 0.000000 -1.000000 -0.000000
vn 0.000000 -1.000000 0.000000
vn 0.000000 -1.000000 0.000000
vn 0.000000 -1.000000 -0.000000
vn 0.000000 -1.000000 0.000000
vn 0.000000 -1.000000 0.000000
vn 0.000000 -1.000000 0.000000
vn 0.000000 -1.000000 0.000000
vn 0.000000 -1.000000 0.000000
vn 0.000000 -1.000000 0.000000
vn 0.000000 -1.000000 0.000000
vn 0.000000 -1.000000 0.000000
vn 0.000000 -1.000000 0.000000
vn 0.000000 -1.000000 0.000000
vn 0.000000 -1.000000 -0.000000
vn 0.000000 -1.000000 -0.000000
vn 0.000000 -1.000000 0.000000
vn 0.000000 -1.000000 0.000000
vn 0.000000 -1.000000 0.000000
vn 0.000000 -1.000000 0.000000
vn 0.000000 -1.000000 0.000000
vn 0.000000 -1.000000 0.000000
vn 0.000000 -1.000000 0.000000
vn 0.000000 -1.000000 0.000000
vn 0.000000 -1.000000 0.000000
vn 0.000000 -1.000000 0.000000
vn 0.000000 -1.000000 -0.000000
vn 0.000000 -1.000000 -0.000001
vn 0.000000 -1.000000 -0.000000
vn 0.000000 -1.000000 0.000000
vn 0.000000 -1.000000 0.000000
vn 0.000000 -1.000000 -0.000000
vn 0.000000 -1.000000 0.000000
vn 0.000000 -1.000000 0.000000
vn 0.000000 -1.000000 0.000000
vn 0.000000 -1.000000 0.000000
vn 0.000000 -1.000000 0.000000
vn 0.000000 -1.000000 0.000000
vn 0.000000 -1.000000 0.000000
vn 0.000000 -1.000000 0.000000
vn 0.000000 -1.000000 0.000000
vn 0.000000 -1.000000 0.000000
vn 0.000000 -1.000000 0.000000
vn 0.000000 -1.000000 0.000000
vn 0.000000 -1.000000 0.000000
vn 0.000000 -1.000000 0.000000
vn 0.000000 -1.000000 0.000000
vn 0.000000 -1.000000 0.000000
vn 0.000000 -1.000000 0.000000
vn 0.000000 -1.000000 0.000000
vn 0.000000 -1.000000 0.000000
vn 0.000000 -1.000000 0.000000
vn 0.000000 -1.000000 0.000000
vn 0.000000 -1.000000 0.000000
vn 0.000000 -1.000000 0.000000
vn 0.000000 -1.000000 0.000000
vn 0.000000 -1.000000 0.000000
vn 0.000000 -1.000000 0.000000
vn 0.000000 -1.000000 0.000000
vn 0.000000 -1.000000 0.000000
vn 0.000000 -1.000000 0.000000
vn 0.000000 -1.000000 0.000000
vn 0.000000 -1.000000 0.000000
vn 0.000000 -1.000000 0.000000
vn 0.000000 -1.000000 0.000000
vn 0.000000 -1.000000 0.000000
vn 0.000000 -1.000000 0.000000
vn 0.000000 -1.000000 0.000000
vn 0.000000 -1.000000 0.000000
vn 0.000000 -1.000000 0.000000
vn 0.000000 -1.000000 0.000000
vn 0.000000 -1.000000 0.000000
vn 0.000000 -1.000000 0.000000
vn 0.000000 -1.000000 0.000000
vn 0.000000 -1.000000 0.000000
vn 0.000000 -1.000000 0.000000
vn 0.000000 -1.000000 0.000000
vn 0.000000 -1.000000 0.000000
vn 0.000000 -1.000000 0.000000
vn 0.000000 -1.000000 0.000000
vn 0.000000 -1.000000 0.000000
vn 0.000000 -1.000000 0.000000
vn 0.000000 -1.000000 0.000000
vn 0.000000 -1.000000 0.000000
vn 0.000000 -1.000000 0.000000
vn 0.000000 -1.000000 0.000000
vn 0.000000 -1.000000 0.000000
vn 0.000000 -1.000000 0.000000
vn 0.000000 -1.000000 0.000000
vn 0.000000 -1.000000 0.000000
vn 0.000000 -1.000000 0.000000
vn 0.000000 -1.000000 0.000000
vn 0.000000 -1.000000 0.000000
vn 0.000000 -1.000000 0.000000
vn 0.000000 -1.000000 0.000000
vn 0.000000 -1.000000 0.000000
vn -0.923884 0.000000 -0.382673
vn -0.923884 0.000000 -0.382673
vn -0.923884 0.000000 -0.382673
vn -0.923884 0.000000 -0.382673
vn -0.991445 0.000000 -0.130526
vn -0.991445 0.000000 -0.130526
vn -0.991445 0.000000 -0.130526
vn -0.991445 0.000000 -0.130526
vn -0.991446 0.000000 0.130521
vn -0.991446 0.000000 0.130521
vn -0.991446 0.000000 0.130521
vn -0.991446 0.000000 0.130521
vn -0.923878 0.000000 0.382687
vn -0.923878 0.000000 0.382687
vn -0.923878 0.000000 0.382687
vn -0.923878 0.000000 0.382687
vn -0.793355 0.000000 0.608760
vn -0.793355 0.000000 0.608760
vn -0.793355 0.000000 0.608760
vn -0.793355 0.000000 0.608760
vn -0.608762 0.000000 0.793353
vn -0.608762 0.000000 0.793353
vn -0.608762 0.000000 0.793353
vn -0.608762 0.000000 0.793353
vn -0.382679 0.000000 0.923882
vn -0.382679 0.000000 0.923882
vn -0.382679 0.000000 0.923882
vn -0.382679 0.000000 0.923882
vn -0.130553 0.000000 0.991441
vn -0.130553 0.000000 0.991441
vn -0.130553 0.000000 0.991441
vn -0.130553 0.000000 0.991441
vn 0.130553 0.000000 0.991441
vn 0.130553 0.000000 0.991441
vn 0.130553 0.000000 0.991441
vn 0.130553 0.000000 0.991441
vn 0.382679 0.000000 0.923882
vn 0.382679 0.000000 0.923882
vn 0.382679 0.000000 0.923882
vn 0.382679 0.000000 0.923882
vn 0.608762 0.000000 0.793353
vn 0.608762 0.000000 0.793353
vn 0.608762 0.000000 0.793353
vn 0.608762 0.000000 0.793353
vn 0.793355 0.000000 0.608760
vn 0.793355 0.000000 0.608760
vn 0.793355 0.000000 0.608760
vn 0.793355 0.000000 0.608760
vn 0.923880 0.000000 0.382682
vn 0.923880 0.000000 0.382682
vn 0.923880 0.000000 0.382682
vn 0.923880 0.000000 0.382682
vn 0.991445 0.000000 0.130526
vn 0.991445 0.000000 0.130526
vn 0.991445 0.000000 0.130526
vn 0.991445 0.000000 0.130526
vn 0.991444 0.000000 -0.130531
vn 0.991444 0.000000 -0.130531
vn 0.991444 0.000000 -0.130531
vn 0.991444 0.000000 -0.130531
vn 0.923884 0.000000 -0.382673
vn 0.923884 0.000000 -0.382673
vn 0.923884 0.000000 -0.382673
vn 0.923884 0.000000 -0.382673
vn 0.793357 0.000000 -0.608756
vn 0.793357 0.000000 -0.608756
vn 0.793357 0.000000 -0.608756
vn 0.793357 0.000000 -0.608756
vn 0.608762 0.000000 -0.793353
vn 0.608762 0.000000 -0.793353
vn 0.608762 0.000000 -0.793353
vn 0.608762 0.000000 -0.793353
vn 0.382679 0.000000 -0.923882
vn 0.382679 0.000000 -0.923882
vn 0.382679 0.000000 -0.923882
vn 0.382679 0.000000 -0.923882
vn 0.130515 0.000000 -0.991446
vn 0.130515 0.000000 -0.991446
vn 0.130515 0.000000 -0.991446
vn 0.130515 0.000000 -0.991446
vn -0.130515 0.000000 -0.991446
vn -0.130515 0.000000 -0.991446
vn -0.130515 0.000000 -0.991446
vn -0.130515 0.000000 -0.991446
vn -0.382679 0.000000 -0.923882
vn -0.382679 0.000000 -0.923882
vn -0.382679 0.000000 -0.923882
vn -0.382679 0.000000 -0.923882
vn -0.608762 0.000000 -0.793353
vn -0.608762 0.000000 -0.793353
vn -0.608762 0.000000 -0.793353
vn -0.608762 0.000000 -0.793353
vn -0.793355 0.000000 -0.608760
vn -0.793355 0.000000 -0.608760
vn -0.793355 0.000000 -0.608760
vn -0.793355 0.000000 -0.608760
vn 0.000000 1.000000 0.000002
vn 0.000000 1.000000 -0.000000
vn 0.000000 1.000000 -0.000006
vn 0.000000 1.000000 -0.000006
vn 0.000000 1.000000 -0.000006
vn 0.000000 1.000000 -0.000010
vn 0.000000 1.000000 -0.000024
vn 0.000000 1.000000 -0.000006
vn 0.000000 1.000000 -0.000024
vn 0.000000 1.000000 -0.000016
vn 0.000000 1.000000 -0.000006
vn 0.000000 1.000000 -0.000006
vn 0.000000 1.000000 -0.000006
vn 0.000000 1.000000 0.000002
vn 0.000000 1.000000 0.000002
vn 0.000000 1.000000 -0.000006
vn 0.000000 1.000000 -0.000006
vn 0.000000 1.000000 -0.000016
vn 0.000000 1.000000 0.000008
vn 0.000000 1.000000 -0.000003
vn 0.000000 1.000000 0.000008
vn 0.000000 1.000000 0.000000
vn 0.000000 1.000000 -0.000021
vn 0.000000 1.000000 -0.000003
vn 0.000000 1.000000 -0.000021
vn 0.000000 1.000000 -0.000009
vn 0.000000 1.000000 -0.000002
vn 0.000000 1.000000 -0.000003
vn 0.000000 1.000000 -0.000002
vn 0.000000 1.000000 0.000002
vn 0.000000 1.000000 -0.000006
vn 0.000000 1.000000 -0.000003
vn 0.000000 1.000000 -0.000002
vn 0.000000 1.000000 -0.000009
vn 0.000000 1.000000 -0.000002
vn 0.000000 1.000000 0.000004
vn 0.000000 1.000000 -0.000002
vn 0.000000 1.000000 -0.000002
vn 0.000000 1.000000 0.000001
vn 0.000000 1.000000 0.000004
vn 0.000000 1.000000 0.000001
vn 0.000000 1.000000 0.000004
vn 0.000000 1.000000 0.000008
vn 0.000000 1.000000 0.000004
vn 0.000000 1.000000 0.000008
vn 0.000000 1.000000 0.000002
vn 0.000000 1.000000 -0.000002
vn 0.000000 1.000000 0.000004
vn 0.000000 1.000000 0.000008
vn 0.000000 1.000000 0.000004
vn 0.000000 1.000000 0.000000
vn 0.000000 1.000000 0.000000
vn 0.000000 1.000000 0.000000
vn 0.000000 1.000000 0.000000
vn 0.000000 1.000000 0.000000
vn 0.000000 1.000000 0.000000
vn 0.000000 1.000000 0.000000
vn 0.000000 1.000000 -0.000000
vn 0.000000 1.000000 0.000002
vn 0.000000 1.000000 0.000000
vn 0.000000 1.000000 0.000002
vn 0.000000 1.000000 0.000002
vn 0.000000 1.000000 0.000008
vn 0.000000 1.000000 0.000000
vn 0.000000 1.000000 0.000014
vn 0.000000 1.000000 0.000004
vn 0.000000 1.000000 0.000001
vn 0.000000 1.000000 0.000010
vn 0.000000 1.000000 0.000001
vn 0.000000 1.000000 -0.000002
vn 0.000000 1.000000 0.000002
vn 0.000000 1.000000 0.000010
vn 0.000000 1.000000 0.000002
vn 0.000000 1.000000 -0.000008
vn 0.000000 1.000000 -0.000002
vn 0.000000 1.000000 0.000010
vn 0.000000 1.000000 -0.000002
vn 0.000000 1.000000 0.000003
vn 0.000000 1.000000 0.000014
vn 0.000000 1.000000 0.000010
vn 0.000000 1.000000 -0.000002
vn 0.000000 1.000000 -0.000008
vn 0.000000 1.000000 -0.000027
vn 0.000000 1.000000 -0.000011
vn 0.000000 1.000000 -0.000027
vn 0.000000 1.000000 -0.000008
vn 0.000000 1.000000 -0.000001
vn 0.000000 1.000000 -0.000011
vn 0.000000 1.000000 -0.000001
vn 0.000000 1.000000 -0.000012
vn 0.000000 1.000000 -0.000006
vn 0.000000 1.000000 -0.000011
vn 0.000000 1.000000 -0.000006
vn 0.000000 1.000000 0.000003
vn 0.000000 1.000000 -0.000002
vn 0.000000 1.000000 -0.000011
vn 0.000000 1.000000 -0.000006
vn 0.000000 1.000000 -0.000012
vn 0.000000 1.000000 -0.000025
vn 0.000000 1.000000 -0.000006
vn 0.000000 1.000000 -0.000025
vn 0.000000 1.000000 -0.000016
vn 0.000000 1.000000 -0.000013
vn 0.000000 1.000000 -0.000006
vn 0.000000 1.000000 -0.000013
vn 0.000000 1.000000 -0.000005
vn 0.000000 1.000000 0.000004
vn 0.000000 1.000000 -0.000006
vn 0.000000 1.000000 0.000004
vn 0.000000 1.000000 0.000003
vn 0.000000 1.000000 -0.000006
vn 0.000000 1.000000 -0.000006
vn 0.000000 1.000000 0.000004
vn 0.000000 1.000000 -0.000005
vn 0.000000 1.000000 0.000000
vn 0.000000 1.000000 0.000000
vn 0.000000 1.000000 0.000000
vn 0.000000 1.000000 0.000000
vn 0.000000 1.000000 0.000000
vn 0.000000 1.000000 0.000000
vn 0.000000 1.000000 0.000000
vn 0.000000 1.000000 0.000004
vn 0.000000 1.000000 0.000014
vn 0.000000 1.000000 0.000000
vn 0.000000 1.000000 0.000014
vn 0.000000 1.000000 0.000003
vn 0.000000 1.000000 0.000004
vn 0.000000 1.000000 0.000000
vn 0.000000 1.000000 -0.000018
vn 0.000000 1.000000 -0.000005
vn 0.000000 1.000000 -0.000013
vn 0.000000 1.000000 -0.000006
vn 0.000000 1.000000 -0.000013
vn 0.000000 1.000000 -0.000016
vn 0.000000 1.000000 0.000013
vn 0.000000 1.000000 -0.000006
vn 0.000000 1.000000 0.000013
vn 0.000000 1.000000 0.000030
vn 0.000000 1.000000 0.000007
vn 0.000000 1.000000 -0.000006
vn 0.000000 1.000000 0.000007
vn 0.000000 1.000000 -0.000012
vn 0.000000 1.000000 -0.000018
vn 0.000000 1.000000 -0.000006
vn 0.000000 1.000000 0.000007
vn 0.000000 1.000000 0.000030
vn 0.000000 1.000000 0.000026
vn 0.000000 1.000000 0.000011
vn 0.000000 1.000000 0.000026
vn 0.000000 1.000000 0.000000
vn 0.000000 1.000000 0.000026
vn 0.000000 1.000000 0.000011
vn 0.000000 1.000000 0.000026
vn 0.000000 1.000000 0.000030
vn 0.000000 1.000000 0.000007
vn 0.000000 1.000000 0.000011
vn 0.000000 1.000000 0.000007
vn 0.000000 1.000000 -0.000012
vn 0.000000 1.000000 0.000007
vn 0.000000 1.000000 0.000011
vn 0.000000 1.000000 0.000007
vn 0.000000 1.000000 0.000030
vn 0.000000 1.000000 0.000013
vn 0.000000 1.000000 -0.000006
vn 0.000000 1.000000 0.000013
vn 0.000000 1.000000 -0.000010
vn 0.000000 1.000000 -0.000006
vn 0.000000 1.000000 -0.000006
vn 0.000000 1.000000 -0.000006
vn 0.000000 1.000000 -0.000000
vn 0.000000 1.000000 -0.000018
vn 0.000000 1.000000 -0.000006
vn 0.000000 1.000000 -0.000018
vn 0.000000 1.000000 -0.000012
vn 0.000000 1.000000 0.000007
vn 0.000000 1.000000 -0.000006
vn 0.000000 1.000000 -0.000018
vn 0.000000 1.000000 -0.000000
vn 0.000000 1.000000 0.000000
vn 0.000000 1.000000 0.000000
vn 0.000000 1.000000 0.000000
vn 0.000000 1.000000 0.000000
vn 0.000000 1.000000 0.000000
vn 0.000000 1.000000 0.000000
vn 0.000000 1.000000 0.000000
vn 0.000000 1.000000 -0.000005
vn 0.000000 1.000000 -0.000018
vn 0.000000 1.000000 0.000000
vn 0.000000 1.000000 -0.000018
vn 0.000000 1.000000 -0.000012
vn 0.000000 1.000000 -0.000018
vn 0.000000 1.000000 0.000000
vn 0.000000 -1.000000 0.000000
vn 0.000000 -1.000000 -0.000000
vn 0.000000 -1.000000 0.000000
vn 0.000000 -1.000000 0.000000
vn 0.000000 -1.000000 0.000000
vn 0.000000 -1.000000 -0.000000
vn 0.000000 -1.000000 -0.000000
vn 0.000000 -1.000000 0.000000
vn 0.000000 -1.000000 -0.000000
vn 0.000000 -1.000000 -0.000000
vn 0.000000 -1.000000 -0.000000
vn 0.000000 -1.000000 -0.000000
vn 0.000000 -1.000000 -0.000000
vn 0.000000 -1.000000 -0.000000
vn 0.000000 -1.000000 0.000000
vn 0.000000 -1.000000 0.000000
vn 0.000000 -1.000000 -0.000000
vn 0.000000 -1.000000 -0.000000
vn 0.000000 -1.000000 -0.000000
vn 0.000000 -1.000000 -0.000000
vn 0.000000 -1.000000 -0.000000
vn 0.000000 -1.000000 -0.000000
vn 0.000000 -1.000000 -0.000000
vn 0.000000 -1.000000 -0.000001
vn 0.000000 -1.000000 -0.000000
vn 0.000000 -1.000000 -0.000000
vn 0.000000 -1.000000 0.000000
vn 0.000000 -1.000000 0.000001
vn 0.000000 -1.000000 0.000000
vn 0.000000 -1.000000 -0.000000
vn 0.000000 -1.000000 -0.000000
vn 0.000000 -1.000000 0.000000
vn 0.000000 -1.000000 0.000000
vn 0.000000 -1.000000 -0.000000
vn 0.000000 -1.000000 0.000000
vn 0.000000 -1.000000 0.000001
vn 0.000000 -1.000000 0.000000
vn 0.000000 -1.000000 -0.000000
vn 0.000000 -1.000000 -0.000000
vn 0.000000 -1.000000 0.000000
vn 0.000000 -1.000000 -0.000000
vn 0.000000 -1.000000 -0.000000
vn 0.000000 -1.000000 -0.000000
vn 0.000000 -1.000000 -0.000001
vn 0.000000 -1.000000 -0.000000
vn 0.000000 -1.000000 -0.000000
vn 0.000000 -1.000000 0.000000
vn 0.000000 -1.000000 0.000000
vn 0.000000 -1.000000 -0.000000
vn 0.000000 -1.000000 0.000000
vn 0.000000 -1.000000 0.000000
vn 0.000000 -1.000000 -0.000001
vn 0.000000 -1.000000 0.000000
vn 0.000000 -1.000000 0.000000
vn 0.000000 -1.000000 0.000000
vn 0.000000 -1.000000 0.000000
vn 0.000000 -1.000000 0.000000
vn 0.000000 -1.000000 0.000000
vn 0.000000 -1.000000 0.000000
vn 0.000000 -1.000000 0.000000
vn 0.000000 -1.000000 0.000000
vn 0.000000 -1.000000 0.000000
vn 0.000000 -1.000000 -0.000000
vn 0.000000 -1.000000 0.000000
vn 0.000000 -1.000000 -0.000000
vn 0.000000 -1.000000 -0.000000
vn 0.000000 -1.000000 -0.000000
vn 0.000000 -1.000000 -0.000001
vn 0.000000 -1.000000 -0.000000
vn 0.000000 -1.000000 -0.000000
vn 0.000000 -1.000000 0.000000
vn 0.000000 -1.000000 0.000000
vn 0.000000 -1.000000 0.000000
vn 0.000000 -1.000000 -0.000000
vn 0.000000 -1.000000 0.000000
vn 0.000000 -1.000000 0.000001
vn 0.000000 -1.000000 0.000000
vn 0.000000 -1.000000 -0.000000
vn 0.000000 -1.000000 -0.000000
vn 0.000000 -1.000000 -0.000000
vn 0.000000 -1.000000 0.000000
vn 0.000000 -1.000000 -0.000000
vn 0.000000 -1.000000 0.000000
vn 0.000000 -1.000000 0.000001
vn 0.000000 -1.000000 0.000000
vn 0.000000 -1.000000 -0.000000
vn 0.000000 -1.000000 -0.000000
vn 0.000000 -1.000000 0.000000
vn 0.000000 -1.000000 -0.000000
vn 0.000000 -1.000000 -0.000000
vn 0.000000 -1.000000 -0.000000
vn 0.000000 -1.000000 -0.000001
vn 0.000000 -1.000000 -0.000000
vn 0.000000 -1.000000 -0.000000
vn 0.000000 -1.000000 0.000000
vn 0.000000 -1.000000 -0.000000
vn 0.000000 -1.000000 -0.000000
vn 0.000000 -1.000000 -0.000000
vn 0.000000 -1.000000 -0.000000
vn 0.000000 -1.000000 -0.000001
vn 0.000000 -1.000000 -0.000000
vn 0.000000 -1.000000 -0.000000
vn 0.000000 -1.000000 0.000000
vn 0.000000 -1.000000 0.000000
vn 0.000000 -1.000000 0.000000
vn 0.000000 -1.000000 -0.000000
vn 0.000000 -1.000000 0.000000
vn 0.000000 -1.000000 0.000000
vn 0.000000 -1.000000 0.000000
vn 0.000000 -1.000000 -0.000000
vn 0.000000 -1.000000 -0.000000
vn 0.000000 -1.000000 -0.000000
vn 0.000000 -1.000000 0.000000
vn 0.000000 -1.000000 0.000000
vn 0.000000 -1.000000 0.000000
vn 0.000000 -1.000000 0.000000
vn 0.000000 -1.000000 0.000000
vn 0.000000 -1.000000 0.000000
vn 0.000000 -1.000000 0.000000
vn 0.000000 -1.000000 0.000000
vn 0.000000 -1.000000 0.000000
vn 0.000000 -1.000000 0.000000
vn 0.000000 -1.000000 -0.000000
vn 0.000000 -1.000000 -0.000001
vn 0.000000 -1.000000 -0.000000
vn 0.000000 -1.000000 0.000000
vn 0.000000 -1.000000 0.000000
vn 0.000000 -1.000000 -0.000000
vn 0.000000 -1.000000 0.000000
vn 0.000000 -1.000000 0.000000
vn 0.000000 -1.000000 0.000000
vn 0.000000 -1.000000 0.000000
vn 0.000000 -1.000000 0.000000
vn 0.000000 -1.000000 0.000000
vn 0.000000 -1.000000 0.000000
vn 0.000000 -1.000000 0.000000
vn 0.000000 -1.000000 0.000000
vn 0.000000 -1.000000 0.000000
vn 0.000000 -1.000000 0.000000
vn 0.000000 -1.000000 0.000000
vn 0.000000 -1.000000 0.000000
vn 0.000000 -1.000000 0.000000
vn 0.000000 -1.000000 0.000000
vn 0.000000 -1.000000 0.000000
vn 0.000000 -1.000000 0.000000
vn 0.000000 -1.000000 0.000000
vn 0.000000 -1.000000 0.000000
vn 0.000000 -1.000000 0.000000
vn 0.000000 -1.000000 0.000000
vn 0.000000 -1.000000 0.000000
vn 0.000000 -1.000000 0.000000
vn 0.000000 -1.000000 0.000000
vn 0.000000 -1.000000 0.000000
vn 0.000000 -1.000000 0.000000
vn 0.000000 -1.000000 0.000000
vn 0.000000 -1.000000 0.000000
vn 0.000000 -1.000000 0.000000
vn 0.000000 -1.000000 0.000000
vn 0.000000 -1.000000 0.000000
vn 0.000000 -1.000000 0.000000
vn 0.000000 -1.000000 0.000000
vn 0.000000 -1.000000 0.000000
vn 0.000000 -1.000000 0.000000
vn 0.000000 -1.000000 0.000000
vn 0.000000 -1.000000 0.000000
vn 0.000000 -1.000000 0.000000
vn 0.000000 -1.000000 0.000000
vn 0.000000 -1.000000 0.000000
vn 0.000000 -1.000000 0.000000
vn 0.000000 -1.000000 0.000000
vn 0.000000 -1.000000 0.000000
vn 0.000000 -1.000000 0.000000
vn 0.000000 -1.000000 0.000000
vn 0.000000 -1.000000 0.000000
vn 0.000000 -1.000000 0.000000
vn 0.000000 -1.000000 0.000000
vn 0.000000 -1.000000 0.000000
vn 0.000000 -1.000000 0.000000
vn 0.000000 -1.000000 0.000000
vn 0.000000 -1.000000 0.000000
vn 0.000000 -1.000000 0.000000
vn 0.000000 -1.000000 0.000000
vn 0.000000 -1.000000 0.000000
vn 0.000000 -1.000000 0.000000
vn 0.000000 -1.000000 0.000000
vn 0.000000 -1.000000 0.000000
vn 0.000000 -1.000000 0.000000
vn 0.000000 -1.000000 0.000000
vn 0.000000 -1.000000 0.000000
vn 0.000000 -1.000000 0.000000
vn 0.000000 -1.000000 0.000000
vn 0.000000 -1.000000 0.000000
vn -0.923884 0.000000 -0.382673
vn -0.923884 0.000000 -0.382673
vn -0.923884 0.000000 -0.382673
vn -0.923884 0.000000 -0.382673
vn -0.991445 0.000000 -0.130526
vn -0.991445 0.000000 -0.130526
vn -0.991445 0.000000 -0.130526
vn -0.991445 0.000000 -0.130526
vn -0.991446 0.000000 0.130521
vn -0.991446 0.000000 0.130521
vn -0.991446 0.000000 0.130521
vn -0.991446 0.000000 0.130521
vn -0.923878 0.000000 0.382687
vn -0.923878 0.000000 0.382687
vn -0.923878 0.000000 0.382687
vn -0.923878 0.000000 0.382687
vn -0.793355 0.000000 0.608760
vn -0.793355 0.000000 0.608760
vn -0.793355 0.000000 0.608760
vn -0.793355 0.000000 0.608760
vn -0.608762 0.000000 0.793353
vn -0.608762 0.000000 0.793353
vn -0.608762 0.000000 0.793353
vn -0.608762 0.000000 0.793353
vn -0.382679 0.000000 0.923882
vn -0.382679 0.000000 0.923882
vn -0.382679 0.000000 0.923882
vn -0.382679 0.000000 0.923882
vn -0.130553 0.000000 0.991441
vn -0.130553 0.000000 0.991441
vn -0.130553 0.000000 0.991441
vn -0.130553 0.000000 0.991441
vn 0.130553 0.000000 0.991441
vn 0.130553 0.000000 0.991441
vn 0.130553 0.000000 0.991441
vn 0.130553 0.000000 0.991441
vn 0.382679 0.000000 0.923882
vn 0.382679 0.000000 0.923882
vn 0.382679 0.000000 0.923882
vn 0.382679 0.000000 0.923882
vn 0.608762 0.000000 0.793353
vn 0.608762 0.000000 0.793353
vn 0.608762 0.000000 0.793353
vn 0.608762 0.000000 0.793353
vn 0.793355 0.000000 0.608760
vn 0.793355 0.000000 0.608760
vn 0.793355 0.000000 0.608760
vn 0.793355 0.000000 0.608760
vn 0.923878 0.000000 0.382687
vn 0.923878 0.000000 0.382687
vn 0.923878 0.000000 0.382687
vn 0.923878 0.000000 0.382687
vn 0.991446 0.000000 0.130521
vn 0.991446 0.000000 0.130521
vn 0.991446 0.000000 0.130521
vn 0.991446 0.000000 0.130521
vn 0.991445 0.000000 -0.130526
vn 0.991445 0.000000 -0.130526
vn 0.991445 0.000000 -0.130526
vn 0.991445 0.000000 -0.130526
vn 0.923884 0.000000 -0.382673
vn 0.923884 0.000000 -0.382673
vn 0.923884 0.000000 -0.382673
vn 0.923884 0.000000 -0.382673
vn 0.793355 0.000000 -0.608760
vn 0.793355 0.000000 -0.608760
vn 0.793355 0.000000 -0.608760
vn 0.793355 0.000000 -0.608760
vn 0.608762 0.000000 -0.793353
vn 0.608762 0.000000 -0.793353
vn 0.608762 0.000000 -0.793353
vn 0.608762 0.000000 -0.793353
vn 0.382679 0.000000 -0.923882
vn 0.382679 0.000000 -0.923882
vn 0.382679 0.000000 -0.923882
vn 0.382679 0.000000 -0.923882
vn 0.130515 0.000000 -0.991446
vn 0.130515 0.000000 -0.991446
vn 0.130515 0.000000 -0.991446
vn 0.130515 0.000000 -0.991446
vn -0.130515 0.000000 -0.991446
vn -0.130515 0.000000 -0.991446
vn -0.130515 0.000000 -0.991446
vn -0.130515 0.000000 -0.991446
vn -0.382679 0.000000 -0.923882
vn -0.382679 0.000000 -0.923882
vn -0.382679 0.000000 -0.923882
vn -0.382679 0.000000 -0.923882
vn -0.608762 0.000000 -0.793353
vn -0.608762 0.000000 -0.793353
vn -0.608762 0.000000 -0.793353
vn -0.608762 0.000000 -0.793353
vn -0.793355 0.000000 -0.608760
vn -0.793355 0.000000 -0.608760
vn -0.793355 0.000000 -0.608760
vn -0.793355 0.000000 -0.608760
vn 0.000000 0.000000 1.000000
vn 0.000000 0.000000 1.000000
vn 0.000000 0.000000 1.000000
vn 0.000000 0.000000 1.000000
vn 0.000000 1.000000 0.000000
vn 0.000000 1.000000 0.000000
vn 0.000000 1.000000 0.000000
vn 0.000000 1.000000 0.000000
vn 0.000000 0.000000 -1.000000
vn 0.000000 0.000000 -1.000000
vn 0.000000 0.000000 -1.000000
vn 0.000000 0.000000 -1.000000
vn 0.000000 -1.000000 0.000000
vn 0.000000 -1.000000 0.000000
vn 0.000000 -1.000000 0.000000
vn 0.000000 -1.000000 0.000000
vn 1.000000 0.000000 0.000000
vn 1.000000 0.000000 0.000000
vn 1.000000 0.000000 0.000000
vn 1.000000 0.000000 0.000000
vn -1.000000 0.000000 0.000000
vn -1.000000 0.000000 0.000000
vn -1.000000 0.000000 0.000000
vn -1.000000 0.000000 0.000000
vn 0.000000 0.000000 1.000000
vn 0.000000 0.000000 1.000000
vn 0.000000 0.000000 1.000000
vn 0.000000 0.000000 1.000000
vn 0.000000 1.000000 0.000000
vn 0.000000 1.000000 0.000000
vn 0.000000 1.000000 0.000000
vn 0.000000 1.000000 0.000000
vn 0.000000 0.000000 -1.000000
vn 0.000000 0.000000 -1.000000
vn 0.000000 0.000000 -1.000000
vn 0.000000 0.000000 -1.000000
vn 0.000000 -1.000000 0.000000
vn 0.000000 -1.000000 0.000000
vn 0.000000 -1.000000 0.000000
vn 0.000000 -1.000000 0.000000
vn 1.000000 0.000000 0.000000
vn 1.000000 0.000000 0.000000
vn 1.000000 0.000000 0.000000
vn 1.000000 0.000000 0.000000
vn -1.000000 0.000000 0.000000
vn -1.000000 0.000000 0.000000
vn -1.000000 0.000000 0.000000
vn -1.000000 0.000000 0.000000
vn 0.000000 0.000000 1.000000
vn 0.000000 0.000000 1.000000
vn 0.000000 0.000000 1.000000
vn 0.000000 0.000000 1.000000
vn 0.000000 1.000000 0.000000
vn 0.000000 1.000000 0.000000
vn 0.000000 1.000000 0.000000
vn 0.000000 1.000000 0.000000
vn 0.000000 0.000000 -1.000000
vn 0.000000 0.000000 -1.000000
vn 0.000000 0.000000 -1.000000
vn 0.000000 0.000000 -1.000000
vn 0.000000 -1.000000 0.000000
vn 0.000000 -1.000000 0.000000
vn 0.000000 -1.000000 0.000000
vn 0.000000 -1.000000 0.000000
vn 1.000000 0.000000 0.000000
vn 1.000000 0.000000 0.000000
vn 1.000000 0.000000 0.000000
vn 1.000000 0.000000 0.000000
vn -1.000000 0.000000 0.000000
vn -1.000000 0.000000 0.000000
vn -1.000000 0.000000 0.000000
vn -1.000000 0.000000 0.000000
vn 0.000000 0.000000 1.000000
vn 0.000000 0.000000 1.000000
vn 0.000000 0.000000 1.000000
vn 0.000000 0.000000 1.000000
vn 0.000000 1.000000 0.000000
vn 0.000000 1.000000 0.000000
vn 0.000000 1.000000 0.000000
vn 0.000000 1.000000 0.000000
vn 0.000000 0.000000 -1.000000
vn 0.000000 0.000000 -1.000000
vn 0.000000 0.000000 -1.000000
vn 0.000000 0.000000 -1.000000
vn 0.000000 -1.000000 0.000000
vn 0.000000 -1.000000 0.000000
vn 0.000000 -1.000000 0.000000
vn 0.000000 -1.000000 0.000000
vn 1.000000 0.000000 0.000000
vn 1.000000 0.000000 0.000000
vn 1.000000 0.000000 0.000000
vn 1.000000 0.000000 0.000000
vn -1.000000 0.000000 0.000000
vn -1.000000 0.000000 0.000000
vn -1.000000 0.000000 0.000000
vn -1.000000 0.000000 0.000000
vn 0.000000 0.000000 1.000000
vn 0.000000 0.000000 1.000000
vn 0.000000 0.000000 1.000000
vn 0.000000 0.000000 1.000000
vn 0.000000 1.000000 0.000000
vn 0.000000 1.000000 0.000000
vn 0.000000 1.000000 0.000000
vn 0.000000 1.000000 0.000000
vn 0.000000 0.000000 -1.000000
vn 0.000000 0.000000 -1.000000
vn 0.000000 0.000000 -1.000000
vn 0.000000 0.000000 -1.000000
vn 0.000000 -1.000000 0.000000
vn 0.000000 -1.000000 0.000000
vn 0.000000 -1.000000 0.000000
vn 0.000000 -1.000000 0.000000
vn 1.000000 0.000000 0.000000
vn 1.000000 0.000000 0.000000
vn 1.000000 0.000000 0.000000
vn 1.000000 0.000000 0.000000
vn -1.000000 0.000000 0.000000
vn -1.000000 0.000000 0.000000
vn -1.000000 0.000000 0.000000
vn -1.000000 0.000000 0.000000
vn 0.000000 0.000000 1.000000
vn 0.000000 0.000000 1.000000
vn 0.000000 0.000000 1.000000
vn 0.000000 0.000000 1.000000
vn 0.000000 1.000000 0.000000
vn 0.000000 1.000000 0.000000
vn 0.000000 1.000000 0.000000
vn 0.000000 1.000000 0.000000
vn 0.000000 0.000000 -1.000000
vn 0.000000 0.000000 -1.000000
vn 0.000000 0.000000 -1.000000
vn 0.000000 0.000000 -1.000000
vn 0.000000 -1.000000 0.000000
vn 0.000000 -1.000000 0.000000
vn 0.000000 -1.000000 0.000000
vn 0.000000 -1.000000 0.000000
vn 1.000000 0.000000 0.000000
vn 1.000000 0.000000 0.000000
vn 1.000000 0.000000 0.000000
vn 1.000000 0.000000 0.000000
vn -1.000000 0.000000 0.000000
vn -1.000000 0.000000 0.000000
vn -1.000000 0.000000 0.000000
vn -1.000000 0.000000 0.000000
vn 0.000000 0.000000 1.000000
vn 0.000000 0.000000 1.000000
vn 0.000000 0.000000 1.000000
vn 0.000000 0.000000 1.000000
vn 0.000000 1.000000 0.000000
vn 0.000000 1.000000 0.000000
vn 0.000000 1.000000 0.000000
vn 0.000000 1.000000 0.000000
vn 0.000000 0.000000 -1.000000
vn 0.000000 0.000000 -1.000000
vn 0.000000 0.000000 -1.000000
vn 0.000000 0.000000 -1.000000
vn 0.000000 -1.000000 0.000000
vn 0.000000 -1.000000 0.000000
vn 0.000000 -1.000000 0.000000
vn 0.000000 -1.000000 0.000000
vn 1.000000 0.000000 0.000000
vn 1.000000 0.000000 0.000000
vn 1.000000 0.000000 0.000000
vn 1.000000 0.000000 0.000000
vn -1.000000 0.000000 0.000000
vn -1.000000 0.000000 0.000000
vn -1.000000 0.000000 0.000000
vn -1.000000 0.000000 0.000000
vn 0.000000 0.000000 1.000000
vn 0.000000 0.000000 1.000000
vn 0.000000 0.000000 1.000000
vn 0.000000 0.000000 1.000000
vn 0.000000 1.000000 0.000000
vn 0.000000 1.000000 0.000000
vn 0.000000 1.000000 0.000000
vn 0.000000 1.000000 0.000000
vn 0.000000 0.000000 -1.000000
vn 0.000000 0.000000 -1.000000
vn 0.000000 0.000000 -1.000000
vn 0.000000 0.000000 -1.000000
vn 0.000000 -1.000000 0.000000
vn 0.000000 -1.000000 0.000000
vn 0.000000 -1.000000 0.000000
vn 0.000000 -1.000000 0.000000
vn 1.000000 0.000000 0.000000
vn 1.000000 0.000000 0.000000
vn 1.000000 0.000000 0.000000
vn 1.000000 0.000000 0.000000
vn -1.000000 0.000000 0.000000
vn -1.000000 0.000000 0.000000
vn -1.000000 0.000000 0.000000
vn -1.000000 0.000000 0.000000
vn 0.000000 0.000000 1.000000
vn 0.000000 0.000000 1.000000
vn 0.000000 0.000000 1.000000
vn 0.000000 0.000000 1.000000
vn 0.000000 1.000000 0.000000
vn 0.000000 1.000000 0.000000
vn 0.000000 1.000000 0.000000
vn 0.000000 1.000000 0.000000
vn 0.000000 0.000000 -1.000000
vn 0.000000 0.000000 -1.000000
vn 0.000000 0.000000 -1.000000
vn 0.000000 0.000000 -1.000000
vn 0.000000 -1.000000 0.000000
vn 0.000000 -1.000000 0.000000
vn 0.000000 -1.000000 0.000000
vn 0.000000 -1.000000 0.000000
vn 1.000000 0.000000 0.000000
vn 1.000000 0.000000 0.000000
vn 1.000000 0.000000 0.000000
vn 1.000000 0.000000 0.000000
vn -1.000000 0.000000 0.000000
vn -1.000000 0.000000 0.000000
vn -1.000000 0.000000 0.000000
vn -1.000000 0.000000 0.000000
vn 0.000000 0.000000 1.000000
vn 0.000000 0.000000 1.000000
vn 0.000000 0.000000 1.000000
vn 0.000000 0.000000 1.000000
vn 0.000000 1.000000 0.000000
vn 0.000000 1.000000 0.000000
vn 0.000000 1.000000 0.000000
vn 0.000000 1.000000 0.000000
vn 0.000000 0.000000 -1.000000
vn 0.000000 0.000000 -1.000000
vn 0.000000 0.000000 -1.000000
vn 0.000000 0.000000 -1.000000
vn 0.000000 -1.000000 0.000000
vn 0.000000 -1.000000 0.000000
vn 0.000000 -1.000000 0.000000
vn 0.000000 -1.000000 0.000000
vn 1.000000 0.000000 0.000000
vn 1.000000 0.000000 0.000000
vn 1.000000 0.000000 0.000000
vn 1.000000 0.000000 0.000000
vn -1.000000 0.000000 0.000000
vn -1.000000 0.000000 0.000000
vn -1.000000 0.000000 0.000000
vn -1.000000 0.000000 0.000000
vn 0.000000 0.000000 1.000000
vn 0.000000 0.000000 1.000000
vn 0.000000 0.000000 1.000000
vn 0.000000 0.000000 1.000000
vn 0.000000 1.000000 0.000000
vn 0.000000 1.000000 0.000000
vn 0.000000 1.000000 0.000000
vn 0.000000 1.000000 0.000000
vn 0.000000 0.000000 -1.000000
vn 0.000000 0.000000 -1.000000
vn 0.000000 0.000000 -1.000000
vn 0.000000 0.000000 -1.000000
vn 0.000000 -1.000000 0.000000
vn 0.000000 -1.000000 0.000000
vn 0.000000 -1.000000 0.000000
vn 0.000000 -1.000000 0.000000
vn 1.000000 0.000000 0.000000
vn 1.000000 0.000000 0.000000
vn 1.000000 0.000000 0.000000
vn 1.000000 0.000000 0.000000
vn -1.000000 0.000000 0.000000
vn -1.000000 0.000000 0.000000
vn -1.000000 0.000000 0.000000
vn -1.000000 0.000000 0.000000
vn 0.000000 0.000000 1.000000
vn 0.000000 0.000000 1.000000
vn 0.000000 0.000000 1.000000
vn 0.000000 0.000000 1.000000
vn 0.000000 1.000000 0.000000
vn 0.000000 1.000000 0.000000
vn 0.000000 1.000000 0.000000
vn 0.000000 1.000000 0.000000
vn 0.000000 0.000000 -1.000000
vn 0.000000 0.000000 -1.000000
vn 0.000000 0.000000 -1.000000
vn 0.000000 0.000000 -1.000000
vn 0.000000 -1.000000 0.000000
vn 0.000000 -1.000000 0.000000
vn 0.000000 -1.000000 0.000000
vn 0.000000 -1.000000 0.000000
vn 1.000000 0.000000 0.000000
vn 1.000000 0.000000 0.000000
vn 1.000000 0.000000 0.000000
vn 1.000000 0.000000 0.000000
vn -1.000000 0.000000 0.000000
vn -1.000000 0.000000 0.000000
vn -1.000000 0.000000 0.000000
vn -1.000000 0.000000 0.000000
vn 0.000000 0.000000 1.000000
vn 0.000000 0.000000 1.000000
vn 0.000000 0.000000 1.000000
vn 0.000000 0.000000 1.000000
vn 0.000000 1.000000 0.000000
vn 0.000000 1.000000 0.000000
vn 0.000000 1.000000 0.000000
vn 0.000000 1.000000 0.000000
vn 0.000000 0.000000 -1.000000
vn 0.000000 0.000000 -1.000000
vn 0.000000 0.000000 -1.000000
vn 0.000000 0.000000 -1.000000
vn 0.000000 -1.000000 0.000000
vn 0.000000 -1.000000 0.000000
vn 0.000000 -1.000000 0.000000
vn 0.000000 -1.000000 0.000000
vn 1.000000 0.000000 0.000000
vn 1.000000 0.000000 0.000000
vn 1.000000 0.000000 0.000000
vn 1.000000 0.000000 0.000000
vn -1.000000 0.000000 0.000000
vn -1.000000 0.000000 0.000000
vn -1.000000 0.000000 0.000000
vn -1.000000 0.000000 0.000000
vn 0.000000 0.000000 1.000000
vn 0.000000 0.000000 1.000000
vn 0.000000 0.000000 1.000000
vn 0.000000 0.000000 1.000000
vn 0.000000 1.000000 0.000000
vn 0.000000 1.000000 0.000000
vn 0.000000 1.000000 0.000000
vn 0.000000 1.000000 0.000000
vn 0.000000 0.000000 -1.000000
vn 0.000000 0.000000 -1.000000
vn 0.000000 0.000000 -1.000000
vn 0.000000 0.000000 -1.000000
vn 0.000000 -1.000000 0.000000
vn 0.000000 -1.000000 0.000000
vn 0.000000 -1.000000 0.000000
vn 0.000000 -1.000000 0.000000
vn 1.000000 0.000000 0.000000
vn 1.000000 0.000000 0.000000
vn 1.000000 0.000000 0.000000
vn 1.000000 0.000000 0.000000
vn -1.000000 0.000000 0.000000
vn -1.000000 0.000000 0.000000
vn -1.000000 0.000000 0.000000
vn -1.000000 0.000000 0.000000
s off
g Container_Blue
usemtl Container_BlueSG
f 1/1/1 2/2/2 4/3/3 3/4/4
f 3/5/5 4/6/6 6/7/7 5/8/8
f 5/8/9 6/7/10 8/9/11 7/10/12
f 7/10/13 8/9/14 2/11/15 1/12/16
f 2/2/17 8/9/18 6/7/19 4/3/20
f 7/13/21 1/1/22 3/4/23 5/14/24
f 9/15/25 10/16/26 12/17/27 11/18/28
f 11/19/29 12/20/30 14/21/31 13/22/32
f 13/22/33 14/21/34 16/23/35 15/24/36
f 15/24/37 16/23/38 10/25/39 9/26/40
f 10/16/41 16/23/42 14/21/43 12/17/44
f 15/27/45 9/15/46 11/18/47 13/28/48
f 17/29/49 18/30/50 20/31/51 19/32/52
f 19/33/53 20/34/54 22/35/55 21/36/56
f 21/36/57 22/35/58 24/37/59 23/38/60
f 23/38/61 24/37/62 18/39/63 17/40/64
f 18/30/65 24/37/66 22/35/67 20/31/68
f 23/41/69 17/29/70 19/32/71 21/42/72
f 25/43/73 26/44/74 28/45/75 27/46/76
f 27/47/77 28/48/78 30/49/79 29/50/80
f 29/50/81 30/49/82 32/51/83 31/52/84
f 31/52/85 32/51/86 26/53/87 25/54/88
f 26/44/89 32/51/90 30/49/91 28/45/92
f 31/55/93 25/43/94 27/46/95 29/56/96
f 33/57/97 34/58/98 36/59/99 35/60/100
f 35/61/101 36/62/102 38/63/103 37/64/104
f 37/64/105 38/63/106 40/65/107 39/66/108
f 39/66/109 40/65/110 34/67/111 33/68/112
f 34/58/113 40/65/114 38/63/115 36/59/116
f 39/69/117 33/57/118 35/60/119 37/70/120
f 41/71/121 42/72/122 44/73/123 43/74/124
f 43/75/125 44/76/126 46/77/127 45/78/128
f 45/78/129 46/77/130 48/79/131 47/80/132
f 47/80/133 48/79/134 42/81/135 41/82/136
f 42/72/137 48/79/138 46/77/139 44/73/140
f 47/83/141 41/71/142 43/74/143 45/84/144
f 49/85/145 50/86/146 52/87/147 51/88/148
f 51/89/149 52/90/150 54/91/151 53/92/152
f 53/92/153 54/91/154 56/93/155 55/94/156
f 55/94/157 56/93/158 50/95/159 49/96/160
f 50/86/161 56/93/162 54/91/163 52/87/164
f 55/97/165 49/85/166 51/88/167 53/98/168
f 57/99/169 58/100/170 60/101/171 59/102/172
f 59/103/173 60/104/174 62/105/175 61/106/176
f 61/106/177 62/105/178 64/107/179 63/108/180
f 63/108/181 64/107/182 58/109/183 57/110/184
f 58/100/185 64/107/186 62/105/187 60/101/188
f 63/111/189 57/99/190 59/102/191 61/112/192
f 65/113/193 66/114/194 68/115/195 67/116/196
f 67/117/197 68/118/198 70/119/199 69/120/200
f 69/120/201 70/119/202 72/121/203 71/122/204
f 71/122/205 72/121/206 66/123/207 65/124/208
f 66/114/209 72/121/210 70/119/211 68/115/212
f 71/125/213 65/113/214 67/116/215 69/126/216
f 73/127/217 74/128/218 76/129/219 75/130/220
f 75/131/221 76/132/222 78/133/223 77/134/224
f 77/134/225 78/133/226 80/135/227 79/136/228
f 79/136/229 80/135/230 74/137/231 73/138/232
f 74/128/233 80/135/234 78/133/235 76/129/236
f 79/139/237 73/127/238 75/130/239 77/140/240
f 81/141/241 82/142/242 84/143/243 83/144/244
f 83/145/245 84/146/246 86/147/247 85/148/248
f 85/148/249 86/147/250 88/149/251 87/150/252
f 87/150/253 88/149/254 82/151/255 81/152/256
f 82/142/257 88/149/258 86/147/259 84/143/260
f 87/153/261 81/141/262 83/144/263 85/154/264
f 89/155/265 90/156/266 92/157/267 91/158/268
f 91/159/269 92/160/270 94/161/271 93/162/272
f 93/162/273 94/161/274 96/163/275 95/164/276
f 95/164/277 96/163/278 90/165/279 89/166/280
f 90/156/281 96/163/282 94/161/283 92/157/284
f 95/167/285 89/155/286 91/158/287 93/168/288
f 97/169/289 98/170/290 100/171/291 99/172/292
f 99/173/293 100/174/294 102/175/295 101/176/296
f 101/176/297 102/175/298 104/177/299 103/178/300
f 103/178/301 104/177/302 98/179/303 97/180/304
f 98/170/305 104/177/306 102/175/307 100/171/308
f 103/181/309 97/169/310 99/172/311 101/182/312
f 105/183/313 106/184/314 108/185/315 107/186/316
f 107/187/317 108/188/318 110/189/319 109/190/320
f 109/190/321 110/189/322 112/191/323 111/192/324
f 111/192/325 112/191/326 106/193/327 105/194/328
f 106/184/329 112/191/330 110/189/331 108/185/332
f 111/195/333 105/183/334 107/186/335 109/196/336
f 113/197/337 114/198/338 116/199/339 115/200/340
f 115/201/341 116/202/342 118/203/343 117/204/344
f 117/204/345 118/203/346 120/205/347 119/206/348
f 119/206/349 120/205/350 114/207/351 113/208/352
f 114/198/353 120/205/354 118/203/355 116/199/356
f 119/209/357 113/197/358 115/200/359 117/210/360
f 121/211/361 122/212/362 124/213/363 123/214/364
f 123/215/365 124/216/366 126/217/367 125/218/368
f 125/218/369 126/217/370 128/219/371 127/220/372
f 127/220/373 128/219/374 122/221/375 121/222/376
f 122/212/377 128/219/378 126/217/379 124/213/380
f 127/223/381 121/211/382 123/214/383 125/224/384
f 129/225/385 130/226/386 132/227/387 131/228/388
f 131/229/389 132/230/390 134/231/391 133/232/392
f 133/232/393 134/231/394 136/233/395 135/234/396
f 135/234/397 136/233/398 130/235/399 129/236/400
f 130/226/401 136/233/402 134/231/403 132/227/404
f 135/237/405 129/225/406 131/228/407 133/238/408
f 137/239/409 138/240/410 140/241/411 139/242/412
f 139/243/413 140/244/414 142/245/415 141/246/416
f 141/246/417 142/245/418 144/247/419 143/248/420
f 143/248/421 144/247/422 138/249/423 137/250/424
f 138/240/425 144/247/426 142/245/427 140/241/428
f 143/251/429 137/239/430 139/242/431 141/252/432
f 145/253/433 146/254/434 148/255/435 147/256/436
f 147/257/437 148/258/438 150/259/439 149/260/440
f 149/260/441 150/259/442 152/261/443 151/262/444
f 151/262/445 152/261/446 146/263/447 145/264/448
f 146/254/449 152/261/450 150/259/451 148/255/452
f 151/265/453 145/253/454 147/256/455 149/266/456
f 153/267/457 154/268/458 156/269/459 155/270/460
f 155/271/461 156/272/462 158/273/463 157/274/464
f 157/274/465 158/273/466 160/275/467 159/276/468
f 159/276/469 160/275/470 154/277/471 153/278/472
f 154/268/473 160/275/474 158/273/475 156/269/476
f 159/279/477 153/267/478 155/270/479 157/280/480
f 161/281/481 162/282/482 164/283/483 163/284/484
f 163/284/485 164/283/486 166/285/487 165/286/488
f 165/287/489 166/288/490 168/289/491 167/290/492
f 167/291/493 168/292/494 162/282/495 161/281/496
f 162/282/497 168/289/498 166/288/499 164/283/500
f 167/293/501 161/281/502 163/284/503 165/294/504
f 169/295/505 170/296/506 172/297/507 171/298/508
f 171/298/509 172/297/510 174/299/511 173/300/512
f 173/300/513 174/299/514 176/301/515 175/302/516
f 175/303/517 176/304/518 170/296/519 169/295/520
f 170/296/521 176/305/522 174/306/523 172/297/524
f 175/307/525 169/295/526 171/298/527 173/308/528
f 177/309/529 178/310/530 180/311/531 179/312/532
f 179/313/533 180/314/534 182/315/535 181/316/536
f 181/316/537 182/315/538 184/317/539 183/318/540
f 183/318/541 184/317/542 178/319/543 177/320/544
f 178/310/545 184/317/546 182/315/547 180/311/548
f 183/321/549 177/309/550 179/312/551 181/322/552
f 185/323/553 186/324/554 188/325/555 187/326/556
f 187/327/557 188/328/558 190/329/559 189/330/560
f 189/330/561 190/329/562 192/331/563 191/332/564
f 191/332/565 192/331/566 186/333/567 185/334/568
f 186/324/569 192/331/570 190/329/571 188/325/572
f 191/335/573 185/323/574 187/326/575 189/336/576
f 193/337/577 194/338/578 196/339/579 195/340/580
f 195/340/581 196/339/582 198/341/583 197/342/584
f 197/342/585 198/341/586 200/343/587 199/344/588
f 199/345/589 200/346/590 194/338/591 193/337/592
f 194/338/593 200/347/594 198/348/595 196/339/596
f 199/349/597 193/337/598 195/340/599 197/350/600
f 201/351/601 202/352/602 204/353/603 203/354/604
f 203/354/605 204/353/606 206/355/607 205/356/608
f 205/357/609 206/358/610 208/359/611 207/360/612
f 207/361/613 208/362/614 202/352/615 201/351/616
f 202/352/617 208/359/618 206/358/619 204/353/620
f 207/363/621 201/351/622 203/354/623 205/364/624
f 209/365/625 210/366/626 212/367/627 211/368/628
f 211/369/629 212/370/630 214/371/631 213/372/632
f 213/372/633 214/371/634 216/373/635 215/374/636
f 215/374/637 216/373/638 210/375/639 209/376/640
f 210/366/641 216/373/642 214/371/643 212/367/644
f 215/374/645 209/377/646 211/378/647 213/372/648
f 217/379/649 218/380/650 220/381/651 219/382/652
f 219/382/653 220/383/654 222/384/655 221/385/656
f 221/386/657 222/387/658 224/388/659 223/389/660
f 223/390/661 224/391/662 218/392/663 217/379/664
f 218/380/665 224/388/666 222/387/667 220/381/668
f 223/390/669 217/379/670 219/382/671 221/385/672
f 225/393/673 226/394/674 228/395/675 227/396/676
f 227/397/677 228/395/678 230/398/679 229/399/680
f 229/400/681 230/401/682 232/402/683 231/403/684
f 231/404/685 232/405/686 226/394/687 225/406/688
f 226/394/689 232/405/690 230/398/691 228/395/692
f 231/403/693 225/393/694 227/396/695 229/400/696
f 233/407/697 234/408/698 236/409/699 235/410/700
f 235/410/701 236/411/702 238/412/703 237/413/704
f 237/414/705 238/415/706 240/416/707 239/417/708
f 239/418/709 240/419/710 234/420/711 233/407/712
f 234/408/713 240/416/714 238/415/715 236/409/716
f 239/418/717 233/407/718 235/410/719 237/413/720
f 241/421/721 242/422/722 244/423/723 243/424/724
f 243/424/725 244/425/726 246/426/727 245/427/728
f 245/427/729 246/428/730 248/429/731 247/430/732
f 247/430/733 248/431/734 242/432/735 241/421/736
f 242/433/737 248/434/738 246/426/739 244/425/740
f 247/430/741 241/421/742 243/424/743 245/427/744
f 249/435/745 250/436/746 252/437/747 251/438/748
f 251/439/749 252/440/750 254/441/751 253/442/752
f 253/443/753 254/444/754 256/445/755 255/446/756
f 255/446/757 256/447/758 250/448/759 249/435/760
f 250/448/761 256/447/762 254/441/763 252/440/764
f 255/446/765 249/435/766 251/438/767 253/443/768
f 257/449/769 258/450/770 260/451/771 259/452/772
f 259/453/773 260/454/774 262/455/775 261/456/776
f 261/456/777 262/457/778 264/458/779 263/459/780
f 263/459/781 264/460/782 258/461/783 257/462/784
f 258/450/785 264/458/786 262/457/787 260/451/788
f 263/459/789 257/462/790 259/453/791 261/456/792
f 265/463/793 266/464/794 268/465/795 267/466/796
f 267/467/797 268/468/798 270/469/799 269/470/800
f 269/470/801 270/471/802 272/472/803 271/473/804
f 271/473/805 272/474/806 266/475/807 265/476/808
f 266/464/809 272/472/810 270/471/811 268/465/812
f 271/473/813 265/476/814 267/467/815 269/470/816
f 273/477/817 274/478/818 276/479/819 275/480/820
f 275/480/821 276/481/822 278/482/823 277/483/824
f 277/484/825 278/485/826 280/486/827 279/487/828
f 279/488/829 280/489/830 274/490/831 273/477/832
f 274/478/833 280/486/834 278/485/835 276/479/836
f 279/488/837 273/477/838 275/480/839 277/483/840
f 281/491/841 282/492/842 284/493/843 283/494/844
f 283/494/845 284/495/846 286/496/847 285/497/848
f 285/497/849 286/498/850 288/499/851 287/500/852
f 287/501/853 288/502/854 282/503/855 281/504/856
f 282/503/857 288/502/858 286/496/859 284/495/860
f 287/500/861 281/491/862 283/494/863 285/497/864
f 289/505/865 290/506/866 292/507/867 291/508/868
f 291/509/869 292/510/870 294/511/871 293/512/872
f 293/513/873 294/514/874 296/515/875 295/516/876
f 295/516/877 296/517/878 290/518/879 289/505/880
f 290/518/881 296/517/882 294/511/883 292/510/884
f 295/516/885 289/505/886 291/508/887 293/513/888
f 297/519/889 298/520/890 300/521/891 299/522/892
f 299/523/893 300/524/894 302/525/895 301/526/896
f 301/526/897 302/525/898 304/527/899 303/528/900
f 303/528/901 304/527/902 298/529/903 297/530/904
f 298/520/905 304/527/906 302/525/907 300/521/908
f 303/531/909 297/519/910 299/522/911 301/532/912
f 305/533/913 306/534/914 308/535/915 307/536/916
f 307/537/917 308/538/918 310/539/919 309/540/920
f 309/541/921 310/542/922 312/543/923 311/544/924
f 311/544/925 312/545/926 306/546/927 305/533/928
f 306/546/929 312/545/930 310/539/931 308/538/932
f 311/544/933 305/533/934 307/536/935 309/541/936
f 313/547/937 314/548/938 316/549/939 315/550/940
f 315/551/941 316/549/942 318/552/943 317/553/944
f 317/554/945 318/552/946 320/555/947 319/556/948
f 319/557/949 320/555/950 314/548/951 313/558/952
f 314/548/953 320/555/954 318/552/955 316/549/956
f 319/557/957 313/558/958 315/559/959 317/560/960
f 321/561/961 322/562/962 324/563/963 323/564/964
f 323/565/965 324/563/966 326/566/967 325/567/968
f 325/568/969 326/569/970 328/570/971 327/571/972
f 327/572/973 328/573/974 322/562/975 321/574/976
f 322/562/977 328/573/978 326/566/979 324/563/980
f 327/571/981 321/561/982 323/564/983 325/568/984
f 329/575/985 330/576/986 332/577/987 331/578/988
f 331/579/989 332/577/990 334/580/991 333/581/992
f 333/582/993 334/580/994 336/583/995 335/584/996
f 335/585/997 336/586/998 330/576/999 329/575/1000
f 330/576/1001 336/583/1002 334/580/1003 332/577/1004
f 335/584/1005 329/587/1006 331/588/1007 333/582/1008
f 337/589/1009 357/590/1010 358/591/1011 339/592/1012
f 339/593/1013 358/594/1014 359/595/1015 341/596/1016
f 341/597/1017 359/598/1018 360/599/1019 343/600/1020
f 343/601/1021 360/602/1022 357/603/1023 337/604/1024
f 350/605/1025 349/606/1026 351/607/1027 352/608/1028
f 345/609/1029 346/610/1030 347/611/1031 348/612/1032
f 343/601/1033 337/604/1034 365/613/1035 366/614/1036
f 337/589/1037 339/592/1038 368/615/1039 365/616/1040
f 339/593/1041 341/596/1042 367/617/1043 368/618/1044
f 341/619/1045 343/620/1046 366/621/1047 367/622/1048
f 338/623/1049 344/624/1050 372/625/1051 369/626/1052
f 344/627/1053 342/628/1054 371/629/1055 372/630/1056
f 342/631/1057 340/632/1058 370/633/1059 371/634/1060
f 340/635/1061 338/636/1062 369/637/1063 370/638/1064
f 353/639/1065 361/640/1066 362/641/1067 354/642/1068
f 355/643/1069 354/644/1070 362/645/1071 363/646/1072
f 356/647/1073 355/648/1074 363/649/1075 364/650/1076
f 353/651/1077 356/652/1078 364/653/1079 361/654/1080
f 357/590/1081 353/639/1082 354/642/1083 358/591/1084
f 359/595/1085 358/594/1086 354/644/1087 355/643/1088
f 360/599/1089 359/598/1090 355/648/1091 356/647/1092
f 357/603/1093 360/602/1094 356/652/1095 353/651/1096
f 361/640/1097 338/636/1098 340/635/1099 362/641/1100
f 363/646/1101 362/645/1102 340/632/1103 342/631/1104
f 364/650/1105 363/649/1106 342/628/1107 344/627/1108
f 361/654/1109 364/653/1110 344/624/1111 338/623/1112
f 366/614/1113 365/613/1114 346/655/1115 345/656/1116
f 367/622/1117 366/621/1118 345/609/1119 348/612/1120
f 368/618/1121 367/617/1122 348/657/1123 347/658/1124
f 365/616/1125 368/615/1126 347/611/1127 346/610/1128
f 370/638/1129 369/637/1130 350/605/1131 352/608/1132
f 371/634/1133 370/633/1134 352/659/1135 351/660/1136
f 372/630/1137 371/629/1138 351/607/1139 349/606/1140
f 369/626/1141 372/625/1142 349/661/1143 350/662/1144
f 373/663/1145 393/664/1146 394/665/1147 375/666/1148
f 375/667/1149 394/668/1150 395/669/1151 377/670/1152
f 377/671/1153 395/672/1154 396/673/1155 379/674/1156
f 379/675/1157 396/676/1158 393/677/1159 373/678/1160
f 386/679/1161 385/680/1162 387/681/1163 388/682/1164
f 381/683/1165 382/684/1166 383/685/1167 384/686/1168
f 379/675/1169 373/678/1170 401/687/1171 402/688/1172
f 373/663/1173 375/666/1174 404/689/1175 401/690/1176
f 375/667/1177 377/670/1178 403/691/1179 404/692/1180
f 377/693/1181 379/694/1182 402/695/1183 403/696/1184
f 374/697/1185 380/698/1186 408/699/1187 405/700/1188
f 380/701/1189 378/702/1190 407/703/1191 408/704/1192
f 378/705/1193 376/706/1194 406/707/1195 407/708/1196
f 376/709/1197 374/710/1198 405/711/1199 406/712/1200
f 389/713/1201 397/714/1202 398/715/1203 390/716/1204
f 391/717/1205 390/718/1206 398/719/1207 399/720/1208
f 392/721/1209 391/722/1210 399/723/1211 400/724/1212
f 389/725/1213 392/726/1214 400/727/1215 397/728/1216
f 393/664/1217 389/713/1218 390/716/1219 394/665/1220
f 395/669/1221 394/668/1222 390/718/1223 391/717/1224
f 396/673/1225 395/672/1226 391/722/1227 392/721/1228
f 393/677/1229 396/676/1230 392/726/1231 389/725/1232
f 397/714/1233 374/710/1234 376/709/1235 398/715/1236
f 399/720/1237 398/719/1238 376/706/1239 378/705/1240
f 400/724/1241 399/723/1242 378/702/1243 380/701/1244
f 397/728/1245 400/727/1246 380/698/1247 374/697/1248
f 402/688/1249 401/687/1250 382/729/1251 381/730/1252
f 403/696/1253 402/695/1254 381/683/1255 384/686/1256
f 404/692/1257 403/691/1258 384/731/1259 383/732/1260
f 401/690/1261 404/689/1262 383/685/1263 382/684/1264
f 406/712/1265 405/711/1266 386/679/1267 388/682/1268
f 407/708/1269 406/707/1270 388/733/1271 387/734/1272
f 408/704/1273 407/703/1274 387/681/1275 385/680/1276
f 405/700/1277 408/699/1278 385/735/1279 386/736/1280
f 409/737/1281 429/738/1282 430/739/1283 411/740/1284
f 411/741/1285 430/742/1286 431/743/1287 413/744/1288
f 413/745/1289 431/746/1290 432/747/1291 415/748/1292
f 415/749/1293 432/750/1294 429/751/1295 409/752/1296
f 422/753/1297 421/754/1298 423/755/1299 424/756/1300
f 417/757/1301 418/758/1302 419/759/1303 420/760/1304
f 415/749/1305 409/752/1306 437/761/1307 438/762/1308
f 409/737/1309 411/740/1310 440/763/1311 437/764/1312
f 411/741/1313 413/744/1314 439/765/1315 440/766/1316
f 413/767/1317 415/768/1318 438/769/1319 439/770/1320
f 410/771/1321 416/772/1322 444/773/1323 441/774/1324
f 416/775/1325 414/776/1326 443/777/1327 444/778/1328
f 414/779/1329 412/780/1330 442/781/1331 443/782/1332
f 412/783/1333 410/784/1334 441/785/1335 442/786/1336
f 425/787/1337 433/788/1338 434/789/1339 426/790/1340
f 427/791/1341 426/792/1342 434/793/1343 435/794/1344
f 428/795/1345 427/796/1346 435/797/1347 436/798/1348
f 425/799/1349 428/800/1350 436/801/1351 433/802/1352
f 429/738/1353 425/787/1354 426/790/1355 430/739/1356
f 431/743/1357 430/742/1358 426/792/1359 427/791/1360
f 432/747/1361 431/746/1362 427/796/1363 428/795/1364
f 429/751/1365 432/750/1366 428/800/1367 425/799/1368
f 433/788/1369 410/784/1370 412/783/1371 434/789/1372
f 435/794/1373 434/793/1374 412/780/1375 414/779/1376
f 436/798/1377 435/797/1378 414/776/1379 416/775/1380
f 433/802/1381 436/801/1382 416/772/1383 410/771/1384
f 438/762/1385 437/761/1386 418/803/1387 417/804/1388
f 439/770/1389 438/769/1390 417/757/1391 420/760/1392
f 440/766/1393 439/765/1394 420/805/1395 419/806/1396
f 437/764/1397 440/763/1398 419/759/1399 418/758/1400
f 442/786/1401 441/785/1402 422/753/1403 424/756/1404
f 443/782/1405 442/781/1406 424/807/1407 423/808/1408
f 444/778/1409 443/777/1410 423/755/1411 421/754/1412
f 441/774/1413 444/773/1414 421/809/1415 422/810/1416
f 445/811/1417 465/812/1418 466/813/1419 447/814/1420
f 447/815/1421 466/816/1422 467/817/1423 449/818/1424
f 449/819/1425 467/820/1426 468/821/1427 451/822/1428
f 451/823/1429 468/824/1430 465/825/1431 445/826/1432
f 458/827/1433 457/828/1434 459/829/1435 460/830/1436
f 453/831/1437 454/832/1438 455/833/1439 456/834/1440
f 451/823/1441 445/826/1442 473/835/1443 474/836/1444
f 445/811/1445 447/814/1446 476/837/1447 473/838/1448
f 447/815/1449 449/818/1450 475/839/1451 476/840/1452
f 449/841/1453 451/842/1454 474/843/1455 475/844/1456
f 446/845/1457 452/846/1458 480/847/1459 477/848/1460
f 452/849/1461 450/850/1462 479/851/1463 480/852/1464
f 450/853/1465 448/854/1466 478/855/1467 479/856/1468
f 448/857/1469 446/858/1470 477/859/1471 478/860/1472
f 461/861/1473 469/862/1474 470/863/1475 462/864/1476
f 463/865/1477 462/866/1478 470/867/1479 471/868/1480
f 464/869/1481 463/870/1482 471/871/1483 472/872/1484
f 461/873/1485 464/874/1486 472/875/1487 469/876/1488
f 465/812/1489 461/861/1490 462/864/1491 466/813/1492
f 467/817/1493 466/816/1494 462/866/1495 463/865/1496
f 468/821/1497 467/820/1498 463/870/1499 464/869/1500
f 465/825/1501 468/824/1502 464/874/1503 461/873/1504
f 469/862/1505 446/858/1506 448/857/1507 470/863/1508
f 471/868/1509 470/867/1510 448/854/1511 450/853/1512
f 472/872/1513 471/871/1514 450/850/1515 452/849/1516
f 469/876/1517 472/875/1518 452/846/1519 446/845/1520
f 474/836/1521 473/835/1522 454/877/1523 453/878/1524
f 475/844/1525 474/843/1526 453/831/1527 456/834/1528
f 476/840/1529 475/839/1530 456/879/1531 455/880/1532
f 473/838/1533 476/837/1534 455/833/1535 454/832/1536
f 478/860/1537 477/859/1538 458/827/1539 460/830/1540
f 479/856/1541 478/855/1542 460/881/1543 459/882/1544
f 480/852/1545 479/851/1546 459/829/1547 457/828/1548
f 477/848/1549 480/847/1550 457/883/1551 458/884/1552
f 481/885/1553 501/886/1554 502/887/1555 483/888/1556
f 483/889/1557 502/890/1558 503/891/1559 485/892/1560
f 485/893/1561 503/894/1562 504/895/1563 487/896/1564
f 487/897/1565 504/898/1566 501/899/1567 481/900/1568
f 494/901/1569 493/902/1570 495/903/1571 496/904/1572
f 489/905/1573 490/906/1574 491/907/1575 492/908/1576
f 487/897/1577 481/900/1578 509/909/1579 510/910/1580
f 481/885/1581 483/888/1582 512/911/1583 509/912/1584
f 483/889/1585 485/892/1586 511/913/1587 512/914/1588
f 485/915/1589 487/916/1590 510/917/1591 511/918/1592
f 482/919/1593 488/920/1594 516/921/1595 513/922/1596
f 488/923/1597 486/924/1598 515/925/1599 516/926/1600
f 486/927/1601 484/928/1602 514/929/1603 515/930/1604
f 484/931/1605 482/932/1606 513/933/1607 514/934/1608
f 497/935/1609 505/936/1610 506/937/1611 498/938/1612
f 499/939/1613 498/940/1614 506/941/1615 507/942/1616
f 500/943/1617 499/944/1618 507/945/1619 508/946/1620
f 497/947/1621 500/948/1622 508/949/1623 505/950/1624
f 501/886/1625 497/935/1626 498/938/1627 502/887/1628
f 503/891/1629 502/890/1630 498/940/1631 499/939/1632
f 504/895/1633 503/894/1634 499/944/1635 500/943/1636
f 501/899/1637 504/898/1638 500/948/1639 497/947/1640
f 505/936/1641 482/932/1642 484/931/1643 506/937/1644
f 507/942/1645 506/941/1646 484/928/1647 486/927/1648
f 508/946/1649 507/945/1650 486/924/1651 488/923/1652
f 505/950/1653 508/949/1654 488/920/1655 482/919/1656
f 510/910/1657 509/909/1658 490/951/1659 489/952/1660
f 511/918/1661 510/917/1662 489/905/1663 492/908/1664
f 512/914/1665 511/913/1666 492/953/1667 491/954/1668
f 509/912/1669 512/911/1670 491/907/1671 490/906/1672
f 514/934/1673 513/933/1674 494/901/1675 496/904/1676
f 515/930/1677 514/929/1678 496/955/1679 495/956/1680
f 516/926/1681 515/925/1682 495/903/1683 493/902/1684
f 513/922/1685 516/921/1686 493/957/1687 494/958/1688
f 517/959/1689 537/960/1690 538/961/1691 519/962/1692
f 519/963/1693 538/964/1694 539/965/1695 521/966/1696
f 521/967/1697 539/968/1698 540/969/1699 523/970/1700
f 523/971/1701 540/972/1702 537/973/1703 517/974/1704
f 530/975/1705 529/976/1706 531/977/1707 532/978/1708
f 525/979/1709 526/980/1710 527/981/1711 528/982/1712
f 523/971/1713 517/974/1714 545/983/1715 546/984/1716
f 517/959/1717 519/962/1718 548/985/1719 545/986/1720
f 519/963/1721 521/966/1722 547/987/1723 548/988/1724
f 521/989/1725 523/990/1726 546/991/1727 547/992/1728
f 518/993/1729 524/994/1730 552/995/1731 549/996/1732
f 524/997/1733 522/998/1734 551/999/1735 552/1000/1736
f 522/1001/1737 520/1002/1738 550/1003/1739 551/1004/1740
f 520/1005/1741 518/1006/1742 549/1007/1743 550/1008/1744
f 533/1009/1745 541/1010/1746 542/1011/1747 534/1012/1748
f 535/1013/1749 534/1014/1750 542/1015/1751 543/1016/1752
f 536/1017/1753 535/1018/1754 543/1019/1755 544/1020/1756
f 533/1021/1757 536/1022/1758 544/1023/1759 541/1024/1760
f 537/960/1761 533/1009/1762 534/1012/1763 538/961/1764
f 539/965/1765 538/964/1766 534/1014/1767 535/1013/1768
f 540/969/1769 539/968/1770 535/1018/1771 536/1017/1772
f 537/973/1773 540/972/1774 536/1022/1775 533/1021/1776
f 541/1010/1777 518/1006/1778 520/1005/1779 542/1011/1780
f 543/1016/1781 542/1015/1782 520/1002/1783 522/1001/1784
f 544/1020/1785 543/1019/1786 522/998/1787 524/997/1788
f 541/1024/1789 544/1023/1790 524/994/1791 518/993/1792
f 546/984/1793 545/983/1794 526/1025/1795 525/1026/1796
f 547/992/1797 546/991/1798 525/979/1799 528/982/1800
f 548/988/1801 547/987/1802 528/1027/1803 527/1028/1804
f 545/986/1805 548/985/1806 527/981/1807 526/980/1808
f 550/1008/1809 549/1007/1810 530/975/1811 532/978/1812
f 551/1004/1813 550/1003/1814 532/1029/1815 531/1030/1816
f 552/1000/1817 551/999/1818 531/977/1819 529/976/1820
f 549/996/1821 552/995/1822 529/1031/1823 530/1032/1824
f 553/1033/1825 573/1034/1826 574/1035/1827 555/1036/1828
f 555/1037/1829 574/1038/1830 575/1039/1831 557/1040/1832
f 557/1041/1833 575/1042/1834 576/1043/1835 559/1044/1836
f 559/1045/1837 576/1046/1838 573/1047/1839 553/1048/1840
f 566/1049/1841 565/1050/1842 567/1051/1843 568/1052/1844
f 561/1053/1845 562/1054/1846 563/1055/1847 564/1056/1848
f 559/1045/1849 553/1048/1850 581/1057/1851 582/1058/1852
f 553/1033/1853 555/1036/1854 584/1059/1855 581/1060/1856
f 555/1037/1857 557/1040/1858 583/1061/1859 584/1062/1860
f 557/1063/1861 559/1064/1862 582/1065/1863 583/1066/1864
f 554/1067/1865 560/1068/1866 588/1069/1867 585/1070/1868
f 560/1071/1869 558/1072/1870 587/1073/1871 588/1074/1872
f 558/1075/1873 556/1076/1874 586/1077/1875 587/1078/1876
f 556/1079/1877 554/1080/1878 585/1081/1879 586/1082/1880
f 569/1083/1881 577/1084/1882 578/1085/1883 570/1086/1884
f 571/1087/1885 570/1088/1886 578/1089/1887 579/1090/1888
f 572/1091/1889 571/1092/1890 579/1093/1891 580/1094/1892
f 569/1095/1893 572/1096/1894 580/1097/1895 577/1098/1896
f 573/1034/1897 569/1083/1898 570/1086/1899 574/1035/1900
f 575/1039/1901 574/1038/1902 570/1088/1903 571/1087/1904
f 576/1043/1905 575/1042/1906 571/1092/1907 572/1091/1908
f 573/1047/1909 576/1046/1910 572/1096/1911 569/1095/1912
f 577/1084/1913 554/1080/1914 556/1079/1915 578/1085/1916
f 579/1090/1917 578/1089/1918 556/1076/1919 558/1075/1920
f 580/1094/1921 579/1093/1922 558/1072/1923 560/1071/1924
f 577/1098/1925 580/1097/1926 560/1068/1927 554/1067/1928
f 582/1058/1929 581/1057/1930 562/1099/1931 561/1100/1932
f 583/1066/1933 582/1065/1934 561/1053/1935 564/1056/1936
f 584/1062/1937 583/1061/1938 564/1101/1939 563/1102/1940
f 581/1060/1941 584/1059/1942 563/1055/1943 562/1054/1944
f 586/1082/1945 585/1081/1946 566/1049/1947 568/1052/1948
f 587/1078/1949 586/1077/1950 568/1103/1951 567/1104/1952
f 588/1074/1953 587/1073/1954 567/1051/1955 565/1050/1956
f 585/1070/1957 588/1069/1958 565/1105/1959 566/1106/1960
f 589/1107/1961 609/1108/1962 610/1109/1963 591/1110/1964
f 591/1111/1965 610/1112/1966 611/1113/1967 593/1114/1968
f 593/1115/1969 611/1116/1970 612/1117/1971 595/1118/1972
f 595/1119/1973 612/1120/1974 609/1121/1975 589/1122/1976
f 602/1123/1977 601/1124/1978 603/1125/1979 604/1126/1980
f 597/1127/1981 598/1128/1982 599/1129/1983 600/1130/1984
f 595/1119/1985 589/1122/1986 617/1131/1987 618/1132/1988
f 589/1107/1989 591/1110/1990 620/1133/1991 617/1134/1992
f 591/1111/1993 593/1114/1994 619/1135/1995 620/1136/1996
f 593/1137/1997 595/1138/1998 618/1139/1999 619/1140/2000
f 590/1141/2001 596/1142/2002 624/1143/2003 621/1144/2004
f 596/1145/2005 594/1146/2006 623/1147/2007 624/1148/2008
f 594/1149/2009 592/1150/2010 622/1151/2011 623/1152/2012
f 592/1153/2013 590/1154/2014 621/1155/2015 622/1156/2016
f 605/1157/2017 613/1158/2018 614/1159/2019 606/1160/2020
f 607/1161/2021 606/1162/2022 614/1163/2023 615/1164/2024
f 608/1165/2025 607/1166/2026 615/1167/2027 616/1168/2028
f 605/1169/2029 608/1170/2030 616/1171/2031 613/1172/2032
f 609/1108/2033 605/1157/2034 606/1160/2035 610/1109/2036
f 611/1113/2037 610/1112/2038 606/1162/2039 607/1161/2040
f 612/1117/2041 611/1116/2042 607/1166/2043 608/1165/2044
f 609/1121/2045 612/1120/2046 608/1170/2047 605/1169/2048
f 613/1158/2049 590/1154/2050 592/1153/2051 614/1159/2052
f 615/1164/2053 614/1163/2054 592/1150/2055 594/1149/2056
f 616/1168/2057 615/1167/2058 594/1146/2059 596/1145/2060
f 613/1172/2061 616/1171/2062 596/1142/2063 590/1141/2064
f 618/1132/2065 617/1131/2066 598/1173/2067 597/1174/2068
f 619/1140/2069 618/1139/2070 597/1127/2071 600/1130/2072
f 620/1136/2073 619/1135/2074 600/1175/2075 599/1176/2076
f 617/1134/2077 620/1133/2078 599/1129/2079 598/1128/2080
f 622/1156/2081 621/1155/2082 602/1123/2083 604/1126/2084
f 623/1152/2085 622/1151/2086 604/1177/2087 603/1178/2088
f 624/1148/2089 623/1147/2090 603/1125/2091 601/1124/2092
f 621/1144/2093 624/1143/2094 601/1179/2095 602/1180/2096
f 625/1181/2097 645/1182/2098 646/1183/2099 627/1184/2100
f 627/1185/2101 646/1186/2102 647/1187/2103 629/1188/2104
f 629/1189/2105 647/1190/2106 648/1191/2107 631/1192/2108
f 631/1193/2109 648/1194/2110 645/1195/2111 625/1196/2112
f 638/1197/2113 637/1198/2114 639/1199/2115 640/1200/2116
f 633/1201/2117 634/1202/2118 635/1203/2119 636/1204/2120
f 631/1193/2121 625/1196/2122 653/1205/2123 654/1206/2124
f 625/1181/2125 627/1184/2126 656/1207/2127 653/1208/2128
f 627/1185/2129 629/1188/2130 655/1209/2131 656/1210/2132
f 629/1211/2133 631/1212/2134 654/1213/2135 655/1214/2136
f 626/1215/2137 632/1216/2138 660/1217/2139 657/1218/2140
f 632/1219/2141 630/1220/2142 659/1221/2143 660/1222/2144
f 630/1223/2145 628/1224/2146 658/1225/2147 659/1226/2148
f 628/1227/2149 626/1228/2150 657/1229/2151 658/1230/2152
f 641/1231/2153 649/1232/2154 650/1233/2155 642/1234/2156
f 643/1235/2157 642/1236/2158 650/1237/2159 651/1238/2160
f 644/1239/2161 643/1240/2162 651/1241/2163 652/1242/2164
f 641/1243/2165 644/1244/2166 652/1245/2167 649/1246/2168
f 645/1182/2169 641/1231/2170 642/1234/2171 646/1183/2172
f 647/1187/2173 646/1186/2174 642/1236/2175 643/1235/2176
f 648/1191/2177 647/1190/2178 643/1240/2179 644/1239/2180
f 645/1195/2181 648/1194/2182 644/1244/2183 641/1243/2184
f 649/1232/2185 626/1228/2186 628/1227/2187 650/1233/2188
f 651/1238/2189 650/1237/2190 628/1224/2191 630/1223/2192
f 652/1242/2193 651/1241/2194 630/1220/2195 632/1219/2196
f 649/1246/2197 652/1245/2198 632/1216/2199 626/1215/2200
f 654/1206/2201 653/1205/2202 634/1247/2203 633/1248/2204
f 655/1214/2205 654/1213/2206 633/1201/2207 636/1204/2208
f 656/1210/2209 655/1209/2210 636/1249/2211 635/1250/2212
f 653/1208/2213 656/1207/2214 635/1203/2215 634/1202/2216
f 658/1230/2217 657/1229/2218 638/1197/2219 640/1200/2220
f 659/1226/2221 658/1225/2222 640/1251/2223 639/1252/2224
f 660/1222/2225 659/1221/2226 639/1199/2227 637/1198/2228
f 657/1218/2229 660/1217/2230 637/1253/2231 638/1254/2232
f 661/1255/2233 681/1256/2234 682/1257/2235 663/1258/2236
f 663/1259/2237 682/1260/2238 683/1261/2239 665/1262/2240
f 665/1263/2241 683/1264/2242 684/1265/2243 667/1266/2244
f 667/1267/2245 684/1268/2246 681/1269/2247 661/1270/2248
f 674/1271/2249 673/1272/2250 675/1273/2251 676/1274/2252
f 669/1275/2253 670/1276/2254 671/1277/2255 672/1278/2256
f 667/1267/2257 661/1270/2258 689/1279/2259 690/1280/2260
f 661/1255/2261 663/1258/2262 692/1281/2263 689/1282/2264
f 663/1259/2265 665/1262/2266 691/1283/2267 692/1284/2268
f 665/1285/2269 667/1286/2270 690/1287/2271 691/1288/2272
f 662/1289/2273 668/1290/2274 696/1291/2275 693/1292/2276
f 668/1293/2277 666/1294/2278 695/1295/2279 696/1296/2280
f 666/1297/2281 664/1298/2282 694/1299/2283 695/1300/2284
f 664/1301/2285 662/1302/2286 693/1303/2287 694/1304/2288
f 677/1305/2289 685/1306/2290 686/1307/2291 678/1308/2292
f 679/1309/2293 678/1310/2294 686/1311/2295 687/1312/2296
f 680/1313/2297 679/1314/2298 687/1315/2299 688/1316/2300
f 677/1317/2301 680/1318/2302 688/1319/2303 685/1320/2304
f 681/1256/2305 677/1305/2306 678/1308/2307 682/1257/2308
f 683/1261/2309 682/1260/2310 678/1310/2311 679/1309/2312
f 684/1265/2313 683/1264/2314 679/1314/2315 680/1313/2316
f 681/1269/2317 684/1268/2318 680/1318/2319 677/1317/2320
f 685/1306/2321 662/1302/2322 664/1301/2323 686/1307/2324
f 687/1312/2325 686/1311/2326 664/1298/2327 666/1297/2328
f 688/1316/2329 687/1315/2330 666/1294/2331 668/1293/2332
f 685/1320/2333 688/1319/2334 668/1290/2335 662/1289/2336
f 690/1280/2337 689/1279/2338 670/1321/2339 669/1322/2340
f 691/1288/2341 690/1287/2342 669/1275/2343 672/1278/2344
f 692/1284/2345 691/1283/2346 672/1323/2347 671/1324/2348
f 689/1282/2349 692/1281/2350 671/1277/2351 670/1276/2352
f 694/1304/2353 693/1303/2354 674/1271/2355 676/1274/2356
f 695/1300/2357 694/1299/2358 676/1325/2359 675/1326/2360
f 696/1296/2361 695/1295/2362 675/1273/2363 673/1272/2364
f 693/1292/2365 696/1291/2366 673/1327/2367 674/1328/2368
f 697/1329/2369 717/1330/2370 718/1331/2371 699/1332/2372
f 699/1333/2373 718/1334/2374 719/1335/2375 701/1336/2376
f 701/1337/2377 719/1338/2378 720/1339/2379 703/1340/2380
f 703/1341/2381 720/1342/2382 717/1343/2383 697/1344/2384
f 710/1345/2385 709/1346/2386 711/1347/2387 712/1348/2388
f 705/1349/2389 706/1350/2390 707/1351/2391 708/1352/2392
f 703/1341/2393 697/1344/2394 725/1353/2395 726/1354/2396
f 697/1329/2397 699/1332/2398 728/1355/2399 725/1356/2400
f 699/1333/2401 701/1336/2402 727/1357/2403 728/1358/2404
f 701/1359/2405 703/1360/2406 726/1361/2407 727/1362/2408
f 698/1363/2409 704/1364/2410 732/1365/2411 729/1366/2412
f 704/1367/2413 702/1368/2414 731/1369/2415 732/1370/2416
f 702/1371/2417 700/1372/2418 730/1373/2419 731/1374/2420
f 700/1375/2421 698/1376/2422 729/1377/2423 730/1378/2424
f 713/1379/2425 721/1380/2426 722/1381/2427 714/1382/2428
f 715/1383/2429 714/1384/2430 722/1385/2431 723/1386/2432
f 716/1387/2433 715/1388/2434 723/1389/2435 724/1390/2436
f 713/1391/2437 716/1392/2438 724/1393/2439 721/1394/2440
f 717/1330/2441 713/1379/2442 714/1382/2443 718/1331/2444
f 719/1335/2445 718/1334/2446 714/1384/2447 715/1383/2448
f 720/1339/2449 719/1338/2450 715/1388/2451 716/1387/2452
f 717/1343/2453 720/1342/2454 716/1392/2455 713/1391/2456
f 721/1380/2457 698/1376/2458 700/1375/2459 722/1381/2460
f 723/1386/2461 722/1385/2462 700/1372/2463 702/1371/2464
f 724/1390/2465 723/1389/2466 702/1368/2467 704/1367/2468
f 721/1394/2469 724/1393/2470 704/1364/2471 698/1363/2472
f 726/1354/2473 725/1353/2474 706/1395/2475 705/1396/2476
f 727/1362/2477 726/1361/2478 705/1349/2479 708/1352/2480
f 728/1358/2481 727/1357/2482 708/1397/2483 707/1398/2484
f 725/1356/2485 728/1355/2486 707/1351/2487 706/1350/2488
f 730/1378/2489 729/1377/2490 710/1345/2491 712/1348/2492
f 731/1374/2493 730/1373/2494 712/1399/2495 711/1400/2496
f 732/1370/2497 731/1369/2498 711/1347/2499 709/1346/2500
f 729/1366/2501 732/1365/2502 709/1401/2503 710/1402/2504
f 733/1403/2505 753/1404/2506 754/1405/2507 735/1406/2508
f 735/1407/2509 754/1408/2510 755/1409/2511 737/1410/2512
f 737/1411/2513 755/1412/2514 756/1413/2515 739/1414/2516
f 739/1415/2517 756/1416/2518 753/1417/2519 733/1418/2520
f 746/1419/2521 745/1420/2522 747/1421/2523 748/1422/2524
f 741/1423/2525 742/1424/2526 743/1425/2527 744/1426/2528
f 739/1415/2529 733/1418/2530 761/1427/2531 762/1428/2532
f 733/1403/2533 735/1406/2534 764/1429/2535 761/1430/2536
f 735/1407/2537 737/1410/2538 763/1431/2539 764/1432/2540
f 737/1433/2541 739/1434/2542 762/1435/2543 763/1436/2544
f 734/1437/2545 740/1438/2546 768/1439/2547 765/1440/2548
f 740/1441/2549 738/1442/2550 767/1443/2551 768/1444/2552
f 738/1445/2553 736/1446/2554 766/1447/2555 767/1448/2556
f 736/1449/2557 734/1450/2558 765/1451/2559 766/1452/2560
f 749/1453/2561 757/1454/2562 758/1455/2563 750/1456/2564
f 751/1457/2565 750/1458/2566 758/1459/2567 759/1460/2568
f 752/1461/2569 751/1462/2570 759/1463/2571 760/1464/2572
f 749/1465/2573 752/1466/2574 760/1467/2575 757/1468/2576
f 753/1404/2577 749/1453/2578 750/1456/2579 754/1405/2580
f 755/1409/2581 754/1408/2582 750/1458/2583 751/1457/2584
f 756/1413/2585 755/1412/2586 751/1462/2587 752/1461/2588
f 753/1417/2589 756/1416/2590 752/1466/2591 749/1465/2592
f 757/1454/2593 734/1450/2594 736/1449/2595 758/1455/2596
f 759/1460/2597 758/1459/2598 736/1446/2599 738/1445/2600
f 760/1464/2601 759/1463/2602 738/1442/2603 740/1441/2604
f 757/1468/2605 760/1467/2606 740/1438/2607 734/1437/2608
f 762/1428/2609 761/1427/2610 742/1469/2611 741/1470/2612
f 763/1436/2613 762/1435/2614 741/1423/2615 744/1426/2616
f 764/1432/2617 763/1431/2618 744/1471/2619 743/1472/2620
f 761/1430/2621 764/1429/2622 743/1425/2623 742/1424/2624
f 766/1452/2625 765/1451/2626 746/1419/2627 748/1422/2628
f 767/1448/2629 766/1447/2630 748/1473/2631 747/1474/2632
f 768/1444/2633 767/1443/2634 747/1421/2635 745/1420/2636
f 765/1440/2637 768/1439/2638 745/1475/2639 746/1476/2640
f 769/1477/2641 770/1478/2642 772/1479/2643 771/1480/2644
f 771/1481/2645 772/1482/2646 774/1483/2647 773/1484/2648
f 773/1484/2649 774/1483/2650 776/1485/2651 775/1486/2652
f 775/1486/2653 776/1485/2654 770/1487/2655 769/1488/2656
f 770/1478/2657 776/1485/2658 774/1483/2659 772/1479/2660
f 775/1489/2661 769/1477/2662 771/1480/2663 773/1490/2664
f 777/1491/2665 778/1492/2666 780/1493/2667 779/1494/2668
f 779/1495/2669 780/1496/2670 782/1497/2671 781/1498/2672
f 781/1498/2673 782/1497/2674 784/1499/2675 783/1500/2676
f 783/1500/2677 784/1499/2678 778/1501/2679 777/1502/2680
f 778/1492/2681 784/1499/2682 782/1497/2683 780/1493/2684
f 783/1503/2685 777/1491/2686 779/1494/2687 781/1504/2688
f 785/1505/2689 786/1506/2690 788/1507/2691 787/1508/2692
f 787/1509/2693 788/1510/2694 790/1511/2695 789/1512/2696
f 789/1512/2697 790/1511/2698 792/1513/2699 791/1514/2700
f 791/1514/2701 792/1513/2702 786/1515/2703 785/1516/2704
f 786/1506/2705 792/1513/2706 790/1511/2707 788/1507/2708
f 791/1517/2709 785/1505/2710 787/1508/2711 789/1518/2712
f 793/1519/2713 794/1520/2714 796/1521/2715 795/1522/2716
f 795/1523/2717 796/1524/2718 798/1525/2719 797/1526/2720
f 797/1526/2721 798/1525/2722 800/1527/2723 799/1528/2724
f 799/1528/2725 800/1527/2726 794/1529/2727 793/1530/2728
f 794/1520/2729 800/1527/2730 798/1525/2731 796/1521/2732
f 799/1531/2733 793/1519/2734 795/1522/2735 797/1532/2736
f 801/1533/2737 802/1534/2738 804/1535/2739 803/1536/2740
f 803/1537/2741 804/1538/2742 806/1539/2743 805/1540/2744
f 805/1540/2745 806/1539/2746 808/1541/2747 807/1542/2748
f 807/1542/2749 808/1541/2750 802/1543/2751 801/1544/2752
f 802/1534/2753 808/1541/2754 806/1539/2755 804/1535/2756
f 807/1545/2757 801/1533/2758 803/1536/2759 805/1546/2760
f 809/1547/2761 810/1548/2762 812/1549/2763 811/1550/2764
f 811/1551/2765 812/1552/2766 814/1553/2767 813/1554/2768
f 813/1554/2769 814/1553/2770 816/1555/2771 815/1556/2772
f 815/1556/2773 816/1555/2774 810/1557/2775 809/1558/2776
f 810/1548/2777 816/1555/2778 814/1553/2779 812/1549/2780
f 815/1559/2781 809/1547/2782 811/1550/2783 813/1560/2784
f 817/1561/2785 818/1562/2786 820/1563/2787 819/1564/2788
f 819/1565/2789 820/1566/2790 822/1567/2791 821/1568/2792
f 821/1568/2793 822/1567/2794 824/1569/2795 823/1570/2796
f 823/1570/2797 824/1569/2798 818/1571/2799 817/1572/2800
f 818/1562/2801 824/1569/2802 822/1567/2803 820/1563/2804
f 823/1573/2805 817/1561/2806 819/1564/2807 821/1574/2808
f 825/1575/2809 826/1576/2810 828/1577/2811 827/1578/2812
f 827/1579/2813 828/1580/2814 830/1581/2815 829/1582/2816
f 829/1582/2817 830/1581/2818 832/1583/2819 831/1584/2820
f 831/1584/2821 832/1583/2822 826/1585/2823 825/1586/2824
f 826/1576/2825 832/1583/2826 830/1581/2827 828/1577/2828
f 831/1587/2829 825/1575/2830 827/1578/2831 829/1588/2832
f 833/1589/2833 834/1590/2834 836/1591/2835 835/1592/2836
f 835/1593/2837 836/1594/2838 838/1595/2839 837/1596/2840
f 837/1596/2841 838/1595/2842 840/1597/2843 839/1598/2844
f 839/1598/2845 840/1597/2846 834/1599/2847 833/1600/2848
f 834/1590/2849 840/1597/2850 838/1595/2851 836/1591/2852
f 839/1601/2853 833/1589/2854 835/1592/2855 837/1602/2856
f 841/1603/2857 842/1604/2858 844/1605/2859 843/1606/2860
f 843/1607/2861 844/1608/2862 846/1609/2863 845/1610/2864
f 845/1610/2865 846/1609/2866 848/1611/2867 847/1612/2868
f 847/1612/2869 848/1611/2870 842/1613/2871 841/1614/2872
f 842/1604/2873 848/1611/2874 846/1609/2875 844/1605/2876
f 847/1615/2877 841/1603/2878 843/1606/2879 845/1616/2880
f 849/1617/2881 850/1618/2882 852/1619/2883 851/1620/2884
f 851/1621/2885 852/1622/2886 854/1623/2887 853/1624/2888
f 853/1624/2889 854/1623/2890 856/1625/2891 855/1626/2892
f 855/1626/2893 856/1625/2894 850/1627/2895 849/1628/2896
f 850/1618/2897 856/1625/2898 854/1623/2899 852/1619/2900
f 855/1629/2901 849/1617/2902 851/1620/2903 853/1630/2904
f 857/1631/2905 858/1632/2906 860/1633/2907 859/1634/2908
f 859/1635/2909 860/1636/2910 862/1637/2911 861/1638/2912
f 861/1638/2913 862/1637/2914 864/1639/2915 863/1640/2916
f 863/1640/2917 864/1639/2918 858/1641/2919 857/1642/2920
f 858/1632/2921 864/1639/2922 862/1637/2923 860/1633/2924
f 863/1643/2925 857/1631/2926 859/1634/2927 861/1644/2928
f 865/1645/2929 866/1646/2930 868/1647/2931 867/1648/2932
f 867/1649/2933 868/1650/2934 870/1651/2935 869/1652/2936
f 869/1652/2937 870/1651/2938 872/1653/2939 871/1654/2940
f 871/1654/2941 872/1653/2942 866/1655/2943 865/1656/2944
f 866/1646/2945 872/1653/2946 870/1651/2947 868/1647/2948
f 871/1657/2949 865/1645/2950 867/1648/2951 869/1658/2952
f 873/1659/2953 874/1660/2954 876/1661/2955 875/1662/2956
f 875/1663/2957 876/1664/2958 878/1665/2959 877/1666/2960
f 877/1666/2961 878/1665/2962 880/1667/2963 879/1668/2964
f 879/1668/2965 880/1667/2966 874/1669/2967 873/1670/2968
f 874/1660/2969 880/1667/2970 878/1665/2971 876/1661/2972
f 879/1671/2973 873/1659/2974 875/1662/2975 877/1672/2976
f 942/1673/2977 943/1674/2978 944/1675/2979 945/1676/2980
f 944/1675/2981 946/1677/2982 947/1678/2983 945/1676/2984
f 947/1678/2985 948/1679/2986 949/1680/2987 945/1676/2988
f 949/1680/2989 950/1681/2990 942/1673/2991 945/1676/2992
f 949/1680/2993 948/1679/2994 951/1682/2995 952/1683/2996
f 951/1682/2997 953/1684/2998 954/1685/2999 952/1683/3000
f 954/1685/3001 955/1686/3002 956/1687/3003 952/1683/3004
f 956/1687/3005 950/1681/3006 949/1680/3007 952/1683/3008
f 956/1687/3009 955/1686/3010 957/1688/3011 958/1689/3012
f 957/1688/3013 959/1690/3014 960/1691/3015 958/1689/3016
f 960/1691/3017 961/1692/3018 962/1693/3019 958/1689/3020
f 962/1693/3021 950/1681/3022 956/1687/3023 958/1689/3024
f 962/1693/3025 961/1692/3026 963/1694/3027 964/1695/3028
f 963/1694/3029 965/1696/3030 966/1697/3031 964/1695/3032
f 966/1697/3033 943/1674/3034 942/1673/3035 964/1695/3036
f 942/1673/3037 950/1681/3038 962/1693/3039 964/1695/3040
f 967/1698/3041 961/1692/3042 960/1691/3043 968/1699/3044
f 960/1691/3045 959/1690/3046 969/1700/3047 968/1699/3048
f 969/1700/3049 970/1701/3050 971/1702/3051 968/1699/3052
f 971/1702/3053 972/1703/3054 967/1698/3055 968/1699/3056
f 971/1702/3057 970/1701/3058 973/1704/3059 974/1705/3060
f 973/1704/3061 975/1706/3062 976/1707/3063 974/1705/3064
f 976/1707/3065 977/1708/3066 978/1709/3067 974/1705/3068
f 978/1709/3069 972/1703/3070 971/1702/3071 974/1705/3072
f 978/1709/3073 977/1708/3074 979/1710/3075 980/1711/3076
f 979/1710/3077 981/1712/3078 982/1713/3079 980/1711/3080
f 982/1713/3081 983/1714/3082 984/1715/3083 980/1711/3084
f 984/1715/3085 972/1703/3086 978/1709/3087 980/1711/3088
f 984/1715/3089 983/1714/3090 985/1716/3091 986/1717/3092
f 985/1716/3093 965/1696/3094 963/1694/3095 986/1717/3096
f 963/1694/3097 961/1692/3098 967/1698/3099 986/1717/3100
f 967/1698/3101 972/1703/3102 984/1715/3103 986/1717/3104
f 987/1718/3105 983/1714/3106 982/1713/3107 988/1719/3108
f 982/1713/3109 981/1712/3110 989/1720/3111 988/1719/3112
f 989/1720/3113 990/1721/3114 991/1722/3115 988/1719/3116
f 991/1722/3117 992/1723/3118 987/1718/3119 988/1719/3120
f 991/1722/3121 990/1721/3122 993/1724/3123 994/1725/3124
f 993/1724/3125 995/1726/3126 996/1727/3127 994/1725/3128
f 996/1727/3129 997/1728/3130 998/1729/3131 994/1725/3132
f 998/1729/3133 992/1723/3134 991/1722/3135 994/1725/3136
f 998/1729/3137 997/1728/3138 999/1730/3139 1000/1731/3140
f 999/1730/3141 946/1677/3142 944/1675/3143 1000/1731/3144
f 944/1675/3145 943/1674/3146 1001/1732/3147 1000/1731/3148
f 1001/1732/3149 992/1723/3150 998/1729/3151 1000/1731/3152
f 1001/1732/3153 943/1674/3154 966/1697/3155 1002/1733/3156
f 966/1697/3157 965/1696/3158 985/1716/3159 1002/1733/3160
f 985/1716/3161 983/1714/3162 987/1718/3163 1002/1733/3164
f 987/1718/3165 992/1723/3166 1001/1732/3167 1002/1733/3168
f 903/1734/3169 904/1735/3170 900/1736/3171 891/1737/3172
f 900/1736/3173 904/1735/3174 901/1738/3175 886/1739/3176
f 901/1738/3177 904/1735/3178 902/1740/3179 888/1741/3180
f 902/1740/3181 904/1735/3182 903/1734/3183 892/1742/3184
f 902/1740/3185 908/1743/3186 905/1744/3187 888/1741/3188
f 905/1744/3189 908/1743/3190 906/1745/3191 881/1746/3192
f 906/1745/3193 908/1743/3194 907/1747/3195 889/1748/3196
f 907/1747/3197 908/1743/3198 902/1740/3199 892/1742/3200
f 907/1747/3201 912/1749/3202 909/1750/3203 889/1748/3204
f 909/1750/3205 912/1749/3206 910/1751/3207 884/1752/3208
f 910/1751/3209 912/1749/3210 911/1753/3211 890/1754/3212
f 911/1753/3213 912/1749/3214 907/1747/3215 892/1742/3216
f 911/1753/3217 915/1755/3218 913/1756/3219 890/1754/3220
f 913/1756/3221 915/1755/3222 914/1757/3223 887/1758/3224
f 914/1757/3225 915/1755/3226 903/1734/3227 891/1737/3228
f 903/1734/3229 915/1755/3230 911/1753/3231 892/1742/3232
f 918/1759/3233 919/1760/3234 910/1751/3235 890/1754/3236
f 910/1751/3237 919/1760/3238 916/1761/3239 884/1752/3240
f 916/1761/3241 919/1760/3242 917/1762/3243 893/1763/3244
f 917/1762/3245 919/1760/3246 918/1759/3247 896/1764/3248
f 917/1762/3249 923/1765/3250 920/1766/3251 893/1763/3252
f 920/1766/3253 923/1765/3254 921/1767/3255 882/1768/3256
f 921/1767/3257 923/1765/3258 922/1769/3259 894/1770/3260
f 922/1769/3261 923/1765/3262 917/1762/3263 896/1764/3264
f 922/1769/3265 927/1771/3266 924/1772/3267 894/1770/3268
f 924/1772/3269 927/1771/3270 925/1773/3271 885/1774/3272
f 925/1773/3273 927/1771/3274 926/1775/3275 895/1776/3276
f 926/1775/3277 927/1771/3278 922/1769/3279 896/1764/3280
f 926/1775/3281 929/1777/3282 928/1778/3283 895/1776/3284
f 928/1778/3285 929/1777/3286 913/1756/3287 887/1758/3288
f 913/1756/3289 929/1777/3290 918/1759/3291 890/1754/3292
f 918/1759/3293 929/1777/3294 926/1775/3295 896/1764/3296
f 932/1779/3297 933/1780/3298 925/1773/3299 895/1776/3300
f 925/1773/3301 933/1780/3302 930/1781/3303 885/1774/3304
f 930/1781/3305 933/1780/3306 931/1782/3307 897/1783/3308
f 931/1782/3309 933/1780/3310 932/1779/3311 899/1784/3312
f 931/1782/3313 937/1785/3314 934/1786/3315 897/1783/3316
f 934/1786/3317 937/1785/3318 935/1787/3319 883/1788/3320
f 935/1787/3321 937/1785/3322 936/1789/3323 898/1790/3324
f 936/1789/3325 937/1785/3326 931/1782/3327 899/1784/3328
f 936/1789/3329 940/1791/3330 938/1792/3331 898/1790/3332
f 938/1792/3333 940/1791/3334 900/1736/3335 886/1739/3336
f 900/1736/3337 940/1791/3338 939/1793/3339 891/1737/3340
f 939/1793/3341 940/1791/3342 936/1789/3343 899/1784/3344
f 939/1793/3345 941/1794/3346 914/1757/3347 891/1737/3348
f 914/1757/3349 941/1794/3350 928/1778/3351 887/1758/3352
f 928/1778/3353 941/1794/3354 932/1779/3355 895/1776/3356
f 932/1779/3357 941/1794/3358 939/1793/3359 899/1784/3360
f 886/1795/3361 901/1796/3362 947/1797/3363 946/1798/3364
f 901/1796/3365 888/1799/3366 948/1800/3367 947/1797/3368
f 888/1799/3369 905/1801/3370 951/1802/3371 948/1800/3372
f 905/1801/3373 881/1803/3374 953/1804/3375 951/1802/3376
f 881/1803/3377 906/1805/3378 954/1806/3379 953/1804/3380
f 906/1805/3381 889/1807/3382 955/1808/3383 954/1806/3384
f 889/1807/3385 909/1809/3386 957/1810/3387 955/1808/3388
f 909/1809/3389 884/1811/3390 959/1812/3391 957/1810/3392
f 884/1811/3393 916/1813/3394 969/1814/3395 959/1812/3396
f 916/1813/3397 893/1815/3398 970/1816/3399 969/1814/3400
f 893/1815/3401 920/1817/3402 973/1818/3403 970/1816/3404
f 920/1817/3405 882/1819/3406 975/1820/3407 973/1818/3408
f 882/1819/3409 921/1821/3410 976/1822/3411 975/1820/3412
f 921/1821/3413 894/1823/3414 977/1824/3415 976/1822/3416
f 894/1823/3417 924/1825/3418 979/1826/3419 977/1824/3420
f 924/1825/3421 885/1827/3422 981/1828/3423 979/1826/3424
f 885/1827/3425 930/1829/3426 989/1830/3427 981/1828/3428
f 930/1829/3429 897/1831/3430 990/1832/3431 989/1830/3432
f 897/1833/3433 934/1834/3434 993/1835/3435 990/1836/3436
f 934/1834/3437 883/1837/3438 995/1838/3439 993/1835/3440
f 883/1837/3441 935/1839/3442 996/1840/3443 995/1838/3444
f 935/1839/3445 898/1841/3446 997/1842/3447 996/1840/3448
f 898/1841/3449 938/1843/3450 999/1844/3451 997/1842/3452
f 938/1843/3453 886/1795/3454 946/1798/3455 999/1844/3456
f 1064/1845/3457 1065/1846/3458 1066/1847/3459 1067/1848/3460
f 1066/1847/3461 1068/1849/3462 1069/1850/3463 1067/1848/3464
f 1069/1850/3465 1070/1851/3466 1071/1852/3467 1067/1848/3468
f 1071/1852/3469 1072/1853/3470 1064/1845/3471 1067/1848/3472
f 1071/1852/3473 1070/1851/3474 1073/1854/3475 1074/1855/3476
f 1073/1854/3477 1075/1856/3478 1076/1857/3479 1074/1855/3480
f 1076/1857/3481 1077/1858/3482 1078/1859/3483 1074/1855/3484
f 1078/1859/3485 1072/1853/3486 1071/1852/3487 1074/1855/3488
f 1078/1859/3489 1077/1858/3490 1079/1860/3491 1080/1861/3492
f 1079/1860/3493 1081/1862/3494 1082/1863/3495 1080/1861/3496
f 1082/1863/3497 1083/1864/3498 1084/1865/3499 1080/1861/3500
f 1084/1865/3501 1072/1853/3502 1078/1859/3503 1080/1861/3504
f 1084/1865/3505 1083/1864/3506 1085/1866/3507 1086/1867/3508
f 1085/1866/3509 1087/1868/3510 1088/1869/3511 1086/1867/3512
f 1088/1869/3513 1065/1846/3514 1064/1845/3515 1086/1867/3516
f 1064/1845/3517 1072/1853/3518 1084/1865/3519 1086/1867/3520
f 1089/1870/3521 1083/1864/3522 1082/1863/3523 1090/1871/3524
f 1082/1863/3525 1081/1862/3526 1091/1872/3527 1090/1871/3528
f 1091/1872/3529 1092/1873/3530 1093/1874/3531 1090/1871/3532
f 1093/1874/3533 1094/1875/3534 1089/1870/3535 1090/1871/3536
f 1093/1874/3537 1092/1873/3538 1095/1876/3539 1096/1877/3540
f 1095/1876/3541 1097/1878/3542 1098/1879/3543 1096/1877/3544
f 1098/1879/3545 1099/1880/3546 1100/1881/3547 1096/1877/3548
f 1100/1881/3549 1094/1875/3550 1093/1874/3551 1096/1877/3552
f 1100/1881/3553 1099/1880/3554 1101/1882/3555 1102/1883/3556
f 1101/1882/3557 1103/1884/3558 1104/1885/3559 1102/1883/3560
f 1104/1885/3561 1105/1886/3562 1106/1887/3563 1102/1883/3564
f 1106/1887/3565 1094/1875/3566 1100/1881/3567 1102/1883/3568
f 1106/1887/3569 1105/1886/3570 1107/1888/3571 1108/1889/3572
f 1107/1888/3573 1087/1868/3574 1085/1866/3575 1108/1889/3576
f 1085/1866/3577 1083/1864/3578 1089/1870/3579 1108/1889/3580
f 1089/1870/3581 1094/1875/3582 1106/1887/3583 1108/1889/3584
f 1109/1890/3585 1105/1886/3586 1104/1885/3587 1110/1891/3588
f 1104/1885/3589 1103/1884/3590 1111/1892/3591 1110/1891/3592
f 1111/1892/3593 1112/1893/3594 1113/1894/3595 1110/1891/3596
f 1113/1894/3597 1114/1895/3598 1109/1890/3599 1110/1891/3600
f 1113/1894/3601 1112/1893/3602 1115/1896/3603 1116/1897/3604
f 1115/1896/3605 1117/1898/3606 1118/1899/3607 1116/1897/3608
f 1118/1899/3609 1119/1900/3610 1120/1901/3611 1116/1897/3612
f 1120/1901/3613 1114/1895/3614 1113/1894/3615 1116/1897/3616
f 1120/1901/3617 1119/1900/3618 1121/1902/3619 1122/1903/3620
f 1121/1902/3621 1068/1849/3622 1066/1847/3623 1122/1903/3624
f 1066/1847/3625 1065/1846/3626 1123/1904/3627 1122/1903/3628
f 1123/1904/3629 1114/1895/3630 1120/1901/3631 1122/1903/3632
f 1123/1904/3633 1065/1846/3634 1088/1869/3635 1124/1905/3636
f 1088/1869/3637 1087/1868/3638 1107/1888/3639 1124/1905/3640
f 1107/1888/3641 1105/1886/3642 1109/1890/3643 1124/1905/3644
f 1109/1890/3645 1114/1895/3646 1123/1904/3647 1124/1905/3648
f 1025/1906/3649 1026/1907/3650 1022/1908/3651 1013/1909/3652
f 1022/1908/3653 1026/1907/3654 1023/1910/3655 1008/1911/3656
f 1023/1910/3657 1026/1907/3658 1024/1912/3659 1010/1913/3660
f 1024/1912/3661 1026/1907/3662 1025/1906/3663 1014/1914/3664
f 1024/1912/3665 1030/1915/3666 1027/1916/3667 1010/1913/3668
f 1027/1916/3669 1030/1915/3670 1028/1917/3671 1003/1918/3672
f 1028/1917/3673 1030/1915/3674 1029/1919/3675 1011/1920/3676
f 1029/1919/3677 1030/1915/3678 1024/1912/3679 1014/1914/3680
f 1029/1919/3681 1034/1921/3682 1031/1922/3683 1011/1920/3684
f 1031/1922/3685 1034/1921/3686 1032/1923/3687 1006/1924/3688
f 1032/1923/3689 1034/1921/3690 1033/1925/3691 1012/1926/3692
f 1033/1925/3693 1034/1921/3694 1029/1919/3695 1014/1914/3696
f 1033/1925/3697 1037/1927/3698 1035/1928/3699 1012/1926/3700
f 1035/1928/3701 1037/1927/3702 1036/1929/3703 1009/1930/3704
f 1036/1929/3705 1037/1927/3706 1025/1906/3707 1013/1909/3708
f 1025/1906/3709 1037/1927/3710 1033/1925/3711 1014/1914/3712
f 1040/1931/3713 1041/1932/3714 1032/1923/3715 1012/1926/3716
f 1032/1923/3717 1041/1932/3718 1038/1933/3719 1006/1924/3720
f 1038/1933/3721 1041/1932/3722 1039/1934/3723 1015/1935/3724
f 1039/1934/3725 1041/1932/3726 1040/1931/3727 1018/1936/3728
f 1039/1934/3729 1045/1937/3730 1042/1938/3731 1015/1935/3732
f 1042/1938/3733 1045/1937/3734 1043/1939/3735 1004/1940/3736
f 1043/1939/3737 1045/1937/3738 1044/1941/3739 1016/1942/3740
f 1044/1941/3741 1045/1937/3742 1039/1934/3743 1018/1936/3744
f 1044/1941/3745 1049/1943/3746 1046/1944/3747 1016/1942/3748
f 1046/1944/3749 1049/1943/3750 1047/1945/3751 1007/1946/3752
f 1047/1945/3753 1049/1943/3754 1048/1947/3755 1017/1948/3756
f 1048/1947/3757 1049/1943/3758 1044/1941/3759 1018/1936/3760
f 1048/1947/3761 1051/1949/3762 1050/1950/3763 1017/1948/3764
f 1050/1950/3765 1051/1949/3766 1035/1928/3767 1009/1930/3768
f 1035/1928/3769 1051/1949/3770 1040/1931/3771 1012/1926/3772
f 1040/1931/3773 1051/1949/3774 1048/1947/3775 1018/1936/3776
f 1054/1951/3777 1055/1952/3778 1047/1945/3779 1017/1948/3780
f 1047/1945/3781 1055/1952/3782 1052/1953/3783 1007/1946/3784
f 1052/1953/3785 1055/1952/3786 1053/1954/3787 1019/1955/3788
f 1053/1954/3789 1055/1952/3790 1054/1951/3791 1021/1956/3792
f 1053/1954/3793 1059/1957/3794 1056/1958/3795 1019/1955/3796
f 1056/1958/3797 1059/1957/3798 1057/1959/3799 1005/1960/3800
f 1057/1959/3801 1059/1957/3802 1058/1961/3803 1020/1962/3804
f 1058/1961/3805 1059/1957/3806 1053/1954/3807 1021/1956/3808
f 1058/1961/3809 1062/1963/3810 1060/1964/3811 1020/1962/3812
f 1060/1964/3813 1062/1963/3814 1022/1908/3815 1008/1911/3816
f 1022/1908/3817 1062/1963/3818 1061/1965/3819 1013/1909/3820
f 1061/1965/3821 1062/1963/3822 1058/1961/3823 1021/1956/3824
f 1061/1965/3825 1063/1966/3826 1036/1929/3827 1013/1909/3828
f 1036/1929/3829 1063/1966/3830 1050/1950/3831 1009/1930/3832
f 1050/1950/3833 1063/1966/3834 1054/1951/3835 1017/1948/3836
f 1054/1951/3837 1063/1966/3838 1061/1965/3839 1021/1956/3840
f 1008/1967/3841 1023/1968/3842 1069/1969/3843 1068/1970/3844
f 1023/1968/3845 1010/1971/3846 1070/1972/3847 1069/1969/3848
f 1010/1971/3849 1027/1973/3850 1073/1974/3851 1070/1972/3852
f 1027/1973/3853 1003/1975/3854 1075/1976/3855 1073/1974/3856
f 1003/1975/3857 1028/1977/3858 1076/1978/3859 1075/1976/3860
f 1028/1977/3861 1011/1979/3862 1077/1980/3863 1076/1978/3864
f 1011/1979/3865 1031/1981/3866 1079/1982/3867 1077/1980/3868
f 1031/1981/3869 1006/1983/3870 1081/1984/3871 1079/1982/3872
f 1006/1983/3873 1038/1985/3874 1091/1986/3875 1081/1984/3876
f 1038/1985/3877 1015/1987/3878 1092/1988/3879 1091/1986/3880
f 1015/1987/3881 1042/1989/3882 1095/1990/3883 1092/1988/3884
f 1042/1989/3885 1004/1991/3886 1097/1992/3887 1095/1990/3888
f 1004/1991/3889 1043/1993/3890 1098/1994/3891 1097/1992/3892
f 1043/1993/3893 1016/1995/3894 1099/1996/3895 1098/1994/3896
f 1016/1995/3897 1046/1997/3898 1101/1998/3899 1099/1996/3900
f 1046/1997/3901 1007/1999/3902 1103/2000/3903 1101/1998/3904
f 1007/1999/3905 1052/2001/3906 1111/2002/3907 1103/2000/3908
f 1052/2001/3909 1019/2003/3910 1112/2004/3911 1111/2002/3912
f 1019/2005/3913 1056/2006/3914 1115/2007/3915 1112/2008/3916
f 1056/2006/3917 1005/2009/3918 1117/2010/3919 1115/2007/3920
f 1005/2009/3921 1057/2011/3922 1118/2012/3923 1117/2010/3924
f 1057/2011/3925 1020/2013/3926 1119/2014/3927 1118/2012/3928
f 1020/2013/3929 1060/2015/3930 1121/2016/3931 1119/2014/3932
f 1060/2015/3933 1008/1967/3934 1068/1970/3935 1121/2016/3936
f 1186/2017/3937 1187/2018/3938 1188/2019/3939 1189/2020/3940
f 1188/2019/3941 1190/2021/3942 1191/2022/3943 1189/2020/3944
f 1191/2022/3945 1192/2023/3946 1193/2024/3947 1189/2020/3948
f 1193/2024/3949 1194/2025/3950 1186/2017/3951 1189/2020/3952
f 1193/2024/3953 1192/2023/3954 1195/2026/3955 1196/2027/3956
f 1195/2026/3957 1197/2028/3958 1198/2029/3959 1196/2027/3960
f 1198/2029/3961 1199/2030/3962 1200/2031/3963 1196/2027/3964
f 1200/2031/3965 1194/2025/3966 1193/2024/3967 1196/2027/3968
f 1200/2031/3969 1199/2030/3970 1201/2032/3971 1202/2033/3972
f 1201/2032/3973 1203/2034/3974 1204/2035/3975 1202/2033/3976
f 1204/2035/3977 1205/2036/3978 1206/2037/3979 1202/2033/3980
f 1206/2037/3981 1194/2025/3982 1200/2031/3983 1202/2033/3984
f 1206/2037/3985 1205/2036/3986 1207/2038/3987 1208/2039/3988
f 1207/2038/3989 1209/2040/3990 1210/2041/3991 1208/2039/3992
f 1210/2041/3993 1187/2018/3994 1186/2017/3995 1208/2039/3996
f 1186/2017/3997 1194/2025/3998 1206/2037/3999 1208/2039/4000
f 1211/2042/4001 1205/2036/4002 1204/2035/4003 1212/2043/4004
f 1204/2035/4005 1203/2034/4006 1213/2044/4007 1212/2043/4008
f 1213/2044/4009 1214/2045/4010 1215/2046/4011 1212/2043/4012
f 1215/2046/4013 1216/2047/4014 1211/2042/4015 1212/2043/4016
f 1215/2046/4017 1214/2045/4018 1217/2048/4019 1218/2049/4020
f 1217/2048/4021 1219/2050/4022 1220/2051/4023 1218/2049/4024
f 1220/2051/4025 1221/2052/4026 1222/2053/4027 1218/2049/4028
f 1222/2053/4029 1216/2047/4030 1215/2046/4031 1218/2049/4032
f 1222/2053/4033 1221/2052/4034 1223/2054/4035 1224/2055/4036
f 1223/2054/4037 1225/2056/4038 1226/2057/4039 1224/2055/4040
f 1226/2057/4041 1227/2058/4042 1228/2059/4043 1224/2055/4044
f 1228/2059/4045 1216/2047/4046 1222/2053/4047 1224/2055/4048
f 1228/2059/4049 1227/2058/4050 1229/2060/4051 1230/2061/4052
f 1229/2060/4053 1209/2040/4054 1207/2038/4055 1230/2061/4056
f 1207/2038/4057 1205/2036/4058 1211/2042/4059 1230/2061/4060
f 1211/2042/4061 1216/2047/4062 1228/2059/4063 1230/2061/4064
f 1231/2062/4065 1227/2058/4066 1226/2057/4067 1232/2063/4068
f 1226/2057/4069 1225/2056/4070 1233/2064/4071 1232/2063/4072
f 1233/2064/4073 1234/2065/4074 1235/2066/4075 1232/2063/4076
f 1235/2066/4077 1236/2067/4078 1231/2062/4079 1232/2063/4080
f 1235/2066/4081 1234/2065/4082 1237/2068/4083 1238/2069/4084
f 1237/2068/4085 1239/2070/4086 1240/2071/4087 1238/2069/4088
f 1240/2071/4089 1241/2072/4090 1242/2073/4091 1238/2069/4092
f 1242/2073/4093 1236/2067/4094 1235/2066/4095 1238/2069/4096
f 1242/2073/4097 1241/2072/4098 1243/2074/4099 1244/2075/4100
f 1243/2074/4101 1190/2021/4102 1188/2019/4103 1244/2075/4104
f 1188/2019/4105 1187/2018/4106 1245/2076/4107 1244/2075/4108
f 1245/2076/4109 1236/2067/4110 1242/2073/4111 1244/2075/4112
f 1245/2076/4113 1187/2018/4114 1210/2041/4115 1246/2077/4116
f 1210/2041/4117 1209/2040/4118 1229/2060/4119 1246/2077/4120
f 1229/2060/4121 1227/2058/4122 1231/2062/4123 1246/2077/4124
f 1231/2062/4125 1236/2067/4126 1245/2076/4127 1246/2077/4128
f 1147/2078/4129 1148/2079/4130 1144/2080/4131 1135/2081/4132
f 1144/2080/4133 1148/2079/4134 1145/2082/4135 1130/2083/4136
f 1145/2082/4137 1148/2079/4138 1146/2084/4139 1132/2085/4140
f 1146/2084/4141 1148/2079/4142 1147/2078/4143 1136/2086/4144
f 1146/2084/4145 1152/2087/4146 1149/2088/4147 1132/2085/4148
f 1149/2088/4149 1152/2087/4150 1150/2089/4151 1125/2090/4152
f 1150/2089/4153 1152/2087/4154 1151/2091/4155 1133/2092/4156
f 1151/2091/4157 1152/2087/4158 1146/2084/4159 1136/2086/4160
f 1151/2091/4161 1156/2093/4162 1153/2094/4163 1133/2092/4164
f 1153/2094/4165 1156/2093/4166 1154/2095/4167 1128/2096/4168
f 1154/2095/4169 1156/2093/4170 1155/2097/4171 1134/2098/4172
f 1155/2097/4173 1156/2093/4174 1151/2091/4175 1136/2086/4176
f 1155/2097/4177 1159/2099/4178 1157/2100/4179 1134/2098/4180
f 1157/2100/4181 1159/2099/4182 1158/2101/4183 1131/2102/4184
f 1158/2101/4185 1159/2099/4186 1147/2078/4187 1135/2081/4188
f 1147/2078/4189 1159/2099/4190 1155/2097/4191 1136/2086/4192
f 1162/2103/4193 1163/2104/4194 1154/2095/4195 1134/2098/4196
f 1154/2095/4197 1163/2104/4198 1160/2105/4199 1128/2096/4200
f 1160/2105/4201 1163/2104/4202 1161/2106/4203 1137/2107/4204
f 1161/2106/4205 1163/2104/4206 1162/2103/4207 1140/2108/4208
f 1161/2106/4209 1167/2109/4210 1164/2110/4211 1137/2107/4212
f 1164/2110/4213 1167/2109/4214 1165/2111/4215 1126/2112/4216
f 1165/2111/4217 1167/2109/4218 1166/2113/4219 1138/2114/4220
f 1166/2113/4221 1167/2109/4222 1161/2106/4223 1140/2108/4224
f 1166/2113/4225 1171/2115/4226 1168/2116/4227 1138/2114/4228
f 1168/2116/4229 1171/2115/4230 1169/2117/4231 1129/2118/4232
f 1169/2117/4233 1171/2115/4234 1170/2119/4235 1139/2120/4236
f 1170/2119/4237 1171/2115/4238 1166/2113/4239 1140/2108/4240
f 1170/2119/4241 1173/2121/4242 1172/2122/4243 1139/2120/4244
f 1172/2122/4245 1173/2121/4246 1157/2100/4247 1131/2102/4248
f 1157/2100/4249 1173/2121/4250 1162/2103/4251 1134/2098/4252
f 1162/2103/4253 1173/2121/4254 1170/2119/4255 1140/2108/4256
f 1176/2123/4257 1177/2124/4258 1169/2117/4259 1139/2120/4260
f 1169/2117/4261 1177/2124/4262 1174/2125/4263 1129/2118/4264
f 1174/2125/4265 1177/2124/4266 1175/2126/4267 1141/2127/4268
f 1175/2126/4269 1177/2124/4270 1176/2123/4271 1143/2128/4272
f 1175/2126/4273 1181/2129/4274 1178/2130/4275 1141/2127/4276
f 1178/2130/4277 1181/2129/4278 1179/2131/4279 1127/2132/4280
f 1179/2131/4281 1181/2129/4282 1180/2133/4283 1142/2134/4284
f 1180/2133/4285 1181/2129/4286 1175/2126/4287 1143/2128/4288
f 1180/2133/4289 1184/2135/4290 1182/2136/4291 1142/2134/4292
f 1182/2136/4293 1184/2135/4294 1144/2080/4295 1130/2083/4296
f 1144/2080/4297 1184/2135/4298 1183/2137/4299 1135/2081/4300
f 1183/2137/4301 1184/2135/4302 1180/2133/4303 1143/2128/4304
f 1183/2137/4305 1185/2138/4306 1158/2101/4307 1135/2081/4308
f 1158/2101/4309 1185/2138/4310 1172/2122/4311 1131/2102/4312
f 1172/2122/4313 1185/2138/4314 1176/2123/4315 1139/2120/4316
f 1176/2123/4317 1185/2138/4318 1183/2137/4319 1143/2128/4320
f 1130/2139/4321 1145/2140/4322 1191/2141/4323 1190/2142/4324
f 1145/2140/4325 1132/2143/4326 1192/2144/4327 1191/2141/4328
f 1132/2143/4329 1149/2145/4330 1195/2146/4331 1192/2144/4332
f 1149/2145/4333 1125/2147/4334 1197/2148/4335 1195/2146/4336
f 1125/2147/4337 1150/2149/4338 1198/2150/4339 1197/2148/4340
f 1150/2149/4341 1133/2151/4342 1199/2152/4343 1198/2150/4344
f 1133/2151/4345 1153/2153/4346 1201/2154/4347 1199/2152/4348
f 1153/2153/4349 1128/2155/4350 1203/2156/4351 1201/2154/4352
f 1128/2155/4353 1160/2157/4354 1213/2158/4355 1203/2156/4356
f 1160/2157/4357 1137/2159/4358 1214/2160/4359 1213/2158/4360
f 1137/2159/4361 1164/2161/4362 1217/2162/4363 1214/2160/4364
f 1164/2161/4365 1126/2163/4366 1219/2164/4367 1217/2162/4368
f 1126/2163/4369 1165/2165/4370 1220/2166/4371 1219/2164/4372
f 1165/2165/4373 1138/2167/4374 1221/2168/4375 1220/2166/4376
f 1138/2167/4377 1168/2169/4378 1223/2170/4379 1221/2168/4380
f 1168/2169/4381 1129/2171/4382 1225/2172/4383 1223/2170/4384
f 1129/2171/4385 1174/2173/4386 1233/2174/4387 1225/2172/4388
f 1174/2173/4389 1141/2175/4390 1234/2176/4391 1233/2174/4392
f 1141/2177/4393 1178/2178/4394 1237/2179/4395 1234/2180/4396
f 1178/2178/4397 1127/2181/4398 1239/2182/4399 1237/2179/4400
f 1127/2181/4401 1179/2183/4402 1240/2184/4403 1239/2182/4404
f 1179/2183/4405 1142/2185/4406 1241/2186/4407 1240/2184/4408
f 1142/2185/4409 1182/2187/4410 1243/2188/4411 1241/2186/4412
f 1182/2187/4413 1130/2139/4414 1190/2142/4415 1243/2188/4416
f 1308/2189/4417 1309/2190/4418 1310/2191/4419 1311/2192/4420
f 1310/2191/4421 1312/2193/4422 1313/2194/4423 1311/2192/4424
f 1313/2194/4425 1314/2195/4426 1315/2196/4427 1311/2192/4428
f 1315/2196/4429 1316/2197/4430 1308/2189/4431 1311/2192/4432
f 1315/2196/4433 1314/2195/4434 1317/2198/4435 1318/2199/4436
f 1317/2198/4437 1319/2200/4438 1320/2201/4439 1318/2199/4440
f 1320/2201/4441 1321/2202/4442 1322/2203/4443 1318/2199/4444
f 1322/2203/4445 1316/2197/4446 1315/2196/4447 1318/2199/4448
f 1322/2203/4449 1321/2202/4450 1323/2204/4451 1324/2205/4452
f 1323/2204/4453 1325/2206/4454 1326/2207/4455 1324/2205/4456
f 1326/2207/4457 1327/2208/4458 1328/2209/4459 1324/2205/4460
f 1328/2209/4461 1316/2197/4462 1322/2203/4463 1324/2205/4464
f 1328/2209/4465 1327/2208/4466 1329/2210/4467 1330/2211/4468
f 1329/2210/4469 1331/2212/4470 1332/2213/4471 1330/2211/4472
f 1332/2213/4473 1309/2190/4474 1308/2189/4475 1330/2211/4476
f 1308/2189/4477 1316/2197/4478 1328/2209/4479 1330/2211/4480
f 1333/2214/4481 1327/2208/4482 1326/2207/4483 1334/2215/4484
f 1326/2207/4485 1325/2206/4486 1335/2216/4487 1334/2215/4488
f 1335/2216/4489 1336/2217/4490 1337/2218/4491 1334/2215/4492
f 1337/2218/4493 1338/2219/4494 1333/2214/4495 1334/2215/4496
f 1337/2218/4497 1336/2217/4498 1339/2220/4499 1340/2221/4500
f 1339/2220/4501 1341/2222/4502 1342/2223/4503 1340/2221/4504
f 1342/2223/4505 1343/2224/4506 1344/2225/4507 1340/2221/4508
f 1344/2225/4509 1338/2219/4510 1337/2218/4511 1340/2221/4512
f 1344/2225/4513 1343/2224/4514 1345/2226/4515 1346/2227/4516
f 1345/2226/4517 1347/2228/4518 1348/2229/4519 1346/2227/4520
f 1348/2229/4521 1349/2230/4522 1350/2231/4523 1346/2227/4524
f 1350/2231/4525 1338/2219/4526 1344/2225/4527 1346/2227/4528
f 1350/2231/4529 1349/2230/4530 1351/2232/4531 1352/2233/4532
f 1351/2232/4533 1331/2212/4534 1329/2210/4535 1352/2233/4536
f 1329/2210/4537 1327/2208/4538 1333/2214/4539 1352/2233/4540
f 1333/2214/4541 1338/2219/4542 1350/2231/4543 1352/2233/4544
f 1353/2234/4545 1349/2230/4546 1348/2229/4547 1354/2235/4548
f 1348/2229/4549 1347/2228/4550 1355/2236/4551 1354/2235/4552
f 1355/2236/4553 1356/2237/4554 1357/2238/4555 1354/2235/4556
f 1357/2238/4557 1358/2239/4558 1353/2234/4559 1354/2235/4560
f 1357/2238/4561 1356/2237/4562 1359/2240/4563 1360/2241/4564
f 1359/2240/4565 1361/2242/4566 1362/2243/4567 1360/2241/4568
f 1362/2243/4569 1363/2244/4570 1364/2245/4571 1360/2241/4572
f 1364/2245/4573 1358/2239/4574 1357/2238/4575 1360/2241/4576
f 1364/2245/4577 1363/2244/4578 1365/2246/4579 1366/2247/4580
f 1365/2246/4581 1312/2193/4582 1310/2191/4583 1366/2247/4584
f 1310/2191/4585 1309/2190/4586 1367/2248/4587 1366/2247/4588
f 1367/2248/4589 1358/2239/4590 1364/2245/4591 1366/2247/4592
f 1367/2248/4593 1309/2190/4594 1332/2213/4595 1368/2249/4596
f 1332/2213/4597 1331/2212/4598 1351/2232/4599 1368/2249/4600
f 1351/2232/4601 1349/2230/4602 1353/2234/4603 1368/2249/4604
f 1353/2234/4605 1358/2239/4606 1367/2248/4607 1368/2249/4608
f 1269/2250/4609 1270/2251/4610 1266/2252/4611 1257/2253/4612
f 1266/2252/4613 1270/2251/4614 1267/2254/4615 1252/2255/4616
f 1267/2254/4617 1270/2251/4618 1268/2256/4619 1254/2257/4620
f 1268/2256/4621 1270/2251/4622 1269/2250/4623 1258/2258/4624
f 1268/2256/4625 1274/2259/4626 1271/2260/4627 1254/2257/4628
f 1271/2260/4629 1274/2259/4630 1272/2261/4631 1247/2262/4632
f 1272/2261/4633 1274/2259/4634 1273/2263/4635 1255/2264/4636
f 1273/2263/4637 1274/2259/4638 1268/2256/4639 1258/2258/4640
f 1273/2263/4641 1278/2265/4642 1275/2266/4643 1255/2264/4644
f 1275/2266/4645 1278/2265/4646 1276/2267/4647 1250/2268/4648
f 1276/2267/4649 1278/2265/4650 1277/2269/4651 1256/2270/4652
f 1277/2269/4653 1278/2265/4654 1273/2263/4655 1258/2258/4656
f 1277/2269/4657 1281/2271/4658 1279/2272/4659 1256/2270/4660
f 1279/2272/4661 1281/2271/4662 1280/2273/4663 1253/2274/4664
f 1280/2273/4665 1281/2271/4666 1269/2250/4667 1257/2253/4668
f 1269/2250/4669 1281/2271/4670 1277/2269/4671 1258/2258/4672
f 1284/2275/4673 1285/2276/4674 1276/2267/4675 1256/2270/4676
f 1276/2267/4677 1285/2276/4678 1282/2277/4679 1250/2268/4680
f 1282/2277/4681 1285/2276/4682 1283/2278/4683 1259/2279/4684
f 1283/2278/4685 1285/2276/4686 1284/2275/4687 1262/2280/4688
f 1283/2278/4689 1289/2281/4690 1286/2282/4691 1259/2279/4692
f 1286/2282/4693 1289/2281/4694 1287/2283/4695 1248/2284/4696
f 1287/2283/4697 1289/2281/4698 1288/2285/4699 1260/2286/4700
f 1288/2285/4701 1289/2281/4702 1283/2278/4703 1262/2280/4704
f 1288/2285/4705 1293/2287/4706 1290/2288/4707 1260/2286/4708
f 1290/2288/4709 1293/2287/4710 1291/2289/4711 1251/2290/4712
f 1291/2289/4713 1293/2287/4714 1292/2291/4715 1261/2292/4716
f 1292/2291/4717 1293/2287/4718 1288/2285/4719 1262/2280/4720
f 1292/2291/4721 1295/2293/4722 1294/2294/4723 1261/2292/4724
f 1294/2294/4725 1295/2293/4726 1279/2272/4727 1253/2274/4728
f 1279/2272/4729 1295/2293/4730 1284/2275/4731 1256/2270/4732
f 1284/2275/4733 1295/2293/4734 1292/2291/4735 1262/2280/4736
f 1298/2295/4737 1299/2296/4738 1291/2289/4739 1261/2292/4740
f 1291/2289/4741 1299/2296/4742 1296/2297/4743 1251/2290/4744
f 1296/2297/4745 1299/2296/4746 1297/2298/4747 1263/2299/4748
f 1297/2298/4749 1299/2296/4750 1298/2295/4751 1265/2300/4752
f 1297/2298/4753 1303/2301/4754 1300/2302/4755 1263/2299/4756
f 1300/2302/4757 1303/2301/4758 1301/2303/4759 1249/2304/4760
f 1301/2303/4761 1303/2301/4762 1302/2305/4763 1264/2306/4764
f 1302/2305/4765 1303/2301/4766 1297/2298/4767 1265/2300/4768
f 1302/2305/4769 1306/2307/4770 1304/2308/4771 1264/2306/4772
f 1304/2308/4773 1306/2307/4774 1266/2252/4775 1252/2255/4776
f 1266/2252/4777 1306/2307/4778 1305/2309/4779 1257/2253/4780
f 1305/2309/4781 1306/2307/4782 1302/2305/4783 1265/2300/4784
f 1305/2309/4785 1307/2310/4786 1280/2273/4787 1257/2253/4788
f 1280/2273/4789 1307/2310/4790 1294/2294/4791 1253/2274/4792
f 1294/2294/4793 1307/2310/4794 1298/2295/4795 1261/2292/4796
f 1298/2295/4797 1307/2310/4798 1305/2309/4799 1265/2300/4800
f 1252/2311/4801 1267/2312/4802 1313/2313/4803 1312/2314/4804
f 1267/2312/4805 1254/2315/4806 1314/2316/4807 1313/2313/4808
f 1254/2315/4809 1271/2317/4810 1317/2318/4811 1314/2316/4812
f 1271/2317/4813 1247/2319/4814 1319/2320/4815 1317/2318/4816
f 1247/2319/4817 1272/2321/4818 1320/2322/4819 1319/2320/4820
f 1272/2321/4821 1255/2323/4822 1321/2324/4823 1320/2322/4824
f 1255/2323/4825 1275/2325/4826 1323/2326/4827 1321/2324/4828
f 1275/2325/4829 1250/2327/4830 1325/2328/4831 1323/2326/4832
f 1250/2327/4833 1282/2329/4834 1335/2330/4835 1325/2328/4836
f 1282/2329/4837 1259/2331/4838 1336/2332/4839 1335/2330/4840
f 1259/2331/4841 1286/2333/4842 1339/2334/4843 1336/2332/4844
f 1286/2333/4845 1248/2335/4846 1341/2336/4847 1339/2334/4848
f 1248/2335/4849 1287/2337/4850 1342/2338/4851 1341/2336/4852
f 1287/2337/4853 1260/2339/4854 1343/2340/4855 1342/2338/4856
f 1260/2339/4857 1290/2341/4858 1345/2342/4859 1343/2340/4860
f 1290/2341/4861 1251/2343/4862 1347/2344/4863 1345/2342/4864
f 1251/2343/4865 1296/2345/4866 1355/2346/4867 1347/2344/4868
f 1296/2345/4869 1263/2347/4870 1356/2348/4871 1355/2346/4872
f 1263/2349/4873 1300/2350/4874 1359/2351/4875 1356/2352/4876
f 1300/2350/4877 1249/2353/4878 1361/2354/4879 1359/2351/4880
f 1249/2353/4881 1301/2355/4882 1362/2356/4883 1361/2354/4884
f 1301/2355/4885 1264/2357/4886 1363/2358/4887 1362/2356/4888
f 1264/2357/4889 1304/2359/4890 1365/2360/4891 1363/2358/4892
f 1304/2359/4893 1252/2311/4894 1312/2314/4895 1365/2360/4896
f 1369/2361/4897 1370/2362/4898 1372/2363/4899 1371/2364/4900
f 1371/2365/4901 1372/2366/4902 1374/2367/4903 1373/2368/4904
f 1373/2368/4905 1374/2367/4906 1376/2369/4907 1375/2370/4908
f 1375/2370/4909 1376/2369/4910 1370/2371/4911 1369/2372/4912
f 1370/2362/4913 1376/2369/4914 1374/2367/4915 1372/2363/4916
f 1375/2373/4917 1369/2361/4918 1371/2364/4919 1373/2374/4920
f 1377/2375/4921 1378/2376/4922 1380/2377/4923 1379/2378/4924
f 1379/2379/4925 1380/2380/4926 1382/2381/4927 1381/2382/4928
f 1381/2382/4929 1382/2381/4930 1384/2383/4931 1383/2384/4932
f 1383/2384/4933 1384/2383/4934 1378/2385/4935 1377/2386/4936
f 1378/2376/4937 1384/2383/4938 1382/2381/4939 1380/2377/4940
f 1383/2387/4941 1377/2375/4942 1379/2378/4943 1381/2388/4944
f 1385/2389/4945 1386/2390/4946 1388/2391/4947 1387/2392/4948
f 1387/2393/4949 1388/2394/4950 1390/2395/4951 1389/2396/4952
f 1389/2396/4953 1390/2395/4954 1392/2397/4955 1391/2398/4956
f 1391/2398/4957 1392/2397/4958 1386/2399/4959 1385/2400/4960
f 1386/2390/4961 1392/2397/4962 1390/2395/4963 1388/2391/4964
f 1391/2401/4965 1385/2389/4966 1387/2392/4967 1389/2402/4968
f 1393/2403/4969 1394/2404/4970 1396/2405/4971 1395/2406/4972
f 1395/2407/4973 1396/2408/4974 1398/2409/4975 1397/2410/4976
f 1397/2410/4977 1398/2409/4978 1400/2411/4979 1399/2412/4980
f 1399/2412/4981 1400/2411/4982 1394/2413/4983 1393/2414/4984
f 1394/2404/4985 1400/2411/4986 1398/2409/4987 1396/2405/4988
f 1399/2415/4989 1393/2403/4990 1395/2406/4991 1397/2416/4992
f 1401/2417/4993 1402/2418/4994 1404/2419/4995 1403/2420/4996
f 1403/2421/4997 1404/2422/4998 1406/2423/4999 1405/2424/5000
f 1405/2424/5001 1406/2423/5002 1408/2425/5003 1407/2426/5004
f 1407/2426/5005 1408/2425/5006 1402/2427/5007 1401/2428/5008
f 1402/2418/5009 1408/2425/5010 1406/2423/5011 1404/2419/5012
f 1407/2429/5013 1401/2417/5014 1403/2420/5015 1405/2430/5016
f 1409/2431/5017 1410/2432/5018 1412/2433/5019 1411/2434/5020
f 1411/2435/5021 1412/2436/5022 1414/2437/5023 1413/2438/5024
f 1413/2438/5025 1414/2437/5026 1416/2439/5027 1415/2440/5028
f 1415/2440/5029 1416/2439/5030 1410/2441/5031 1409/2442/5032
f 1410/2432/5033 1416/2439/5034 1414/2437/5035 1412/2433/5036
f 1415/2443/5037 1409/2431/5038 1411/2434/5039 1413/2444/5040
f 1417/2445/5041 1418/2446/5042 1420/2447/5043 1419/2448/5044
f 1419/2449/5045 1420/2450/5046 1422/2451/5047 1421/2452/5048
f 1421/2452/5049 1422/2451/5050 1424/2453/5051 1423/2454/5052
f 1423/2454/5053 1424/2453/5054 1418/2455/5055 1417/2456/5056
f 1418/2446/5057 1424/2453/5058 1422/2451/5059 1420/2447/5060
f 1423/2457/5061 1417/2445/5062 1419/2448/5063 1421/2458/5064
f 1425/2459/5065 1426/2460/5066 1428/2461/5067 1427/2462/5068
f 1427/2463/5069 1428/2464/5070 1430/2465/5071 1429/2466/5072
f 1429/2466/5073 1430/2465/5074 1432/2467/5075 1431/2468/5076
f 1431/2468/5077 1432/2467/5078 1426/2469/5079 1425/2470/5080
f 1426/2460/5081 1432/2467/5082 1430/2465/5083 1428/2461/5084
f 1431/2471/5085 1425/2459/5086 1427/2462/5087 1429/2472/5088
f 1433/2473/5089 1434/2474/5090 1436/2475/5091 1435/2476/5092
f 1435/2477/5093 1436/2478/5094 1438/2479/5095 1437/2480/5096
f 1437/2480/5097 1438/2479/5098 1440/2481/5099 1439/2482/5100
f 1439/2482/5101 1440/2481/5102 1434/2483/5103 1433/2484/5104
f 1434/2474/5105 1440/2481/5106 1438/2479/5107 1436/2475/5108
f 1439/2485/5109 1433/2473/5110 1435/2476/5111 1437/2486/5112
f 1441/2487/5113 1442/2488/5114 1444/2489/5115 1443/2490/5116
f 1443/2491/5117 1444/2492/5118 1446/2493/5119 1445/2494/5120
f 1445/2494/5121 1446/2493/5122 1448/2495/5123 1447/2496/5124
f 1447/2496/5125 1448/2495/5126 1442/2497/5127 1441/2498/5128
f 1442/2488/5129 1448/2495/5130 1446/2493/5131 1444/2489/5132
f 1447/2499/5133 1441/2487/5134 1443/2490/5135 1445/2500/5136
f 1449/2501/5137 1450/2502/5138 1452/2503/5139 1451/2504/5140
f 1451/2505/5141 1452/2506/5142 1454/2507/5143 1453/2508/5144
f 1453/2508/5145 1454/2507/5146 1456/2509/5147 1455/2510/5148
f 1455/2510/5149 1456/2509/5150 1450/2511/5151 1449/2512/5152
f 1450/2502/5153 1456/2509/5154 1454/2507/5155 1452/2503/5156
f 1455/2513/5157 1449/2501/5158 1451/2504/5159 1453/2514/5160
f 1457/2515/5161 1458/2516/5162 1460/2517/5163 1459/2518/5164
f 1459/2519/5165 1460/2520/5166 1462/2521/5167 1461/2522/5168
f 1461/2522/5169 1462/2521/5170 1464/2523/5171 1463/2524/5172
f 1463/2524/5173 1464/2523/5174 1458/2525/5175 1457/2526/5176
f 1458/2516/5177 1464/2523/5178 1462/2521/5179 1460/2517/5180
f 1463/2527/5181 1457/2515/5182 1459/2518/5183 1461/2528/5184
f 1465/2529/5185 1466/2530/5186 1468/2531/5187 1467/2532/5188
f 1467/2533/5189 1468/2534/5190 1470/2535/5191 1469/2536/5192
f 1469/2536/5193 1470/2535/5194 1472/2537/5195 1471/2538/5196
f 1471/2538/5197 1472/2537/5198 1466/2539/5199 1465/2540/5200
f 1466/2530/5201 1472/2537/5202 1470/2535/5203 1468/2531/5204
f 1471/2541/5205 1465/2529/5206 1467/2532/5207 1469/2542/5208
f 1473/2543/5209 1474/2544/5210 1476/2545/5211 1475/2546/5212
f 1475/2547/5213 1476/2548/5214 1478/2549/5215 1477/2550/5216
f 1477/2550/5217 1478/2549/5218 1480/2551/5219 1479/2552/5220
f 1479/2552/5221 1480/2551/5222 1474/2553/5223 1473/2554/5224
f 1474/2544/5225 1480/2551/5226 1478/2549/5227 1476/2545/5228
f 1479/2555/5229 1473/2543/5230 1475/2546/5231 1477/2556/5232
