# This file uses meters as units for non-parametric coordinates.

mtllib OilDrumBlue.mtl
g default
v -31.966291 0.000000 -6.448399
v 10.398664 0.000000 30.907822
v 21.567625 0.000000 -24.459419
v -21.567627 0.000000 24.459415
v 31.966291 0.000000 6.448400
v -10.398672 0.000000 -30.907824
v -0.000001 0.000000 -0.000001
v -24.459417 0.000000 -21.567625
v -30.907822 0.000000 10.398666
v -10.783813 0.000000 12.229708
v -5.199332 0.000000 -15.453911
v -15.983148 0.000000 -3.224201
v -6.448404 0.000000 31.966291
v 24.459419 0.000000 21.567625
v 15.983147 0.000000 3.224201
v 5.199331 0.000000 15.453912
v 30.907822 0.000000 -10.398664
v 6.448404 0.000000 -31.966291
v 10.783813 0.000000 -12.229710
v -7.799003 0.000000 -23.180866
v -18.043873 0.000000 -27.163290
v -20.221283 0.000000 -12.395914
v -10.591240 0.000000 -9.339057
v -14.010142 0.000000 -17.788389
v -29.208096 0.000000 -14.502164
v -32.546036 0.000000 2.044804
v -23.445484 0.000000 3.587233
v -25.829170 0.000000 -5.210392
v -27.163292 0.000000 18.043869
v -16.175720 0.000000 18.344563
v -13.383482 0.000000 4.502756
v -19.810602 0.000000 10.965896
v -5.391907 0.000000 6.114854
v -2.599668 0.000000 -7.726956
v -7.991573 0.000000 -1.612102
v -14.502166 0.000000 29.208097
v -0.624535 0.000000 23.710098
v -2.792242 0.000000 13.841809
v -8.400127 0.000000 21.027332
v 2.044804 0.000000 32.546036
v 18.043871 0.000000 27.163292
v 14.829376 0.000000 18.510769
v 8.402254 0.000000 24.973911
v 29.208096 0.000000 14.502164
v 23.974718 0.000000 4.836302
v 10.591239 0.000000 9.339056
v 19.402048 0.000000 11.673536
v 7.991573 0.000000 1.612100
v 2.599666 0.000000 7.726955
v 32.546032 0.000000 -2.044807
v 20.845816 0.000000 -11.314186
v 13.383480 0.000000 -4.502754
v 22.410269 0.000000 -3.238944
v 27.163292 0.000000 -18.043873
v 14.502161 0.000000 -29.208096
v 8.616108 0.000000 -22.098001
v 17.426916 0.000000 -19.763521
v -2.044809 0.000000 -32.546036
v 2.792240 0.000000 -13.841810
v 0.408552 0.000000 -22.639435
v 5.391906 0.000000 -6.114855
v -10.591240 94.491104 -9.339057
v -5.199332 94.491104 -15.453911
v -7.799003 94.491104 -23.180866
v -14.010142 94.491104 -17.788389
v -10.043434 94.491104 -29.851957
v -17.427464 94.491104 -26.235346
v -23.623840 94.491104 -20.830837
v -20.221283 94.491104 -12.395914
v -15.983148 94.491104 -3.224201
v -28.210297 94.491104 -14.006743
v -25.829170 94.491104 -5.210392
v -30.874266 94.491104 -6.228109
v -31.434204 94.491104 1.974951
v -29.851957 94.491104 10.043428
v -23.445484 94.491104 3.587233
v -26.235348 94.491104 17.427460
v -19.810602 94.491104 10.965896
v -20.830839 94.491104 23.623840
v -16.175720 94.491104 18.344563
v -10.783813 94.491104 12.229708
v -13.383482 94.491104 4.502756
v -5.391907 94.491104 6.114854
v -7.991573 94.491104 -1.612102
v -0.000001 94.491104 -0.000001
v -2.599668 94.491104 -7.726956
v -2.792242 94.491104 13.841809
v -8.400127 94.491104 21.027332
v -14.006747 94.491104 28.210299
v -6.228116 94.491104 30.874269
v -0.624535 94.491104 23.710098
v 5.199331 94.491104 15.453912
v 1.974949 94.491104 31.434206
v 8.402254 94.491104 24.973911
v 10.043430 94.491104 29.851955
v 17.427464 94.491104 26.235348
v 23.623842 94.491104 20.830837
v 14.829376 94.491104 18.510769
v 28.210297 94.491104 14.006743
v 19.402048 94.491104 11.673536
v 30.874264 94.491104 6.228111
v 23.974718 94.491104 4.836302
v 15.983147 94.491104 3.224201
v 10.591239 94.491104 9.339056
v 7.991573 94.491104 1.612100
v 2.599666 94.491104 7.726955
v 13.383480 94.491104 -4.502754
v 22.410269 94.491104 -3.238944
v 31.434202 94.491104 -1.974953
v 29.851957 94.491104 -10.043428
v 20.845816 94.491104 -11.314186
v 10.783813 94.491104 -12.229710
v 26.235348 94.491104 -17.427464
v 17.426916 94.491104 -19.763521
v 20.830837 94.491104 -23.623842
v 14.006743 94.491104 -28.210297
v 6.228112 94.491104 -30.874266
v 8.616108 94.491104 -22.098001
v -1.974957 94.491104 -31.434204
v 0.408552 94.491104 -22.639435
v 2.792240 94.491104 -13.841810
v 5.391906 94.491104 -6.114855
v -21.567627 69.549377 24.459415
v -27.163292 69.549377 18.043869
v -30.907822 69.549377 10.398666
v -32.546036 69.549377 2.044804
v -31.966291 69.549377 -6.448399
v -29.208096 69.549377 -14.502164
v -24.459417 69.549377 -21.567625
v -18.043873 69.549377 -27.163290
v -10.398674 69.549377 -30.907822
v -2.044809 69.549377 -32.546036
v 6.448404 69.549377 -31.966291
v 14.502162 69.549377 -29.208096
v 21.567625 69.549377 -24.459419
v 27.163292 69.549377 -18.043873
v 30.907822 69.549377 -10.398664
v 32.546032 69.549377 -2.044807
v 31.966291 69.549377 6.448400
v 29.208096 69.549377 14.502164
v 24.459419 69.549377 21.567625
v 18.043871 69.549377 27.163292
v 10.398664 69.549377 30.907822
v 2.044804 69.549377 32.546036
v -6.448404 69.549377 31.966291
v -14.502166 69.549377 29.208097
v -21.567627 64.055290 24.459415
v -27.163292 64.055290 18.043869
v -30.907822 64.055290 10.398666
v -32.546036 64.055290 2.044804
v -31.966291 64.055290 -6.448399
v -29.208096 64.055290 -14.502164
v -24.459417 64.055290 -21.567625
v -18.043873 64.055290 -27.163290
v -10.398674 64.055290 -30.907822
v -2.044809 64.055290 -32.546036
v 6.448404 64.055290 -31.966291
v 14.502162 64.055290 -29.208096
v 21.567625 64.055290 -24.459419
v 27.163292 64.055290 -18.043873
v 30.907822 64.055290 -10.398664
v 32.546032 64.055290 -2.044807
v 31.966291 64.055290 6.448400
v 29.208096 64.055290 14.502164
v 24.459419 64.055290 21.567625
v 18.043871 64.055290 27.163292
v 10.398664 64.055290 30.907822
v 2.044804 64.055290 32.546036
v -6.448404 64.055290 31.966291
v -14.502166 64.055290 29.208097
v -21.567627 36.470848 24.459415
v -27.163292 36.470848 18.043869
v -30.907822 36.470848 10.398666
v -32.546036 36.470848 2.044804
v -31.966291 36.470848 -6.448399
v -29.208096 36.470848 -14.502164
v -24.459417 36.470848 -21.567625
v -18.043873 36.470848 -27.163290
v -10.398674 36.470848 -30.907822
v -2.044809 36.470848 -32.546036
v 6.448404 36.470848 -31.966291
v 14.502162 36.470848 -29.208096
v 21.567625 36.470848 -24.459419
v 27.163292 36.470848 -18.043873
v 30.907822 36.470848 -10.398664
v 32.546032 36.470848 -2.044807
v 31.966291 36.470848 6.448400
v 29.208096 36.470848 14.502164
v 24.459419 36.470848 21.567625
v 18.043871 36.470848 27.163292
v 10.398664 36.470848 30.907822
v 2.044804 36.470848 32.546036
v -6.448404 36.470848 31.966291
v -14.502166 36.470848 29.208097
v -21.567627 31.205938 24.459415
v -27.163292 31.205938 18.043869
v -30.907822 31.205938 10.398666
v -32.546036 31.205938 2.044804
v -31.966291 31.205938 -6.448399
v -29.208096 31.205938 -14.502164
v -24.459417 31.205938 -21.567625
v -18.043873 31.205938 -27.163290
v -10.398674 31.205938 -30.907822
v -2.044809 31.205938 -32.546036
v 6.448404 31.205938 -31.966291
v 14.502162 31.205938 -29.208096
v 21.567625 31.205938 -24.459419
v 27.163292 31.205938 -18.043873
v 30.907822 31.205938 -10.398664
v 32.546032 31.205938 -2.044807
v 31.966291 31.205938 6.448400
v 29.208096 31.205938 14.502164
v 24.459419 31.205938 21.567625
v 18.043871 31.205938 27.163292
v 10.398664 31.205938 30.907822
v 2.044804 31.205938 32.546036
v -6.448404 31.205938 31.966291
v -14.502166 31.205938 29.208097
v -27.163292 91.073997 18.043869
v -30.907822 91.073997 10.398666
v -32.546036 91.073997 2.044804
v -31.966291 91.073997 -6.448399
v -29.208096 91.073997 -14.502164
v -24.459417 91.073997 -21.567625
v -18.043873 91.073997 -27.163290
v -10.398674 91.073997 -30.907822
v -2.044809 91.073997 -32.546036
v 6.448404 91.073997 -31.966291
v 14.502162 91.073997 -29.208096
v 21.567625 91.073997 -24.459419
v 27.163292 91.073997 -18.043873
v 30.907822 91.073997 -10.398664
v 32.546032 91.073997 -2.044807
v 31.966291 91.073997 6.448400
v 29.208096 91.073997 14.502164
v 24.459419 91.073997 21.567625
v 18.043871 91.073997 27.163292
v 10.398664 91.073997 30.907822
v 2.044804 91.073997 32.546036
v -6.448404 91.073997 31.966291
v -14.502166 91.073997 29.208097
v -21.567627 91.073997 24.459415
v -21.567627 4.254978 24.459415
v -27.163292 4.254978 18.043869
v -30.907822 4.254978 10.398666
v -32.546036 4.254978 2.044804
v -31.966291 4.254978 -6.448399
v -29.208096 4.254978 -14.502164
v -24.459417 4.254978 -21.567625
v -18.043873 4.254978 -27.163290
v -10.398674 4.254978 -30.907822
v -2.044809 4.254978 -32.546036
v 6.448404 4.254978 -31.966291
v 14.502162 4.254978 -29.208096
v 21.567625 4.254978 -24.459419
v 27.163292 4.254978 -18.043873
v 30.907822 4.254978 -10.398664
v 32.546032 4.254978 -2.044807
v 31.966291 4.254978 6.448400
v 29.208096 4.254978 14.502164
v 24.459419 4.254978 21.567625
v 18.043871 4.254978 27.163292
v 10.398664 4.254978 30.907822
v 2.044804 4.254978 32.546036
v -6.448404 4.254978 31.966291
v -14.502166 4.254978 29.208097
v -22.613449 64.055290 25.645462
v -28.480453 64.055290 18.918827
v -22.640192 69.549393 25.675791
v -28.514135 69.549393 18.941200
v -32.406555 64.055290 10.902903
v -32.444878 69.549393 10.915796
v -34.124207 64.055290 2.143959
v -34.164566 69.549393 2.146498
v -33.516354 64.055290 -6.761086
v -33.555988 69.549393 -6.769079
v -30.624409 64.055290 -15.205376
v -30.660629 69.549393 -15.223362
v -25.645462 64.055290 -22.613445
v -25.675793 69.549393 -22.640190
v -18.918827 64.055290 -28.480446
v -18.941204 69.549393 -28.514133
v -10.902908 64.055290 -32.406551
v -10.915804 69.549393 -32.444878
v -2.143963 64.055290 -34.124203
v -2.146498 69.549393 -34.164566
v 6.761089 64.055290 -33.516350
v 6.769081 69.549393 -33.555988
v 15.205376 64.055290 -30.624407
v 15.223360 69.549393 -30.660625
v 22.613443 64.055290 -25.645462
v 22.640186 69.549393 -25.675789
v 28.480450 64.055290 -18.918827
v 28.514133 69.549393 -18.941202
v 32.406555 64.055290 -10.902903
v 32.444881 69.549393 -10.915798
v 34.124203 64.055290 -2.143961
v 34.164562 69.549393 -2.146496
v 33.516350 64.055290 6.761089
v 33.555984 69.549393 6.769083
v 30.624407 64.055290 15.205378
v 30.660627 69.549393 15.223364
v 25.645464 64.055290 22.613445
v 25.675793 69.549393 22.640188
v 18.918823 64.055290 28.480452
v 18.941200 69.549393 28.514137
v 10.902903 64.055290 32.406555
v 10.915792 69.549393 32.444881
v 2.143955 64.055290 34.124207
v 2.146496 69.549393 34.164566
v -6.761087 64.055290 33.516350
v -6.769081 69.549393 33.555988
v -15.205383 64.055290 30.624413
v -15.223366 69.549393 30.660629
v -22.603666 31.205923 25.634369
v -28.468132 31.205923 18.910645
v -22.343561 36.470833 25.339388
v -28.140545 36.470833 18.693035
v -32.392536 31.205923 10.898186
v -32.019783 36.470833 10.772776
v -34.109440 31.205923 2.143028
v -33.716938 36.470833 2.118370
v -33.501854 31.205923 -6.758163
v -33.116341 36.470833 -6.680395
v -30.611160 31.205923 -15.198800
v -30.258911 36.470833 -15.023904
v -25.634369 31.205923 -22.603664
v -25.339390 36.470833 -22.343559
v -18.910645 31.205923 -28.468126
v -18.693035 36.470833 -28.140537
v -10.898193 31.205923 -32.392532
v -10.772783 36.470833 -32.019783
v -2.143036 31.205923 -34.109444
v -2.118376 36.470833 -33.716938
v 6.758163 31.205923 -33.501850
v 6.680397 36.470833 -33.116337
v 15.198802 31.205923 -30.611160
v 15.023902 36.470833 -30.258909
v 22.603659 31.205923 -25.634365
v 22.343554 36.470833 -25.339386
v 28.468128 31.205923 -18.910643
v 28.140541 36.470833 -18.693035
v 32.392536 31.205923 -10.898186
v 32.019787 36.470833 -10.772778
v 34.109440 31.205923 -2.143032
v 33.716934 36.470833 -2.118372
v 33.501854 31.205923 6.758168
v 33.116337 36.470833 6.680400
v 30.611160 31.205923 15.198802
v 30.258909 36.470833 15.023904
v 25.634371 31.205923 22.603664
v 25.339390 36.470833 22.343557
v 18.910641 31.205923 28.468132
v 18.693031 36.470833 28.140541
v 10.898186 31.205923 32.392536
v 10.772776 36.470833 32.019787
v 2.143028 31.205923 34.109444
v 2.118368 36.470833 33.716942
v -6.758162 31.205923 33.501850
v -6.680397 36.470833 33.116337
v -15.198806 31.205923 30.611164
v -15.023910 36.470833 30.258915
v -29.430340 91.073997 19.549812
v -33.487381 91.073997 11.266537
v -29.894196 96.303902 19.857941
v -34.015182 96.303894 11.444111
v -35.262321 91.073997 2.215464
v -35.818096 96.303894 2.250383
v -34.634193 91.073997 -6.986584
v -35.180069 96.303894 -7.096701
v -31.645794 91.073997 -15.712504
v -32.144573 96.303894 -15.960155
v -26.500793 91.073997 -23.367653
v -26.918478 96.303894 -23.735954
v -19.549809 91.073997 -29.430332
v -19.857939 96.303894 -29.894188
v -11.266541 91.073997 -33.487381
v -11.444113 96.303894 -34.015182
v -2.215467 91.073997 -35.262321
v -2.250383 96.303894 -35.818092
v 6.986584 91.073997 -34.634193
v 7.096701 96.303894 -35.180065
v 15.712511 91.073997 -31.645798
v 15.960159 96.303902 -32.144573
v 23.367651 91.073997 -26.500793
v 23.735954 96.303902 -26.918480
v 29.430332 91.073997 -19.549809
v 29.894190 96.303902 -19.857939
v 33.487381 91.073997 -11.266537
v 34.015182 96.303894 -11.444111
v 35.262318 91.073997 -2.215467
v 35.818092 96.303894 -2.250387
v 34.634190 91.073997 6.986585
v 35.180065 96.303894 7.096702
v 31.645794 91.073997 15.712507
v 32.144569 96.303894 15.960155
v 26.500793 91.073997 23.367651
v 26.918480 96.303894 23.735954
v 19.549809 91.073997 29.430332
v 19.857939 96.303894 29.894190
v 11.266535 91.073997 33.487381
v 11.444109 96.303894 34.015182
v 2.215462 91.073997 35.262321
v 2.250378 96.303894 35.818100
v -6.986586 91.073997 34.634193
v -7.096701 96.303894 35.180065
v -15.712517 91.073997 31.645805
v -15.960163 96.303902 32.144577
v -23.367655 91.073997 26.500792
v -23.735958 96.303902 26.918476
v -34.429657 67.718040 -6.945324
v -31.458908 67.718040 -15.619720
v -26.344290 67.718040 -23.229652
v -19.434357 67.718040 -29.256527
v -11.200006 67.718040 -33.289612
v -2.202385 67.718040 -35.054073
v 6.945326 67.718040 -34.429653
v 15.619720 67.718040 -31.458908
v 23.229649 67.718040 -26.344288
v 29.256527 67.718040 -19.434357
v 33.289616 67.718040 -11.200003
v 35.054070 67.718040 -2.202381
v 34.429653 67.718040 6.945326
v 31.458908 67.718040 15.619720
v 26.344290 67.718040 23.229650
v 19.434357 67.718040 29.256527
v 11.199999 67.718040 33.289619
v 2.202377 67.718040 35.054073
v -6.945324 67.718040 34.429653
v -15.619723 67.718040 31.458914
v -23.229654 67.718040 26.344288
v -29.256531 67.718040 19.434357
v -33.289616 67.718040 11.200003
v -35.054073 67.718040 2.202381
v -34.429657 65.886665 -6.945324
v -31.458908 65.886665 -15.619720
v -26.344290 65.886665 -23.229652
v -19.434357 65.886665 -29.256527
v -11.200006 65.886665 -33.289612
v -2.202385 65.886665 -35.054073
v 6.945326 65.886665 -34.429653
v 15.619720 65.886665 -31.458908
v 23.229649 65.886665 -26.344288
v 29.256527 65.886665 -19.434357
v 33.289616 65.886665 -11.200003
v 35.054070 65.886665 -2.202381
v 34.429653 65.886665 6.945326
v 31.458908 65.886665 15.619720
v 26.344290 65.886665 23.229650
v 19.434357 65.886665 29.256527
v 11.199999 65.886665 33.289619
v 2.202377 65.886665 35.054073
v -6.945324 65.886665 34.429653
v -15.619723 65.886665 31.458914
v -23.229654 65.886665 26.344288
v -29.256531 65.886665 19.434357
v -33.289616 65.886665 11.200003
v -35.054073 65.886665 2.202381
v -26.344290 34.715862 -23.229652
v -19.434357 34.715862 -29.256527
v -11.200006 34.715862 -33.289612
v -2.202385 34.715862 -35.054073
v 6.945326 34.715862 -34.429653
v 15.619720 34.715862 -31.458908
v 23.229649 34.715862 -26.344288
v 29.256527 34.715862 -19.434357
v 33.289616 34.715862 -11.200003
v 35.054070 34.715862 -2.202381
v 34.429653 34.715862 6.945326
v 31.458908 34.715862 15.619720
v 26.344290 34.715862 23.229650
v 19.434357 34.715862 29.256527
v 11.199999 34.715862 33.289619
v 2.202377 34.715862 35.054073
v -6.945324 34.715862 34.429653
v -15.619723 34.715862 31.458914
v -23.229654 34.715862 26.344288
v -29.256531 34.715862 19.434357
v -33.289616 34.715862 11.200003
v -35.054073 34.715862 2.202381
v -34.429657 34.715862 -6.945324
v -31.458908 34.715862 -15.619720
v -26.344290 32.960892 -23.229652
v -19.434357 32.960892 -29.256527
v -11.200006 32.960892 -33.289612
v -2.202385 32.960892 -35.054073
v 6.945326 32.960892 -34.429653
v 15.619720 32.960892 -31.458908
v 23.229649 32.960892 -26.344288
v 29.256527 32.960892 -19.434357
v 33.289616 32.960892 -11.200003
v 35.054070 32.960892 -2.202381
v 34.429653 32.960892 6.945326
v 31.458908 32.960892 15.619720
v 26.344290 32.960892 23.229650
v 19.434357 32.960892 29.256527
v 11.199999 32.960892 33.289619
v 2.202377 32.960892 35.054073
v -6.945324 32.960892 34.429653
v -15.619723 32.960892 31.458914
v -23.229654 32.960892 26.344288
v -29.256531 32.960892 19.434357
v -33.289616 32.960892 11.200003
v -35.054073 32.960892 2.202381
v -34.429657 32.960892 -6.945324
v -31.458908 32.960892 -15.619720
v -11.070528 0.000003 -32.904781
v -19.209690 0.000003 -28.918316
v -18.742500 4.254979 -28.215004
v -10.801289 4.254979 -32.104515
v -26.039745 0.000003 -22.961113
v -25.406441 4.254979 -22.402683
v -31.095236 0.000003 -15.439151
v -30.338980 4.254979 -15.063659
v -34.031639 0.000003 -6.865028
v -33.203968 4.254979 -6.698071
v -34.648842 0.000003 2.176922
v -33.806156 4.254979 2.123976
v -32.904781 0.000003 11.070526
v -32.104515 4.254979 10.801283
v -28.918318 0.000003 19.209688
v -28.215008 4.254979 18.742498
v -22.961117 0.000003 26.039745
v -22.402687 4.254979 25.406441
v -15.439155 0.000003 31.095238
v -15.063665 4.254979 30.338985
v -6.865034 0.000003 34.031635
v -6.698072 4.254979 33.203968
v 2.176918 0.000003 34.648842
v 2.123972 4.254979 33.806160
v 11.070528 0.000003 32.904785
v 10.801285 4.254979 32.104519
v 19.209690 0.000003 28.918316
v 18.742498 4.254979 28.215008
v 26.039745 0.000003 22.961113
v 25.406441 4.254979 22.402683
v 31.095236 0.000003 15.439151
v 30.338978 4.254979 15.063661
v 34.031635 0.000003 6.865033
v 33.203968 4.254979 6.698071
v 34.648838 0.000003 -2.176922
v 33.806152 4.254979 -2.123978
v 32.904781 0.000003 -11.070526
v 32.104519 4.254979 -10.801285
v 28.918316 0.000003 -19.209690
v 28.215006 4.254979 -18.742500
v 22.961111 0.000003 -26.039745
v 22.402681 4.254979 -25.406441
v 15.439152 0.000003 -31.095236
v 15.063663 4.254979 -30.338980
v 6.865032 0.000003 -34.031635
v 6.698071 4.254979 -33.203968
v -2.176924 0.000003 -34.648838
v -2.123981 4.254979 -33.806156
v -11.070534 2.836653 -32.904778
v -2.176924 2.836653 -34.648838
v 6.865032 2.836653 -34.031635
v 15.439151 2.836653 -31.095236
v 22.961111 2.836653 -26.039745
v 28.918316 2.836653 -19.209690
v 32.904781 2.836653 -11.070526
v 34.648838 2.836653 -2.176922
v 34.031635 2.836653 6.865033
v 31.095236 2.836653 15.439151
v 26.039745 2.836653 22.961113
v 19.209690 2.836653 28.918316
v 11.070528 2.836653 32.904785
v 2.176918 2.836653 34.648842
v -6.865034 2.836653 34.031635
v -15.439155 2.836653 31.095238
v -22.961117 2.836653 26.039745
v -28.918318 2.836653 19.209688
v -32.904781 2.836653 11.070526
v -34.648842 2.836653 2.176922
v -34.031639 2.836653 -6.865028
v -31.095236 2.836653 -15.439151
v -26.039745 2.836653 -22.961113
v -19.209690 2.836653 -28.918316
v -11.070532 1.418327 -32.904781
v -2.176924 1.418327 -34.648838
v 6.865032 1.418327 -34.031635
v 15.439151 1.418327 -31.095236
v 22.961111 1.418327 -26.039745
v 28.918316 1.418327 -19.209690
v 32.904781 1.418327 -11.070526
v 34.648838 1.418327 -2.176922
v 34.031635 1.418327 6.865033
v 31.095236 1.418327 15.439151
v 26.039745 1.418327 22.961113
v 19.209690 1.418327 28.918316
v 11.070528 1.418327 32.904785
v 2.176918 1.418327 34.648842
v -6.865034 1.418327 34.031635
v -15.439155 1.418327 31.095238
v -22.961117 1.418327 26.039745
v -28.918318 1.418327 19.209688
v -32.904781 1.418327 11.070526
v -34.648842 1.418327 2.176922
v -34.031639 1.418327 -6.865028
v -31.095236 1.418327 -15.439151
v -26.039745 1.418327 -22.961113
v -19.209690 1.418327 -28.918316
v -26.918478 94.540001 -23.735954
v -19.857939 94.540001 -29.894188
v -11.444115 94.540001 -34.015179
v -2.250383 94.540001 -35.818092
v 7.096701 94.540001 -35.180065
v 15.960159 94.540001 -32.144573
v 23.735954 94.540001 -26.918480
v 29.894190 94.540001 -19.857939
v 34.015182 94.540001 -11.444111
v 35.818092 94.540001 -2.250387
v 35.180065 94.540001 7.096702
v 32.144569 94.540001 15.960155
v 26.918480 94.540001 23.735954
v 19.857939 94.540001 29.894190
v 11.444109 94.540001 34.015182
v 2.250378 94.540001 35.818100
v -7.096701 94.540001 35.180065
v -15.960163 94.540001 32.144577
v -23.735958 94.540001 26.918476
v -29.894196 94.540001 19.857941
v -34.015182 94.540001 11.444111
v -35.818096 94.540001 2.250383
v -35.180069 94.540001 -7.096701
v -32.144573 94.540001 -15.960155
v -26.918478 92.917313 -23.735954
v -19.857939 92.917313 -29.894188
v -11.444115 92.917313 -34.015179
v -2.250383 92.917313 -35.818092
v 7.096701 92.917313 -35.180065
v 15.960159 92.917313 -32.144573
v 23.735954 92.917313 -26.918480
v 29.894190 92.917313 -19.857939
v 34.015182 92.917313 -11.444111
v 35.818092 92.917313 -2.250387
v 35.180065 92.917313 7.096702
v 32.144569 92.917313 15.960155
v 26.918480 92.917313 23.735954
v 19.857939 92.917313 29.894190
v 11.444109 92.917313 34.015182
v 2.250378 92.917313 35.818100
v -7.096701 92.917313 35.180065
v -15.960163 92.917313 32.144577
v -23.735958 92.917313 26.918476
v -29.894196 92.917313 19.857941
v -34.015182 92.917313 11.444111
v -35.818096 92.917313 2.250383
v -35.180069 92.917313 -7.096701
v -32.144573 92.917313 -15.960155
v -30.907822 97.375710 10.398666
v -27.163292 97.375710 18.043869
v -33.127785 97.375710 11.145554
v -29.114305 97.375710 19.339878
v -32.546036 97.375710 2.044804
v -34.883667 97.375710 2.191675
v -31.966291 97.375710 -6.448399
v -34.262276 97.375710 -6.911556
v -29.208096 97.375710 -14.502164
v -31.305973 97.375710 -15.543780
v -24.459417 97.375710 -21.567625
v -26.216221 97.375710 -23.116726
v -18.043873 97.375710 -27.163290
v -19.339878 97.375710 -29.114300
v -10.398672 97.375710 -30.907824
v -11.145555 97.375710 -33.127785
v -2.044809 97.375710 -32.546036
v -2.191677 97.375710 -34.883663
v 6.448404 97.375710 -31.966291
v 6.911558 97.375710 -34.262276
v 14.502161 97.375710 -29.208096
v 15.543784 97.375710 -31.305977
v 21.567625 97.375710 -24.459419
v 23.116722 97.375710 -26.216219
v 27.163292 97.375710 -18.043873
v 29.114300 97.375710 -19.339878
v 30.907822 97.375710 -10.398664
v 33.127785 97.375710 -11.145552
v 32.546032 97.375710 -2.044807
v 34.883659 97.375710 -2.191677
v 31.966291 97.375710 6.448400
v 34.262276 97.375710 6.911558
v 29.208096 97.375710 14.502164
v 31.305971 97.375710 15.543783
v 24.459419 97.375710 21.567625
v 26.216221 97.375710 23.116724
v 18.043871 97.375710 27.163292
v 19.339878 97.375710 29.114300
v 10.398664 97.375710 30.907822
v 11.145552 97.375710 33.127785
v 2.044804 97.375710 32.546036
v 2.191669 97.375710 34.883667
v -6.448404 97.375710 31.966291
v -6.911560 97.375710 34.262280
v -14.502166 97.375710 29.208097
v -15.543790 97.375710 31.305981
v -21.567627 97.375710 24.459415
v -23.116728 97.375710 26.216221
v -21.237322 94.111229 16.672905
v -13.883690 94.111229 23.157127
v -11.945001 94.111229 13.546585
v -19.432339 94.111229 22.037827
v -10.140020 94.111229 18.911507
v -17.493652 94.111229 12.427283
v -15.688672 94.111229 17.792208
v -19.934292 94.111229 14.048538
v -21.053593 94.111229 19.597187
v -17.560503 94.111229 19.915016
v -16.591164 94.111229 15.109747
v -18.462997 94.111229 17.232555
v -16.807970 94.111229 23.340855
v -11.443052 94.111229 21.535877
v -12.914345 94.111229 18.351856
v -14.786181 94.111229 20.474669
v -10.323748 94.111229 15.987225
v -14.569367 94.111229 12.243555
v -13.816836 94.111229 15.669396
v -17.493652 95.631859 12.427283
v -19.934292 95.631859 14.048538
v -21.237322 95.631859 16.672905
v -21.053593 95.631859 19.597187
v -19.432339 95.631859 22.037827
v -16.807970 95.631859 23.340855
v -13.883690 95.631859 23.157127
v -11.443052 95.631859 21.535877
v -10.140020 95.631859 18.911507
v -10.323748 95.631859 15.987225
v -11.945001 95.631859 13.546585
v -14.569367 95.631859 12.243555
v -16.437675 95.631859 15.565945
v -17.186684 95.631859 13.339683
v -19.212250 95.631859 14.685216
v -17.991173 95.631859 17.327734
v -20.293674 95.631859 16.863260
v -20.141193 95.631859 19.290218
v -18.795664 95.631859 21.315784
v -17.242165 95.631859 19.553993
v -15.688672 95.631859 17.792208
v -16.617617 95.631859 22.397211
v -14.939663 95.631859 20.018467
v -14.190658 95.631859 22.244728
v -12.165094 95.631859 20.899200
v -11.083666 95.631859 18.721151
v -13.386168 95.631859 18.256680
v -11.236147 95.631859 16.294193
v -14.135175 95.631859 16.030418
v -12.581677 95.631859 14.268627
v -14.759726 95.631859 13.187202
v -17.493652 97.575806 12.427283
v -19.934292 97.575806 14.048538
v -19.212250 97.575806 14.685216
v -17.186684 97.575806 13.339683
v -21.237322 97.575806 16.672905
v -20.293674 97.575806 16.863260
v -21.053593 97.575806 19.597187
v -20.141193 97.575806 19.290218
v -19.432339 97.575806 22.037827
v -18.795664 97.575806 21.315784
v -16.807970 97.575806 23.340855
v -16.617617 97.575806 22.397211
v -13.883690 97.575806 23.157127
v -14.190658 97.575806 22.244728
v -11.443052 97.575806 21.535877
v -12.165094 97.575806 20.899200
v -10.140020 97.575806 18.911507
v -11.083666 97.575806 18.721151
v -10.323748 97.575806 15.987225
v -11.236147 97.575806 16.294193
v -11.945001 97.575806 13.546585
v -12.581677 97.575806 14.268627
v -14.569367 97.575806 12.243555
v -14.759726 97.575806 13.187202
v 8.676396 94.227562 -16.104239
v 14.891645 94.227562 -10.623805
v 16.530214 94.227562 -18.746586
v 10.201956 94.227562 -11.569834
v 18.055775 94.227562 -14.212181
v 11.840524 94.227562 -19.692614
v 13.366084 94.227562 -15.158208
v 9.777708 94.227562 -18.322338
v 8.831682 94.227562 -13.632649
v 11.784020 94.227562 -13.364021
v 12.603306 94.227562 -17.425411
v 11.021240 94.227562 -15.631224
v 12.420057 94.227562 -10.468521
v 16.954460 94.227562 -11.994079
v 15.710930 94.227562 -14.685196
v 14.128865 94.227562 -12.891007
v 17.900490 94.227562 -16.683769
v 14.312113 94.227562 -19.847898
v 14.948151 94.227562 -16.952398
v 11.840524 95.961784 -19.692614
v 9.777708 95.961784 -18.322338
v 8.676396 95.961784 -16.104239
v 8.831682 95.961784 -13.632649
v 10.201956 95.961784 -11.569834
v 12.420057 95.961784 -10.468521
v 14.891645 95.961784 -10.623805
v 16.954460 95.961784 -11.994079
v 18.055775 95.961784 -14.212181
v 17.900490 95.961784 -16.683769
v 16.530214 95.961784 -18.746586
v 14.312113 95.961784 -19.847898
v 12.080479 95.961784 -18.979403
v 10.342120 95.961784 -17.824656
v 9.414032 95.961784 -15.955439
v 9.544893 95.961784 -13.872603
v 10.699638 95.961784 -12.134245
v 12.568859 95.961784 -11.206158
v 14.651695 95.961784 -11.337018
v 16.390049 95.961784 -12.491761
v 17.318140 95.961784 -14.360981
v 17.187279 95.961784 -16.443817
v 16.032536 95.961784 -18.182178
v 14.163314 95.961784 -19.110264
v 12.403083 95.961784 -18.020533
v 11.100940 95.961784 -17.155550
v 10.405742 95.961784 -15.755386
v 10.503765 95.961784 -14.195208
v 11.368744 95.961784 -12.893064
v 12.768909 95.961784 -12.197866
v 14.329091 95.961784 -12.295891
v 15.631229 95.961784 -13.160867
v 16.326431 95.961784 -14.561033
v 16.228409 95.961784 -16.121216
v 15.363427 95.961784 -17.423355
v 13.963263 95.961784 -18.118555
v 12.996563 95.961784 -16.256538
v 12.627039 95.961784 -17.354870
v 11.627723 95.961784 -16.691046
v 12.230145 95.961784 -15.387360
v 11.094203 95.961784 -15.616508
v 11.169430 95.961784 -14.419164
v 11.833248 95.961784 -13.419849
v 12.599669 95.961784 -14.289030
v 13.366084 95.961784 -15.158208
v 12.907790 95.961784 -12.886326
v 13.735610 95.961784 -14.059881
v 14.105134 95.961784 -12.961553
v 15.104445 95.961784 -13.625370
v 15.637971 95.961784 -14.699913
v 14.502028 95.961784 -14.929062
v 15.562745 95.961784 -15.897259
v 14.132505 95.961784 -16.027391
v 14.898925 95.961784 -16.896572
v 13.824385 95.961784 -17.430098
v 12.403083 97.430038 -18.020533
v 11.100940 97.430038 -17.155550
v 11.627723 97.430038 -16.691046
v 12.627039 97.430038 -17.354870
v 10.405742 97.430038 -15.755386
v 11.094203 97.430038 -15.616508
v 10.503765 97.430038 -14.195208
v 11.169430 97.430038 -14.419164
v 11.368744 97.430038 -12.893064
v 11.833248 97.430038 -13.419849
v 12.768909 97.430038 -12.197866
v 12.907790 97.430038 -12.886326
v 14.329091 97.430038 -12.295891
v 14.105134 97.430038 -12.961553
v 15.631229 97.430038 -13.160867
v 15.104445 97.430038 -13.625370
v 16.326431 97.430038 -14.561033
v 15.637971 97.430038 -14.699913
v 16.228409 97.430038 -16.121216
v 15.562745 97.430038 -15.897259
v 15.363427 97.430038 -17.423355
v 14.898925 97.430038 -16.896572
v 13.963263 97.430038 -18.118555
v 13.824385 97.430038 -17.430098
vt 0.023437 0.037020
vt 0.034149 0.034150
vt 0.032048 0.047732
vt 0.020567 0.047732
vt 0.047732 0.032048
vt 0.041991 0.041992
vt 0.037020 0.023437
vt 0.047732 0.020567
vt 0.026308 0.026308
vt 0.029178 0.015595
vt 0.041991 0.010624
vt 0.020567 0.004883
vt 0.032048 0.004883
vt 0.018466 0.018466
vt 0.010624 0.010624
vt 0.015595 0.029178
vt 0.004883 0.020567
vt 0.010624 0.041991
vt 0.004883 0.032048
vt 0.340027 0.032528
vt 0.343230 0.031778
vt 0.343118 0.035178
vt 0.339079 0.035677
vt 0.341330 0.038075
vt 0.338330 0.039679
vt 0.334927 0.039579
vt 0.335878 0.036430
vt 0.336827 0.033282
vt 0.332039 0.037783
vt 0.333626 0.034034
vt 0.330423 0.034785
vt 0.330535 0.031386
vt 0.332323 0.028488
vt 0.334575 0.030885
vt 0.335323 0.026884
vt 0.337775 0.030133
vt 0.338726 0.026984
vt 0.341615 0.028780
vt 0.381564 0.029619
vt 0.390618 0.032045
vt 0.383340 0.041099
vt 0.374936 0.036247
vt 0.401448 0.036247
vt 0.393044 0.041099
vt 0.397246 0.025417
vt 0.406300 0.027843
vt 0.388192 0.022991
vt 0.394820 0.016363
vt 0.406300 0.018139
vt 0.393044 0.004883
vt 0.401448 0.009735
vt 0.385766 0.013937
vt 0.383340 0.004883
vt 0.379138 0.020565
vt 0.374936 0.009735
vt 0.370084 0.027843
vt 0.370084 0.018139
vt 0.365225 0.025672
vt 0.365225 0.040891
vt 0.358671 0.039254
vt 0.358731 0.027531
vt 0.357615 0.054072
vt 0.352758 0.049377
vt 0.344433 0.061682
vt 0.342576 0.055187
vt 0.329213 0.061680
vt 0.330852 0.055126
vt 0.316034 0.054068
vt 0.320731 0.049212
vt 0.308427 0.040887
vt 0.314922 0.039030
vt 0.308429 0.025669
vt 0.314982 0.027308
vt 0.316039 0.012491
vt 0.320895 0.017187
vt 0.329219 0.004883
vt 0.331077 0.011377
vt 0.344436 0.004883
vt 0.342799 0.011437
vt 0.357616 0.012493
vt 0.352921 0.017350
vt 0.355903 0.038502
vt 0.355957 0.028264
vt 0.350737 0.047341
vt 0.341844 0.052414
vt 0.331605 0.052358
vt 0.322767 0.047192
vt 0.317696 0.038298
vt 0.317750 0.028061
vt 0.322916 0.019222
vt 0.331809 0.014151
vt 0.342046 0.014205
vt 0.350885 0.019371
vt 0.352455 0.037550
vt 0.352495 0.029164
vt 0.348227 0.044793
vt 0.340944 0.048952
vt 0.332558 0.048911
vt 0.325316 0.044682
vt 0.321158 0.037399
vt 0.321198 0.029013
vt 0.325426 0.021771
vt 0.332709 0.017613
vt 0.341094 0.017653
vt 0.348337 0.021881
vt 0.348529 0.030314
vt 0.348445 0.036563
vt 0.346560 0.036028
vt 0.346630 0.030792
vt 0.345248 0.041933
vt 0.343885 0.040527
vt 0.339795 0.044985
vt 0.339316 0.043085
vt 0.333546 0.044901
vt 0.334082 0.043017
vt 0.328176 0.041704
vt 0.329582 0.040339
vt 0.325124 0.036251
vt 0.327023 0.035773
vt 0.325208 0.030001
vt 0.327092 0.030537
vt 0.328404 0.024631
vt 0.329768 0.026037
vt 0.333858 0.021579
vt 0.334337 0.023479
vt 0.340107 0.021662
vt 0.339571 0.023546
vt 0.345477 0.024860
vt 0.344071 0.026224
vt 0.437508 0.754016
vt 0.460910 0.780998
vt 0.444731 0.808874
vt 0.425283 0.783530
vt 0.477089 0.753122
vt 0.449734 0.724502
vt 0.487766 0.810631
vt 0.464178 0.834219
vt 0.413617 0.817288
vt 0.393611 0.787700
vt 0.405836 0.758186
vt 0.418061 0.728672
vt 0.504445 0.781742
vt 0.430286 0.699157
vt 0.468750 0.689777
vt 0.488756 0.719364
vt 0.494316 0.815657
vt 0.469204 0.840769
vt 0.435289 0.850898
vt 0.382503 0.825701
vt 0.361938 0.791870
vt 0.374163 0.762355
vt 0.398613 0.703327
vt 0.386388 0.732841
vt 0.513079 0.749520
vt 0.512073 0.784901
vt 0.410838 0.673813
vt 0.445907 0.667038
vt 0.504445 0.683941
vt 0.487766 0.655051
vt 0.438449 0.858526
vt 0.403068 0.859532
vt 0.346876 0.828233
vt 0.323474 0.801251
vt 0.342491 0.766525
vt 0.354716 0.737011
vt 0.366941 0.707497
vt 0.513079 0.716162
vt 0.521264 0.750598
vt 0.379166 0.677983
vt 0.423064 0.644298
vt 0.464178 0.631463
vt 0.494316 0.650025
vt 0.512073 0.680781
vt 0.404145 0.867717
vt 0.369709 0.859532
vt 0.308599 0.834219
vt 0.285011 0.810631
vt 0.307422 0.773301
vt 0.323043 0.741181
vt 0.335268 0.711667
vt 0.521264 0.715084
vt 0.347493 0.682153
vt 0.390832 0.644225
vt 0.435289 0.614784
vt 0.469204 0.624913
vt 0.368632 0.867718
vt 0.337488 0.850898
vt 0.303573 0.840769
vt 0.278461 0.815657
vt 0.268331 0.781742
vt 0.291370 0.745351
vt 0.299641 0.714199
vt 0.307912 0.683047
vt 0.358601 0.644152
vt 0.403067 0.606150
vt 0.438448 0.607157
vt 0.334328 0.858526
vt 0.260704 0.784902
vt 0.259698 0.749521
vt 0.259698 0.716163
vt 0.268331 0.683941
vt 0.323533 0.650927
vt 0.369709 0.606151
vt 0.404145 0.597965
vt 0.251512 0.750598
vt 0.251512 0.715085
vt 0.260704 0.680781
vt 0.285011 0.655052
vt 0.337487 0.614785
vt 0.368632 0.597965
vt 0.278461 0.650026
vt 0.308598 0.631464
vt 0.334328 0.607157
vt 0.303572 0.624914
vt 0.676458 0.495597
vt 0.666342 0.533351
vt 0.661220 0.531233
vt 0.670963 0.494877
vt 0.646799 0.567200
vt 0.642400 0.563829
vt 0.656111 0.529122
vt 0.665481 0.494160
vt 0.676458 0.456511
vt 0.670963 0.457238
vt 0.619161 0.594838
vt 0.615784 0.590444
vt 0.638011 0.560467
vt 0.650146 0.526661
vt 0.659082 0.493327
vt 0.665483 0.457963
vt 0.666341 0.418756
vt 0.661223 0.420881
vt 0.585311 0.614381
vt 0.583187 0.609263
vt 0.612415 0.586061
vt 0.632886 0.556547
vt 0.659087 0.458815
vt 0.656117 0.423000
vt 0.547557 0.624498
vt 0.546830 0.619004
vt 0.581068 0.604157
vt 0.608479 0.580947
vt 0.650159 0.425478
vt 0.508471 0.624498
vt 0.509191 0.619003
vt 0.546104 0.613523
vt 0.578589 0.598199
vt 0.509908 0.613521
vt 0.545253 0.607127
vt 0.510741 0.607122
vt 0.379570 0.456511
vt 0.389686 0.418757
vt 0.394808 0.420874
vt 0.385065 0.457231
vt 0.409229 0.384908
vt 0.413628 0.388278
vt 0.399917 0.422986
vt 0.390546 0.457948
vt 0.379570 0.495597
vt 0.385064 0.494870
vt 0.436867 0.357269
vt 0.440244 0.361664
vt 0.418017 0.391640
vt 0.405882 0.425447
vt 0.396946 0.458781
vt 0.390545 0.494144
vt 0.389686 0.533351
vt 0.394805 0.531227
vt 0.470716 0.337726
vt 0.472840 0.342845
vt 0.443612 0.366047
vt 0.423142 0.395561
vt 0.396941 0.493293
vt 0.399911 0.529108
vt 0.508471 0.327610
vt 0.509198 0.333104
vt 0.474960 0.347951
vt 0.447548 0.371161
vt 0.405869 0.526629
vt 0.547557 0.327610
vt 0.546837 0.333105
vt 0.509923 0.338585
vt 0.477438 0.353909
vt 0.546119 0.338587
vt 0.510775 0.344981
vt 0.545286 0.344986
vt 0.645593 0.524775
vt 0.654197 0.492683
vt 0.654201 0.459458
vt 0.628977 0.553546
vt 0.645606 0.427364
vt 0.605480 0.577037
vt 0.628997 0.398588
vt 0.632907 0.395588
vt 0.576704 0.593646
vt 0.605506 0.375091
vt 0.608507 0.371182
vt 0.638021 0.391652
vt 0.544610 0.602241
vt 0.576735 0.358475
vt 0.578621 0.353922
vt 0.612427 0.366057
vt 0.511385 0.602237
vt 0.544643 0.349871
vt 0.581082 0.347957
vt 0.479293 0.593633
vt 0.477407 0.598186
vt 0.511418 0.349867
vt 0.474946 0.604151
vt 0.450521 0.577017
vt 0.447521 0.580926
vt 0.479324 0.358462
vt 0.443600 0.586051
vt 0.427031 0.553520
vt 0.423121 0.556520
vt 0.450548 0.375071
vt 0.418007 0.560455
vt 0.410422 0.524744
vt 0.427051 0.398561
vt 0.401827 0.492650
vt 0.410435 0.427333
vt 0.401831 0.459425
vt 0.470717 0.614382
vt 0.472834 0.609260
vt 0.436867 0.594839
vt 0.440238 0.590440
vt 0.409229 0.567201
vt 0.413624 0.563824
vt 0.585311 0.337726
vt 0.583193 0.342848
vt 0.619160 0.357269
vt 0.615789 0.361668
vt 0.646798 0.384907
vt 0.642404 0.388284
vt 0.995117 0.171674
vt 0.995117 0.205032
vt 0.910772 0.205032
vt 0.910772 0.171674
vt 0.995117 0.238391
vt 0.910772 0.238391
vt 0.995117 0.138316
vt 0.910772 0.138316
vt 0.995117 0.271749
vt 0.910772 0.271749
vt 0.995117 0.104958
vt 0.910772 0.104958
vt 0.995117 0.071599
vt 0.910772 0.071599
vt 0.995117 0.038241
vt 0.910773 0.038241
vt 0.995117 0.004883
vt 0.910772 0.004883
vt 0.995117 0.571973
vt 0.995117 0.605331
vt 0.910772 0.605331
vt 0.910772 0.571973
vt 0.995117 0.638690
vt 0.910772 0.638690
vt 0.995117 0.538615
vt 0.910772 0.538615
vt 0.995117 0.672048
vt 0.910772 0.672048
vt 0.995117 0.505256
vt 0.910772 0.505257
vt 0.995117 0.471898
vt 0.910772 0.471898
vt 0.995117 0.438540
vt 0.910772 0.438540
vt 0.995117 0.405182
vt 0.910772 0.405182
vt 0.791205 0.571973
vt 0.791205 0.605332
vt 0.683114 0.605331
vt 0.683114 0.571973
vt 0.791205 0.638690
vt 0.683114 0.638690
vt 0.791205 0.538615
vt 0.683114 0.538615
vt 0.791204 0.672048
vt 0.683114 0.672048
vt 0.791205 0.505257
vt 0.683114 0.505257
vt 0.791204 0.471899
vt 0.683114 0.471899
vt 0.791204 0.438540
vt 0.683114 0.438540
vt 0.791204 0.405182
vt 0.683114 0.405182
vt 0.791204 0.171674
vt 0.791205 0.205032
vt 0.683114 0.205032
vt 0.683115 0.171674
vt 0.791205 0.238391
vt 0.683114 0.238391
vt 0.791204 0.138316
vt 0.683114 0.138316
vt 0.791204 0.271749
vt 0.683114 0.271749
vt 0.791204 0.104958
vt 0.683114 0.104958
vt 0.791204 0.071599
vt 0.683114 0.071599
vt 0.791204 0.038241
vt 0.683114 0.038241
vt 0.791205 0.004883
vt 0.683114 0.004883
vt 0.902551 0.571973
vt 0.902551 0.605331
vt 0.796943 0.605332
vt 0.796943 0.571973
vt 0.902551 0.638690
vt 0.796943 0.638690
vt 0.902551 0.538615
vt 0.796943 0.538615
vt 0.902551 0.672048
vt 0.796943 0.672048
vt 0.902551 0.505257
vt 0.796943 0.505257
vt 0.902551 0.471898
vt 0.796943 0.471898
vt 0.902551 0.438540
vt 0.796943 0.438540
vt 0.902551 0.405182
vt 0.796943 0.405182
vt 0.902551 0.171674
vt 0.902551 0.205032
vt 0.796943 0.205032
vt 0.796943 0.171674
vt 0.902551 0.238391
vt 0.796943 0.238391
vt 0.902551 0.138316
vt 0.796943 0.138316
vt 0.902551 0.271749
vt 0.796943 0.271749
vt 0.902551 0.104958
vt 0.796943 0.104958
vt 0.902551 0.071599
vt 0.796943 0.071599
vt 0.902551 0.038241
vt 0.796943 0.038241
vt 0.902551 0.004883
vt 0.796943 0.004883
vt 0.995117 0.305107
vt 0.995117 0.338465
vt 0.910772 0.338465
vt 0.910772 0.305107
vt 0.995117 0.371824
vt 0.910772 0.371824
vt 0.995117 0.772123
vt 0.995117 0.805481
vt 0.910772 0.805481
vt 0.910772 0.772123
vt 0.995117 0.738764
vt 0.910772 0.738764
vt 0.995117 0.705406
vt 0.910772 0.705406
vt 0.791204 0.705406
vt 0.791204 0.738765
vt 0.683114 0.738764
vt 0.683114 0.705406
vt 0.791205 0.772123
vt 0.683114 0.772123
vt 0.791204 0.805481
vt 0.683114 0.805481
vt 0.791204 0.371824
vt 0.683114 0.371824
vt 0.791204 0.338466
vt 0.683114 0.338465
vt 0.791204 0.305107
vt 0.683114 0.305107
vt 0.902551 0.705406
vt 0.902551 0.738765
vt 0.796943 0.738764
vt 0.796943 0.705406
vt 0.902551 0.772123
vt 0.796943 0.772123
vt 0.902551 0.805481
vt 0.796943 0.805481
vt 0.902551 0.371824
vt 0.796943 0.371824
vt 0.902551 0.338465
vt 0.796943 0.338465
vt 0.902551 0.305107
vt 0.796943 0.305107
vt 0.501713 0.032092
vt 0.468347 0.041036
vt 0.465374 0.033899
vt 0.500688 0.024429
vt 0.438433 0.058310
vt 0.433714 0.052187
vt 0.462768 0.027634
vt 0.499793 0.017703
vt 0.536256 0.032088
vt 0.537250 0.024421
vt 0.414010 0.082739
vt 0.407866 0.078045
vt 0.429576 0.046809
vt 0.459552 0.019813
vt 0.498710 0.009316
vt 0.538126 0.017693
vt 0.569624 0.041026
vt 0.572568 0.033877
vt 0.402478 0.073922
vt 0.424445 0.040087
vt 0.539250 0.009312
vt 0.575155 0.027605
vt 0.599541 0.058294
vt 0.604235 0.052151
vt 0.578411 0.019800
vt 0.608358 0.046762
vt 0.623969 0.082718
vt 0.630093 0.077999
vt 0.613523 0.040066
vt 0.635470 0.073861
vt 0.641244 0.112632
vt 0.648381 0.109658
vt 0.642192 0.068730
vt 0.654646 0.107053
vt 0.536283 0.294472
vt 0.569648 0.285529
vt 0.572622 0.292665
vt 0.537308 0.302136
vt 0.599562 0.268254
vt 0.604281 0.274378
vt 0.575227 0.298931
vt 0.538203 0.308861
vt 0.501739 0.294476
vt 0.500746 0.302143
vt 0.623985 0.243826
vt 0.630129 0.248519
vt 0.608419 0.279755
vt 0.578443 0.306751
vt 0.539286 0.317248
vt 0.499870 0.308871
vt 0.468372 0.285539
vt 0.465428 0.292687
vt 0.635518 0.252642
vt 0.613550 0.286476
vt 0.498745 0.317253
vt 0.462840 0.298960
vt 0.438454 0.268270
vt 0.433761 0.274413
vt 0.459584 0.306764
vt 0.429638 0.279802
vt 0.414026 0.243846
vt 0.407902 0.248565
vt 0.424473 0.286498
vt 0.402525 0.252704
vt 0.396751 0.213932
vt 0.389615 0.216906
vt 0.395803 0.257835
vt 0.383350 0.219511
vt 0.402345 0.114976
vt 0.393817 0.146814
vt 0.387804 0.146024
vt 0.396741 0.112656
vt 0.393821 0.179775
vt 0.387807 0.180567
vt 0.418822 0.086430
vt 0.402354 0.211611
vt 0.442126 0.063122
vt 0.418837 0.240153
vt 0.470669 0.046639
vt 0.442146 0.263458
vt 0.502505 0.038105
vt 0.470692 0.279935
vt 0.535466 0.038102
vt 0.502530 0.288463
vt 0.567304 0.046630
vt 0.535490 0.288460
vt 0.595850 0.063107
vt 0.567326 0.279926
vt 0.619158 0.086411
vt 0.595869 0.263443
vt 0.635641 0.114954
vt 0.619173 0.240134
vt 0.644175 0.146790
vt 0.650188 0.145998
vt 0.635650 0.211588
vt 0.641254 0.213908
vt 0.644178 0.179750
vt 0.650192 0.180541
vt 0.360599 0.142428
vt 0.371393 0.102142
vt 0.375515 0.103869
vt 0.365027 0.143030
vt 0.392247 0.066022
vt 0.395782 0.068757
vt 0.383320 0.107124
vt 0.373408 0.144154
vt 0.360599 0.184135
vt 0.365032 0.183570
vt 0.421739 0.036531
vt 0.373419 0.182487
vt 0.371393 0.224421
vt 0.375529 0.222728
vt 0.457859 0.015677
vt 0.392246 0.260541
vt 0.498145 0.004883
vt 0.421738 0.290033
vt 0.539852 0.004883
vt 0.457857 0.310887
vt 0.580138 0.015678
vt 0.498143 0.321682
vt 0.616257 0.036532
vt 0.539851 0.321681
vt 0.645749 0.066023
vt 0.580137 0.310887
vt 0.666602 0.102143
vt 0.662467 0.103837
vt 0.616257 0.290033
vt 0.677397 0.142430
vt 0.672964 0.142995
vt 0.645748 0.260542
vt 0.642214 0.257807
vt 0.677397 0.184137
vt 0.672968 0.183535
vt 0.664577 0.144077
vt 0.666602 0.224423
vt 0.662480 0.222695
vt 0.664587 0.182411
vt 0.654675 0.219440
vt 0.380137 0.145031
vt 0.389592 0.109713
vt 0.380144 0.181592
vt 0.657851 0.144972
vt 0.657859 0.181534
vt 0.648403 0.216852
vt 0.245200 0.414959
vt 0.215309 0.397706
vt 0.218338 0.390349
vt 0.250030 0.408637
vt 0.181972 0.388776
vt 0.182994 0.380886
vt 0.221036 0.383812
vt 0.254326 0.403021
vt 0.269606 0.439361
vt 0.275907 0.434504
vt 0.147460 0.388780
vt 0.146404 0.380894
vt 0.183907 0.373875
vt 0.224036 0.376585
vt 0.259096 0.396817
vt 0.281511 0.430192
vt 0.286865 0.469248
vt 0.294209 0.466187
vt 0.145472 0.373884
vt 0.184935 0.366116
vt 0.287724 0.425433
vt 0.300739 0.463472
vt 0.295801 0.502583
vt 0.303686 0.501528
vt 0.144457 0.366125
vt 0.307971 0.460484
vt 0.310696 0.500595
vt 0.295804 0.537096
vt 0.303694 0.538117
vt 0.318456 0.499580
vt 0.310706 0.539030
vt 0.286875 0.570433
vt 0.294232 0.573462
vt 0.318464 0.540059
vt 0.300769 0.576159
vt 0.307995 0.579159
vt 0.084257 0.624745
vt 0.114147 0.641998
vt 0.111119 0.649355
vt 0.079428 0.631067
vt 0.147485 0.650927
vt 0.146463 0.658817
vt 0.108422 0.655892
vt 0.075131 0.636683
vt 0.059851 0.600343
vt 0.053550 0.605200
vt 0.181997 0.650924
vt 0.183053 0.658810
vt 0.145550 0.665830
vt 0.105421 0.663119
vt 0.070362 0.642887
vt 0.047946 0.609512
vt 0.042591 0.570456
vt 0.035249 0.573517
vt 0.183985 0.665819
vt 0.144522 0.673587
vt 0.041733 0.614271
vt 0.028719 0.576231
vt 0.033656 0.537121
vt 0.025771 0.538176
vt 0.185000 0.673579
vt 0.021487 0.579220
vt 0.018761 0.539109
vt 0.033653 0.502608
vt 0.025763 0.501587
vt 0.011002 0.540124
vt 0.018751 0.500673
vt 0.042582 0.469271
vt 0.035225 0.466242
vt 0.010993 0.499645
vt 0.028689 0.463545
vt 0.021462 0.460544
vt 0.116465 0.403363
vt 0.087960 0.419824
vt 0.084237 0.414974
vt 0.114124 0.397715
vt 0.064687 0.443102
vt 0.059835 0.439380
vt 0.148259 0.394841
vt 0.048232 0.471610
vt 0.181175 0.394838
vt 0.039715 0.503405
vt 0.212971 0.403355
vt 0.039718 0.536322
vt 0.241479 0.419810
vt 0.048240 0.568116
vt 0.264756 0.443083
vt 0.064701 0.596620
vt 0.281217 0.471588
vt 0.087978 0.619894
vt 0.289739 0.503382
vt 0.116486 0.636349
vt 0.289742 0.536299
vt 0.148282 0.644866
vt 0.281225 0.568094
vt 0.181198 0.644862
vt 0.264770 0.596602
vt 0.269621 0.600323
vt 0.212992 0.636340
vt 0.215332 0.641989
vt 0.241497 0.619879
vt 0.245220 0.624730
vt 0.066582 0.391943
vt 0.103031 0.370899
vt 0.105360 0.376610
vt 0.070309 0.396856
vt 0.143686 0.360006
vt 0.036821 0.421703
vt 0.041693 0.425485
vt 0.185774 0.360007
vt 0.015776 0.458153
vt 0.226428 0.370900
vt 0.004883 0.498807
vt 0.262877 0.391944
vt 0.004883 0.540895
vt 0.292638 0.421705
vt 0.015775 0.581549
vt 0.313681 0.458155
vt 0.036819 0.617999
vt 0.324574 0.498809
vt 0.066580 0.647760
vt 0.324574 0.540897
vt 0.103029 0.668804
vt 0.313680 0.581551
vt 0.143683 0.679698
vt 0.292636 0.618001
vt 0.287764 0.614219
vt 0.185772 0.679698
vt 0.262875 0.647761
vt 0.259148 0.642847
vt 0.226426 0.668805
vt 0.224097 0.663094
vt 0.079380 0.408673
vt 0.111064 0.390372
vt 0.053513 0.434551
vt 0.075068 0.403069
vt 0.108349 0.383842
vt 0.047898 0.430254
vt 0.275944 0.605153
vt 0.281560 0.609450
vt 0.250077 0.631031
vt 0.254389 0.636635
vt 0.218393 0.649332
vt 0.221108 0.655862
vt 0.311002 0.078528
vt 0.332639 0.116000
vt 0.325836 0.118819
vt 0.305159 0.083009
vt 0.343858 0.157789
vt 0.336558 0.158753
vt 0.320107 0.121199
vt 0.300240 0.086789
vt 0.280395 0.047922
vt 0.275912 0.053764
vt 0.343882 0.201072
vt 0.336581 0.200114
vt 0.330409 0.159571
vt 0.313902 0.123779
vt 0.294914 0.090885
vt 0.272139 0.058688
vt 0.242901 0.026284
vt 0.240083 0.033087
vt 0.330430 0.199312
vt 0.323748 0.160458
vt 0.308883 0.125866
vt 0.290604 0.094198
vt 0.268054 0.064023
vt 0.237714 0.038820
vt 0.201084 0.015092
vt 0.200124 0.022393
vt 0.323767 0.198446
vt 0.318360 0.161176
vt 0.264749 0.068339
vt 0.235150 0.045031
vt 0.199321 0.028545
vt 0.157794 0.015105
vt 0.158758 0.022405
vt 0.233075 0.050056
vt 0.198453 0.035207
vt 0.159575 0.028554
vt 0.115985 0.026327
vt 0.118806 0.033128
vt 0.197750 0.040599
vt 0.160462 0.035214
vt 0.121188 0.038856
vt 0.161179 0.040603
vt 0.123769 0.045060
vt 0.047976 0.280466
vt 0.026321 0.242982
vt 0.033124 0.240163
vt 0.053817 0.275981
vt 0.015105 0.201172
vt 0.022405 0.200210
vt 0.038853 0.237783
vt 0.058734 0.272199
vt 0.078600 0.311063
vt 0.083080 0.305218
vt 0.015097 0.157882
vt 0.022398 0.158844
vt 0.028555 0.199395
vt 0.045058 0.235203
vt 0.064059 0.268101
vt 0.086850 0.300292
vt 0.116096 0.332682
vt 0.118911 0.325878
vt 0.028549 0.159649
vt 0.035216 0.198510
vt 0.050077 0.233116
vt 0.068367 0.264785
vt 0.090932 0.294955
vt 0.121277 0.320144
vt 0.157895 0.343861
vt 0.158855 0.336560
vt 0.035212 0.160519
vt 0.040605 0.197794
vt 0.094234 0.290637
vt 0.123839 0.313932
vt 0.159658 0.330408
vt 0.201165 0.343859
vt 0.200205 0.336558
vt 0.125911 0.308906
vt 0.160527 0.323745
vt 0.199391 0.330409
vt 0.242973 0.332656
vt 0.240156 0.325853
vt 0.161229 0.318355
vt 0.198507 0.323748
vt 0.237778 0.320123
vt 0.197793 0.318359
vt 0.235201 0.313918
vt 0.289834 0.133790
vt 0.274245 0.106778
vt 0.283533 0.099618
vt 0.300652 0.129274
vt 0.252204 0.084729
vt 0.259321 0.075405
vt 0.297908 0.163916
vt 0.309527 0.162342
vt 0.225207 0.069137
vt 0.229664 0.058287
vt 0.297908 0.195093
vt 0.309541 0.196584
vt 0.195089 0.061063
vt 0.196586 0.049433
vt 0.163908 0.061061
vt 0.162342 0.049437
vt 0.133795 0.069131
vt 0.129269 0.058310
vt 0.069131 0.225188
vt 0.084720 0.252193
vt 0.075436 0.259361
vt 0.058310 0.229707
vt 0.106765 0.274237
vt 0.099656 0.283566
vt 0.061063 0.195068
vt 0.049439 0.196634
vt 0.133765 0.289824
vt 0.129318 0.300675
vt 0.061069 0.163893
vt 0.049436 0.162391
vt 0.163891 0.297896
vt 0.162393 0.309522
vt 0.195078 0.297902
vt 0.196635 0.309525
vt 0.225194 0.289838
vt 0.229710 0.300664
vt 0.106071 0.756869
vt 0.076557 0.769094
vt 0.051212 0.749647
vt 0.079088 0.733467
vt 0.101901 0.788542
vt 0.131415 0.776316
vt 0.072387 0.800767
vt 0.042799 0.780761
vt 0.029331 0.732857
vt 0.052113 0.710075
vt 0.106965 0.717288
vt 0.135585 0.744644
vt 0.097731 0.820214
vt 0.160929 0.764091
vt 0.156760 0.795764
vt 0.127245 0.807989
vt 0.068217 0.832439
vt 0.034386 0.811875
vt 0.013222 0.760759
vt 0.080015 0.693965
vt 0.170310 0.725627
vt 0.140722 0.705621
vt 0.123076 0.839662
vt 0.093562 0.851887
vt 0.193049 0.748470
vt 0.186274 0.783538
vt 0.152590 0.827437
vt 0.058836 0.870903
vt 0.031854 0.847501
vt 0.004883 0.791880
vt 0.111136 0.685626
vt 0.174475 0.693965
vt 0.202378 0.710075
vt 0.118906 0.871334
vt 0.086786 0.886955
vt 0.225160 0.732856
vt 0.215788 0.771313
vt 0.182104 0.815211
vt 0.148420 0.859109
vt 0.052113 0.905903
vt 0.029331 0.883121
vt 0.004883 0.824098
vt 0.143355 0.685626
vt 0.114736 0.903007
vt 0.080015 0.922013
vt 0.241269 0.760759
vt 0.215861 0.803544
vt 0.177934 0.846884
vt 0.145888 0.894736
vt 0.013222 0.855219
vt 0.111136 0.930352
vt 0.249608 0.791879
vt 0.215935 0.835776
vt 0.177040 0.886465
vt 0.143355 0.930351
vt 0.249608 0.824098
vt 0.209160 0.870844
vt 0.174476 0.922013
vt 0.241269 0.855219
vt 0.202378 0.905903
vt 0.225160 0.883121
vt 0.354080 0.202508
vt 0.342173 0.246919
vt 0.332696 0.242891
vt 0.319172 0.286732
vt 0.311061 0.280387
vt 0.354080 0.156537
vt 0.286651 0.319234
vt 0.280460 0.311006
vt 0.342190 0.112148
vt 0.246823 0.342208
vt 0.319232 0.072338
vt 0.202410 0.354082
vt 0.286742 0.039813
vt 0.156455 0.354058
vt 0.246931 0.016807
vt 0.112069 0.342160
vt 0.202523 0.004896
vt 0.072258 0.319175
vt 0.156544 0.004883
vt 0.039750 0.286659
vt 0.112130 0.016778
vt 0.016771 0.246834
vt 0.072319 0.039762
vt 0.078514 0.047989
vt 0.004883 0.202419
vt 0.039822 0.072253
vt 0.047934 0.078599
vt 0.004901 0.156439
vt 0.016824 0.112040
vt 0.026300 0.116073
vt 0.300689 0.229662
vt 0.318376 0.197745
vt 0.308921 0.233073
vt 0.313946 0.235146
vt 0.283571 0.259321
vt 0.290639 0.264746
vt 0.294956 0.268050
vt 0.259363 0.283539
vt 0.264786 0.290610
vt 0.268100 0.294919
vt 0.233116 0.308898
vt 0.125858 0.050079
vt 0.099622 0.075444
vt 0.094196 0.068377
vt 0.075422 0.099664
vt 0.068355 0.094239
vt 0.090880 0.064070
vt 0.058299 0.129317
vt 0.050069 0.125902
vt 0.064038 0.090936
vt 0.040602 0.161223
vt 0.045045 0.123827
vt 0.325892 0.240076
vt 0.305218 0.275905
vt 0.320158 0.237708
vt 0.275977 0.305163
vt 0.300292 0.272134
vt 0.272197 0.300245
vt 0.082999 0.053829
vt 0.086782 0.058745
vt 0.053776 0.083081
vt 0.058702 0.086852
vt 0.033102 0.118892
vt 0.038835 0.121261
vt 0.289840 0.225206
vt 0.274247 0.252208
vt 0.252196 0.274255
vt 0.106796 0.084719
vt 0.084742 0.106774
vt 0.069143 0.133780
vt 0.556347 0.071090
vt 0.556347 0.090502
vt 0.550634 0.089028
vt 0.550663 0.072671
vt 0.546643 0.107312
vt 0.542433 0.103179
vt 0.544113 0.087391
vt 0.544197 0.074514
vt 0.546637 0.054282
vt 0.542506 0.058495
vt 0.529833 0.117015
vt 0.528253 0.111330
vt 0.537605 0.098499
vt 0.537828 0.063325
vt 0.526412 0.104863
vt 0.483914 0.090506
vt 0.483913 0.071100
vt 0.489627 0.072572
vt 0.489599 0.088925
vt 0.493613 0.054292
vt 0.497825 0.058423
vt 0.496149 0.074209
vt 0.496065 0.087083
vt 0.493619 0.107311
vt 0.497752 0.103100
vt 0.510419 0.044586
vt 0.512002 0.050270
vt 0.502654 0.063101
vt 0.502432 0.098271
vt 0.513846 0.056736
vt 0.535068 0.085015
vt 0.535187 0.076982
vt 0.541019 0.075339
vt 0.540946 0.086515
vt 0.531251 0.069972
vt 0.535488 0.065631
vt 0.530964 0.091929
vt 0.535302 0.096158
vt 0.523947 0.095842
vt 0.525587 0.101683
vt 0.505195 0.076583
vt 0.505076 0.084616
vt 0.499244 0.086258
vt 0.499317 0.075084
vt 0.509011 0.091626
vt 0.504773 0.095966
vt 0.509298 0.069670
vt 0.504959 0.065442
vt 0.516314 0.065756
vt 0.514673 0.059916
vt 0.527658 0.078890
vt 0.525548 0.086363
vt 0.522242 0.073327
vt 0.518021 0.088271
vt 0.520132 0.080799
vt 0.514715 0.075236
vt 0.524353 0.065853
vt 0.515909 0.095745
vt 0.512605 0.082708
vt 0.526719 0.056815
vt 0.525845 0.059981
vt 0.513539 0.104782
vt 0.514415 0.101617
vt 0.510425 0.117015
vt 0.511900 0.111302
vt 0.529826 0.044580
vt 0.528355 0.050294
vn 0.000000 1.000000 0.000000
vn 0.000000 1.000000 -0.000000
vn 0.000000 1.000000 0.000000
vn 0.000000 1.000000 0.000000
vn 0.000000 1.000000 0.000000
vn 0.000000 1.000000 0.000000
vn 0.000000 1.000000 0.000000
vn 0.000000 1.000000 0.000000
vn 0.000000 1.000000 0.000000
vn 0.000000 1.000000 0.000001
vn 0.000000 1.000000 0.000000
vn 0.000000 1.000000 0.000000
vn 0.000000 1.000000 0.000000
vn 0.000000 1.000000 0.000000
vn 0.000000 1.000000 0.000000
vn 0.000000 1.000000 0.000000
vn 0.000000 1.000000 0.000000
vn 0.000000 1.000000 0.000001
vn 0.000000 1.000000 0.000001
vn 0.000000 1.000000 0.000000
vn 0.000000 1.000000 0.000001
vn 0.000000 1.000000 0.000000
vn 0.000000 1.000000 0.000000
vn 0.000000 1.000000 0.000000
vn 0.000000 1.000000 0.000000
vn 0.000000 1.000000 0.000000
vn 0.000000 1.000000 0.000000
vn 0.000000 1.000000 0.000000
vn 0.000000 1.000000 0.000000
vn 0.000000 1.000000 0.000000
vn 0.000000 1.000000 0.000000
vn 0.000000 1.000000 0.000000
vn 0.000000 1.000000 0.000000
vn 0.000000 1.000000 0.000000
vn 0.000000 1.000000 0.000000
vn 0.000000 1.000000 0.000000
vn 0.000000 1.000000 0.000000
vn 0.000000 1.000000 0.000000
vn 0.000000 1.000000 -0.000000
vn 0.000000 1.000000 0.000000
vn 0.000000 1.000000 -0.000000
vn 0.000000 1.000000 -0.000001
vn 0.000000 1.000000 -0.000000
vn 0.000000 1.000000 0.000000
vn 0.000000 1.000000 -0.000000
vn 0.000000 1.000000 0.000000
vn 0.000000 1.000000 0.000000
vn 0.000000 1.000000 0.000000
vn 0.000000 1.000000 -0.000000
vn 0.000000 1.000000 -0.000001
vn 0.000000 1.000000 -0.000000
vn 0.000000 1.000000 0.000000
vn 0.000000 1.000000 -0.000000
vn 0.000000 1.000000 -0.000000
vn 0.000000 1.000000 0.000000
vn 0.000000 1.000000 0.000000
vn 0.000000 1.000000 0.000000
vn 0.000000 1.000000 -0.000000
vn 0.000000 1.000000 0.000000
vn 0.000000 1.000000 0.000000
vn 0.000000 1.000000 0.000000
vn 0.000000 1.000000 0.000000
vn 0.000000 1.000000 -0.000000
vn 0.000000 1.000000 0.000000
vn 0.000000 1.000000 -0.000000
vn 0.000000 1.000000 -0.000001
vn 0.000000 1.000000 -0.000000
vn 0.000000 1.000000 0.000000
vn 0.000000 1.000000 -0.000000
vn 0.000000 1.000000 0.000000
vn 0.000000 1.000000 0.000000
vn 0.000000 1.000000 0.000000
vn 0.000000 1.000000 0.000000
vn 0.000000 1.000000 0.000001
vn 0.000000 1.000000 0.000000
vn 0.000000 1.000000 0.000000
vn 0.000000 1.000000 0.000000
vn 0.000000 1.000000 -0.000000
vn 0.000000 1.000000 -0.000000
vn 0.000000 1.000000 0.000000
vn 0.000000 1.000000 0.000000
vn 0.000000 1.000000 0.000001
vn 0.000000 1.000000 -0.000000
vn 0.000000 1.000000 -0.000000
vn 0.000000 1.000000 -0.000000
vn 0.000000 1.000000 -0.000001
vn 0.000000 1.000000 -0.000001
vn 0.000000 1.000000 -0.000000
vn 0.000000 1.000000 -0.000001
vn 0.000000 1.000000 -0.000000
vn 0.000000 1.000000 -0.000000
vn 0.000000 1.000000 -0.000000
vn 0.000000 1.000000 -0.000000
vn 0.000000 1.000000 -0.000000
vn 0.000000 1.000000 0.000000
vn 0.000000 1.000000 -0.000000
vn 0.000000 1.000000 -0.000000
vn 0.000000 1.000000 -0.000000
vn 0.000000 1.000000 0.000000
vn 0.000000 1.000000 -0.000000
vn 0.000000 1.000000 0.000000
vn 0.000000 1.000000 0.000000
vn 0.000000 1.000000 0.000000
vn 0.000000 1.000000 -0.000000
vn 0.000000 1.000000 0.000000
vn 0.000000 1.000000 -0.000000
vn 0.000000 1.000000 -0.000000
vn 0.000000 1.000000 -0.000000
vn 0.000000 1.000000 -0.000000
vn 0.000000 1.000000 -0.000000
vn 0.000000 1.000000 -0.000000
vn 0.000000 1.000000 -0.000000
vn 0.000000 1.000000 -0.000000
vn 0.000000 1.000000 -0.000000
vn 0.000000 1.000000 0.000000
vn 0.000000 1.000000 -0.000001
vn 0.000000 1.000000 0.000000
vn 0.000000 1.000000 -0.000000
vn 0.000000 1.000000 -0.000000
vn 0.000000 1.000000 -0.000001
vn 0.000000 1.000000 -0.000000
vn 0.000000 1.000000 -0.000001
vn 0.000000 1.000000 -0.000000
vn 0.000000 1.000000 -0.000001
vn 0.000000 1.000000 -0.000000
vn 0.000000 1.000000 -0.000000
vn 0.000000 1.000000 -0.000000
vn 0.000000 1.000000 -0.000001
vn 0.000000 1.000000 0.000000
vn 0.000000 1.000000 -0.000000
vn 0.000000 1.000000 0.000000
vn 0.000000 1.000000 -0.000000
vn 0.000000 1.000000 0.000000
vn 0.000000 1.000000 0.000000
vn 0.000000 1.000000 0.000000
vn 0.000000 1.000000 -0.000000
vn 0.000000 1.000000 0.000000
vn 0.000000 1.000000 -0.000001
vn 0.000000 1.000000 -0.000000
vn 0.000000 1.000000 -0.000000
vn 0.000000 1.000000 -0.000000
vn 0.000000 1.000000 -0.000000
vn 0.000000 1.000000 0.000000
vn 0.000000 1.000000 -0.000000
vn 0.000000 1.000000 -0.000000
vn 0.000000 1.000000 -0.000001
vn 0.000000 1.000000 0.000000
vn 0.000000 1.000000 0.000000
vn 0.000000 1.000000 0.000000
vn 0.000000 1.000000 0.000001
vn 0.000000 1.000000 0.000001
vn 0.000000 1.000000 0.000000
vn 0.000000 1.000000 0.000001
vn 0.000000 1.000000 0.000000
vn 0.000000 1.000000 0.000000
vn 0.000000 1.000000 0.000000
vn 0.000000 1.000000 0.000000
vn 0.000000 1.000000 -0.000000
vn 0.000000 1.000000 -0.000000
vn 0.000000 1.000000 0.000000
vn 0.000000 1.000000 0.000000
vn 0.000000 1.000000 0.000000
vn 0.000000 1.000000 0.000000
vn 0.000000 1.000000 -0.000000
vn 0.000000 1.000000 0.000000
vn 0.000000 1.000000 0.000000
vn 0.000000 1.000000 0.000000
vn 0.000000 1.000000 -0.000000
vn 0.000000 1.000000 0.000000
vn 0.000000 1.000000 -0.000000
vn 0.000000 1.000000 -0.000000
vn 0.000000 1.000000 -0.000000
vn 0.000000 1.000000 -0.000000
vn 0.000000 1.000000 -0.000000
vn 0.000000 1.000000 0.000000
vn 0.000000 1.000000 -0.000000
vn 0.000000 1.000000 -0.000000
vn 0.000000 1.000000 -0.000000
vn 0.000000 1.000000 0.000000
vn 0.000000 1.000000 0.000000
vn 0.000000 1.000000 0.000000
vn 0.000000 1.000000 -0.000000
vn 0.000000 1.000000 0.000000
vn 0.000000 1.000000 0.000000
vn 0.000000 1.000000 0.000000
vn 0.000000 1.000000 -0.000000
vn 0.000000 1.000000 0.000000
vn 0.000000 1.000000 0.000000
vn 0.000000 1.000000 0.000000
vn 0.000000 1.000000 -0.000000
vn 0.000000 1.000000 -0.000000
vn 0.000000 1.000000 0.000000
vn 0.000000 -1.000000 0.000000
vn 0.000000 -1.000000 0.000000
vn 0.000000 -1.000000 0.000000
vn 0.000000 -1.000000 0.000000
vn 0.000000 -1.000000 0.000000
vn 0.000000 -1.000000 0.000000
vn 0.000000 -1.000000 0.000000
vn 0.000000 -1.000000 0.000000
vn 0.000000 -1.000000 0.000000
vn 0.000000 -1.000000 0.000000
vn 0.000000 -1.000000 0.000000
vn 0.000000 -1.000000 0.000000
vn 0.000000 -1.000000 0.000000
vn 0.000000 -1.000000 0.000000
vn 0.000000 -1.000000 0.000000
vn 0.000000 -1.000000 0.000000
vn 0.000000 -1.000000 0.000000
vn 0.000000 -1.000000 0.000000
vn 0.000000 -1.000000 0.000000
vn 0.000000 -1.000000 0.000000
vn 0.000000 -1.000000 0.000000
vn 0.000000 -1.000000 0.000000
vn 0.000000 -1.000000 0.000000
vn 0.000000 -1.000000 0.000000
vn 0.000000 -1.000000 0.000000
vn 0.000000 -1.000000 0.000000
vn 0.000000 -1.000000 0.000000
vn 0.000000 -1.000000 0.000000
vn 0.000000 -1.000000 0.000000
vn 0.000000 -1.000000 0.000000
vn 0.000000 -1.000000 0.000000
vn 0.000000 -1.000000 0.000000
vn 0.000000 -1.000000 0.000000
vn 0.000000 -1.000000 0.000000
vn 0.000000 -1.000000 0.000000
vn 0.000000 -1.000000 0.000000
vn 0.000000 -1.000000 0.000000
vn 0.000000 -1.000000 0.000000
vn 0.000000 -1.000000 0.000000
vn 0.000000 -1.000000 0.000000
vn 0.000000 -1.000000 0.000000
vn 0.000000 -1.000000 0.000000
vn 0.000000 -1.000000 0.000000
vn 0.000000 -1.000000 0.000000
vn 0.000000 -1.000000 0.000000
vn 0.000000 -1.000000 0.000000
vn 0.000000 -1.000000 0.000000
vn 0.000000 -1.000000 0.000000
vn 0.000000 -1.000000 0.000000
vn 0.000000 -1.000000 0.000000
vn 0.000000 -1.000000 0.000000
vn 0.000000 -1.000000 0.000000
vn 0.000000 -1.000000 0.000000
vn 0.000000 -1.000000 0.000000
vn 0.000000 -1.000000 0.000000
vn 0.000000 -1.000000 0.000000
vn 0.000000 -1.000000 0.000000
vn 0.000000 -1.000000 0.000000
vn 0.000000 -1.000000 0.000000
vn 0.000000 -1.000000 0.000000
vn 0.000000 -1.000000 0.000000
vn 0.000000 -1.000000 0.000000
vn 0.000000 -1.000000 0.000000
vn 0.000000 -1.000000 0.000000
vn 0.000000 -1.000000 0.000000
vn 0.000000 -1.000000 0.000000
vn 0.000000 -1.000000 0.000000
vn 0.000000 -1.000000 0.000000
vn 0.000000 -1.000000 0.000000
vn 0.000000 -1.000000 0.000000
vn 0.000000 -1.000000 0.000000
vn 0.000000 -1.000000 0.000000
vn 0.000000 -1.000000 0.000000
vn 0.000000 -1.000000 0.000000
vn 0.000000 -1.000000 0.000000
vn 0.000000 -1.000000 0.000000
vn 0.000000 -1.000000 0.000000
vn 0.000000 -1.000000 0.000000
vn 0.000000 -1.000000 0.000000
vn 0.000000 -1.000000 0.000000
vn 0.000000 -1.000000 0.000000
vn 0.000000 -1.000000 0.000000
vn 0.000000 -1.000000 0.000000
vn 0.000000 -1.000000 0.000000
vn 0.000000 -1.000000 0.000000
vn 0.000000 -1.000000 0.000000
vn 0.000000 -1.000000 0.000000
vn 0.000000 -1.000000 0.000000
vn 0.000000 -1.000000 0.000000
vn 0.000000 -1.000000 0.000000
vn 0.000000 -1.000000 0.000000
vn 0.000000 -1.000000 0.000000
vn 0.000000 -1.000000 0.000000
vn 0.000000 -1.000000 0.000000
vn 0.000000 -1.000000 0.000000
vn 0.000000 -1.000000 0.000000
vn 0.000000 -1.000000 0.000000
vn 0.000000 -1.000000 0.000000
vn 0.000000 -1.000000 0.000000
vn 0.000000 -1.000000 0.000000
vn 0.000000 -1.000000 0.000000
vn 0.000000 -1.000000 0.000000
vn 0.000000 -1.000000 0.000000
vn 0.000000 -1.000000 0.000000
vn 0.000000 -1.000000 0.000000
vn 0.000000 -1.000000 0.000000
vn 0.000000 -1.000000 0.000000
vn 0.000000 -1.000000 0.000000
vn 0.000000 -1.000000 0.000000
vn 0.000000 -1.000000 0.000000
vn 0.000000 -1.000000 0.000000
vn 0.000000 -1.000000 0.000000
vn 0.000000 -1.000000 0.000000
vn 0.000000 -1.000000 0.000000
vn 0.000000 -1.000000 0.000000
vn 0.000000 -1.000000 0.000000
vn 0.000000 -1.000000 0.000000
vn 0.000000 -1.000000 0.000000
vn 0.000000 -1.000000 0.000000
vn 0.000000 -1.000000 0.000000
vn 0.000000 -1.000000 0.000000
vn 0.000000 -1.000000 0.000000
vn 0.000000 -1.000000 0.000000
vn 0.000000 -1.000000 0.000000
vn 0.000000 -1.000000 0.000000
vn 0.000000 -1.000000 0.000000
vn 0.000000 -1.000000 0.000000
vn 0.000000 -1.000000 0.000000
vn 0.000000 -1.000000 0.000000
vn 0.000000 -1.000000 0.000000
vn 0.000000 -1.000000 0.000000
vn 0.000000 -1.000000 0.000000
vn 0.000000 -1.000000 0.000000
vn 0.000000 -1.000000 0.000000
vn 0.000000 -1.000000 0.000000
vn 0.000000 -1.000000 0.000000
vn 0.000000 -1.000000 0.000000
vn 0.000000 -1.000000 0.000000
vn 0.000000 -1.000000 0.000000
vn 0.000000 -1.000000 0.000000
vn 0.000000 -1.000000 0.000000
vn 0.000000 -1.000000 0.000000
vn 0.000000 -1.000000 0.000000
vn 0.000000 -1.000000 0.000000
vn 0.000000 -1.000000 0.000000
vn 0.000000 -1.000000 0.000000
vn 0.000000 -1.000000 0.000000
vn 0.000000 -1.000000 0.000000
vn 0.000000 -1.000000 0.000000
vn 0.000000 -1.000000 0.000000
vn 0.000000 -1.000000 0.000000
vn 0.000000 -1.000000 0.000000
vn 0.000000 -1.000000 0.000000
vn 0.000000 -1.000000 0.000000
vn 0.000000 -1.000000 0.000000
vn 0.000000 -1.000000 0.000000
vn 0.000000 -1.000000 0.000000
vn 0.000000 -1.000000 0.000000
vn 0.000000 -1.000000 0.000000
vn 0.000000 -1.000000 0.000000
vn 0.000000 -1.000000 0.000000
vn 0.000000 -1.000000 0.000000
vn 0.000000 -1.000000 0.000000
vn 0.000000 -1.000000 0.000000
vn 0.000000 -1.000000 0.000000
vn 0.000000 -1.000000 0.000000
vn 0.000000 -1.000000 0.000000
vn 0.000000 -1.000000 0.000000
vn 0.000000 -1.000000 0.000000
vn 0.000000 -1.000000 0.000000
vn 0.000000 -1.000000 0.000000
vn 0.000000 -1.000000 0.000000
vn 0.000000 -1.000000 0.000000
vn 0.000000 -1.000000 0.000000
vn 0.000000 -1.000000 0.000000
vn 0.000000 -1.000000 0.000000
vn 0.000000 -1.000000 0.000000
vn 0.000000 -1.000000 0.000000
vn 0.000000 -1.000000 0.000000
vn 0.000000 -1.000000 0.000000
vn 0.000000 -1.000000 0.000000
vn 0.000000 -1.000000 0.000000
vn 0.000000 -1.000000 0.000000
vn 0.000000 -1.000000 0.000000
vn 0.000000 -1.000000 0.000000
vn 0.000000 -1.000000 0.000000
vn 0.000000 -1.000000 0.000000
vn 0.000000 -1.000000 0.000000
vn 0.000000 -1.000000 0.000000
vn 0.000000 -1.000000 0.000000
vn 0.000000 -1.000000 0.000000
vn 0.000000 -1.000000 0.000000
vn -0.318877 -0.000000 -0.947796
vn -0.553320 -0.000000 -0.832969
vn -0.553320 0.000000 -0.832969
vn -0.318878 0.000000 -0.947796
vn -0.553320 -0.000000 -0.832969
vn -0.750054 0.000000 -0.661377
vn -0.750054 0.000000 -0.661376
vn -0.553320 0.000000 -0.832969
vn -0.750054 0.000000 -0.661377
vn -0.895674 0.000000 -0.444712
vn -0.895674 0.000000 -0.444712
vn -0.750054 0.000000 -0.661376
vn -0.895674 0.000000 -0.444712
vn -0.980254 0.000000 -0.197742
vn -0.980254 0.000000 -0.197742
vn -0.895674 0.000000 -0.444712
vn -0.980254 0.000000 -0.197742
vn -0.998032 0.000000 0.062705
vn -0.998032 0.000000 0.062705
vn -0.980254 0.000000 -0.197742
vn -0.998032 0.000000 0.062705
vn -0.947796 0.000000 0.318878
vn -0.947796 0.000000 0.318878
vn -0.998032 0.000000 0.062705
vn -0.947796 0.000000 0.318878
vn -0.832969 0.000000 0.553320
vn -0.832969 0.000000 0.553320
vn -0.947796 0.000000 0.318878
vn -0.832969 0.000000 0.553320
vn -0.661377 0.000000 0.750054
vn -0.661377 0.000000 0.750054
vn -0.832969 0.000000 0.553320
vn -0.661377 0.000000 0.750054
vn -0.444712 0.000000 0.895674
vn -0.444712 0.000000 0.895674
vn -0.661377 0.000000 0.750054
vn -0.444712 0.000000 0.895674
vn -0.197742 0.000000 0.980254
vn -0.197742 0.000000 0.980254
vn -0.444712 0.000000 0.895674
vn -0.197742 0.000000 0.980254
vn 0.062704 0.000000 0.998032
vn 0.062704 0.000000 0.998032
vn -0.197742 0.000000 0.980254
vn 0.062704 0.000000 0.998032
vn 0.318878 0.000000 0.947796
vn 0.318878 0.000000 0.947796
vn 0.062704 0.000000 0.998032
vn 0.318878 0.000000 0.947796
vn 0.553320 0.000000 0.832969
vn 0.553320 0.000000 0.832969
vn 0.318878 0.000000 0.947796
vn 0.553320 0.000000 0.832969
vn 0.750054 0.000000 0.661377
vn 0.750054 0.000000 0.661376
vn 0.553320 0.000000 0.832969
vn 0.750054 0.000000 0.661377
vn 0.895674 0.000000 0.444712
vn 0.895673 0.000000 0.444712
vn 0.750054 0.000000 0.661376
vn 0.895674 0.000000 0.444712
vn 0.980254 0.000000 0.197742
vn 0.980254 0.000000 0.197742
vn 0.895673 0.000000 0.444712
vn 0.980254 0.000000 0.197742
vn 0.998032 0.000000 -0.062704
vn 0.998032 0.000000 -0.062704
vn 0.980254 0.000000 0.197742
vn 0.998032 0.000000 -0.062704
vn 0.947796 0.000000 -0.318878
vn 0.947796 0.000000 -0.318877
vn 0.998032 0.000000 -0.062704
vn 0.947796 0.000000 -0.318878
vn 0.832969 0.000000 -0.553320
vn 0.832969 0.000000 -0.553320
vn 0.947796 0.000000 -0.318877
vn 0.832969 0.000000 -0.553320
vn 0.661376 0.000000 -0.750054
vn 0.661376 0.000000 -0.750054
vn 0.832969 0.000000 -0.553320
vn 0.661376 0.000000 -0.750054
vn 0.444712 0.000000 -0.895674
vn 0.444712 0.000000 -0.895674
vn 0.661376 0.000000 -0.750054
vn 0.444712 0.000000 -0.895674
vn 0.197742 0.000000 -0.980254
vn 0.197742 0.000000 -0.980254
vn 0.444712 0.000000 -0.895674
vn 0.197742 0.000000 -0.980254
vn -0.062704 -0.000000 -0.998032
vn -0.062704 0.000000 -0.998032
vn 0.197742 0.000000 -0.980254
vn -0.062704 -0.000000 -0.998032
vn -0.318877 -0.000000 -0.947796
vn -0.318878 0.000000 -0.947796
vn -0.062704 0.000000 -0.998032
vn -0.832969 0.000000 0.553320
vn -0.661377 0.000000 0.750054
vn -0.661377 0.000000 0.750054
vn -0.832969 0.000000 0.553320
vn -0.947796 0.000000 0.318878
vn -0.832969 0.000000 0.553320
vn -0.832969 0.000000 0.553320
vn -0.947796 0.000000 0.318878
vn -0.998032 0.000000 0.062705
vn -0.947796 0.000000 0.318878
vn -0.947796 0.000000 0.318878
vn -0.998032 0.000000 0.062705
vn -0.980254 0.000000 -0.197742
vn -0.998032 0.000000 0.062705
vn -0.998032 0.000000 0.062705
vn -0.980254 0.000000 -0.197742
vn -0.895673 0.000000 -0.444712
vn -0.980254 0.000000 -0.197742
vn -0.980254 0.000000 -0.197742
vn -0.895673 0.000000 -0.444712
vn -0.750054 0.000000 -0.661377
vn -0.895673 0.000000 -0.444712
vn -0.895673 0.000000 -0.444712
vn -0.750054 0.000000 -0.661377
vn -0.553320 0.000000 -0.832969
vn -0.750054 0.000000 -0.661377
vn -0.750054 0.000000 -0.661377
vn -0.553320 0.000000 -0.832969
vn -0.318878 0.000000 -0.947796
vn -0.553320 0.000000 -0.832969
vn -0.553320 0.000000 -0.832969
vn -0.318878 0.000000 -0.947796
vn -0.062704 0.000000 -0.998032
vn -0.318878 0.000000 -0.947796
vn -0.318878 0.000000 -0.947796
vn -0.062704 0.000000 -0.998032
vn 0.197742 0.000000 -0.980254
vn -0.062704 0.000000 -0.998032
vn -0.062704 0.000000 -0.998032
vn 0.197742 0.000000 -0.980254
vn 0.444712 0.000000 -0.895673
vn 0.197742 0.000000 -0.980254
vn 0.197742 0.000000 -0.980254
vn 0.444712 0.000000 -0.895673
vn 0.661376 0.000000 -0.750054
vn 0.444712 0.000000 -0.895673
vn 0.444712 0.000000 -0.895673
vn 0.661376 0.000000 -0.750054
vn 0.832969 0.000000 -0.553320
vn 0.661376 0.000000 -0.750054
vn 0.661376 0.000000 -0.750054
vn 0.832969 0.000000 -0.553320
vn 0.947796 0.000000 -0.318877
vn 0.832969 0.000000 -0.553320
vn 0.832969 0.000000 -0.553320
vn 0.947796 0.000000 -0.318877
vn 0.998032 0.000000 -0.062705
vn 0.947796 0.000000 -0.318877
vn 0.947796 0.000000 -0.318877
vn 0.998032 0.000000 -0.062705
vn 0.980254 0.000000 0.197742
vn 0.998032 0.000000 -0.062705
vn 0.998032 0.000000 -0.062705
vn 0.980254 0.000000 0.197742
vn 0.895673 0.000000 0.444712
vn 0.980254 0.000000 0.197742
vn 0.980254 0.000000 0.197742
vn 0.895673 0.000000 0.444712
vn 0.750054 0.000000 0.661376
vn 0.895673 0.000000 0.444712
vn 0.895673 0.000000 0.444712
vn 0.750054 0.000000 0.661376
vn 0.553320 0.000000 0.832969
vn 0.750054 0.000000 0.661376
vn 0.750054 0.000000 0.661376
vn 0.553320 0.000000 0.832969
vn 0.318877 0.000000 0.947796
vn 0.553320 0.000000 0.832969
vn 0.553320 0.000000 0.832969
vn 0.318877 0.000000 0.947796
vn 0.062704 0.000000 0.998032
vn 0.318877 0.000000 0.947796
vn 0.318877 0.000000 0.947796
vn 0.062704 0.000000 0.998032
vn -0.197742 0.000000 0.980254
vn 0.062704 0.000000 0.998032
vn 0.062704 0.000000 0.998032
vn -0.197742 0.000000 0.980254
vn -0.444713 0.000000 0.895673
vn -0.197742 0.000000 0.980254
vn -0.197742 0.000000 0.980254
vn -0.444713 0.000000 0.895673
vn -0.661377 0.000000 0.750054
vn -0.444713 0.000000 0.895673
vn -0.444713 0.000000 0.895673
vn -0.661377 0.000000 0.750054
vn -0.521923 -0.779356 0.346700
vn -0.414406 -0.779356 0.469970
vn -0.641963 -0.240514 0.728036
vn -0.808518 -0.240513 0.537078
vn -0.593871 -0.779356 0.199802
vn -0.521923 -0.779356 0.346700
vn -0.808518 -0.240513 0.537078
vn -0.919974 -0.240514 0.309517
vn -0.625349 -0.779356 0.039290
vn -0.593871 -0.779356 0.199802
vn -0.919974 -0.240514 0.309517
vn -0.968736 -0.240514 0.060864
vn -0.614209 -0.779356 -0.123902
vn -0.625349 -0.779356 0.039290
vn -0.968736 -0.240514 0.060864
vn -0.951480 -0.240513 -0.191937
vn -0.561212 -0.779356 -0.278649
vn -0.614209 -0.779356 -0.123902
vn -0.951480 -0.240513 -0.191937
vn -0.869381 -0.240514 -0.431658
vn -0.469970 -0.779356 -0.414406
vn -0.561212 -0.779356 -0.278649
vn -0.869381 -0.240514 -0.431658
vn -0.728037 -0.240515 -0.641962
vn -0.346700 -0.779356 -0.521923
vn -0.469970 -0.779356 -0.414406
vn -0.728037 -0.240515 -0.641962
vn -0.537077 -0.240514 -0.808518
vn -0.199803 -0.779356 -0.593872
vn -0.346700 -0.779356 -0.521923
vn -0.537077 -0.240514 -0.808518
vn -0.309517 -0.240514 -0.919974
vn -0.039289 -0.779356 -0.625348
vn -0.199803 -0.779356 -0.593872
vn -0.309517 -0.240514 -0.919974
vn -0.060864 -0.240514 -0.968736
vn 0.123901 -0.779356 -0.614208
vn -0.039289 -0.779356 -0.625348
vn -0.060864 -0.240514 -0.968736
vn 0.191937 -0.240514 -0.951479
vn 0.278649 -0.779356 -0.561212
vn 0.123901 -0.779356 -0.614208
vn 0.191937 -0.240514 -0.951479
vn 0.431658 -0.240514 -0.869381
vn 0.414406 -0.779356 -0.469970
vn 0.278649 -0.779356 -0.561212
vn 0.431658 -0.240514 -0.869381
vn 0.641963 -0.240514 -0.728036
vn 0.521923 -0.779356 -0.346700
vn 0.414406 -0.779356 -0.469970
vn 0.641963 -0.240514 -0.728036
vn 0.808518 -0.240514 -0.537078
vn 0.593871 -0.779356 -0.199803
vn 0.521923 -0.779356 -0.346700
vn 0.808518 -0.240514 -0.537078
vn 0.919974 -0.240514 -0.309517
vn 0.625348 -0.779356 -0.039289
vn 0.593871 -0.779356 -0.199803
vn 0.919974 -0.240514 -0.309517
vn 0.968736 -0.240514 -0.060864
vn 0.614209 -0.779356 0.123901
vn 0.625348 -0.779356 -0.039289
vn 0.968736 -0.240514 -0.060864
vn 0.951479 -0.240514 0.191937
vn 0.561212 -0.779356 0.278649
vn 0.614209 -0.779356 0.123901
vn 0.951479 -0.240514 0.191937
vn 0.869381 -0.240514 0.431658
vn 0.469970 -0.779356 0.414407
vn 0.561212 -0.779356 0.278649
vn 0.869381 -0.240514 0.431658
vn 0.728037 -0.240514 0.641962
vn 0.346700 -0.779356 0.521923
vn 0.469970 -0.779356 0.414407
vn 0.728037 -0.240514 0.641962
vn 0.537078 -0.240514 0.808518
vn 0.199803 -0.779356 0.593871
vn 0.346700 -0.779356 0.521923
vn 0.537078 -0.240514 0.808518
vn 0.309517 -0.240514 0.919974
vn 0.039289 -0.779356 0.625348
vn 0.199803 -0.779356 0.593871
vn 0.309517 -0.240514 0.919974
vn 0.060864 -0.240514 0.968736
vn -0.123901 -0.779357 0.614208
vn 0.039289 -0.779356 0.625348
vn 0.060864 -0.240514 0.968736
vn -0.191937 -0.240514 0.951480
vn -0.278649 -0.779357 0.561211
vn -0.123901 -0.779357 0.614208
vn -0.191937 -0.240514 0.951480
vn -0.431658 -0.240514 0.869381
vn -0.414406 -0.779356 0.469970
vn -0.278649 -0.779357 0.561211
vn -0.431658 -0.240514 0.869381
vn -0.641963 -0.240514 0.728036
vn -0.832969 0.000000 0.553320
vn -0.661377 0.000000 0.750054
vn -0.661377 0.000000 0.750054
vn -0.832969 0.000000 0.553320
vn -0.947796 0.000000 0.318878
vn -0.832969 0.000000 0.553320
vn -0.832969 0.000000 0.553320
vn -0.947796 0.000000 0.318878
vn -0.998032 0.000000 0.062704
vn -0.947796 0.000000 0.318878
vn -0.947796 0.000000 0.318878
vn -0.998032 0.000000 0.062704
vn -0.980254 0.000000 -0.197742
vn -0.998032 0.000000 0.062704
vn -0.998032 0.000000 0.062704
vn -0.980254 0.000000 -0.197742
vn -0.895673 0.000000 -0.444712
vn -0.980254 0.000000 -0.197742
vn -0.980254 0.000000 -0.197742
vn -0.895673 0.000000 -0.444712
vn -0.750054 0.000000 -0.661376
vn -0.895673 0.000000 -0.444712
vn -0.895673 0.000000 -0.444712
vn -0.750054 0.000000 -0.661376
vn -0.553320 0.000000 -0.832969
vn -0.750054 0.000000 -0.661376
vn -0.750054 0.000000 -0.661376
vn -0.553320 0.000000 -0.832969
vn -0.318878 0.000000 -0.947796
vn -0.553320 0.000000 -0.832969
vn -0.553320 0.000000 -0.832969
vn -0.318878 0.000000 -0.947796
vn -0.062705 0.000000 -0.998032
vn -0.318878 0.000000 -0.947796
vn -0.318878 0.000000 -0.947796
vn -0.062705 0.000000 -0.998032
vn 0.197742 0.000000 -0.980254
vn -0.062705 0.000000 -0.998032
vn -0.062705 0.000000 -0.998032
vn 0.197742 0.000000 -0.980254
vn 0.444712 0.000000 -0.895673
vn 0.197742 0.000000 -0.980254
vn 0.197742 0.000000 -0.980254
vn 0.444712 0.000000 -0.895673
vn 0.661376 0.000000 -0.750054
vn 0.444712 0.000000 -0.895673
vn 0.444712 0.000000 -0.895673
vn 0.661376 0.000000 -0.750054
vn 0.832969 0.000000 -0.553320
vn 0.661376 0.000000 -0.750054
vn 0.661376 0.000000 -0.750054
vn 0.832969 0.000000 -0.553320
vn 0.947796 0.000000 -0.318877
vn 0.832969 0.000000 -0.553320
vn 0.832969 0.000000 -0.553320
vn 0.947796 0.000000 -0.318877
vn 0.998032 0.000000 -0.062705
vn 0.947796 0.000000 -0.318877
vn 0.947796 0.000000 -0.318877
vn 0.998032 0.000000 -0.062705
vn 0.980254 0.000000 0.197742
vn 0.998032 0.000000 -0.062705
vn 0.998032 0.000000 -0.062705
vn 0.980254 0.000000 0.197742
vn 0.895674 0.000000 0.444712
vn 0.980254 0.000000 0.197742
vn 0.980254 0.000000 0.197742
vn 0.895674 0.000000 0.444712
vn 0.750054 0.000000 0.661376
vn 0.895674 0.000000 0.444712
vn 0.895674 0.000000 0.444712
vn 0.750054 0.000000 0.661376
vn 0.553320 0.000000 0.832969
vn 0.750054 0.000000 0.661376
vn 0.750054 0.000000 0.661376
vn 0.553320 0.000000 0.832969
vn 0.318877 0.000000 0.947796
vn 0.553320 0.000000 0.832969
vn 0.553320 0.000000 0.832969
vn 0.318877 0.000000 0.947796
vn 0.062705 0.000000 0.998032
vn 0.318877 0.000000 0.947796
vn 0.318877 0.000000 0.947796
vn 0.062705 0.000000 0.998032
vn -0.197742 0.000000 0.980254
vn 0.062705 0.000000 0.998032
vn 0.062705 0.000000 0.998032
vn -0.197742 0.000000 0.980254
vn -0.444713 0.000000 0.895673
vn -0.197742 0.000000 0.980254
vn -0.197742 0.000000 0.980254
vn -0.444713 0.000000 0.895673
vn -0.661377 0.000000 0.750054
vn -0.444713 0.000000 0.895673
vn -0.444713 0.000000 0.895673
vn -0.661377 0.000000 0.750054
vn -0.508376 -0.792156 0.337701
vn -0.403650 -0.792156 0.457772
vn -0.639719 -0.253811 0.725493
vn -0.805692 -0.253811 0.535201
vn -0.578458 -0.792156 0.194617
vn -0.508376 -0.792156 0.337701
vn -0.805692 -0.253811 0.535201
vn -0.916759 -0.253811 0.308435
vn -0.609117 -0.792156 0.038270
vn -0.578458 -0.792156 0.194617
vn -0.916759 -0.253811 0.308435
vn -0.965350 -0.253812 0.060651
vn -0.598267 -0.792157 -0.120685
vn -0.609117 -0.792156 0.038270
vn -0.965350 -0.253812 0.060651
vn -0.948155 -0.253811 -0.191267
vn -0.546646 -0.792156 -0.271416
vn -0.598267 -0.792157 -0.120685
vn -0.948155 -0.253811 -0.191267
vn -0.866343 -0.253811 -0.430150
vn -0.457772 -0.792156 -0.403650
vn -0.546646 -0.792156 -0.271416
vn -0.866343 -0.253811 -0.430150
vn -0.725493 -0.253811 -0.639719
vn -0.337702 -0.792156 -0.508377
vn -0.457772 -0.792156 -0.403650
vn -0.725493 -0.253811 -0.639719
vn -0.535201 -0.253811 -0.805692
vn -0.194617 -0.792155 -0.578458
vn -0.337702 -0.792156 -0.508377
vn -0.535201 -0.253811 -0.805692
vn -0.308435 -0.253811 -0.916759
vn -0.038270 -0.792156 -0.609118
vn -0.194617 -0.792155 -0.578458
vn -0.308435 -0.253811 -0.916759
vn -0.060651 -0.253811 -0.965350
vn 0.120686 -0.792156 -0.598268
vn -0.038270 -0.792156 -0.609118
vn -0.060651 -0.253811 -0.965350
vn 0.191267 -0.253811 -0.948155
vn 0.271417 -0.792156 -0.546646
vn 0.120686 -0.792156 -0.598268
vn 0.191267 -0.253811 -0.948155
vn 0.430150 -0.253811 -0.866343
vn 0.403650 -0.792156 -0.457772
vn 0.271417 -0.792156 -0.546646
vn 0.430150 -0.253811 -0.866343
vn 0.639719 -0.253812 -0.725493
vn 0.508377 -0.792156 -0.337702
vn 0.403650 -0.792156 -0.457772
vn 0.639719 -0.253812 -0.725493
vn 0.805692 -0.253811 -0.535201
vn 0.578458 -0.792156 -0.194617
vn 0.508377 -0.792156 -0.337702
vn 0.805692 -0.253811 -0.535201
vn 0.916759 -0.253811 -0.308435
vn 0.609117 -0.792156 -0.038270
vn 0.578458 -0.792156 -0.194617
vn 0.916759 -0.253811 -0.308435
vn 0.965351 -0.253810 -0.060651
vn 0.598267 -0.792156 0.120685
vn 0.609117 -0.792156 -0.038270
vn 0.965351 -0.253810 -0.060651
vn 0.948155 -0.253810 0.191266
vn 0.546646 -0.792156 0.271416
vn 0.598267 -0.792156 0.120685
vn 0.948155 -0.253810 0.191266
vn 0.866343 -0.253811 0.430150
vn 0.457772 -0.792156 0.403651
vn 0.546646 -0.792156 0.271416
vn 0.866343 -0.253811 0.430150
vn 0.725493 -0.253811 0.639719
vn 0.337702 -0.792156 0.508376
vn 0.457772 -0.792156 0.403651
vn 0.725493 -0.253811 0.639719
vn 0.535201 -0.253811 0.805692
vn 0.194617 -0.792156 0.578458
vn 0.337702 -0.792156 0.508376
vn 0.535201 -0.253811 0.805692
vn 0.308435 -0.253811 0.916759
vn 0.038270 -0.792156 0.609118
vn 0.194617 -0.792156 0.578458
vn 0.308435 -0.253811 0.916759
vn 0.060651 -0.253811 0.965350
vn -0.120685 -0.792156 0.598267
vn 0.038270 -0.792156 0.609118
vn 0.060651 -0.253811 0.965350
vn -0.191266 -0.253811 0.948155
vn -0.271416 -0.792156 0.546646
vn -0.120685 -0.792156 0.598267
vn -0.191266 -0.253811 0.948155
vn -0.430150 -0.253811 0.866343
vn -0.403650 -0.792156 0.457772
vn -0.271416 -0.792156 0.546646
vn -0.430150 -0.253811 0.866343
vn -0.639719 -0.253811 0.725493
vn -0.510809 -0.842342 0.171857
vn -0.448924 -0.842341 0.298208
vn -0.822731 -0.156304 0.546519
vn -0.936147 -0.156305 0.314958
vn -0.537884 -0.842341 0.033794
vn -0.510809 -0.842342 0.171857
vn -0.936147 -0.156305 0.314958
vn -0.985765 -0.156304 0.061934
vn -0.528303 -0.842341 -0.106573
vn -0.537884 -0.842341 0.033794
vn -0.985765 -0.156304 0.061934
vn -0.968206 -0.156304 -0.195312
vn -0.482718 -0.842341 -0.239676
vn -0.528303 -0.842341 -0.106573
vn -0.968206 -0.156304 -0.195312
vn -0.884664 -0.156305 -0.439247
vn -0.404238 -0.842341 -0.356445
vn -0.482718 -0.842341 -0.239676
vn -0.884664 -0.156305 -0.439247
vn -0.740835 -0.156304 -0.653247
vn -0.298209 -0.842341 -0.448924
vn -0.404238 -0.842341 -0.356445
vn -0.740835 -0.156304 -0.653247
vn -0.546519 -0.156303 -0.822731
vn -0.171858 -0.842340 -0.510811
vn -0.298209 -0.842341 -0.448924
vn -0.546519 -0.156303 -0.822731
vn -0.314958 -0.156303 -0.936147
vn -0.033794 -0.842341 -0.537885
vn -0.171858 -0.842340 -0.510811
vn -0.314958 -0.156303 -0.936147
vn -0.061934 -0.156302 -0.985766
vn 0.106572 -0.842341 -0.528304
vn -0.033794 -0.842341 -0.537885
vn -0.061934 -0.156302 -0.985766
vn 0.195311 -0.156302 -0.968206
vn 0.239675 -0.842341 -0.482719
vn 0.106572 -0.842341 -0.528304
vn 0.195311 -0.156302 -0.968206
vn 0.439246 -0.156304 -0.884665
vn 0.356445 -0.842341 -0.404238
vn 0.239675 -0.842341 -0.482719
vn 0.439246 -0.156304 -0.884665
vn 0.653248 -0.156304 -0.740835
vn 0.448924 -0.842341 -0.298209
vn 0.356445 -0.842341 -0.404238
vn 0.653248 -0.156304 -0.740835
vn 0.822730 -0.156304 -0.546520
vn 0.510809 -0.842341 -0.171857
vn 0.448924 -0.842341 -0.298209
vn 0.822730 -0.156304 -0.546520
vn 0.936146 -0.156305 -0.314959
vn 0.537884 -0.842341 -0.033794
vn 0.510809 -0.842341 -0.171857
vn 0.936146 -0.156305 -0.314959
vn 0.985765 -0.156304 -0.061934
vn 0.528303 -0.842341 0.106572
vn 0.537884 -0.842341 -0.033794
vn 0.985765 -0.156304 -0.061934
vn 0.968206 -0.156303 0.195312
vn 0.482719 -0.842341 0.239675
vn 0.528303 -0.842341 0.106572
vn 0.968206 -0.156303 0.195312
vn 0.884665 -0.156304 0.439247
vn 0.404238 -0.842341 0.356445
vn 0.482719 -0.842341 0.239675
vn 0.884665 -0.156304 0.439247
vn 0.740836 -0.156304 0.653246
vn 0.298209 -0.842341 0.448925
vn 0.404238 -0.842341 0.356445
vn 0.740836 -0.156304 0.653246
vn 0.546519 -0.156304 0.822730
vn 0.171857 -0.842341 0.510810
vn 0.298209 -0.842341 0.448925
vn 0.546519 -0.156304 0.822730
vn 0.314958 -0.156304 0.936146
vn 0.033794 -0.842341 0.537884
vn 0.171857 -0.842341 0.510810
vn 0.314958 -0.156304 0.936146
vn 0.061934 -0.156304 0.985765
vn -0.106572 -0.842342 0.528302
vn 0.033794 -0.842341 0.537884
vn 0.061934 -0.156304 0.985765
vn -0.195311 -0.156303 0.968206
vn -0.239675 -0.842341 0.482719
vn -0.106572 -0.842342 0.528302
vn -0.195311 -0.156303 0.968206
vn -0.439247 -0.156303 0.884665
vn -0.356445 -0.842341 0.404238
vn -0.239675 -0.842341 0.482719
vn -0.439247 -0.156303 0.884665
vn -0.653247 -0.156303 0.740835
vn -0.448924 -0.842341 0.298208
vn -0.356445 -0.842341 0.404238
vn -0.653247 -0.156303 0.740835
vn -0.822731 -0.156304 0.546519
vn -0.832969 0.000000 0.553320
vn -0.661377 0.000000 0.750054
vn -0.661377 0.000000 0.750054
vn -0.832969 0.000000 0.553320
vn -0.947796 0.000000 0.318878
vn -0.832969 0.000000 0.553320
vn -0.832969 0.000000 0.553320
vn -0.947796 0.000000 0.318878
vn -0.998032 0.000000 0.062705
vn -0.947796 0.000000 0.318878
vn -0.947796 0.000000 0.318878
vn -0.998032 0.000000 0.062705
vn -0.980254 0.000000 -0.197742
vn -0.998032 0.000000 0.062705
vn -0.998032 0.000000 0.062705
vn -0.980254 0.000000 -0.197742
vn -0.895673 0.000000 -0.444712
vn -0.980254 0.000000 -0.197742
vn -0.980254 0.000000 -0.197742
vn -0.895673 0.000000 -0.444712
vn -0.750054 0.000000 -0.661377
vn -0.895673 0.000000 -0.444712
vn -0.895673 0.000000 -0.444712
vn -0.750054 0.000000 -0.661377
vn -0.553320 0.000000 -0.832969
vn -0.750054 0.000000 -0.661377
vn -0.750054 0.000000 -0.661377
vn -0.553320 0.000000 -0.832969
vn -0.318878 0.000000 -0.947796
vn -0.553320 0.000000 -0.832969
vn -0.553320 0.000000 -0.832969
vn -0.318878 0.000000 -0.947796
vn -0.062704 0.000000 -0.998032
vn -0.318878 0.000000 -0.947796
vn -0.318878 0.000000 -0.947796
vn -0.062704 0.000000 -0.998032
vn 0.197742 0.000000 -0.980254
vn -0.062704 0.000000 -0.998032
vn -0.062704 0.000000 -0.998032
vn 0.197742 0.000000 -0.980254
vn 0.444712 0.000000 -0.895674
vn 0.197742 0.000000 -0.980254
vn 0.197742 0.000000 -0.980254
vn 0.444712 0.000000 -0.895674
vn 0.661376 0.000000 -0.750054
vn 0.444712 0.000000 -0.895674
vn 0.444712 0.000000 -0.895674
vn 0.661376 0.000000 -0.750054
vn 0.832969 0.000000 -0.553320
vn 0.661376 0.000000 -0.750054
vn 0.661376 0.000000 -0.750054
vn 0.832969 0.000000 -0.553320
vn 0.947796 0.000000 -0.318877
vn 0.832969 0.000000 -0.553320
vn 0.832969 0.000000 -0.553320
vn 0.947796 0.000000 -0.318877
vn 0.998032 0.000000 -0.062705
vn 0.947796 0.000000 -0.318877
vn 0.947796 0.000000 -0.318877
vn 0.998032 0.000000 -0.062705
vn 0.980254 0.000000 0.197742
vn 0.998032 0.000000 -0.062705
vn 0.998032 0.000000 -0.062705
vn 0.980254 0.000000 0.197742
vn 0.895673 0.000000 0.444712
vn 0.980254 0.000000 0.197742
vn 0.980254 0.000000 0.197742
vn 0.895673 0.000000 0.444712
vn 0.750054 0.000000 0.661376
vn 0.895673 0.000000 0.444712
vn 0.895673 0.000000 0.444712
vn 0.750054 0.000000 0.661376
vn 0.553320 0.000000 0.832969
vn 0.750054 0.000000 0.661376
vn 0.750054 0.000000 0.661376
vn 0.553320 0.000000 0.832969
vn 0.318878 0.000000 0.947796
vn 0.553320 0.000000 0.832969
vn 0.553320 0.000000 0.832969
vn 0.318878 0.000000 0.947796
vn 0.062704 0.000000 0.998032
vn 0.318878 0.000000 0.947796
vn 0.318878 0.000000 0.947796
vn 0.062704 0.000000 0.998032
vn -0.197742 0.000000 0.980254
vn 0.062704 0.000000 0.998032
vn 0.062704 0.000000 0.998032
vn -0.197742 0.000000 0.980254
vn -0.444713 0.000000 0.895673
vn -0.197742 0.000000 0.980254
vn -0.197742 0.000000 0.980254
vn -0.444713 0.000000 0.895673
vn -0.661377 0.000000 0.750054
vn -0.444713 0.000000 0.895673
vn -0.444713 0.000000 0.895673
vn -0.661377 0.000000 0.750054
vn 0.000000 -1.000000 0.000002
vn 0.000000 -1.000000 0.000002
vn -0.414406 -0.779356 0.469970
vn -0.521923 -0.779356 0.346700
vn 0.000007 1.000000 -0.000006
vn 0.000007 1.000000 -0.000006
vn -0.522505 0.778794 0.347087
vn -0.414868 0.778794 0.470494
vn 0.000000 -1.000000 -0.000001
vn 0.000000 -1.000000 -0.000001
vn -0.521923 -0.779356 0.346700
vn -0.593871 -0.779356 0.199802
vn 0.000009 1.000000 -0.000003
vn 0.000009 1.000000 -0.000003
vn -0.594534 0.778793 0.200026
vn -0.522505 0.778794 0.347087
vn 0.000000 -1.000000 0.000000
vn 0.000000 -1.000000 0.000000
vn -0.593871 -0.779356 0.199802
vn -0.625349 -0.779356 0.039290
vn 0.000009 1.000000 -0.000002
vn 0.000009 1.000000 -0.000002
vn -0.626046 0.778793 0.039334
vn -0.594534 0.778793 0.200026
vn 0.000000 -1.000000 0.000000
vn 0.000000 -1.000000 0.000000
vn -0.625349 -0.779356 0.039290
vn -0.614209 -0.779356 -0.123902
vn 0.000009 1.000000 0.000000
vn 0.000009 1.000000 0.000000
vn -0.614894 0.778794 -0.124040
vn -0.626046 0.778793 0.039334
vn 0.000000 -1.000000 -0.000001
vn 0.000000 -1.000000 -0.000001
vn -0.614209 -0.779356 -0.123902
vn -0.561212 -0.779356 -0.278649
vn 0.000009 1.000000 0.000003
vn 0.000009 1.000000 0.000003
vn -0.561838 0.778794 -0.278959
vn -0.614894 0.778794 -0.124040
vn 0.000000 -1.000000 -0.000002
vn 0.000000 -1.000000 -0.000002
vn -0.561212 -0.779356 -0.278649
vn -0.469970 -0.779356 -0.414406
vn 0.000008 1.000000 0.000005
vn 0.000008 1.000000 0.000005
vn -0.470494 0.778794 -0.414868
vn -0.561838 0.778794 -0.278959
vn 0.000000 -1.000000 -0.000001
vn 0.000000 -1.000000 -0.000001
vn -0.469970 -0.779356 -0.414406
vn -0.346700 -0.779356 -0.521923
vn 0.000006 1.000000 0.000008
vn 0.000006 1.000000 0.000008
vn -0.347087 0.778794 -0.522504
vn -0.470494 0.778794 -0.414868
vn 0.000000 -1.000000 0.000001
vn 0.000000 -1.000000 0.000001
vn -0.346700 -0.779356 -0.521923
vn -0.199803 -0.779356 -0.593872
vn 0.000004 1.000000 0.000007
vn 0.000004 1.000000 0.000007
vn -0.200026 0.778794 -0.594533
vn -0.347087 0.778794 -0.522504
vn 0.000000 -1.000000 0.000001
vn 0.000000 -1.000000 0.000001
vn -0.199803 -0.779356 -0.593872
vn -0.039289 -0.779356 -0.625348
vn 0.000002 1.000000 0.000008
vn 0.000002 1.000000 0.000008
vn -0.039333 0.778793 -0.626046
vn -0.200026 0.778794 -0.594533
vn 0.000000 -1.000000 0.000001
vn 0.000000 -1.000000 0.000001
vn -0.039289 -0.779356 -0.625348
vn 0.123901 -0.779356 -0.614208
vn -0.000001 1.000000 0.000015
vn -0.000001 1.000000 0.000015
vn 0.124040 0.778794 -0.614894
vn -0.039333 0.778793 -0.626046
vn 0.000000 -1.000000 0.000004
vn 0.000000 -1.000000 0.000004
vn 0.123901 -0.779356 -0.614208
vn 0.278649 -0.779356 -0.561212
vn -0.000003 1.000000 0.000010
vn -0.000003 1.000000 0.000010
vn 0.278959 0.778793 -0.561838
vn 0.124040 0.778794 -0.614894
vn 0.000000 -1.000000 -0.000001
vn 0.000000 -1.000000 -0.000001
vn 0.278649 -0.779356 -0.561212
vn 0.414406 -0.779356 -0.469970
vn -0.000005 1.000000 0.000009
vn -0.000005 1.000000 0.000009
vn 0.414869 0.778794 -0.470494
vn 0.278959 0.778793 -0.561838
vn 0.000000 -1.000000 -0.000002
vn 0.000000 -1.000000 -0.000002
vn 0.414406 -0.779356 -0.469970
vn 0.521923 -0.779356 -0.346700
vn -0.000007 1.000000 0.000007
vn -0.000007 1.000000 0.000007
vn 0.522505 0.778793 -0.347087
vn 0.414869 0.778794 -0.470494
vn 0.000000 -1.000000 0.000001
vn 0.000000 -1.000000 0.000001
vn 0.521923 -0.779356 -0.346700
vn 0.593871 -0.779356 -0.199803
vn -0.000009 1.000000 0.000002
vn -0.000009 1.000000 0.000002
vn 0.594534 0.778793 -0.200027
vn 0.522505 0.778793 -0.347087
vn 0.000000 -1.000000 0.000000
vn 0.000000 -1.000000 0.000000
vn 0.593871 -0.779356 -0.199803
vn 0.625348 -0.779356 -0.039289
vn -0.000009 1.000000 0.000001
vn -0.000009 1.000000 0.000001
vn 0.626046 0.778794 -0.039333
vn 0.594534 0.778793 -0.200027
vn 0.000000 -1.000000 0.000000
vn 0.000000 -1.000000 0.000000
vn 0.625348 -0.779356 -0.039289
vn 0.614209 -0.779356 0.123901
vn -0.000009 1.000000 0.000000
vn -0.000009 1.000000 0.000000
vn 0.614894 0.778794 0.124039
vn 0.626046 0.778794 -0.039333
vn 0.000000 -1.000000 0.000001
vn 0.000000 -1.000000 0.000001
vn 0.614209 -0.779356 0.123901
vn 0.561212 -0.779356 0.278649
vn -0.000009 1.000000 -0.000003
vn -0.000009 1.000000 -0.000003
vn 0.561838 0.778794 0.278959
vn 0.614894 0.778794 0.124039
vn 0.000000 -1.000000 0.000002
vn 0.000000 -1.000000 0.000002
vn 0.561212 -0.779356 0.278649
vn 0.469970 -0.779356 0.414407
vn -0.000008 1.000000 -0.000005
vn -0.000008 1.000000 -0.000005
vn 0.470494 0.778793 0.414869
vn 0.561838 0.778794 0.278959
vn 0.000000 -1.000000 0.000001
vn 0.000000 -1.000000 0.000001
vn 0.469970 -0.779356 0.414407
vn 0.346700 -0.779356 0.521923
vn -0.000006 1.000000 -0.000007
vn -0.000006 1.000000 -0.000007
vn 0.347087 0.778793 0.522505
vn 0.470494 0.778793 0.414869
vn 0.000000 -1.000000 -0.000001
vn 0.000000 -1.000000 -0.000001
vn 0.346700 -0.779356 0.521923
vn 0.199803 -0.779356 0.593871
vn -0.000004 1.000000 -0.000008
vn -0.000004 1.000000 -0.000008
vn 0.200025 0.778793 0.594534
vn 0.347087 0.778793 0.522505
vn 0.000000 -1.000000 -0.000001
vn 0.000000 -1.000000 -0.000001
vn 0.199803 -0.779356 0.593871
vn 0.039289 -0.779356 0.625348
vn -0.000002 1.000000 -0.000009
vn -0.000002 1.000000 -0.000009
vn 0.039333 0.778794 0.626046
vn 0.200025 0.778793 0.594534
vn 0.000000 -1.000000 -0.000001
vn 0.000000 -1.000000 -0.000001
vn 0.039289 -0.779356 0.625348
vn -0.123901 -0.779357 0.614208
vn 0.000001 1.000000 -0.000009
vn 0.000001 1.000000 -0.000009
vn -0.124040 0.778794 0.614893
vn 0.039333 0.778794 0.626046
vn 0.000000 -1.000000 -0.000004
vn 0.000000 -1.000000 -0.000004
vn -0.123901 -0.779357 0.614208
vn -0.278649 -0.779357 0.561211
vn 0.000003 1.000000 -0.000010
vn 0.000003 1.000000 -0.000010
vn -0.278959 0.778793 0.561839
vn -0.124040 0.778794 0.614893
vn 0.000000 -1.000000 0.000001
vn 0.000000 -1.000000 0.000001
vn -0.278649 -0.779357 0.561211
vn -0.414406 -0.779356 0.469970
vn 0.000005 1.000000 -0.000006
vn 0.000005 1.000000 -0.000006
vn -0.414868 0.778794 0.470494
vn -0.278959 0.778793 0.561839
vn 0.000007 -1.000000 -0.000007
vn 0.000007 -1.000000 -0.000007
vn -0.403650 -0.792156 0.457772
vn -0.508376 -0.792156 0.337701
vn -0.000010 1.000000 0.000008
vn -0.000010 1.000000 0.000008
vn -0.501669 0.798295 0.333246
vn -0.398325 0.798295 0.451732
vn 0.000009 -1.000000 -0.000004
vn 0.000009 -1.000000 -0.000004
vn -0.508376 -0.792156 0.337701
vn -0.578458 -0.792156 0.194617
vn -0.000012 1.000000 0.000006
vn -0.000012 1.000000 0.000006
vn -0.570825 0.798295 0.192049
vn -0.501669 0.798295 0.333246
vn 0.000010 -1.000000 -0.000002
vn 0.000010 -1.000000 -0.000002
vn -0.578458 -0.792156 0.194617
vn -0.609117 -0.792156 0.038270
vn -0.000013 1.000000 0.000003
vn -0.000013 1.000000 0.000003
vn -0.601081 0.798295 0.037765
vn -0.570825 0.798295 0.192049
vn 0.000010 -1.000000 0.000000
vn 0.000010 -1.000000 0.000000
vn -0.609117 -0.792156 0.038270
vn -0.598267 -0.792157 -0.120685
vn -0.000013 1.000000 -0.000001
vn -0.000013 1.000000 -0.000001
vn -0.590374 0.798295 -0.119093
vn -0.601081 0.798295 0.037765
vn 0.000009 -1.000000 0.000004
vn 0.000009 -1.000000 0.000004
vn -0.598267 -0.792157 -0.120685
vn -0.546646 -0.792156 -0.271416
vn -0.000012 1.000000 -0.000004
vn -0.000012 1.000000 -0.000004
vn -0.539434 0.798295 -0.267835
vn -0.590374 0.798295 -0.119093
vn 0.000008 -1.000000 0.000005
vn 0.000008 -1.000000 0.000005
vn -0.546646 -0.792156 -0.271416
vn -0.457772 -0.792156 -0.403650
vn -0.000011 1.000000 -0.000008
vn -0.000011 1.000000 -0.000008
vn -0.451732 0.798295 -0.398325
vn -0.539434 0.798295 -0.267835
vn 0.000006 -1.000000 0.000007
vn 0.000006 -1.000000 0.000007
vn -0.457772 -0.792156 -0.403650
vn -0.337702 -0.792156 -0.508377
vn -0.000009 1.000000 -0.000010
vn -0.000009 1.000000 -0.000010
vn -0.333246 0.798295 -0.501669
vn -0.451732 0.798295 -0.398325
vn 0.000004 -1.000000 0.000009
vn 0.000004 -1.000000 0.000009
vn -0.337702 -0.792156 -0.508377
vn -0.194617 -0.792155 -0.578458
vn -0.000006 1.000000 -0.000011
vn -0.000006 1.000000 -0.000011
vn -0.192050 0.798295 -0.570825
vn -0.333246 0.798295 -0.501669
vn 0.000002 -1.000000 0.000009
vn 0.000002 -1.000000 0.000009
vn -0.194617 -0.792155 -0.578458
vn -0.038270 -0.792156 -0.609118
vn -0.000003 1.000000 -0.000010
vn -0.000003 1.000000 -0.000010
vn -0.037765 0.798296 -0.601081
vn -0.192050 0.798295 -0.570825
vn -0.000001 -1.000000 0.000009
vn -0.000001 -1.000000 0.000009
vn -0.038270 -0.792156 -0.609118
vn 0.120686 -0.792156 -0.598268
vn 0.000001 1.000000 -0.000014
vn 0.000001 1.000000 -0.000014
vn 0.119093 0.798295 -0.590374
vn -0.037765 0.798296 -0.601081
vn -0.000003 -1.000000 0.000009
vn -0.000003 -1.000000 0.000009
vn 0.120686 -0.792156 -0.598268
vn 0.271417 -0.792156 -0.546646
vn 0.000004 1.000000 -0.000012
vn 0.000004 1.000000 -0.000012
vn 0.267836 0.798295 -0.539434
vn 0.119093 0.798295 -0.590374
vn -0.000005 -1.000000 0.000008
vn -0.000005 -1.000000 0.000008
vn 0.271417 -0.792156 -0.546646
vn 0.403650 -0.792156 -0.457772
vn 0.000007 1.000000 -0.000012
vn 0.000007 1.000000 -0.000012
vn 0.398325 0.798295 -0.451733
vn 0.267836 0.798295 -0.539434
vn -0.000007 -1.000000 0.000007
vn -0.000007 -1.000000 0.000007
vn 0.403650 -0.792156 -0.457772
vn 0.508377 -0.792156 -0.337702
vn 0.000010 1.000000 -0.000009
vn 0.000010 1.000000 -0.000009
vn 0.501669 0.798295 -0.333246
vn 0.398325 0.798295 -0.451733
vn -0.000009 -1.000000 0.000004
vn -0.000009 -1.000000 0.000004
vn 0.508377 -0.792156 -0.337702
vn 0.578458 -0.792156 -0.194617
vn 0.000012 1.000000 -0.000006
vn 0.000012 1.000000 -0.000006
vn 0.570825 0.798295 -0.192049
vn 0.501669 0.798295 -0.333246
vn -0.000010 -1.000000 0.000002
vn -0.000010 -1.000000 0.000002
vn 0.578458 -0.792156 -0.194617
vn 0.609117 -0.792156 -0.038270
vn 0.000013 1.000000 -0.000002
vn 0.000013 1.000000 -0.000002
vn 0.601081 0.798295 -0.037765
vn 0.570825 0.798295 -0.192049
vn -0.000010 -1.000000 -0.000000
vn -0.000010 -1.000000 -0.000000
vn 0.609117 -0.792156 -0.038270
vn 0.598267 -0.792156 0.120685
vn 0.000013 1.000000 0.000001
vn 0.000013 1.000000 0.000001
vn 0.590374 0.798295 0.119093
vn 0.601081 0.798295 -0.037765
vn -0.000009 -1.000000 -0.000004
vn -0.000009 -1.000000 -0.000004
vn 0.598267 -0.792156 0.120685
vn 0.546646 -0.792156 0.271416
vn 0.000012 1.000000 0.000005
vn 0.000012 1.000000 0.000005
vn 0.539434 0.798295 0.267835
vn 0.590374 0.798295 0.119093
vn -0.000008 -1.000000 -0.000005
vn -0.000008 -1.000000 -0.000005
vn 0.546646 -0.792156 0.271416
vn 0.457772 -0.792156 0.403651
vn 0.000011 1.000000 0.000007
vn 0.000011 1.000000 0.000007
vn 0.451733 0.798295 0.398325
vn 0.539434 0.798295 0.267835
vn -0.000006 -1.000000 -0.000006
vn -0.000006 -1.000000 -0.000006
vn 0.457772 -0.792156 0.403651
vn 0.337702 -0.792156 0.508376
vn 0.000009 1.000000 0.000009
vn 0.000009 1.000000 0.000009
vn 0.333246 0.798295 0.501669
vn 0.451733 0.798295 0.398325
vn -0.000004 -1.000000 -0.000009
vn -0.000004 -1.000000 -0.000009
vn 0.337702 -0.792156 0.508376
vn 0.194617 -0.792156 0.578458
vn 0.000006 1.000000 0.000013
vn 0.000006 1.000000 0.000013
vn 0.192049 0.798295 0.570826
vn 0.333246 0.798295 0.501669
vn -0.000002 -1.000000 -0.000009
vn -0.000002 -1.000000 -0.000009
vn 0.194617 -0.792156 0.578458
vn 0.038270 -0.792156 0.609118
vn 0.000003 1.000000 0.000014
vn 0.000003 1.000000 0.000014
vn 0.037765 0.798295 0.601081
vn 0.192049 0.798295 0.570826
vn 0.000001 -1.000000 -0.000009
vn 0.000001 -1.000000 -0.000009
vn 0.038270 -0.792156 0.609118
vn -0.120685 -0.792156 0.598267
vn -0.000001 1.000000 0.000013
vn -0.000001 1.000000 0.000013
vn -0.119093 0.798295 0.590374
vn 0.037765 0.798295 0.601081
vn 0.000003 -1.000000 -0.000009
vn 0.000003 -1.000000 -0.000009
vn -0.120685 -0.792156 0.598267
vn -0.271416 -0.792156 0.546646
vn -0.000004 1.000000 0.000012
vn -0.000004 1.000000 0.000012
vn -0.267835 0.798295 0.539434
vn -0.119093 0.798295 0.590374
vn 0.000005 -1.000000 -0.000008
vn 0.000005 -1.000000 -0.000008
vn -0.271416 -0.792156 0.546646
vn -0.403650 -0.792156 0.457772
vn -0.000007 1.000000 0.000010
vn -0.000007 1.000000 0.000010
vn -0.398325 0.798295 0.451732
vn -0.267835 0.798295 0.539434
vn 0.000000 -1.000000 0.000000
vn 0.000000 -1.000000 0.000000
vn -0.448924 -0.842341 0.298208
vn -0.510809 -0.842342 0.171857
vn 0.497736 0.801836 -0.330633
vn 0.566350 0.801836 -0.190544
vn -0.315824 0.936123 0.154689
vn -0.315824 0.936123 0.154689
vn 0.000000 -1.000000 0.000000
vn 0.000000 -1.000000 0.000000
vn -0.510809 -0.842342 0.171857
vn -0.537884 -0.842341 0.033794
vn 0.566350 0.801836 -0.190544
vn 0.596368 0.801836 -0.037469
vn -0.345100 0.936123 0.067675
vn -0.345100 0.936123 0.067675
vn 0.000000 -1.000000 -0.000001
vn 0.000000 -1.000000 -0.000001
vn -0.537884 -0.842341 0.033794
vn -0.528303 -0.842341 -0.106573
vn 0.596368 0.801836 -0.037469
vn 0.585746 0.801836 0.118160
vn -0.350856 0.936123 -0.023950
vn -0.350856 0.936123 -0.023950
vn 0.000000 -1.000000 -0.000001
vn 0.000000 -1.000000 -0.000001
vn -0.528303 -0.842341 -0.106573
vn -0.482718 -0.842341 -0.239676
vn 0.585746 0.801836 0.118160
vn 0.535205 0.801836 0.265736
vn -0.332702 0.936123 -0.113941
vn -0.332702 0.936123 -0.113941
vn 0.000000 -1.000000 0.000001
vn 0.000000 -1.000000 0.000001
vn -0.482718 -0.842341 -0.239676
vn -0.404238 -0.842341 -0.356445
vn 0.535205 0.801836 0.265736
vn 0.448191 0.801836 0.395202
vn -0.291876 0.936123 -0.196170
vn -0.291876 0.936123 -0.196170
vn 0.000000 -1.000000 -0.000001
vn 0.000000 -1.000000 -0.000001
vn -0.404238 -0.842341 -0.356445
vn -0.298209 -0.842341 -0.448924
vn 0.448191 0.801836 0.395202
vn 0.330634 0.801836 0.497736
vn -0.231158 0.936123 -0.265030
vn -0.231158 0.936122 -0.265030
vn 0.000000 -1.000000 0.000001
vn 0.000000 -1.000000 0.000001
vn -0.298209 -0.842341 -0.448924
vn -0.171858 -0.842340 -0.510811
vn 0.330634 0.801836 0.497736
vn 0.190543 0.801836 0.566350
vn -0.154688 0.936123 -0.315826
vn -0.154688 0.936123 -0.315825
vn 0.000000 -1.000000 -0.000002
vn 0.000000 -1.000000 -0.000002
vn -0.171858 -0.842340 -0.510811
vn -0.033794 -0.842341 -0.537885
vn 0.190543 0.801836 0.566350
vn 0.037469 0.801835 0.596369
vn -0.067675 0.936123 -0.345100
vn -0.067675 0.936123 -0.345100
vn 0.000000 -1.000000 0.000002
vn 0.000000 -1.000000 0.000002
vn -0.033794 -0.842341 -0.537885
vn 0.106572 -0.842341 -0.528304
vn 0.037469 0.801835 0.596369
vn -0.118159 0.801835 0.585746
vn 0.023949 0.936123 -0.350857
vn 0.023949 0.936123 -0.350857
vn 0.000000 -1.000000 0.000000
vn 0.000000 -1.000000 0.000000
vn 0.106572 -0.842341 -0.528304
vn 0.239675 -0.842341 -0.482719
vn -0.118159 0.801835 0.585746
vn -0.265736 0.801835 0.535205
vn 0.113941 0.936122 -0.332705
vn 0.113941 0.936122 -0.332705
vn 0.000000 -1.000000 0.000001
vn 0.000000 -1.000000 0.000001
vn 0.239675 -0.842341 -0.482719
vn 0.356445 -0.842341 -0.404238
vn -0.265736 0.801835 0.535205
vn -0.395202 0.801836 0.448191
vn 0.196168 0.936124 -0.291872
vn 0.196168 0.936124 -0.291873
vn 0.000000 -1.000000 0.000001
vn 0.000000 -1.000000 0.000001
vn 0.356445 -0.842341 -0.404238
vn 0.448924 -0.842341 -0.298209
vn -0.395202 0.801836 0.448191
vn -0.497736 0.801836 0.330633
vn 0.265026 0.936124 -0.231156
vn 0.265026 0.936124 -0.231156
vn 0.000000 -1.000000 0.000001
vn 0.000000 -1.000000 0.000001
vn 0.448924 -0.842341 -0.298209
vn 0.510809 -0.842341 -0.171857
vn -0.497736 0.801836 0.330633
vn -0.566350 0.801836 0.190543
vn 0.315824 0.936123 -0.154689
vn 0.315824 0.936123 -0.154689
vn 0.000000 -1.000000 0.000000
vn 0.000000 -1.000000 0.000000
vn 0.510809 -0.842341 -0.171857
vn 0.537884 -0.842341 -0.033794
vn -0.566350 0.801836 0.190543
vn -0.596369 0.801836 0.037469
vn 0.345100 0.936123 -0.067675
vn 0.345100 0.936123 -0.067675
vn 0.000000 -1.000000 0.000000
vn 0.000000 -1.000000 0.000000
vn 0.537884 -0.842341 -0.033794
vn 0.528303 -0.842341 0.106572
vn -0.596369 0.801836 0.037469
vn -0.585746 0.801836 -0.118160
vn 0.350857 0.936123 0.023949
vn 0.350857 0.936123 0.023949
vn 0.000000 -1.000000 -0.000001
vn 0.000000 -1.000000 -0.000001
vn 0.528303 -0.842341 0.106572
vn 0.482719 -0.842341 0.239675
vn -0.585746 0.801836 -0.118160
vn -0.535205 0.801835 -0.265736
vn 0.332703 0.936123 0.113942
vn 0.332703 0.936123 0.113942
vn 0.000000 -1.000000 -0.000001
vn 0.000000 -1.000000 -0.000001
vn 0.482719 -0.842341 0.239675
vn 0.404238 -0.842341 0.356445
vn -0.535205 0.801835 -0.265736
vn -0.448191 0.801835 -0.395202
vn 0.291876 0.936123 0.196170
vn 0.291876 0.936123 0.196170
vn 0.000000 -1.000000 0.000003
vn 0.000000 -1.000000 0.000003
vn 0.404238 -0.842341 0.356445
vn 0.298209 -0.842341 0.448925
vn -0.448191 0.801835 -0.395202
vn -0.330634 0.801836 -0.497735
vn 0.231158 0.936123 0.265029
vn 0.231158 0.936123 0.265029
vn 0.000000 -1.000000 0.000001
vn 0.000000 -1.000000 0.000001
vn 0.298209 -0.842341 0.448925
vn 0.171857 -0.842341 0.510810
vn -0.330634 0.801836 -0.497735
vn -0.190544 0.801836 -0.566350
vn 0.154687 0.936122 0.315827
vn 0.154687 0.936122 0.315827
vn 0.000000 -1.000000 -0.000001
vn 0.000000 -1.000000 -0.000001
vn 0.171857 -0.842341 0.510810
vn 0.033794 -0.842341 0.537884
vn -0.190544 0.801836 -0.566350
vn -0.037469 0.801836 -0.596369
vn 0.067675 0.936123 0.345100
vn 0.067675 0.936123 0.345100
vn 0.000000 -1.000000 0.000001
vn 0.000000 -1.000000 0.000001
vn 0.033794 -0.842341 0.537884
vn -0.106572 -0.842342 0.528302
vn -0.037469 0.801836 -0.596369
vn 0.118160 0.801836 -0.585746
vn -0.023950 0.936123 0.350856
vn -0.023950 0.936123 0.350856
vn 0.000000 -1.000000 0.000000
vn 0.000000 -1.000000 0.000000
vn -0.106572 -0.842342 0.528302
vn -0.239675 -0.842341 0.482719
vn 0.118160 0.801836 -0.585746
vn 0.265735 0.801836 -0.535205
vn -0.113941 0.936122 0.332705
vn -0.113941 0.936122 0.332704
vn 0.000000 -1.000000 0.000000
vn 0.000000 -1.000000 0.000000
vn -0.239675 -0.842341 0.482719
vn -0.356445 -0.842341 0.404238
vn 0.265735 0.801836 -0.535205
vn 0.395202 0.801836 -0.448191
vn -0.196168 0.936125 0.291871
vn -0.196168 0.936125 0.291872
vn 0.000000 -1.000000 0.000000
vn 0.000000 -1.000000 0.000000
vn -0.356445 -0.842341 0.404238
vn -0.448924 -0.842341 0.298208
vn 0.395202 0.801836 -0.448191
vn 0.497736 0.801836 -0.330633
vn -0.265026 0.936124 0.231156
vn -0.265026 0.936124 0.231156
vn -0.871478 0.230863 -0.432699
vn -0.953774 0.230864 -0.192400
vn -0.614894 0.778794 -0.124040
vn -0.561838 0.778794 -0.278959
vn -0.729792 0.230863 -0.643510
vn -0.871478 0.230863 -0.432699
vn -0.561838 0.778794 -0.278959
vn -0.470494 0.778794 -0.414868
vn -0.538373 0.230863 -0.810467
vn -0.729792 0.230863 -0.643510
vn -0.470494 0.778794 -0.414868
vn -0.347087 0.778794 -0.522504
vn -0.310264 0.230862 -0.922192
vn -0.538373 0.230863 -0.810467
vn -0.347087 0.778794 -0.522504
vn -0.200026 0.778794 -0.594533
vn -0.061011 0.230862 -0.971072
vn -0.310264 0.230862 -0.922192
vn -0.200026 0.778794 -0.594533
vn -0.039333 0.778793 -0.626046
vn 0.192400 0.230862 -0.953774
vn -0.061011 0.230862 -0.971072
vn -0.039333 0.778793 -0.626046
vn 0.124040 0.778794 -0.614894
vn 0.432699 0.230863 -0.871478
vn 0.192400 0.230862 -0.953774
vn 0.124040 0.778794 -0.614894
vn 0.278959 0.778793 -0.561838
vn 0.643510 0.230863 -0.729792
vn 0.432699 0.230863 -0.871478
vn 0.278959 0.778793 -0.561838
vn 0.414869 0.778794 -0.470494
vn 0.810467 0.230863 -0.538373
vn 0.643510 0.230863 -0.729792
vn 0.414869 0.778794 -0.470494
vn 0.522505 0.778793 -0.347087
vn 0.922193 0.230862 -0.310263
vn 0.810467 0.230863 -0.538373
vn 0.522505 0.778793 -0.347087
vn 0.594534 0.778793 -0.200027
vn 0.971072 0.230862 -0.061011
vn 0.922193 0.230862 -0.310263
vn 0.594534 0.778793 -0.200027
vn 0.626046 0.778794 -0.039333
vn 0.953774 0.230863 0.192400
vn 0.971072 0.230862 -0.061011
vn 0.626046 0.778794 -0.039333
vn 0.614894 0.778794 0.124039
vn 0.871478 0.230863 0.432699
vn 0.953774 0.230863 0.192400
vn 0.614894 0.778794 0.124039
vn 0.561838 0.778794 0.278959
vn 0.729792 0.230863 0.643510
vn 0.871478 0.230863 0.432699
vn 0.561838 0.778794 0.278959
vn 0.470494 0.778793 0.414869
vn 0.538373 0.230862 0.810467
vn 0.729792 0.230863 0.643510
vn 0.470494 0.778793 0.414869
vn 0.347087 0.778793 0.522505
vn 0.310264 0.230862 0.922193
vn 0.538373 0.230862 0.810467
vn 0.347087 0.778793 0.522505
vn 0.200025 0.778793 0.594534
vn 0.061011 0.230863 0.971072
vn 0.310264 0.230862 0.922193
vn 0.200025 0.778793 0.594534
vn 0.039333 0.778794 0.626046
vn -0.192400 0.230863 0.953774
vn 0.061011 0.230863 0.971072
vn 0.039333 0.778794 0.626046
vn -0.124040 0.778794 0.614893
vn -0.432699 0.230863 0.871478
vn -0.192400 0.230863 0.953774
vn -0.124040 0.778794 0.614893
vn -0.278959 0.778793 0.561839
vn -0.643511 0.230863 0.729792
vn -0.432699 0.230863 0.871478
vn -0.278959 0.778793 0.561839
vn -0.414868 0.778794 0.470494
vn -0.810467 0.230863 0.538373
vn -0.643511 0.230863 0.729792
vn -0.414868 0.778794 0.470494
vn -0.522505 0.778794 0.347087
vn -0.922193 0.230862 0.310264
vn -0.810467 0.230863 0.538373
vn -0.522505 0.778794 0.347087
vn -0.594534 0.778793 0.200026
vn -0.971072 0.230863 0.061011
vn -0.922193 0.230862 0.310264
vn -0.594534 0.778793 0.200026
vn -0.626046 0.778793 0.039334
vn -0.953774 0.230864 -0.192400
vn -0.971072 0.230863 0.061011
vn -0.626046 0.778793 0.039334
vn -0.614894 0.778794 -0.124040
vn -0.869381 -0.240514 -0.431658
vn -0.951480 -0.240513 -0.191937
vn -0.953774 0.230864 -0.192400
vn -0.871478 0.230863 -0.432699
vn -0.728037 -0.240515 -0.641962
vn -0.869381 -0.240514 -0.431658
vn -0.871478 0.230863 -0.432699
vn -0.729792 0.230863 -0.643510
vn -0.537077 -0.240514 -0.808518
vn -0.728037 -0.240515 -0.641962
vn -0.729792 0.230863 -0.643510
vn -0.538373 0.230863 -0.810467
vn -0.309517 -0.240514 -0.919974
vn -0.537077 -0.240514 -0.808518
vn -0.538373 0.230863 -0.810467
vn -0.310264 0.230862 -0.922192
vn -0.060864 -0.240514 -0.968736
vn -0.309517 -0.240514 -0.919974
vn -0.310264 0.230862 -0.922192
vn -0.061011 0.230862 -0.971072
vn 0.191937 -0.240514 -0.951479
vn -0.060864 -0.240514 -0.968736
vn -0.061011 0.230862 -0.971072
vn 0.192400 0.230862 -0.953774
vn 0.431658 -0.240514 -0.869381
vn 0.191937 -0.240514 -0.951479
vn 0.192400 0.230862 -0.953774
vn 0.432699 0.230863 -0.871478
vn 0.641963 -0.240514 -0.728036
vn 0.431658 -0.240514 -0.869381
vn 0.432699 0.230863 -0.871478
vn 0.643510 0.230863 -0.729792
vn 0.808518 -0.240514 -0.537078
vn 0.641963 -0.240514 -0.728036
vn 0.643510 0.230863 -0.729792
vn 0.810467 0.230863 -0.538373
vn 0.919974 -0.240514 -0.309517
vn 0.808518 -0.240514 -0.537078
vn 0.810467 0.230863 -0.538373
vn 0.922193 0.230862 -0.310263
vn 0.968736 -0.240514 -0.060864
vn 0.919974 -0.240514 -0.309517
vn 0.922193 0.230862 -0.310263
vn 0.971072 0.230862 -0.061011
vn 0.951479 -0.240514 0.191937
vn 0.968736 -0.240514 -0.060864
vn 0.971072 0.230862 -0.061011
vn 0.953774 0.230863 0.192400
vn 0.869381 -0.240514 0.431658
vn 0.951479 -0.240514 0.191937
vn 0.953774 0.230863 0.192400
vn 0.871478 0.230863 0.432699
vn 0.728037 -0.240514 0.641962
vn 0.869381 -0.240514 0.431658
vn 0.871478 0.230863 0.432699
vn 0.729792 0.230863 0.643510
vn 0.537078 -0.240514 0.808518
vn 0.728037 -0.240514 0.641962
vn 0.729792 0.230863 0.643510
vn 0.538373 0.230862 0.810467
vn 0.309517 -0.240514 0.919974
vn 0.537078 -0.240514 0.808518
vn 0.538373 0.230862 0.810467
vn 0.310264 0.230862 0.922193
vn 0.060864 -0.240514 0.968736
vn 0.309517 -0.240514 0.919974
vn 0.310264 0.230862 0.922193
vn 0.061011 0.230863 0.971072
vn -0.191937 -0.240514 0.951480
vn 0.060864 -0.240514 0.968736
vn 0.061011 0.230863 0.971072
vn -0.192400 0.230863 0.953774
vn -0.431658 -0.240514 0.869381
vn -0.191937 -0.240514 0.951480
vn -0.192400 0.230863 0.953774
vn -0.432699 0.230863 0.871478
vn -0.641963 -0.240514 0.728036
vn -0.431658 -0.240514 0.869381
vn -0.432699 0.230863 0.871478
vn -0.643511 0.230863 0.729792
vn -0.808518 -0.240513 0.537078
vn -0.641963 -0.240514 0.728036
vn -0.643511 0.230863 0.729792
vn -0.810467 0.230863 0.538373
vn -0.919974 -0.240514 0.309517
vn -0.808518 -0.240513 0.537078
vn -0.810467 0.230863 0.538373
vn -0.922193 0.230862 0.310264
vn -0.968736 -0.240514 0.060864
vn -0.919974 -0.240514 0.309517
vn -0.922193 0.230862 0.310264
vn -0.971072 0.230863 0.061011
vn -0.951480 -0.240513 -0.191937
vn -0.968736 -0.240514 0.060864
vn -0.971072 0.230863 0.061011
vn -0.953774 0.230864 -0.192400
vn -0.519249 0.345484 -0.781678
vn -0.703869 0.345484 -0.620652
vn -0.451732 0.798295 -0.398325
vn -0.333246 0.798295 -0.501669
vn -0.299243 0.345484 -0.889435
vn -0.519249 0.345484 -0.781678
vn -0.333246 0.798295 -0.501669
vn -0.192050 0.798295 -0.570825
vn -0.058844 0.345484 -0.936578
vn -0.299243 0.345484 -0.889435
vn -0.192050 0.798295 -0.570825
vn -0.037765 0.798296 -0.601081
vn 0.185566 0.345484 -0.919895
vn -0.058844 0.345484 -0.936578
vn -0.037765 0.798296 -0.601081
vn 0.119093 0.798295 -0.590374
vn 0.417329 0.345485 -0.840522
vn 0.185566 0.345484 -0.919895
vn 0.119093 0.798295 -0.590374
vn 0.267836 0.798295 -0.539434
vn 0.620652 0.345485 -0.703869
vn 0.417329 0.345485 -0.840522
vn 0.267836 0.798295 -0.539434
vn 0.398325 0.798295 -0.451733
vn 0.781678 0.345484 -0.519249
vn 0.620652 0.345485 -0.703869
vn 0.398325 0.798295 -0.451733
vn 0.501669 0.798295 -0.333246
vn 0.889435 0.345484 -0.299242
vn 0.781678 0.345484 -0.519249
vn 0.501669 0.798295 -0.333246
vn 0.570825 0.798295 -0.192049
vn 0.936578 0.345484 -0.058843
vn 0.889435 0.345484 -0.299242
vn 0.570825 0.798295 -0.192049
vn 0.601081 0.798295 -0.037765
vn 0.919895 0.345484 0.185566
vn 0.936578 0.345484 -0.058843
vn 0.601081 0.798295 -0.037765
vn 0.590374 0.798295 0.119093
vn 0.840522 0.345484 0.417329
vn 0.919895 0.345484 0.185566
vn 0.590374 0.798295 0.119093
vn 0.539434 0.798295 0.267835
vn 0.703869 0.345484 0.620652
vn 0.840522 0.345484 0.417329
vn 0.539434 0.798295 0.267835
vn 0.451733 0.798295 0.398325
vn 0.519249 0.345484 0.781678
vn 0.703869 0.345484 0.620652
vn 0.451733 0.798295 0.398325
vn 0.333246 0.798295 0.501669
vn 0.299243 0.345484 0.889435
vn 0.519249 0.345484 0.781678
vn 0.333246 0.798295 0.501669
vn 0.192049 0.798295 0.570826
vn 0.058843 0.345484 0.936578
vn 0.299243 0.345484 0.889435
vn 0.192049 0.798295 0.570826
vn 0.037765 0.798295 0.601081
vn -0.185566 0.345484 0.919895
vn 0.058843 0.345484 0.936578
vn 0.037765 0.798295 0.601081
vn -0.119093 0.798295 0.590374
vn -0.417329 0.345484 0.840522
vn -0.185566 0.345484 0.919895
vn -0.119093 0.798295 0.590374
vn -0.267835 0.798295 0.539434
vn -0.620652 0.345484 0.703869
vn -0.417329 0.345484 0.840522
vn -0.267835 0.798295 0.539434
vn -0.398325 0.798295 0.451732
vn -0.781678 0.345484 0.519249
vn -0.620652 0.345484 0.703869
vn -0.398325 0.798295 0.451732
vn -0.501669 0.798295 0.333246
vn -0.889435 0.345484 0.299242
vn -0.781678 0.345484 0.519249
vn -0.501669 0.798295 0.333246
vn -0.570825 0.798295 0.192049
vn -0.936578 0.345484 0.058844
vn -0.889435 0.345484 0.299242
vn -0.570825 0.798295 0.192049
vn -0.601081 0.798295 0.037765
vn -0.919895 0.345484 -0.185566
vn -0.936578 0.345484 0.058844
vn -0.601081 0.798295 0.037765
vn -0.590374 0.798295 -0.119093
vn -0.840522 0.345484 -0.417329
vn -0.919895 0.345484 -0.185566
vn -0.590374 0.798295 -0.119093
vn -0.539434 0.798295 -0.267835
vn -0.703869 0.345484 -0.620652
vn -0.840522 0.345484 -0.417329
vn -0.539434 0.798295 -0.267835
vn -0.451732 0.798295 -0.398325
vn -0.535201 -0.253811 -0.805692
vn -0.725493 -0.253811 -0.639719
vn -0.703869 0.345484 -0.620652
vn -0.519249 0.345484 -0.781678
vn -0.308435 -0.253811 -0.916759
vn -0.535201 -0.253811 -0.805692
vn -0.519249 0.345484 -0.781678
vn -0.299243 0.345484 -0.889435
vn -0.060651 -0.253811 -0.965350
vn -0.308435 -0.253811 -0.916759
vn -0.299243 0.345484 -0.889435
vn -0.058844 0.345484 -0.936578
vn 0.191267 -0.253811 -0.948155
vn -0.060651 -0.253811 -0.965350
vn -0.058844 0.345484 -0.936578
vn 0.185566 0.345484 -0.919895
vn 0.430150 -0.253811 -0.866343
vn 0.191267 -0.253811 -0.948155
vn 0.185566 0.345484 -0.919895
vn 0.417329 0.345485 -0.840522
vn 0.639719 -0.253812 -0.725493
vn 0.430150 -0.253811 -0.866343
vn 0.417329 0.345485 -0.840522
vn 0.620652 0.345485 -0.703869
vn 0.805692 -0.253811 -0.535201
vn 0.639719 -0.253812 -0.725493
vn 0.620652 0.345485 -0.703869
vn 0.781678 0.345484 -0.519249
vn 0.916759 -0.253811 -0.308435
vn 0.805692 -0.253811 -0.535201
vn 0.781678 0.345484 -0.519249
vn 0.889435 0.345484 -0.299242
vn 0.965351 -0.253810 -0.060651
vn 0.916759 -0.253811 -0.308435
vn 0.889435 0.345484 -0.299242
vn 0.936578 0.345484 -0.058843
vn 0.948155 -0.253810 0.191266
vn 0.965351 -0.253810 -0.060651
vn 0.936578 0.345484 -0.058843
vn 0.919895 0.345484 0.185566
vn 0.866343 -0.253811 0.430150
vn 0.948155 -0.253810 0.191266
vn 0.919895 0.345484 0.185566
vn 0.840522 0.345484 0.417329
vn 0.725493 -0.253811 0.639719
vn 0.866343 -0.253811 0.430150
vn 0.840522 0.345484 0.417329
vn 0.703869 0.345484 0.620652
vn 0.535201 -0.253811 0.805692
vn 0.725493 -0.253811 0.639719
vn 0.703869 0.345484 0.620652
vn 0.519249 0.345484 0.781678
vn 0.308435 -0.253811 0.916759
vn 0.535201 -0.253811 0.805692
vn 0.519249 0.345484 0.781678
vn 0.299243 0.345484 0.889435
vn 0.060651 -0.253811 0.965350
vn 0.308435 -0.253811 0.916759
vn 0.299243 0.345484 0.889435
vn 0.058843 0.345484 0.936578
vn -0.191266 -0.253811 0.948155
vn 0.060651 -0.253811 0.965350
vn 0.058843 0.345484 0.936578
vn -0.185566 0.345484 0.919895
vn -0.430150 -0.253811 0.866343
vn -0.191266 -0.253811 0.948155
vn -0.185566 0.345484 0.919895
vn -0.417329 0.345484 0.840522
vn -0.639719 -0.253811 0.725493
vn -0.430150 -0.253811 0.866343
vn -0.417329 0.345484 0.840522
vn -0.620652 0.345484 0.703869
vn -0.805692 -0.253811 0.535201
vn -0.639719 -0.253811 0.725493
vn -0.620652 0.345484 0.703869
vn -0.781678 0.345484 0.519249
vn -0.916759 -0.253811 0.308435
vn -0.805692 -0.253811 0.535201
vn -0.781678 0.345484 0.519249
vn -0.889435 0.345484 0.299242
vn -0.965350 -0.253812 0.060651
vn -0.916759 -0.253811 0.308435
vn -0.889435 0.345484 0.299242
vn -0.936578 0.345484 0.058844
vn -0.948155 -0.253811 -0.191267
vn -0.965350 -0.253812 0.060651
vn -0.936578 0.345484 0.058844
vn -0.919895 0.345484 -0.185566
vn -0.866343 -0.253811 -0.430150
vn -0.948155 -0.253811 -0.191267
vn -0.919895 0.345484 -0.185566
vn -0.840522 0.345484 -0.417329
vn -0.725493 -0.253811 -0.639719
vn -0.866343 -0.253811 -0.430150
vn -0.840522 0.345484 -0.417329
vn -0.703869 0.345484 -0.620652
vn -0.000001 -1.000000 -0.000001
vn -0.000001 -1.000000 -0.000001
vn -0.000001 -1.000000 -0.000001
vn -0.000001 -1.000000 -0.000001
vn 0.000001 1.000000 0.000001
vn 0.000001 1.000000 0.000001
vn -0.189442 0.804397 -0.563078
vn -0.328723 0.804398 -0.494860
vn -0.000001 -1.000000 -0.000001
vn -0.000001 -1.000000 -0.000001
vn -0.000001 -1.000000 -0.000001
vn -0.000001 -1.000000 -0.000001
vn 0.000001 1.000000 0.000001
vn 0.000001 1.000000 0.000001
vn -0.328723 0.804398 -0.494860
vn -0.445601 0.804398 -0.392918
vn -0.000001 -1.000000 -0.000001
vn -0.000001 -1.000000 -0.000001
vn -0.000001 -1.000000 -0.000001
vn -0.000001 -1.000000 -0.000001
vn 0.000001 1.000000 0.000001
vn 0.000001 1.000000 0.000001
vn -0.445601 0.804398 -0.392918
vn -0.532112 0.804398 -0.264200
vn -0.000001 -1.000000 -0.000000
vn -0.000001 -1.000000 -0.000000
vn -0.000001 -1.000000 -0.000000
vn -0.000001 -1.000000 -0.000000
vn 0.000001 1.000000 0.000000
vn 0.000001 1.000000 0.000000
vn -0.532112 0.804398 -0.264200
vn -0.582360 0.804398 -0.117477
vn -0.000001 -1.000000 -0.000000
vn -0.000001 -1.000000 -0.000000
vn -0.000001 -1.000000 -0.000000
vn -0.000001 -1.000000 -0.000000
vn 0.000001 1.000000 0.000000
vn 0.000001 1.000000 0.000000
vn -0.582360 0.804398 -0.117477
vn -0.592922 0.804398 0.037252
vn -0.000001 -1.000000 0.000000
vn -0.000001 -1.000000 0.000000
vn -0.000001 -1.000000 0.000000
vn -0.000001 -1.000000 0.000000
vn 0.000001 1.000000 -0.000000
vn 0.000001 1.000000 -0.000000
vn -0.592922 0.804398 0.037252
vn -0.563077 0.804398 0.189442
vn -0.000001 -1.000000 0.000001
vn -0.000001 -1.000000 0.000001
vn -0.000001 -1.000000 0.000001
vn -0.000001 -1.000000 0.000001
vn 0.000001 1.000000 -0.000000
vn 0.000001 1.000000 -0.000000
vn -0.563077 0.804398 0.189442
vn -0.494859 0.804398 0.328722
vn -0.000001 -1.000000 0.000001
vn -0.000001 -1.000000 0.000001
vn -0.000001 -1.000000 0.000001
vn -0.000001 -1.000000 0.000001
vn 0.000001 1.000000 -0.000001
vn 0.000001 1.000000 -0.000001
vn -0.494859 0.804398 0.328722
vn -0.392918 0.804398 0.445600
vn -0.000001 -1.000000 0.000001
vn -0.000001 -1.000000 0.000001
vn -0.000001 -1.000000 0.000001
vn -0.000001 -1.000000 0.000001
vn 0.000001 1.000000 -0.000001
vn 0.000001 1.000000 -0.000001
vn -0.392918 0.804398 0.445600
vn -0.264200 0.804398 0.532112
vn -0.000000 -1.000000 0.000001
vn -0.000000 -1.000000 0.000001
vn -0.000000 -1.000000 0.000001
vn -0.000000 -1.000000 0.000001
vn 0.000000 1.000000 -0.000001
vn 0.000000 1.000000 -0.000001
vn -0.264200 0.804398 0.532112
vn -0.117477 0.804398 0.582361
vn -0.000000 -1.000000 0.000001
vn -0.000000 -1.000000 0.000001
vn -0.000000 -1.000000 0.000001
vn -0.000000 -1.000000 0.000001
vn 0.000000 1.000000 -0.000001
vn 0.000000 1.000000 -0.000001
vn -0.117477 0.804398 0.582361
vn 0.037252 0.804398 0.592922
vn 0.000000 -1.000000 0.000001
vn 0.000000 -1.000000 0.000001
vn 0.000000 -1.000000 0.000001
vn 0.000000 -1.000000 0.000001
vn -0.000000 1.000000 -0.000001
vn -0.000000 1.000000 -0.000001
vn 0.037252 0.804398 0.592922
vn 0.189442 0.804398 0.563077
vn 0.000001 -1.000000 0.000001
vn 0.000001 -1.000000 0.000001
vn 0.000001 -1.000000 0.000001
vn 0.000001 -1.000000 0.000001
vn -0.000001 1.000000 -0.000001
vn -0.000001 1.000000 -0.000001
vn 0.189442 0.804398 0.563077
vn 0.328723 0.804398 0.494859
vn 0.000001 -1.000000 0.000001
vn 0.000001 -1.000000 0.000001
vn 0.000001 -1.000000 0.000001
vn 0.000001 -1.000000 0.000001
vn -0.000001 1.000000 -0.000001
vn -0.000001 1.000000 -0.000001
vn 0.328723 0.804398 0.494859
vn 0.445601 0.804398 0.392918
vn 0.000001 -1.000000 0.000001
vn 0.000001 -1.000000 0.000001
vn 0.000001 -1.000000 0.000001
vn 0.000001 -1.000000 0.000001
vn -0.000001 1.000000 -0.000001
vn -0.000001 1.000000 -0.000001
vn 0.445601 0.804398 0.392918
vn 0.532112 0.804397 0.264200
vn 0.000001 -1.000000 0.000000
vn 0.000001 -1.000000 0.000000
vn 0.000001 -1.000000 0.000000
vn 0.000001 -1.000000 0.000000
vn -0.000001 1.000000 -0.000000
vn -0.000001 1.000000 -0.000000
vn 0.532112 0.804397 0.264200
vn 0.582361 0.804398 0.117477
vn 0.000001 -1.000000 0.000000
vn 0.000001 -1.000000 0.000000
vn 0.000001 -1.000000 0.000000
vn 0.000001 -1.000000 0.000000
vn -0.000001 1.000000 -0.000000
vn -0.000001 1.000000 -0.000000
vn 0.582361 0.804398 0.117477
vn 0.592922 0.804398 -0.037252
vn 0.000001 -1.000000 -0.000000
vn 0.000001 -1.000000 -0.000000
vn 0.000001 -1.000000 -0.000000
vn 0.000001 -1.000000 -0.000000
vn -0.000001 1.000000 0.000000
vn -0.000001 1.000000 0.000000
vn 0.592922 0.804398 -0.037252
vn 0.563077 0.804398 -0.189442
vn 0.000001 -1.000000 -0.000001
vn 0.000001 -1.000000 -0.000001
vn 0.000001 -1.000000 -0.000001
vn 0.000001 -1.000000 -0.000001
vn -0.000001 1.000000 0.000001
vn -0.000001 1.000000 0.000001
vn 0.563077 0.804398 -0.189442
vn 0.494860 0.804397 -0.328723
vn 0.000001 -1.000000 -0.000001
vn 0.000001 -1.000000 -0.000001
vn 0.000001 -1.000000 -0.000001
vn 0.000001 -1.000000 -0.000001
vn -0.000001 1.000000 0.000001
vn -0.000001 1.000000 0.000001
vn 0.494860 0.804397 -0.328723
vn 0.392918 0.804397 -0.445601
vn 0.000001 -1.000000 -0.000001
vn 0.000001 -1.000000 -0.000001
vn 0.000001 -1.000000 -0.000001
vn 0.000001 -1.000000 -0.000001
vn -0.000001 1.000000 0.000001
vn -0.000001 1.000000 0.000001
vn 0.392918 0.804397 -0.445601
vn 0.264200 0.804398 -0.532112
vn 0.000000 -1.000000 -0.000001
vn 0.000000 -1.000000 -0.000001
vn 0.000000 -1.000000 -0.000001
vn 0.000000 -1.000000 -0.000001
vn -0.000000 1.000000 0.000001
vn -0.000000 1.000000 0.000001
vn 0.264200 0.804398 -0.532112
vn 0.117477 0.804397 -0.582361
vn 0.000000 -1.000000 -0.000001
vn 0.000000 -1.000000 -0.000001
vn 0.000000 -1.000000 -0.000001
vn 0.000000 -1.000000 -0.000001
vn -0.000000 1.000000 0.000001
vn -0.000000 1.000000 0.000001
vn 0.117477 0.804397 -0.582361
vn -0.037252 0.804397 -0.592923
vn -0.000000 -1.000000 -0.000001
vn -0.000000 -1.000000 -0.000001
vn -0.000000 -1.000000 -0.000001
vn -0.000000 -1.000000 -0.000001
vn 0.000000 1.000000 0.000001
vn 0.000000 1.000000 0.000001
vn -0.037252 0.804397 -0.592923
vn -0.189442 0.804397 -0.563078
vn -0.060233 0.277963 -0.958701
vn -0.306311 0.277963 -0.910445
vn -0.189442 0.804397 -0.563078
vn -0.037252 0.804397 -0.592923
vn 0.189949 0.277963 -0.941624
vn -0.060233 0.277963 -0.958701
vn -0.037252 0.804397 -0.592923
vn 0.117477 0.804397 -0.582361
vn 0.427187 0.277963 -0.860377
vn 0.189949 0.277963 -0.941624
vn 0.117477 0.804397 -0.582361
vn 0.264200 0.804398 -0.532112
vn 0.635313 0.277963 -0.720496
vn 0.427187 0.277963 -0.860377
vn 0.264200 0.804398 -0.532112
vn 0.392918 0.804397 -0.445601
vn 0.800143 0.277962 -0.531515
vn 0.635313 0.277963 -0.720496
vn 0.392918 0.804397 -0.445601
vn 0.494860 0.804397 -0.328723
vn 0.910445 0.277963 -0.306311
vn 0.800143 0.277962 -0.531515
vn 0.494860 0.804397 -0.328723
vn 0.563077 0.804398 -0.189442
vn 0.958701 0.277963 -0.060233
vn 0.910445 0.277963 -0.306311
vn 0.563077 0.804398 -0.189442
vn 0.592922 0.804398 -0.037252
vn 0.941624 0.277964 0.189949
vn 0.958701 0.277963 -0.060233
vn 0.592922 0.804398 -0.037252
vn 0.582361 0.804398 0.117477
vn 0.860376 0.277963 0.427187
vn 0.941624 0.277964 0.189949
vn 0.582361 0.804398 0.117477
vn 0.532112 0.804397 0.264200
vn 0.720496 0.277963 0.635313
vn 0.860376 0.277963 0.427187
vn 0.532112 0.804397 0.264200
vn 0.445601 0.804398 0.392918
vn 0.531515 0.277963 0.800143
vn 0.720496 0.277963 0.635313
vn 0.445601 0.804398 0.392918
vn 0.328723 0.804398 0.494859
vn 0.306311 0.277963 0.910445
vn 0.531515 0.277963 0.800143
vn 0.328723 0.804398 0.494859
vn 0.189442 0.804398 0.563077
vn 0.060233 0.277963 0.958701
vn 0.306311 0.277963 0.910445
vn 0.189442 0.804398 0.563077
vn 0.037252 0.804398 0.592922
vn -0.189949 0.277962 0.941624
vn 0.060233 0.277963 0.958701
vn 0.037252 0.804398 0.592922
vn -0.117477 0.804398 0.582361
vn -0.427187 0.277963 0.860377
vn -0.189949 0.277962 0.941624
vn -0.117477 0.804398 0.582361
vn -0.264200 0.804398 0.532112
vn -0.635313 0.277963 0.720496
vn -0.427187 0.277963 0.860377
vn -0.264200 0.804398 0.532112
vn -0.392918 0.804398 0.445600
vn -0.800143 0.277963 0.531514
vn -0.635313 0.277963 0.720496
vn -0.392918 0.804398 0.445600
vn -0.494859 0.804398 0.328722
vn -0.910445 0.277963 0.306311
vn -0.800143 0.277963 0.531514
vn -0.494859 0.804398 0.328722
vn -0.563077 0.804398 0.189442
vn -0.958701 0.277963 0.060234
vn -0.910445 0.277963 0.306311
vn -0.563077 0.804398 0.189442
vn -0.592922 0.804398 0.037252
vn -0.941624 0.277964 -0.189949
vn -0.958701 0.277963 0.060234
vn -0.592922 0.804398 0.037252
vn -0.582360 0.804398 -0.117477
vn -0.860376 0.277964 -0.427187
vn -0.941624 0.277964 -0.189949
vn -0.582360 0.804398 -0.117477
vn -0.532112 0.804398 -0.264200
vn -0.720496 0.277963 -0.635313
vn -0.860376 0.277964 -0.427187
vn -0.532112 0.804398 -0.264200
vn -0.445601 0.804398 -0.392918
vn -0.531514 0.277963 -0.800143
vn -0.720496 0.277963 -0.635313
vn -0.445601 0.804398 -0.392918
vn -0.328723 0.804398 -0.494860
vn -0.306311 0.277963 -0.910445
vn -0.531514 0.277963 -0.800143
vn -0.328723 0.804398 -0.494860
vn -0.189442 0.804397 -0.563078
vn -0.062704 0.000000 -0.998032
vn -0.318878 0.000000 -0.947796
vn -0.306311 0.277963 -0.910445
vn -0.060233 0.277963 -0.958701
vn 0.197742 0.000000 -0.980254
vn -0.062704 0.000000 -0.998032
vn -0.060233 0.277963 -0.958701
vn 0.189949 0.277963 -0.941624
vn 0.444712 0.000000 -0.895674
vn 0.197742 0.000000 -0.980254
vn 0.189949 0.277963 -0.941624
vn 0.427187 0.277963 -0.860377
vn 0.661376 0.000000 -0.750054
vn 0.444712 0.000000 -0.895674
vn 0.427187 0.277963 -0.860377
vn 0.635313 0.277963 -0.720496
vn 0.832969 0.000000 -0.553320
vn 0.661376 0.000000 -0.750054
vn 0.635313 0.277963 -0.720496
vn 0.800143 0.277962 -0.531515
vn 0.947796 0.000000 -0.318877
vn 0.832969 0.000000 -0.553320
vn 0.800143 0.277962 -0.531515
vn 0.910445 0.277963 -0.306311
vn 0.998032 0.000000 -0.062704
vn 0.947796 0.000000 -0.318877
vn 0.910445 0.277963 -0.306311
vn 0.958701 0.277963 -0.060233
vn 0.980254 0.000000 0.197742
vn 0.998032 0.000000 -0.062704
vn 0.958701 0.277963 -0.060233
vn 0.941624 0.277964 0.189949
vn 0.895673 0.000000 0.444712
vn 0.980254 0.000000 0.197742
vn 0.941624 0.277964 0.189949
vn 0.860376 0.277963 0.427187
vn 0.750054 0.000000 0.661376
vn 0.895673 0.000000 0.444712
vn 0.860376 0.277963 0.427187
vn 0.720496 0.277963 0.635313
vn 0.553320 0.000000 0.832969
vn 0.750054 0.000000 0.661376
vn 0.720496 0.277963 0.635313
vn 0.531515 0.277963 0.800143
vn 0.318878 0.000000 0.947796
vn 0.553320 0.000000 0.832969
vn 0.531515 0.277963 0.800143
vn 0.306311 0.277963 0.910445
vn 0.062704 0.000000 0.998032
vn 0.318878 0.000000 0.947796
vn 0.306311 0.277963 0.910445
vn 0.060233 0.277963 0.958701
vn -0.197742 0.000000 0.980254
vn 0.062704 0.000000 0.998032
vn 0.060233 0.277963 0.958701
vn -0.189949 0.277962 0.941624
vn -0.444712 0.000000 0.895674
vn -0.197742 0.000000 0.980254
vn -0.189949 0.277962 0.941624
vn -0.427187 0.277963 0.860377
vn -0.661377 0.000000 0.750054
vn -0.444712 0.000000 0.895674
vn -0.427187 0.277963 0.860377
vn -0.635313 0.277963 0.720496
vn -0.832969 0.000000 0.553320
vn -0.661377 0.000000 0.750054
vn -0.635313 0.277963 0.720496
vn -0.800143 0.277963 0.531514
vn -0.947796 0.000000 0.318878
vn -0.832969 0.000000 0.553320
vn -0.800143 0.277963 0.531514
vn -0.910445 0.277963 0.306311
vn -0.998032 0.000000 0.062705
vn -0.947796 0.000000 0.318878
vn -0.910445 0.277963 0.306311
vn -0.958701 0.277963 0.060234
vn -0.980254 0.000000 -0.197742
vn -0.998032 0.000000 0.062705
vn -0.958701 0.277963 0.060234
vn -0.941624 0.277964 -0.189949
vn -0.895674 0.000000 -0.444712
vn -0.980254 0.000000 -0.197742
vn -0.941624 0.277964 -0.189949
vn -0.860376 0.277964 -0.427187
vn -0.750054 0.000000 -0.661376
vn -0.895674 0.000000 -0.444712
vn -0.860376 0.277964 -0.427187
vn -0.720496 0.277963 -0.635313
vn -0.553320 0.000000 -0.832969
vn -0.750054 0.000000 -0.661376
vn -0.720496 0.277963 -0.635313
vn -0.531514 0.277963 -0.800143
vn -0.318878 0.000000 -0.947796
vn -0.553320 0.000000 -0.832969
vn -0.531514 0.277963 -0.800143
vn -0.306311 0.277963 -0.910445
vn -0.553320 -0.000000 -0.832969
vn -0.750054 0.000000 -0.661376
vn -0.715187 0.301349 -0.630632
vn -0.527598 0.301349 -0.794248
vn -0.318878 -0.000001 -0.947796
vn -0.553320 -0.000000 -0.832969
vn -0.527598 0.301349 -0.794248
vn -0.304054 0.301349 -0.903737
vn -0.062704 -0.000000 -0.998032
vn -0.318878 -0.000001 -0.947796
vn -0.304054 0.301349 -0.903737
vn -0.059789 0.301349 -0.951638
vn 0.197742 0.000000 -0.980254
vn -0.062704 -0.000000 -0.998032
vn -0.059789 0.301349 -0.951638
vn 0.188549 0.301350 -0.934686
vn 0.444713 0.000000 -0.895673
vn 0.197742 0.000000 -0.980254
vn 0.188549 0.301350 -0.934686
vn 0.424039 0.301350 -0.854037
vn 0.661376 0.000000 -0.750054
vn 0.444713 0.000000 -0.895673
vn 0.424039 0.301350 -0.854037
vn 0.630631 0.301350 -0.715187
vn 0.832969 0.000000 -0.553320
vn 0.661376 0.000000 -0.750054
vn 0.630631 0.301350 -0.715187
vn 0.794247 0.301351 -0.527598
vn 0.947796 0.000000 -0.318877
vn 0.832969 0.000000 -0.553320
vn 0.794247 0.301351 -0.527598
vn 0.903736 0.301350 -0.304054
vn 0.998032 0.000000 -0.062704
vn 0.947796 0.000000 -0.318877
vn 0.903736 0.301350 -0.304054
vn 0.951637 0.301350 -0.059790
vn 0.980254 0.000000 0.197742
vn 0.998032 0.000000 -0.062704
vn 0.951637 0.301350 -0.059790
vn 0.934686 0.301350 0.188549
vn 0.895674 0.000000 0.444712
vn 0.980254 0.000000 0.197742
vn 0.934686 0.301350 0.188549
vn 0.854037 0.301350 0.424039
vn 0.750055 0.000000 0.661376
vn 0.895674 0.000000 0.444712
vn 0.854037 0.301350 0.424039
vn 0.715187 0.301350 0.630632
vn 0.553320 0.000000 0.832969
vn 0.750055 0.000000 0.661376
vn 0.715187 0.301350 0.630632
vn 0.527598 0.301350 0.794247
vn 0.318878 0.000000 0.947796
vn 0.553320 0.000000 0.832969
vn 0.527598 0.301350 0.794247
vn 0.304054 0.301350 0.903736
vn 0.062704 0.000000 0.998032
vn 0.318878 0.000000 0.947796
vn 0.304054 0.301350 0.903736
vn 0.059790 0.301350 0.951637
vn -0.197742 0.000000 0.980254
vn 0.062704 0.000000 0.998032
vn 0.059790 0.301350 0.951637
vn -0.188549 0.301349 0.934686
vn -0.444713 0.000000 0.895673
vn -0.197742 0.000000 0.980254
vn -0.188549 0.301349 0.934686
vn -0.424039 0.301349 0.854037
vn -0.661376 0.000000 0.750054
vn -0.444713 0.000000 0.895673
vn -0.424039 0.301349 0.854037
vn -0.630631 0.301350 0.715187
vn -0.832969 0.000000 0.553320
vn -0.661376 0.000000 0.750054
vn -0.630631 0.301350 0.715187
vn -0.794247 0.301351 0.527598
vn -0.947796 0.000000 0.318877
vn -0.832969 0.000000 0.553320
vn -0.794247 0.301351 0.527598
vn -0.903736 0.301351 0.304054
vn -0.998032 0.000000 0.062705
vn -0.947796 0.000000 0.318877
vn -0.903736 0.301351 0.304054
vn -0.951637 0.301351 0.059790
vn -0.980254 0.000000 -0.197742
vn -0.998032 0.000000 0.062705
vn -0.951637 0.301351 0.059790
vn -0.934685 0.301351 -0.188550
vn -0.895674 0.000000 -0.444712
vn -0.980254 0.000000 -0.197742
vn -0.934685 0.301351 -0.188550
vn -0.854037 0.301350 -0.424039
vn -0.750054 0.000000 -0.661376
vn -0.895674 0.000000 -0.444712
vn -0.854037 0.301350 -0.424039
vn -0.715187 0.301349 -0.630632
vn -0.546519 -0.156303 -0.822731
vn -0.740835 -0.156304 -0.653247
vn -0.750054 0.000000 -0.661376
vn -0.553320 -0.000000 -0.832969
vn -0.314958 -0.156303 -0.936147
vn -0.546519 -0.156303 -0.822731
vn -0.553320 -0.000000 -0.832969
vn -0.318878 -0.000001 -0.947796
vn -0.061934 -0.156302 -0.985766
vn -0.314958 -0.156303 -0.936147
vn -0.318878 -0.000001 -0.947796
vn -0.062704 -0.000000 -0.998032
vn 0.195311 -0.156302 -0.968206
vn -0.061934 -0.156302 -0.985766
vn -0.062704 -0.000000 -0.998032
vn 0.197742 0.000000 -0.980254
vn 0.439246 -0.156304 -0.884665
vn 0.195311 -0.156302 -0.968206
vn 0.197742 0.000000 -0.980254
vn 0.444713 0.000000 -0.895673
vn 0.653248 -0.156304 -0.740835
vn 0.439246 -0.156304 -0.884665
vn 0.444713 0.000000 -0.895673
vn 0.661376 0.000000 -0.750054
vn 0.822730 -0.156304 -0.546520
vn 0.653248 -0.156304 -0.740835
vn 0.661376 0.000000 -0.750054
vn 0.832969 0.000000 -0.553320
vn 0.936146 -0.156305 -0.314959
vn 0.822730 -0.156304 -0.546520
vn 0.832969 0.000000 -0.553320
vn 0.947796 0.000000 -0.318877
vn 0.985765 -0.156304 -0.061934
vn 0.936146 -0.156305 -0.314959
vn 0.947796 0.000000 -0.318877
vn 0.998032 0.000000 -0.062704
vn 0.968206 -0.156303 0.195312
vn 0.985765 -0.156304 -0.061934
vn 0.998032 0.000000 -0.062704
vn 0.980254 0.000000 0.197742
vn 0.884665 -0.156304 0.439247
vn 0.968206 -0.156303 0.195312
vn 0.980254 0.000000 0.197742
vn 0.895674 0.000000 0.444712
vn 0.740836 -0.156304 0.653246
vn 0.884665 -0.156304 0.439247
vn 0.895674 0.000000 0.444712
vn 0.750055 0.000000 0.661376
vn 0.546519 -0.156304 0.822730
vn 0.740836 -0.156304 0.653246
vn 0.750055 0.000000 0.661376
vn 0.553320 0.000000 0.832969
vn 0.314958 -0.156304 0.936146
vn 0.546519 -0.156304 0.822730
vn 0.553320 0.000000 0.832969
vn 0.318878 0.000000 0.947796
vn 0.061934 -0.156304 0.985765
vn 0.314958 -0.156304 0.936146
vn 0.318878 0.000000 0.947796
vn 0.062704 0.000000 0.998032
vn -0.195311 -0.156303 0.968206
vn 0.061934 -0.156304 0.985765
vn 0.062704 0.000000 0.998032
vn -0.197742 0.000000 0.980254
vn -0.439247 -0.156303 0.884665
vn -0.195311 -0.156303 0.968206
vn -0.197742 0.000000 0.980254
vn -0.444713 0.000000 0.895673
vn -0.653247 -0.156303 0.740835
vn -0.439247 -0.156303 0.884665
vn -0.444713 0.000000 0.895673
vn -0.661376 0.000000 0.750054
vn -0.822731 -0.156304 0.546519
vn -0.653247 -0.156303 0.740835
vn -0.661376 0.000000 0.750054
vn -0.832969 0.000000 0.553320
vn -0.936147 -0.156305 0.314958
vn -0.822731 -0.156304 0.546519
vn -0.832969 0.000000 0.553320
vn -0.947796 0.000000 0.318877
vn -0.985765 -0.156304 0.061934
vn -0.936147 -0.156305 0.314958
vn -0.947796 0.000000 0.318877
vn -0.998032 0.000000 0.062705
vn -0.968206 -0.156304 -0.195312
vn -0.985765 -0.156304 0.061934
vn -0.998032 0.000000 0.062705
vn -0.980254 0.000000 -0.197742
vn -0.884664 -0.156305 -0.439247
vn -0.968206 -0.156304 -0.195312
vn -0.980254 0.000000 -0.197742
vn -0.895674 0.000000 -0.444712
vn -0.740835 -0.156304 -0.653247
vn -0.884664 -0.156305 -0.439247
vn -0.895674 0.000000 -0.444712
vn -0.750054 0.000000 -0.661376
vn 0.777036 0.360263 -0.516165
vn 0.884152 0.360263 -0.297465
vn 0.566350 0.801836 -0.190544
vn 0.497736 0.801836 -0.330633
vn -0.903736 0.301351 0.304054
vn -0.794247 0.301351 0.527598
vn -0.315824 0.936123 0.154689
vn -0.315824 0.936123 0.154689
vn 0.884152 0.360263 -0.297465
vn 0.931015 0.360263 -0.058494
vn 0.596368 0.801836 -0.037469
vn 0.566350 0.801836 -0.190544
vn -0.951637 0.301351 0.059790
vn -0.903736 0.301351 0.304054
vn -0.345100 0.936123 0.067675
vn -0.345100 0.936123 0.067675
vn 0.931015 0.360263 -0.058494
vn 0.914431 0.360263 0.184464
vn 0.585746 0.801836 0.118160
vn 0.596368 0.801836 -0.037469
vn -0.934685 0.301351 -0.188550
vn -0.951637 0.301351 0.059790
vn -0.350856 0.936123 -0.023950
vn -0.350856 0.936123 -0.023950
vn 0.914431 0.360263 0.184464
vn 0.835530 0.360263 0.414850
vn 0.535205 0.801836 0.265736
vn 0.585746 0.801836 0.118160
vn -0.854037 0.301350 -0.424039
vn -0.934685 0.301351 -0.188550
vn -0.332702 0.936123 -0.113941
vn -0.332702 0.936123 -0.113941
vn 0.835530 0.360263 0.414850
vn 0.699689 0.360263 0.616965
vn 0.448191 0.801836 0.395202
vn 0.535205 0.801836 0.265736
vn -0.715187 0.301349 -0.630632
vn -0.854037 0.301350 -0.424039
vn -0.291876 0.936123 -0.196170
vn -0.291876 0.936123 -0.196170
vn 0.699689 0.360263 0.616965
vn 0.516166 0.360263 0.777035
vn 0.330634 0.801836 0.497736
vn 0.448191 0.801836 0.395202
vn -0.527598 0.301349 -0.794248
vn -0.715187 0.301349 -0.630632
vn -0.231158 0.936122 -0.265030
vn -0.231158 0.936123 -0.265030
vn 0.516166 0.360263 0.777035
vn 0.297465 0.360263 0.884152
vn 0.190543 0.801836 0.566350
vn 0.330634 0.801836 0.497736
vn -0.304054 0.301349 -0.903737
vn -0.527598 0.301349 -0.794248
vn -0.154688 0.936123 -0.315825
vn -0.154688 0.936123 -0.315826
vn 0.297465 0.360263 0.884152
vn 0.058494 0.360263 0.931015
vn 0.037469 0.801835 0.596369
vn 0.190543 0.801836 0.566350
vn -0.059789 0.301349 -0.951638
vn -0.304054 0.301349 -0.903737
vn -0.067675 0.936123 -0.345100
vn -0.067675 0.936123 -0.345100
vn 0.058494 0.360263 0.931015
vn -0.184463 0.360263 0.914431
vn -0.118159 0.801835 0.585746
vn 0.037469 0.801835 0.596369
vn 0.188549 0.301350 -0.934686
vn -0.059789 0.301349 -0.951638
vn 0.023949 0.936123 -0.350857
vn 0.023949 0.936123 -0.350857
vn -0.184463 0.360263 0.914431
vn -0.414850 0.360263 0.835530
vn -0.265736 0.801835 0.535205
vn -0.118159 0.801835 0.585746
vn 0.424039 0.301350 -0.854037
vn 0.188549 0.301350 -0.934686
vn 0.113941 0.936122 -0.332705
vn 0.113941 0.936122 -0.332705
vn -0.414850 0.360263 0.835530
vn -0.616966 0.360263 0.699688
vn -0.395202 0.801836 0.448191
vn -0.265736 0.801835 0.535205
vn 0.630631 0.301350 -0.715187
vn 0.424039 0.301350 -0.854037
vn 0.196168 0.936124 -0.291873
vn 0.196168 0.936124 -0.291872
vn -0.616966 0.360263 0.699688
vn -0.777036 0.360263 0.516164
vn -0.497736 0.801836 0.330633
vn -0.395202 0.801836 0.448191
vn 0.794247 0.301351 -0.527598
vn 0.630631 0.301350 -0.715187
vn 0.265026 0.936124 -0.231156
vn 0.265026 0.936124 -0.231156
vn -0.777036 0.360263 0.516164
vn -0.884152 0.360263 0.297465
vn -0.566350 0.801836 0.190543
vn -0.497736 0.801836 0.330633
vn 0.903736 0.301350 -0.304054
vn 0.794247 0.301351 -0.527598
vn 0.315824 0.936123 -0.154689
vn 0.315824 0.936123 -0.154689
vn -0.884152 0.360263 0.297465
vn -0.931015 0.360263 0.058494
vn -0.596369 0.801836 0.037469
vn -0.566350 0.801836 0.190543
vn 0.951637 0.301350 -0.059790
vn 0.903736 0.301350 -0.304054
vn 0.345100 0.936123 -0.067675
vn 0.345100 0.936123 -0.067675
vn -0.931015 0.360263 0.058494
vn -0.914431 0.360263 -0.184464
vn -0.585746 0.801836 -0.118160
vn -0.596369 0.801836 0.037469
vn 0.934686 0.301350 0.188549
vn 0.951637 0.301350 -0.059790
vn 0.350857 0.936123 0.023949
vn 0.350857 0.936123 0.023949
vn -0.914431 0.360263 -0.184464
vn -0.835530 0.360263 -0.414850
vn -0.535205 0.801835 -0.265736
vn -0.585746 0.801836 -0.118160
vn 0.854037 0.301350 0.424039
vn 0.934686 0.301350 0.188549
vn 0.332703 0.936123 0.113942
vn 0.332703 0.936123 0.113942
vn -0.835530 0.360263 -0.414850
vn -0.699689 0.360263 -0.616965
vn -0.448191 0.801835 -0.395202
vn -0.535205 0.801835 -0.265736
vn 0.715187 0.301350 0.630632
vn 0.854037 0.301350 0.424039
vn 0.291876 0.936123 0.196170
vn 0.291876 0.936123 0.196170
vn -0.699689 0.360263 -0.616965
vn -0.516166 0.360263 -0.777035
vn -0.330634 0.801836 -0.497735
vn -0.448191 0.801835 -0.395202
vn 0.527598 0.301350 0.794247
vn 0.715187 0.301350 0.630632
vn 0.231158 0.936123 0.265029
vn 0.231158 0.936123 0.265029
vn -0.516166 0.360263 -0.777035
vn -0.297465 0.360263 -0.884152
vn -0.190544 0.801836 -0.566350
vn -0.330634 0.801836 -0.497735
vn 0.304054 0.301350 0.903736
vn 0.527598 0.301350 0.794247
vn 0.154687 0.936122 0.315827
vn 0.154687 0.936122 0.315827
vn -0.297465 0.360263 -0.884152
vn -0.058494 0.360262 -0.931015
vn -0.037469 0.801836 -0.596369
vn -0.190544 0.801836 -0.566350
vn 0.059790 0.301350 0.951637
vn 0.304054 0.301350 0.903736
vn 0.067675 0.936123 0.345100
vn 0.067675 0.936123 0.345100
vn -0.058494 0.360262 -0.931015
vn 0.184464 0.360263 -0.914431
vn 0.118160 0.801836 -0.585746
vn -0.037469 0.801836 -0.596369
vn -0.188549 0.301349 0.934686
vn 0.059790 0.301350 0.951637
vn -0.023950 0.936123 0.350856
vn -0.023950 0.936123 0.350856
vn 0.184464 0.360263 -0.914431
vn 0.414851 0.360263 -0.835529
vn 0.265735 0.801836 -0.535205
vn 0.118160 0.801836 -0.585746
vn -0.424039 0.301349 0.854037
vn -0.188549 0.301349 0.934686
vn -0.113941 0.936122 0.332704
vn -0.113941 0.936122 0.332705
vn 0.414851 0.360263 -0.835529
vn 0.616966 0.360263 -0.699688
vn 0.395202 0.801836 -0.448191
vn 0.265735 0.801836 -0.535205
vn -0.630631 0.301350 0.715187
vn -0.424039 0.301349 0.854037
vn -0.196168 0.936125 0.291872
vn -0.196168 0.936125 0.291871
vn 0.616966 0.360263 -0.699688
vn 0.777036 0.360263 -0.516165
vn 0.497736 0.801836 -0.330633
vn 0.395202 0.801836 -0.448191
vn -0.794247 0.301351 0.527598
vn -0.630631 0.301350 0.715187
vn -0.265026 0.936124 0.231156
vn -0.265026 0.936124 0.231156
vn 0.000000 1.000000 -0.000000
vn 0.000000 1.000000 -0.000000
vn 0.000000 1.000000 -0.000000
vn 0.000000 1.000000 0.000000
vn 0.000000 1.000000 -0.000000
vn 0.000000 1.000000 -0.000001
vn 0.000000 1.000000 0.000001
vn 0.000000 1.000000 0.000000
vn 0.000000 1.000000 0.000001
vn 0.000000 1.000000 0.000003
vn 0.000000 1.000000 0.000001
vn 0.000000 1.000000 0.000000
vn 0.000000 1.000000 0.000001
vn 0.000000 1.000000 -0.000001
vn 0.000000 1.000000 -0.000000
vn 0.000000 1.000000 0.000000
vn 0.000000 1.000000 0.000001
vn 0.000000 1.000000 0.000003
vn 0.000000 1.000000 0.000003
vn 0.000000 1.000000 0.000000
vn 0.000000 1.000000 0.000003
vn 0.000000 1.000000 0.000003
vn 0.000000 1.000000 0.000001
vn 0.000000 1.000000 0.000000
vn 0.000000 1.000000 0.000001
vn 0.000000 1.000000 -0.000001
vn 0.000000 1.000000 -0.000001
vn 0.000000 1.000000 0.000000
vn 0.000000 1.000000 -0.000001
vn 0.000000 1.000000 -0.000001
vn 0.000000 1.000000 0.000001
vn 0.000000 1.000000 0.000000
vn 0.000000 1.000000 -0.000001
vn 0.000000 1.000000 -0.000001
vn 0.000000 1.000000 -0.000002
vn 0.000000 1.000000 -0.000001
vn 0.000000 1.000000 -0.000002
vn 0.000000 1.000000 0.000000
vn 0.000000 1.000000 -0.000000
vn 0.000000 1.000000 -0.000001
vn 0.000000 1.000000 -0.000000
vn 0.000000 1.000000 -0.000000
vn 0.000000 1.000000 -0.000000
vn 0.000000 1.000000 -0.000001
vn 0.000000 1.000000 -0.000000
vn 0.000000 1.000000 -0.000001
vn 0.000000 1.000000 -0.000001
vn 0.000000 1.000000 -0.000001
vn 0.000000 -1.000000 0.000000
vn 0.000000 -1.000000 0.000000
vn 0.000000 -1.000000 0.000001
vn 0.000000 -1.000000 0.000000
vn 0.000000 -1.000000 0.000001
vn 0.000000 -1.000000 0.000000
vn 0.000000 -1.000000 0.000000
vn 0.000000 -1.000000 0.000000
vn 0.000000 -1.000000 0.000000
vn 0.000000 -1.000000 0.000000
vn 0.000000 -1.000000 0.000001
vn 0.000000 -1.000000 0.000000
vn 0.000000 -1.000000 0.000001
vn 0.000000 -1.000000 0.000000
vn 0.000000 -1.000000 0.000000
vn 0.000000 -1.000000 0.000001
vn 0.000000 -1.000000 0.000001
vn 0.000000 -1.000000 0.000001
vn 0.000000 -1.000000 0.000000
vn 0.000000 -1.000000 0.000000
vn 0.000000 -1.000000 0.000000
vn 0.000000 -1.000000 0.000001
vn 0.000000 -1.000000 0.000001
vn 0.000000 -1.000000 0.000000
vn 0.000000 -1.000000 0.000001
vn 0.000000 -1.000000 0.000001
vn 0.000000 -1.000000 0.000002
vn 0.000000 -1.000000 0.000002
vn 0.000000 -1.000000 0.000002
vn 0.000000 -1.000000 0.000001
vn 0.000000 -1.000000 0.000001
vn 0.000000 -1.000000 0.000001
vn 0.000000 -1.000000 0.000002
vn 0.000000 -1.000000 0.000000
vn 0.000000 -1.000000 0.000002
vn 0.000000 -1.000000 0.000002
vn 0.000000 -1.000000 0.000002
vn 0.000000 -1.000000 0.000000
vn 0.000000 -1.000000 0.000000
vn 0.000000 -1.000000 0.000000
vn 0.000000 -1.000000 0.000000
vn 0.000000 -1.000000 0.000000
vn 0.000000 -1.000000 0.000000
vn 0.000000 -1.000000 0.000000
vn 0.000000 -1.000000 0.000000
vn 0.000000 -1.000000 0.000000
vn 0.000000 -1.000000 0.000002
vn 0.000000 -1.000000 0.000001
vn -0.318877 0.000000 -0.947796
vn -0.750054 0.000000 -0.661376
vn -0.750054 0.000000 -0.661377
vn -0.318878 0.000000 -0.947796
vn -0.750054 0.000000 -0.661376
vn -0.980254 0.000000 -0.197742
vn -0.980254 0.000000 -0.197742
vn -0.750054 0.000000 -0.661377
vn -0.980254 0.000000 -0.197742
vn -0.947796 0.000000 0.318879
vn -0.947796 0.000000 0.318878
vn -0.980254 0.000000 -0.197742
vn -0.947796 0.000000 0.318879
vn -0.661376 0.000000 0.750054
vn -0.661376 0.000000 0.750054
vn -0.947796 0.000000 0.318878
vn -0.661376 0.000000 0.750054
vn -0.197742 0.000000 0.980254
vn -0.197742 0.000000 0.980254
vn -0.661376 0.000000 0.750054
vn -0.197742 0.000000 0.980254
vn 0.318877 0.000000 0.947796
vn 0.318877 0.000000 0.947796
vn -0.197742 0.000000 0.980254
vn 0.318877 0.000000 0.947796
vn 0.750054 0.000000 0.661376
vn 0.750054 0.000000 0.661377
vn 0.318877 0.000000 0.947796
vn 0.750054 0.000000 0.661376
vn 0.980254 0.000000 0.197742
vn 0.980254 0.000000 0.197742
vn 0.750054 0.000000 0.661377
vn 0.980254 0.000000 0.197742
vn 0.947796 0.000000 -0.318878
vn 0.947796 0.000000 -0.318878
vn 0.980254 0.000000 0.197742
vn 0.947796 0.000000 -0.318878
vn 0.661376 0.000000 -0.750054
vn 0.661376 0.000000 -0.750054
vn 0.947796 0.000000 -0.318878
vn 0.661376 0.000000 -0.750054
vn 0.197741 0.000000 -0.980254
vn 0.197742 0.000000 -0.980254
vn 0.661376 0.000000 -0.750054
vn 0.197741 0.000000 -0.980254
vn -0.318877 0.000000 -0.947796
vn -0.318878 0.000000 -0.947796
vn 0.197742 0.000000 -0.980254
vn -0.298322 0.353240 -0.886694
vn -0.701701 0.353240 -0.618739
vn 0.000000 1.000000 0.000002
vn 0.000000 1.000000 0.000002
vn -0.701701 0.353240 -0.618739
vn -0.917060 0.353240 -0.184994
vn 0.000000 1.000000 -0.000002
vn 0.000000 1.000000 0.000002
vn -0.917060 0.353240 -0.184994
vn -0.886694 0.353239 0.298321
vn 0.000000 1.000000 0.000002
vn 0.000000 1.000000 -0.000002
vn -0.886694 0.353239 0.298321
vn -0.618739 0.353238 0.701701
vn 0.000000 1.000000 0.000001
vn 0.000000 1.000000 0.000002
vn -0.618739 0.353238 0.701701
vn -0.184994 0.353239 0.917060
vn 0.000000 1.000000 -0.000000
vn 0.000000 1.000000 0.000001
vn -0.184994 0.353239 0.917060
vn 0.298321 0.353239 0.886694
vn 0.000000 1.000000 -0.000003
vn 0.000000 1.000000 -0.000000
vn 0.298321 0.353239 0.886694
vn 0.701701 0.353239 0.618739
vn 0.000000 1.000000 -0.000002
vn 0.000000 1.000000 -0.000003
vn 0.701701 0.353239 0.618739
vn 0.917060 0.353239 0.184995
vn 0.000000 1.000000 0.000003
vn 0.000000 1.000000 -0.000002
vn 0.917060 0.353239 0.184995
vn 0.886694 0.353239 -0.298320
vn 0.000000 1.000000 0.000000
vn 0.000000 1.000000 0.000003
vn 0.886694 0.353239 -0.298320
vn 0.618739 0.353239 -0.701701
vn 0.000000 1.000000 -0.000002
vn 0.000000 1.000000 0.000000
vn 0.618739 0.353239 -0.701701
vn 0.184994 0.353240 -0.917060
vn 0.000000 1.000000 -0.000002
vn 0.000000 1.000000 -0.000002
vn 0.184994 0.353240 -0.917060
vn -0.298322 0.353240 -0.886694
vn 0.000000 1.000000 0.000002
vn 0.000000 1.000000 -0.000002
vn -0.318878 0.000000 -0.947796
vn -0.750054 0.000000 -0.661377
vn -0.701701 0.353240 -0.618739
vn -0.298322 0.353240 -0.886694
vn 0.750054 0.000000 0.661376
vn 0.318878 0.000000 0.947796
vn 0.318878 0.000000 0.947796
vn 0.750054 0.000000 0.661376
vn -0.750054 0.000000 -0.661377
vn -0.980254 0.000000 -0.197742
vn -0.917060 0.353240 -0.184994
vn -0.701701 0.353240 -0.618739
vn 0.980254 0.000000 0.197742
vn 0.750054 0.000000 0.661376
vn 0.750054 0.000000 0.661376
vn 0.980254 0.000000 0.197742
vn -0.980254 0.000000 -0.197742
vn -0.947796 0.000000 0.318878
vn -0.886694 0.353239 0.298321
vn -0.917060 0.353240 -0.184994
vn 0.947796 0.000000 -0.318878
vn 0.980254 0.000000 0.197742
vn 0.980254 0.000000 0.197742
vn 0.947796 0.000000 -0.318878
vn -0.947796 0.000000 0.318878
vn -0.661376 0.000000 0.750054
vn -0.618739 0.353238 0.701701
vn -0.886694 0.353239 0.298321
vn 0.661376 0.000000 -0.750054
vn 0.947796 0.000000 -0.318878
vn 0.947796 0.000000 -0.318878
vn 0.661376 0.000000 -0.750054
vn -0.661376 0.000000 0.750054
vn -0.197742 0.000000 0.980254
vn -0.184994 0.353239 0.917060
vn -0.618739 0.353238 0.701701
vn 0.197741 0.000000 -0.980254
vn 0.661376 0.000000 -0.750054
vn 0.661376 0.000000 -0.750054
vn 0.197741 0.000000 -0.980254
vn -0.197742 0.000000 0.980254
vn 0.318877 0.000000 0.947796
vn 0.298321 0.353239 0.886694
vn -0.184994 0.353239 0.917060
vn -0.318877 0.000000 -0.947796
vn 0.197741 0.000000 -0.980254
vn 0.197741 0.000000 -0.980254
vn -0.318877 0.000000 -0.947796
vn 0.318877 0.000000 0.947796
vn 0.750054 0.000000 0.661377
vn 0.701701 0.353239 0.618739
vn 0.298321 0.353239 0.886694
vn -0.750054 0.000000 -0.661377
vn -0.318877 0.000000 -0.947796
vn -0.318877 0.000000 -0.947796
vn -0.750054 0.000000 -0.661377
vn 0.750054 0.000000 0.661377
vn 0.980254 0.000000 0.197742
vn 0.917060 0.353239 0.184995
vn 0.701701 0.353239 0.618739
vn -0.980254 0.000000 -0.197743
vn -0.750054 0.000000 -0.661377
vn -0.750054 0.000000 -0.661377
vn -0.980254 0.000000 -0.197743
vn 0.980254 0.000000 0.197742
vn 0.947796 0.000000 -0.318878
vn 0.886694 0.353239 -0.298320
vn 0.917060 0.353239 0.184995
vn -0.947796 0.000000 0.318878
vn -0.980254 0.000000 -0.197743
vn -0.980254 0.000000 -0.197743
vn -0.947796 0.000000 0.318878
vn 0.947796 0.000000 -0.318878
vn 0.661376 0.000000 -0.750054
vn 0.618739 0.353239 -0.701701
vn 0.886694 0.353239 -0.298320
vn -0.661376 0.000000 0.750054
vn -0.947796 0.000000 0.318878
vn -0.947796 0.000000 0.318878
vn -0.661376 0.000000 0.750054
vn 0.661376 0.000000 -0.750054
vn 0.197742 0.000000 -0.980254
vn 0.184994 0.353240 -0.917060
vn 0.618739 0.353239 -0.701701
vn -0.197742 0.000000 0.980254
vn -0.661376 0.000000 0.750054
vn -0.661376 0.000000 0.750054
vn -0.197742 0.000000 0.980254
vn 0.197742 0.000000 -0.980254
vn -0.318878 0.000000 -0.947796
vn -0.298322 0.353240 -0.886694
vn 0.184994 0.353240 -0.917060
vn 0.318878 0.000000 0.947796
vn -0.197742 0.000000 0.980254
vn -0.197742 0.000000 0.980254
vn 0.318878 0.000000 0.947796
vn 0.000000 1.000000 -0.000000
vn 0.000000 1.000000 0.000001
vn 0.000000 1.000000 0.000004
vn 0.000000 1.000000 0.000001
vn 0.000000 1.000000 0.000004
vn 0.000000 1.000000 0.000000
vn 0.000000 1.000000 0.000000
vn 0.000000 1.000000 0.000001
vn 0.000000 1.000000 0.000000
vn 0.000000 1.000000 0.000000
vn 0.000000 1.000000 0.000001
vn 0.000000 1.000000 0.000001
vn 0.000000 1.000000 0.000001
vn 0.000000 1.000000 0.000000
vn 0.000000 1.000000 -0.000000
vn 0.000000 1.000000 0.000001
vn 0.000000 1.000000 0.000001
vn 0.000000 1.000000 0.000000
vn 0.000000 1.000000 0.000002
vn 0.000000 1.000000 0.000004
vn 0.000000 1.000000 0.000002
vn 0.000000 1.000000 0.000006
vn 0.000000 1.000000 0.000002
vn 0.000000 1.000000 0.000004
vn 0.000000 1.000000 0.000002
vn 0.000000 1.000000 0.000000
vn 0.000000 1.000000 -0.000000
vn 0.000000 1.000000 0.000004
vn 0.000000 1.000000 -0.000000
vn 0.000000 1.000000 0.000000
vn 0.000000 1.000000 0.000001
vn 0.000000 1.000000 0.000004
vn 0.000000 1.000000 -0.000000
vn 0.000000 1.000000 0.000000
vn 0.000000 1.000000 0.000000
vn 0.000000 1.000000 -0.000002
vn 0.000000 1.000000 0.000000
vn 0.000000 1.000000 0.000000
vn 0.000000 1.000000 -0.000002
vn 0.000000 1.000000 -0.000002
vn 0.000000 1.000000 -0.000002
vn 0.000000 1.000000 0.000001
vn 0.000000 1.000000 -0.000000
vn 0.000000 1.000000 -0.000002
vn 0.000000 1.000000 -0.000000
vn 0.000000 1.000000 0.000000
vn 0.000000 1.000000 -0.000000
vn 0.000000 1.000000 -0.000002
vn 0.000000 -1.000000 0.000002
vn 0.000000 -1.000000 0.000001
vn 0.000000 -1.000000 0.000002
vn 0.000000 -1.000000 0.000002
vn 0.000000 -1.000000 0.000002
vn 0.000000 -1.000000 0.000001
vn 0.000000 -1.000000 0.000001
vn 0.000000 -1.000000 -0.000001
vn 0.000000 -1.000000 0.000001
vn 0.000000 -1.000000 0.000001
vn 0.000000 -1.000000 0.000001
vn 0.000000 -1.000000 0.000001
vn 0.000000 -1.000000 0.000001
vn 0.000000 -1.000000 0.000001
vn 0.000000 -1.000000 0.000002
vn 0.000000 -1.000000 0.000001
vn 0.000000 -1.000000 0.000001
vn 0.000000 -1.000000 -0.000000
vn 0.000000 -1.000000 -0.000001
vn 0.000000 -1.000000 0.000001
vn 0.000000 -1.000000 -0.000001
vn 0.000000 -1.000000 -0.000000
vn 0.000000 -1.000000 0.000001
vn 0.000000 -1.000000 -0.000003
vn 0.000000 -1.000000 0.000001
vn 0.000000 -1.000000 -0.000000
vn 0.000000 -1.000000 0.000001
vn 0.000000 -1.000000 0.000001
vn 0.000000 -1.000000 0.000001
vn 0.000000 -1.000000 -0.000000
vn 0.000000 -1.000000 0.000001
vn 0.000000 -1.000000 0.000001
vn 0.000000 -1.000000 0.000001
vn 0.000000 -1.000000 -0.000001
vn 0.000000 -1.000000 -0.000002
vn 0.000000 -1.000000 0.000001
vn 0.000000 -1.000000 -0.000002
vn 0.000000 -1.000000 -0.000001
vn 0.000000 -1.000000 -0.000002
vn 0.000000 -1.000000 -0.000005
vn 0.000000 -1.000000 -0.000002
vn 0.000000 -1.000000 -0.000001
vn 0.000000 -1.000000 0.000002
vn 0.000000 -1.000000 0.000002
vn 0.000000 -1.000000 0.000002
vn 0.000000 -1.000000 -0.000001
vn 0.000000 -1.000000 0.000001
vn 0.000000 -1.000000 0.000001
vn -0.318877 0.000000 -0.947796
vn -0.750053 0.000000 -0.661377
vn -0.711603 0.316074 -0.627470
vn -0.302530 0.316074 -0.899207
vn -0.750053 0.000000 -0.661377
vn -0.980254 0.000000 -0.197742
vn -0.930001 0.316074 -0.187604
vn -0.711603 0.316074 -0.627470
vn -0.980254 0.000000 -0.197742
vn -0.947796 0.000000 0.318877
vn -0.899207 0.316074 0.302529
vn -0.930001 0.316074 -0.187604
vn -0.947796 0.000000 0.318877
vn -0.661377 0.000000 0.750054
vn -0.627471 0.316075 0.711602
vn -0.899207 0.316074 0.302529
vn -0.661377 0.000000 0.750054
vn -0.197742 0.000000 0.980254
vn -0.187604 0.316074 0.930001
vn -0.627471 0.316075 0.711602
vn -0.197742 0.000000 0.980254
vn 0.318877 0.000000 0.947796
vn 0.302530 0.316075 0.899207
vn -0.187604 0.316074 0.930001
vn 0.318877 0.000000 0.947796
vn 0.750054 0.000000 0.661377
vn 0.711603 0.316074 0.627470
vn 0.302530 0.316075 0.899207
vn 0.750054 0.000000 0.661377
vn 0.980254 0.000000 0.197742
vn 0.930001 0.316074 0.187605
vn 0.711603 0.316074 0.627470
vn 0.980254 0.000000 0.197742
vn 0.947796 0.000000 -0.318877
vn 0.899207 0.316074 -0.302529
vn 0.930001 0.316074 0.187605
vn 0.947796 0.000000 -0.318877
vn 0.661377 0.000000 -0.750054
vn 0.627471 0.316073 -0.711603
vn 0.899207 0.316074 -0.302529
vn 0.661377 0.000000 -0.750054
vn 0.197742 0.000000 -0.980254
vn 0.187604 0.316073 -0.930001
vn 0.627471 0.316073 -0.711603
vn 0.197742 0.000000 -0.980254
vn -0.318877 0.000000 -0.947796
vn -0.302530 0.316074 -0.899207
vn 0.187604 0.316073 -0.930001
vn -0.302530 0.316074 -0.899207
vn -0.711603 0.316074 -0.627470
vn 0.000000 1.000000 0.000009
vn 0.000000 1.000000 0.000009
vn -0.711603 0.316074 -0.627470
vn -0.930001 0.316074 -0.187604
vn 0.000000 1.000000 0.000005
vn 0.000000 1.000000 0.000005
vn -0.930001 0.316074 -0.187604
vn -0.899207 0.316074 0.302529
vn 0.000000 1.000000 -0.000005
vn 0.000000 1.000000 -0.000005
vn -0.899207 0.316074 0.302529
vn -0.627471 0.316075 0.711602
vn 0.000000 1.000000 0.000000
vn 0.000000 1.000000 0.000000
vn -0.627471 0.316075 0.711602
vn -0.187604 0.316074 0.930001
vn 0.000000 1.000000 0.000005
vn 0.000000 1.000000 0.000005
vn -0.187604 0.316074 0.930001
vn 0.302530 0.316075 0.899207
vn 0.000000 1.000000 0.000003
vn 0.000000 1.000000 0.000003
vn 0.302530 0.316075 0.899207
vn 0.711603 0.316074 0.627470
vn 0.000000 1.000000 -0.000009
vn 0.000000 1.000000 -0.000009
vn 0.711603 0.316074 0.627470
vn 0.930001 0.316074 0.187605
vn 0.000000 1.000000 -0.000005
vn 0.000000 1.000000 -0.000005
vn 0.930001 0.316074 0.187605
vn 0.899207 0.316074 -0.302529
vn 0.000000 1.000000 0.000005
vn 0.000000 1.000000 0.000005
vn 0.899207 0.316074 -0.302529
vn 0.627471 0.316073 -0.711603
vn 0.000000 1.000000 0.000000
vn 0.000000 1.000000 0.000000
vn 0.627471 0.316073 -0.711603
vn 0.187604 0.316073 -0.930001
vn 0.000000 1.000000 -0.000005
vn 0.000000 1.000000 -0.000005
vn 0.187604 0.316073 -0.930001
vn -0.302530 0.316074 -0.899207
vn 0.000000 1.000000 -0.000003
vn 0.000000 1.000000 -0.000003
vn 0.000000 1.000000 -0.000004
vn 0.000000 1.000000 -0.000004
vn 0.000000 1.000000 -0.000004
vn 0.000000 1.000000 -0.000004
vn 0.000000 1.000000 -0.000004
vn 0.000000 1.000000 -0.000004
vn 0.000000 1.000000 -0.000004
vn 0.000000 1.000000 -0.000004
vn 0.000000 1.000000 0.000000
vn 0.000000 1.000000 0.000000
vn 0.000000 1.000000 0.000000
vn 0.000000 1.000000 0.000000
vn 0.000000 1.000000 0.000000
vn 0.000000 1.000000 0.000000
vn 0.000000 1.000000 0.000000
vn 0.000000 1.000000 0.000000
vn 0.000000 1.000000 -0.000009
vn 0.000000 1.000000 -0.000009
vn 0.000000 1.000000 -0.000009
vn 0.000000 1.000000 -0.000009
vn 0.000000 1.000000 0.000000
vn 0.000000 1.000000 0.000000
vn 0.000000 1.000000 0.000000
vn 0.000000 1.000000 0.000000
vn 0.000000 1.000000 0.000004
vn 0.000000 1.000000 0.000004
vn 0.000000 1.000000 0.000004
vn 0.000000 1.000000 0.000004
vn 0.000000 1.000000 0.000004
vn 0.000000 1.000000 0.000004
vn 0.000000 1.000000 0.000004
vn 0.000000 1.000000 0.000004
vn 0.000000 1.000000 0.000000
vn 0.000000 1.000000 0.000000
vn 0.000000 1.000000 0.000000
vn 0.000000 1.000000 0.000000
vn 0.000000 1.000000 0.000000
vn 0.000000 1.000000 0.000000
vn 0.000000 1.000000 0.000000
vn 0.000000 1.000000 0.000000
vn 0.000000 1.000000 0.000009
vn 0.000000 1.000000 0.000009
vn 0.000000 1.000000 0.000009
vn 0.000000 1.000000 0.000009
vn 0.000000 1.000000 0.000000
vn 0.000000 1.000000 0.000000
vn 0.000000 1.000000 0.000000
vn 0.000000 1.000000 0.000000
vn -0.300763 0.332255 -0.893951
vn -0.707444 0.332255 -0.623803
vn 0.630997 0.540617 0.556396
vn 0.268263 0.540618 0.797350
vn -0.707444 0.332255 -0.623803
vn -0.924566 0.332255 -0.186508
vn 0.824657 0.540618 0.166353
vn 0.630997 0.540617 0.556396
vn -0.924566 0.332255 -0.186508
vn -0.893951 0.332255 0.300763
vn 0.797350 0.540619 -0.268261
vn 0.824657 0.540618 0.166353
vn -0.893951 0.332255 0.300763
vn -0.623803 0.332255 0.707443
vn 0.556395 0.540619 -0.630996
vn 0.797350 0.540619 -0.268261
vn -0.623803 0.332255 0.707443
vn -0.186507 0.332255 0.924566
vn 0.166354 0.540618 -0.824657
vn 0.556395 0.540619 -0.630996
vn -0.186507 0.332255 0.924566
vn 0.300762 0.332254 0.893952
vn -0.268261 0.540618 -0.797351
vn 0.166354 0.540618 -0.824657
vn 0.300762 0.332254 0.893952
vn 0.707443 0.332254 0.623804
vn -0.630998 0.540618 -0.556394
vn -0.268261 0.540618 -0.797351
vn 0.707443 0.332254 0.623804
vn 0.924565 0.332255 0.186509
vn -0.824657 0.540618 -0.166354
vn -0.630998 0.540618 -0.556394
vn 0.924565 0.332255 0.186509
vn 0.893951 0.332254 -0.300762
vn -0.797351 0.540618 0.268261
vn -0.824657 0.540618 -0.166354
vn 0.893951 0.332254 -0.300762
vn 0.623803 0.332254 -0.707444
vn -0.556396 0.540616 0.630997
vn -0.797351 0.540618 0.268261
vn 0.623803 0.332254 -0.707444
vn 0.186509 0.332255 -0.924566
vn -0.166355 0.540617 0.824657
vn -0.556396 0.540616 0.630997
vn 0.186509 0.332255 -0.924566
vn -0.300763 0.332255 -0.893951
vn 0.268263 0.540618 0.797350
vn -0.166355 0.540617 0.824657
vn -0.318879 0.000000 -0.947795
vn -0.750055 0.000000 -0.661376
vn -0.707444 0.332255 -0.623803
vn -0.300763 0.332255 -0.893951
vn 0.750054 0.000000 0.661377
vn 0.318878 0.000000 0.947796
vn 0.268263 0.540618 0.797350
vn 0.630997 0.540617 0.556396
vn -0.750055 0.000000 -0.661376
vn -0.980254 0.000000 -0.197742
vn -0.924566 0.332255 -0.186508
vn -0.707444 0.332255 -0.623803
vn 0.980254 0.000000 0.197741
vn 0.750054 0.000000 0.661377
vn 0.630997 0.540617 0.556396
vn 0.824657 0.540618 0.166353
vn -0.980254 0.000000 -0.197742
vn -0.947796 0.000000 0.318878
vn -0.893951 0.332255 0.300763
vn -0.924566 0.332255 -0.186508
vn 0.947796 0.000000 -0.318877
vn 0.980254 0.000000 0.197741
vn 0.824657 0.540618 0.166353
vn 0.797350 0.540619 -0.268261
vn -0.947796 0.000000 0.318878
vn -0.661376 0.000000 0.750055
vn -0.623803 0.332255 0.707443
vn -0.893951 0.332255 0.300763
vn 0.661377 0.000000 -0.750054
vn 0.947796 0.000000 -0.318877
vn 0.797350 0.540619 -0.268261
vn 0.556395 0.540619 -0.630996
vn -0.661376 0.000000 0.750055
vn -0.197741 0.000000 0.980254
vn -0.186507 0.332255 0.924566
vn -0.623803 0.332255 0.707443
vn 0.197742 0.000000 -0.980254
vn 0.661377 0.000000 -0.750054
vn 0.556395 0.540619 -0.630996
vn 0.166354 0.540618 -0.824657
vn -0.197741 0.000000 0.980254
vn 0.318877 0.000000 0.947796
vn 0.300762 0.332254 0.893952
vn -0.186507 0.332255 0.924566
vn -0.318877 0.000000 -0.947796
vn 0.197742 0.000000 -0.980254
vn 0.166354 0.540618 -0.824657
vn -0.268261 0.540618 -0.797351
vn 0.318877 0.000000 0.947796
vn 0.750055 0.000000 0.661376
vn 0.707443 0.332254 0.623804
vn 0.300762 0.332254 0.893952
vn -0.750053 0.000000 -0.661377
vn -0.318877 0.000000 -0.947796
vn -0.268261 0.540618 -0.797351
vn -0.630998 0.540618 -0.556394
vn 0.750055 0.000000 0.661376
vn 0.980254 0.000000 0.197742
vn 0.924565 0.332255 0.186509
vn 0.707443 0.332254 0.623804
vn -0.980254 0.000000 -0.197743
vn -0.750053 0.000000 -0.661377
vn -0.630998 0.540618 -0.556394
vn -0.824657 0.540618 -0.166354
vn 0.980254 0.000000 0.197742
vn 0.947796 0.000000 -0.318878
vn 0.893951 0.332254 -0.300762
vn 0.924565 0.332255 0.186509
vn -0.947796 0.000000 0.318877
vn -0.980254 0.000000 -0.197743
vn -0.824657 0.540618 -0.166354
vn -0.797351 0.540618 0.268261
vn 0.947796 0.000000 -0.318878
vn 0.661376 0.000000 -0.750055
vn 0.623803 0.332254 -0.707444
vn 0.893951 0.332254 -0.300762
vn -0.661377 0.000000 0.750053
vn -0.947796 0.000000 0.318877
vn -0.797351 0.540618 0.268261
vn -0.556396 0.540616 0.630997
vn 0.661376 0.000000 -0.750055
vn 0.197743 0.000000 -0.980254
vn 0.186509 0.332255 -0.924566
vn 0.623803 0.332254 -0.707444
vn -0.197743 0.000000 0.980254
vn -0.661377 0.000000 0.750053
vn -0.556396 0.540616 0.630997
vn -0.166355 0.540617 0.824657
vn 0.197743 0.000000 -0.980254
vn -0.318879 0.000000 -0.947795
vn -0.300763 0.332255 -0.893951
vn 0.186509 0.332255 -0.924566
vn 0.318878 0.000000 0.947796
vn -0.197743 0.000000 0.980254
vn -0.166355 0.540617 0.824657
vn 0.268263 0.540618 0.797350
s off
g Oil_Drum
usemtl Oil_DrumSG
f 62/895/1 63/896/2 64/897/3 65/898/4
f 64/897/5 66/903/6 67/904/7 65/898/8
f 67/904/9 68/914/10 69/905/11 65/898/12
f 69/905/13 70/906/14 62/895/15 65/898/16
f 69/905/17 68/914/18 71/925/19 72/916/20
f 71/925/21 73/937/22 74/926/23 72/916/24
f 74/926/25 75/927/26 76/915/27 72/916/28
f 76/915/29 70/906/30 69/905/31 72/916/32
f 76/915/33 75/927/34 77/930/35 78/919/36
f 77/930/37 79/940/38 80/931/39 78/919/40
f 80/931/41 81/920/42 82/908/43 78/919/44
f 82/908/45 70/906/46 76/915/47 78/919/48
f 82/908/49 81/920/50 83/909/51 84/900/52
f 83/909/53 85/910/54 86/899/55 84/900/56
f 86/899/57 63/896/58 62/895/59 84/900/60
f 62/895/61 70/906/62 82/908/63 84/900/64
f 87/932/65 81/920/66 80/931/67 88/941/68
f 80/931/69 79/940/70 89/946/71 88/941/72
f 89/946/73 90/950/74 91/947/75 88/941/76
f 91/947/77 92/942/78 87/932/79 88/941/80
f 91/947/81 90/950/82 93/953/83 94/951/84
f 93/953/85 95/955/86 96/954/87 94/951/88
f 96/954/89 97/952/90 98/948/91 94/951/92
f 98/948/93 92/942/94 91/947/95 94/951/96
f 98/948/97 97/952/98 99/949/99 100/943/100
f 99/949/101 101/945/102 102/938/103 100/943/104
f 102/938/105 103/928/106 104/933/107 100/943/108
f 104/933/109 92/942/110 98/948/111 100/943/112
f 104/933/113 103/928/114 105/917/115 106/921/116
f 105/917/117 85/910/118 83/909/119 106/921/120
f 83/909/121 81/920/122 87/932/123 106/921/124
f 87/932/125 92/942/126 104/933/127 106/921/128
f 107/918/129 103/928/130 102/938/131 108/929/132
f 102/938/133 101/945/134 109/939/135 108/929/136
f 109/939/137 110/934/138 111/922/139 108/929/140
f 111/922/141 112/911/142 107/918/143 108/929/144
f 111/922/145 110/934/146 113/935/147 114/923/148
f 113/935/149 115/944/150 116/936/151 114/923/152
f 116/936/153 117/924/154 118/912/155 114/923/156
f 118/912/157 112/911/158 111/922/159 114/923/160
f 118/912/161 117/924/162 119/913/163 120/902/164
f 119/913/165 66/903/166 64/897/167 120/902/168
f 64/897/169 63/896/170 121/901/171 120/902/172
f 121/901/173 112/911/174 118/912/175 120/902/176
f 121/901/177 63/896/178 86/899/179 122/907/180
f 86/899/181 85/910/182 105/917/183 122/907/184
f 105/917/185 103/928/186 107/918/187 122/907/188
f 107/918/189 112/911/190 121/901/191 122/907/192
f 23/130/193 24/131/194 20/132/195 11/133/196
f 20/132/197 24/131/198 21/136/199 6/137/200
f 21/136/201 24/131/202 22/134/203 8/142/204
f 22/134/205 24/131/206 23/130/207 12/135/208
f 22/134/209 28/145/210 25/154/211 8/142/212
f 25/154/213 28/145/214 26/158/215 1/167/216
f 26/158/217 28/145/218 27/144/219 9/159/220
f 27/144/221 28/145/222 22/134/223 12/135/224
f 27/144/225 32/157/226 29/171/227 9/159/228
f 29/171/229 32/157/230 30/170/231 4/184/232
f 30/170/233 32/157/234 31/143/235 10/156/236
f 31/143/237 32/157/238 27/144/239 12/135/240
f 31/143/241 35/141/242 33/152/243 10/156/244
f 33/152/245 35/141/246 34/140/247 7/153/248
f 34/140/249 35/141/250 23/130/251 11/133/252
f 23/130/253 35/141/254 31/143/255 12/135/256
f 38/169/257 39/183/258 30/170/259 10/156/260
f 30/170/261 39/183/262 36/195/263 4/184/264
f 36/195/265 39/183/266 37/194/267 13/203/268
f 37/194/269 39/183/270 38/169/271 16/182/272
f 37/194/273 43/202/274 40/209/275 13/203/276
f 40/209/277 43/202/278 41/208/279 2/212/280
f 41/208/281 43/202/282 42/193/283 14/201/284
f 42/193/285 43/202/286 37/194/287 16/182/288
f 42/193/289 47/192/290 44/200/291 14/201/292
f 44/200/293 47/192/294 45/191/295 5/199/296
f 45/191/297 47/192/298 46/180/299 15/179/300
f 46/180/301 47/192/302 42/193/303 16/182/304
f 46/180/305 49/166/306 48/165/307 15/179/308
f 48/165/309 49/166/310 33/152/311 7/153/312
f 33/152/313 49/166/314 38/169/315 10/156/316
f 38/169/317 49/166/318 46/180/319 16/182/320
f 52/164/321 53/178/322 45/191/323 15/179/324
f 45/191/325 53/178/326 50/190/327 5/199/328
f 50/190/329 53/178/330 51/163/331 17/177/332
f 51/163/333 53/178/334 52/164/335 19/150/336
f 51/163/337 57/162/338 54/176/339 17/177/340
f 54/176/341 57/162/342 55/175/343 3/187/344
f 55/175/345 57/162/346 56/149/347 18/161/348
f 56/149/349 57/162/350 51/163/351 19/150/352
f 56/149/353 60/138/354 58/148/355 18/161/356
f 58/148/357 60/138/358 20/132/359 6/137/360
f 20/132/361 60/138/362 59/139/363 11/133/364
f 59/139/365 60/138/366 56/149/367 19/150/368
f 59/139/369 61/151/370 34/140/371 11/133/372
f 34/140/373 61/151/374 48/165/375 7/153/376
f 48/165/377 61/151/378 52/164/379 15/179/380
f 52/164/381 61/151/382 59/139/383 19/150/384
f 507/215/385 508/216/386 602/217/387 579/218/388
f 508/216/389 511/219/390 601/220/391 602/217/392
f 511/219/393 513/225/394 600/226/395 601/220/396
f 513/225/397 515/233/398 599/234/399 600/226/400
f 515/233/401 517/239/402 598/240/403 599/234/404
f 517/239/405 519/244/406 597/245/407 598/240/408
f 519/244/409 521/323/410 596/324/411 597/245/412
f 521/323/413 523/325/414 595/326/415 596/324/416
f 523/325/417 525/327/418 594/328/419 595/326/420
f 525/327/421 527/267/422 593/268/423 594/328/424
f 527/267/425 529/259/426 592/260/427 593/268/428
f 529/259/429 531/251/430 591/254/431 592/260/432
f 531/251/433 533/252/434 590/253/435 591/254/436
f 533/252/437 535/255/438 589/256/439 590/253/440
f 535/255/441 537/261/442 588/262/443 589/256/444
f 537/261/445 539/269/446 587/270/447 588/262/448
f 539/269/449 541/275/450 586/276/451 587/270/452
f 541/275/453 543/280/454 585/281/455 586/276/456
f 543/280/457 545/329/458 584/330/459 585/281/460
f 545/329/461 547/331/462 583/332/463 584/330/464
f 547/331/465 549/333/466 582/334/467 583/332/468
f 549/333/469 551/231/470 581/232/471 582/334/472
f 551/231/473 553/223/474 580/224/475 581/232/476
f 553/223/477 507/215/478 579/218/479 580/224/480
f 124/443/481 123/444/482 242/445/483 219/446/484
f 125/343/485 124/443/486 219/446/487 220/344/488
f 126/339/489 125/343/490 220/344/491 221/340/492
f 127/336/493 126/339/494 221/340/495 222/337/496
f 128/335/497 127/336/498 222/337/499 223/338/500
f 129/341/501 128/335/502 223/338/503 224/342/504
f 130/345/505 129/341/506 224/342/507 225/346/508
f 131/347/509 130/345/510 225/346/511 226/348/512
f 132/349/513 131/347/514 226/348/515 227/350/516
f 133/351/517 132/349/518 227/350/519 228/352/520
f 134/449/521 133/450/522 228/451/523 229/452/524
f 135/453/525 134/449/526 229/452/527 230/454/528
f 136/455/529 135/453/530 230/454/531 231/456/532
f 137/361/533 136/455/534 231/456/535 232/362/536
f 138/357/537 137/361/538 232/362/539 233/358/540
f 139/354/541 138/357/542 233/358/543 234/355/544
f 140/353/545 139/354/546 234/355/547 235/356/548
f 141/359/549 140/353/550 235/356/551 236/360/552
f 142/363/553 141/359/554 236/360/555 237/364/556
f 143/365/557 142/363/558 237/364/559 238/366/560
f 144/367/561 143/365/562 238/366/563 239/368/564
f 145/369/565 144/367/566 239/368/567 240/370/568
f 146/447/569 145/369/570 240/370/571 241/448/572
f 123/444/573 146/447/574 241/448/575 242/445/576
f 268/704/577 267/703/578 455/761/579 456/762/580
f 271/639/581 268/704/582 456/762/583 457/640/584
f 273/633/585 271/639/586 457/640/587 458/634/588
f 275/630/589 273/633/590 458/634/591 435/631/592
f 277/629/593 275/630/594 435/631/595 436/632/596
f 279/637/597 277/629/598 436/632/599 437/638/600
f 281/645/601 279/637/602 437/638/603 438/646/604
f 283/651/605 281/645/606 438/646/607 439/652/608
f 285/656/609 283/651/610 439/652/611 440/657/612
f 287/660/613 285/656/614 440/657/615 441/661/616
f 289/726/617 287/660/618 441/661/619 442/767/620
f 291/730/621 289/726/622 442/767/623 443/769/624
f 293/728/625 291/730/626 443/769/627 444/771/628
f 295/675/629 293/728/630 444/771/631 445/676/632
f 297/669/633 295/675/634 445/676/635 446/670/636
f 299/666/637 297/669/638 446/670/639 447/667/640
f 301/665/641 299/666/642 447/667/643 448/668/644
f 303/673/645 301/665/646 448/668/647 449/674/648
f 305/681/649 303/673/650 449/674/651 450/682/652
f 307/687/653 305/681/654 450/682/655 451/688/656
f 309/692/657 307/687/658 451/688/659 452/693/660
f 311/696/661 309/692/662 452/693/663 453/697/664
f 313/706/665 311/696/666 453/697/667 454/763/668
f 267/703/669 313/706/670 454/763/671 455/761/672
f 172/457/673 171/458/674 147/459/675 148/460/676
f 173/379/677 172/457/678 148/460/679 149/380/680
f 174/375/681 173/379/682 149/380/683 150/376/684
f 175/372/685 174/375/686 150/376/687 151/373/688
f 176/371/689 175/372/690 151/373/691 152/374/692
f 177/377/693 176/371/694 152/374/695 153/378/696
f 178/381/697 177/377/698 153/378/699 154/382/700
f 179/383/701 178/381/702 154/382/703 155/384/704
f 180/385/705 179/383/706 155/384/707 156/386/708
f 181/387/709 180/385/710 156/386/711 157/388/712
f 182/465/713 181/387/714 157/388/715 158/466/716
f 183/467/717 182/465/718 158/466/719 159/468/720
f 184/469/721 183/467/722 159/468/723 160/470/724
f 185/397/725 184/469/726 160/470/727 161/398/728
f 186/393/729 185/397/730 161/398/731 162/394/732
f 187/390/733 186/393/734 162/394/735 163/391/736
f 188/389/737 187/390/738 163/391/739 164/392/740
f 189/395/741 188/389/742 164/392/743 165/396/744
f 190/399/745 189/395/746 165/396/747 166/400/748
f 191/401/749 190/399/750 166/400/751 167/402/752
f 192/403/753 191/401/754 167/402/755 168/404/756
f 193/405/757 192/403/758 168/404/759 169/406/760
f 194/461/761 193/463/762 169/464/763 170/462/764
f 171/458/765 194/461/766 170/462/767 147/459/768
f 316/556/769 315/555/770 501/623/771 502/624/772
f 319/495/773 316/556/774 502/624/775 503/496/776
f 321/489/777 319/495/778 503/496/779 504/490/780
f 323/486/781 321/489/782 504/490/783 505/487/784
f 325/485/785 323/486/786 505/487/787 506/488/788
f 327/493/789 325/485/790 506/488/791 483/494/792
f 329/501/793 327/493/794 483/494/795 484/502/796
f 331/507/797 329/501/798 484/502/799 485/508/800
f 333/511/801 331/507/802 485/508/803 486/512/804
f 335/515/805 333/511/806 486/512/807 487/516/808
f 337/578/809 335/515/810 487/516/811 488/626/812
f 339/582/813 337/578/814 488/626/815 489/627/816
f 341/580/817 339/582/818 489/627/819 490/628/820
f 343/529/821 341/580/822 490/628/823 491/530/824
f 345/523/825 343/529/826 491/530/827 492/524/828
f 347/520/829 345/523/830 492/524/831 493/521/832
f 349/519/833 347/520/834 493/521/835 494/522/836
f 351/527/837 349/519/838 494/522/839 495/528/840
f 353/535/841 351/527/842 495/528/843 496/536/844
f 355/541/845 353/535/846 496/536/847 497/542/848
f 357/545/849 355/541/850 497/542/851 498/546/852
f 359/549/853 357/545/854 498/546/855 499/550/856
f 361/558/857 359/549/858 499/550/859 500/625/860
f 315/555/861 361/558/862 500/625/863 501/623/864
f 364/783/865 363/958/866 646/1008/867 647/784/868
f 367/777/869 364/783/870 647/784/871 648/778/872
f 369/774/873 367/777/874 648/778/875 649/775/876
f 371/773/877 369/774/878 649/775/879 650/776/880
f 373/781/881 371/773/882 650/776/883 627/782/884
f 375/789/885 373/781/886 627/782/887 628/790/888
f 377/797/889 375/789/890 628/790/891 629/798/892
f 379/804/893 377/797/894 629/798/895 630/805/896
f 381/809/897 379/804/898 630/805/899 631/810/900
f 383/979/901 381/809/902 631/810/903 632/1014/904
f 385/982/905 383/979/906 632/1014/907 633/1016/908
f 387/985/909 385/982/910 633/1016/911 634/1018/912
f 389/826/913 387/985/914 634/1018/915 635/827/916
f 391/820/917 389/826/918 635/827/919 636/821/920
f 393/817/921 391/820/922 636/821/923 637/818/924
f 395/816/925 393/817/926 637/818/927 638/819/928
f 397/824/929 395/816/930 638/819/931 639/825/932
f 399/832/933 397/824/934 639/825/935 640/833/936
f 401/840/937 399/832/938 640/833/939 641/841/940
f 403/847/941 401/840/942 641/841/943 642/848/944
f 405/852/945 403/847/946 642/848/947 643/853/948
f 407/963/949 405/852/950 643/853/951 644/1011/952
f 409/960/953 407/963/954 644/1011/955 645/1009/956
f 363/958/957 409/960/958 645/1009/959 646/1008/960
f 244/471/961 243/472/962 195/473/963 196/474/964
f 245/415/965 244/471/966 196/474/967 197/416/968
f 246/411/969 245/415/970 197/416/971 198/412/972
f 247/408/973 246/411/974 198/412/975 199/409/976
f 248/407/977 247/408/978 199/409/979 200/410/980
f 249/413/981 248/407/982 200/410/983 201/414/984
f 250/417/985 249/413/986 201/414/987 202/418/988
f 251/419/989 250/417/990 202/418/991 203/420/992
f 252/421/993 251/419/994 203/420/995 204/422/996
f 253/423/997 252/421/998 204/422/999 205/424/1000
f 254/479/1001 253/423/1002 205/424/1003 206/480/1004
f 255/481/1005 254/479/1006 206/480/1007 207/482/1008
f 256/483/1009 255/481/1010 207/482/1011 208/484/1012
f 257/433/1013 256/483/1014 208/484/1015 209/434/1016
f 258/429/1017 257/433/1018 209/434/1019 210/430/1020
f 259/426/1021 258/429/1022 210/430/1023 211/427/1024
f 260/425/1025 259/426/1026 211/427/1027 212/428/1028
f 261/431/1029 260/425/1030 212/428/1031 213/432/1032
f 262/435/1033 261/431/1034 213/432/1035 214/436/1036
f 263/437/1037 262/435/1038 214/436/1039 215/438/1040
f 264/439/1041 263/437/1042 215/438/1043 216/440/1044
f 265/441/1045 264/439/1046 216/440/1047 217/442/1048
f 266/475/1049 265/477/1050 217/478/1051 218/476/1052
f 243/472/1053 266/475/1054 218/476/1055 195/473/1056
f 148/701/1057 147/702/1058 267/703/1059 268/704/1060
f 123/731/1061 124/732/1062 270/733/1063 269/734/1064
f 149/707/1065 148/701/1066 268/704/1067 271/639/1068
f 124/732/1069 125/735/1070 272/653/1071 270/733/1072
f 150/709/1073 149/707/1074 271/639/1075 273/633/1076
f 125/735/1077 126/738/1078 274/648/1079 272/653/1080
f 151/711/1081 150/709/1082 273/633/1083 275/630/1084
f 126/738/1085 127/740/1086 276/642/1087 274/648/1088
f 152/713/1089 151/711/1090 275/630/1091 277/629/1092
f 127/740/1093 128/742/1094 278/643/1095 276/642/1096
f 153/715/1097 152/713/1098 277/629/1099 279/637/1100
f 128/742/1101 129/744/1102 280/649/1103 278/643/1104
f 154/717/1105 153/715/1106 279/637/1107 281/645/1108
f 129/744/1109 130/746/1110 282/654/1111 280/649/1112
f 155/719/1113 154/717/1114 281/645/1115 283/651/1116
f 130/746/1117 131/748/1118 284/658/1119 282/654/1120
f 156/721/1121 155/719/1122 283/651/1123 285/656/1124
f 131/748/1125 132/750/1126 286/662/1127 284/658/1128
f 157/723/1129 156/721/1130 285/656/1131 287/660/1132
f 132/750/1133 133/752/1134 288/664/1135 286/662/1136
f 158/725/1137 157/723/1138 287/660/1139 289/726/1140
f 133/752/1141 134/754/1142 290/755/1143 288/664/1144
f 159/729/1145 158/725/1146 289/726/1147 291/730/1148
f 134/754/1149 135/757/1150 292/758/1151 290/755/1152
f 160/727/1153 159/729/1154 291/730/1155 293/728/1156
f 135/757/1157 136/759/1158 294/760/1159 292/758/1160
f 161/724/1161 160/727/1162 293/728/1163 295/675/1164
f 136/759/1165 137/756/1166 296/689/1167 294/760/1168
f 162/722/1169 161/724/1170 295/675/1171 297/669/1172
f 137/756/1173 138/753/1174 298/684/1175 296/689/1176
f 163/720/1177 162/722/1178 297/669/1179 299/666/1180
f 138/753/1181 139/751/1182 300/678/1183 298/684/1184
f 164/718/1185 163/720/1186 299/666/1187 301/665/1188
f 139/751/1189 140/749/1190 302/679/1191 300/678/1192
f 165/716/1193 164/718/1194 301/665/1195 303/673/1196
f 140/749/1197 141/747/1198 304/685/1199 302/679/1200
f 166/714/1201 165/716/1202 303/673/1203 305/681/1204
f 141/747/1205 142/745/1206 306/690/1207 304/685/1208
f 167/712/1209 166/714/1210 305/681/1211 307/687/1212
f 142/745/1213 143/743/1214 308/694/1215 306/690/1216
f 168/710/1217 167/712/1218 307/687/1219 309/692/1220
f 143/743/1221 144/741/1222 310/698/1223 308/694/1224
f 169/708/1225 168/710/1226 309/692/1227 311/696/1228
f 144/741/1229 145/739/1230 312/700/1231 310/698/1232
f 170/705/1233 169/708/1234 311/696/1235 313/706/1236
f 145/739/1237 146/736/1238 314/737/1239 312/700/1240
f 147/702/1241 170/705/1242 313/706/1243 267/703/1244
f 146/736/1245 123/731/1246 269/734/1247 314/737/1248
f 196/553/1249 195/554/1250 315/555/1251 316/556/1252
f 171/583/1253 172/584/1254 318/585/1255 317/586/1256
f 197/559/1257 196/553/1258 316/556/1259 319/495/1260
f 172/584/1261 173/587/1262 320/588/1263 318/585/1264
f 198/561/1265 197/559/1266 319/495/1267 321/489/1268
f 173/587/1269 174/593/1270 322/504/1271 320/588/1272
f 199/563/1273 198/561/1274 321/489/1275 323/486/1276
f 174/593/1277 175/597/1278 324/498/1279 322/504/1280
f 200/565/1281 199/563/1282 323/486/1283 325/485/1284
f 175/597/1285 176/599/1286 326/499/1287 324/498/1288
f 201/567/1289 200/565/1290 325/485/1291 327/493/1292
f 176/599/1293 177/601/1294 328/505/1295 326/499/1296
f 202/569/1297 201/567/1298 327/493/1299 329/501/1300
f 177/601/1301 178/603/1302 330/509/1303 328/505/1304
f 203/571/1305 202/569/1306 329/501/1307 331/507/1308
f 178/603/1309 179/605/1310 332/513/1311 330/509/1312
f 204/573/1313 203/571/1314 331/507/1315 333/511/1316
f 179/605/1317 180/607/1318 334/517/1319 332/513/1320
f 205/575/1321 204/573/1322 333/511/1323 335/515/1324
f 180/607/1325 181/609/1326 336/610/1327 334/517/1328
f 206/577/1329 205/575/1330 335/515/1331 337/578/1332
f 181/609/1333 182/612/1334 338/613/1335 336/610/1336
f 207/581/1337 206/577/1338 337/578/1339 339/582/1340
f 182/612/1341 183/616/1342 340/617/1343 338/613/1344
f 208/579/1345 207/581/1346 339/582/1347 341/580/1348
f 183/616/1349 184/619/1350 342/620/1351 340/617/1352
f 209/576/1353 208/579/1354 341/580/1355 343/529/1356
f 184/619/1357 185/614/1358 344/615/1359 342/620/1360
f 210/574/1361 209/576/1362 343/529/1363 345/523/1364
f 185/614/1365 186/611/1366 346/538/1367 344/615/1368
f 211/572/1369 210/574/1370 345/523/1371 347/520/1372
f 186/611/1373 187/608/1374 348/532/1375 346/538/1376
f 212/570/1377 211/572/1378 347/520/1379 349/519/1380
f 187/608/1381 188/606/1382 350/533/1383 348/532/1384
f 213/568/1385 212/570/1386 349/519/1387 351/527/1388
f 188/606/1389 189/604/1390 352/539/1391 350/533/1392
f 214/566/1393 213/568/1394 351/527/1395 353/535/1396
f 189/604/1397 190/602/1398 354/543/1399 352/539/1400
f 215/564/1401 214/566/1402 353/535/1403 355/541/1404
f 190/602/1405 191/600/1406 356/547/1407 354/543/1408
f 216/562/1409 215/564/1410 355/541/1411 357/545/1412
f 191/600/1413 192/598/1414 358/551/1415 356/547/1416
f 217/560/1417 216/562/1418 357/545/1419 359/549/1420
f 192/598/1421 193/595/1422 360/596/1423 358/551/1424
f 218/557/1425 217/560/1426 359/549/1427 361/558/1428
f 193/595/1429 194/591/1430 362/592/1431 360/596/1432
f 195/554/1433 218/557/1434 361/558/1435 315/555/1436
f 194/591/1437 171/583/1438 317/586/1439 362/592/1440
f 220/956/1441 219/957/1442 363/958/1443 364/783/1444
f 652/986/1445 651/870/1446 653/987/1447 654/988/1448
f 221/961/1449 220/956/1450 364/783/1451 367/777/1452
f 651/870/1453 655/866/1454 656/800/1455 653/987/1456
f 222/964/1457 221/961/1458 367/777/1459 369/774/1460
f 655/866/1461 657/862/1462 658/793/1463 656/800/1464
f 223/966/1465 222/964/1466 369/774/1467 371/773/1468
f 657/862/1469 659/861/1470 660/794/1471 658/793/1472
f 224/968/1473 223/966/1474 371/773/1475 373/781/1476
f 659/861/1477 661/864/1478 662/801/1479 660/794/1480
f 225/970/1481 224/968/1482 373/781/1483 375/789/1484
f 661/864/1485 663/868/1486 664/806/1487 662/801/1488
f 226/972/1489 225/970/1490 375/789/1491 377/797/1492
f 663/868/1493 665/872/1494 666/811/1495 664/806/1496
f 227/974/1497 226/972/1498 377/797/1499 379/804/1500
f 665/872/1501 667/874/1502 668/814/1503 666/811/1504
f 228/976/1505 227/974/1506 379/804/1507 381/809/1508
f 667/874/1509 669/876/1510 670/997/1511 668/814/1512
f 229/978/1513 228/976/1514 381/809/1515 383/979/1516
f 669/876/1517 671/998/1518 672/999/1519 670/997/1520
f 230/981/1521 229/978/1522 383/979/1523 385/982/1524
f 671/998/1525 673/1000/1526 674/1001/1527 672/999/1528
f 231/984/1529 230/981/1530 385/982/1531 387/985/1532
f 673/1000/1533 675/1003/1534 676/1004/1535 674/1001/1536
f 232/983/1537 231/984/1538 387/985/1539 389/826/1540
f 675/1003/1541 677/888/1542 678/1006/1543 676/1004/1544
f 233/980/1545 232/983/1546 389/826/1547 391/820/1548
f 677/888/1549 679/884/1550 680/843/1551 678/1006/1552
f 234/977/1553 233/980/1554 391/820/1555 393/817/1556
f 679/884/1557 681/880/1558 682/836/1559 680/843/1560
f 235/975/1561 234/977/1562 393/817/1563 395/816/1564
f 681/880/1565 683/879/1566 684/837/1567 682/836/1568
f 236/973/1569 235/975/1570 395/816/1571 397/824/1572
f 683/879/1573 685/882/1574 686/844/1575 684/837/1576
f 237/971/1577 236/973/1578 397/824/1579 399/832/1580
f 685/882/1581 687/886/1582 688/849/1583 686/844/1584
f 238/969/1585 237/971/1586 399/832/1587 401/840/1588
f 687/886/1589 689/890/1590 690/854/1591 688/849/1592
f 239/967/1593 238/969/1594 401/840/1595 403/847/1596
f 689/890/1597 691/892/1598 692/857/1599 690/854/1600
f 240/965/1601 239/967/1602 403/847/1603 405/852/1604
f 691/892/1605 693/894/1606 694/996/1607 692/857/1608
f 241/962/1609 240/965/1610 405/852/1611 407/963/1612
f 693/894/1613 695/993/1614 696/994/1615 694/996/1616
f 242/959/1617 241/962/1618 407/963/1619 409/960/1620
f 695/993/1621 697/990/1622 698/991/1623 696/994/1624
f 219/957/1625 242/959/1626 409/960/1627 363/958/1628
f 697/990/1629 652/986/1630 654/988/1631 698/991/1632
f 412/636/1633 411/635/1634 276/642/1635 278/643/1636
f 413/644/1637 412/636/1638 278/643/1639 280/649/1640
f 414/650/1641 413/644/1642 280/649/1643 282/654/1644
f 415/655/1645 414/650/1646 282/654/1647 284/658/1648
f 416/659/1649 415/655/1650 284/658/1651 286/662/1652
f 417/663/1653 416/659/1654 286/662/1655 288/664/1656
f 418/768/1657 417/663/1658 288/664/1659 290/755/1660
f 419/770/1661 418/768/1662 290/755/1663 292/758/1664
f 420/772/1665 419/770/1666 292/758/1667 294/760/1668
f 421/683/1669 420/772/1670 294/760/1671 296/689/1672
f 422/677/1673 421/683/1674 296/689/1675 298/684/1676
f 423/671/1677 422/677/1678 298/684/1679 300/678/1680
f 424/672/1681 423/671/1682 300/678/1683 302/679/1684
f 425/680/1685 424/672/1686 302/679/1687 304/685/1688
f 426/686/1689 425/680/1690 304/685/1691 306/690/1692
f 427/691/1693 426/686/1694 306/690/1695 308/694/1696
f 428/695/1697 427/691/1698 308/694/1699 310/698/1700
f 429/699/1701 428/695/1702 310/698/1703 312/700/1704
f 430/766/1705 429/699/1706 312/700/1707 314/737/1708
f 431/764/1709 430/766/1710 314/737/1711 269/734/1712
f 432/765/1713 431/764/1714 269/734/1715 270/733/1716
f 433/647/1717 432/765/1718 270/733/1719 272/653/1720
f 434/641/1721 433/647/1722 272/653/1723 274/648/1724
f 411/635/1725 434/641/1726 274/648/1727 276/642/1728
f 436/632/1729 435/631/1730 411/635/1731 412/636/1732
f 437/638/1733 436/632/1734 412/636/1735 413/644/1736
f 438/646/1737 437/638/1738 413/644/1739 414/650/1740
f 439/652/1741 438/646/1742 414/650/1743 415/655/1744
f 440/657/1745 439/652/1746 415/655/1747 416/659/1748
f 441/661/1749 440/657/1750 416/659/1751 417/663/1752
f 442/767/1753 441/661/1754 417/663/1755 418/768/1756
f 443/769/1757 442/767/1758 418/768/1759 419/770/1760
f 444/771/1761 443/769/1762 419/770/1763 420/772/1764
f 445/676/1765 444/771/1766 420/772/1767 421/683/1768
f 446/670/1769 445/676/1770 421/683/1771 422/677/1772
f 447/667/1773 446/670/1774 422/677/1775 423/671/1776
f 448/668/1777 447/667/1778 423/671/1779 424/672/1780
f 449/674/1781 448/668/1782 424/672/1783 425/680/1784
f 450/682/1785 449/674/1786 425/680/1787 426/686/1788
f 451/688/1789 450/682/1790 426/686/1791 427/691/1792
f 452/693/1793 451/688/1794 427/691/1795 428/695/1796
f 453/697/1797 452/693/1798 428/695/1799 429/699/1800
f 454/763/1801 453/697/1802 429/699/1803 430/766/1804
f 455/761/1805 454/763/1806 430/766/1807 431/764/1808
f 456/762/1809 455/761/1810 431/764/1811 432/765/1812
f 457/640/1813 456/762/1814 432/765/1815 433/647/1816
f 458/634/1817 457/640/1818 433/647/1819 434/641/1820
f 435/631/1821 458/634/1822 434/641/1823 411/635/1824
f 460/506/1825 459/500/1826 328/505/1827 330/509/1828
f 461/510/1829 460/506/1830 330/509/1831 332/513/1832
f 462/514/1833 461/510/1834 332/513/1835 334/517/1836
f 463/518/1837 462/514/1838 334/517/1839 336/610/1840
f 464/618/1841 463/518/1842 336/610/1843 338/613/1844
f 465/621/1845 464/618/1846 338/613/1847 340/617/1848
f 466/622/1849 465/621/1850 340/617/1851 342/620/1852
f 467/537/1853 466/622/1854 342/620/1855 344/615/1856
f 468/531/1857 467/537/1858 344/615/1859 346/538/1860
f 469/525/1861 468/531/1862 346/538/1863 348/532/1864
f 470/526/1865 469/525/1866 348/532/1867 350/533/1868
f 471/534/1869 470/526/1870 350/533/1871 352/539/1872
f 472/540/1873 471/534/1874 352/539/1875 354/543/1876
f 473/544/1877 472/540/1878 354/543/1879 356/547/1880
f 474/548/1881 473/544/1882 356/547/1883 358/551/1884
f 475/552/1885 474/548/1886 358/551/1887 360/596/1888
f 476/594/1889 475/552/1890 360/596/1891 362/592/1892
f 477/590/1893 476/594/1894 362/592/1895 317/586/1896
f 478/589/1897 477/590/1898 317/586/1899 318/585/1900
f 479/503/1901 478/589/1902 318/585/1903 320/588/1904
f 480/497/1905 479/503/1906 320/588/1907 322/504/1908
f 481/491/1909 480/497/1910 322/504/1911 324/498/1912
f 482/492/1913 481/491/1914 324/498/1915 326/499/1916
f 459/500/1917 482/492/1918 326/499/1919 328/505/1920
f 484/502/1921 483/494/1922 459/500/1923 460/506/1924
f 485/508/1925 484/502/1926 460/506/1927 461/510/1928
f 486/512/1929 485/508/1930 461/510/1931 462/514/1932
f 487/516/1933 486/512/1934 462/514/1935 463/518/1936
f 488/626/1937 487/516/1938 463/518/1939 464/618/1940
f 489/627/1941 488/626/1942 464/618/1943 465/621/1944
f 490/628/1945 489/627/1946 465/621/1947 466/622/1948
f 491/530/1949 490/628/1950 466/622/1951 467/537/1952
f 492/524/1953 491/530/1954 467/537/1955 468/531/1956
f 493/521/1957 492/524/1958 468/531/1959 469/525/1960
f 494/522/1961 493/521/1962 469/525/1963 470/526/1964
f 495/528/1965 494/522/1966 470/526/1967 471/534/1968
f 496/536/1969 495/528/1970 471/534/1971 472/540/1972
f 497/542/1973 496/536/1974 472/540/1975 473/544/1976
f 498/546/1977 497/542/1978 473/544/1979 474/548/1980
f 499/550/1981 498/546/1982 474/548/1983 475/552/1984
f 500/625/1985 499/550/1986 475/552/1987 476/594/1988
f 501/623/1989 500/625/1990 476/594/1991 477/590/1992
f 502/624/1993 501/623/1994 477/590/1995 478/589/1996
f 503/496/1997 502/624/1998 478/589/1999 479/503/2000
f 504/490/2001 503/496/2002 479/503/2003 480/497/2004
f 505/487/2005 504/490/2006 480/497/2007 481/491/2008
f 506/488/2009 505/487/2010 481/491/2011 482/492/2012
f 483/494/2013 506/488/2014 482/492/2015 459/500/2016
f 6/137/2017 21/136/2018 508/146/2019 507/147/2020
f 250/287/2021 251/288/2022 510/229/2023 509/228/2024
f 21/136/2025 8/142/2026 511/155/2027 508/146/2028
f 249/290/2029 250/287/2030 509/228/2031 512/236/2032
f 8/142/2033 25/154/2034 513/168/2035 511/155/2036
f 248/292/2037 249/290/2038 512/236/2039 514/242/2040
f 25/154/2041 1/167/2042 515/181/2043 513/168/2044
f 247/295/2045 248/292/2046 514/242/2047 516/247/2048
f 1/167/2049 26/158/2050 517/173/2051 515/181/2052
f 246/299/2053 247/295/2054 516/247/2055 518/249/2056
f 26/158/2057 9/159/2058 519/172/2059 517/173/2060
f 245/303/2061 246/299/2062 518/249/2063 520/250/2064
f 9/159/2065 29/171/2066 521/185/2067 519/172/2068
f 244/306/2069 245/303/2070 520/250/2071 522/307/2072
f 29/171/2073 4/184/2074 523/196/2075 521/185/2076
f 243/310/2077 244/306/2078 522/307/2079 524/311/2080
f 4/184/2081 36/195/2082 525/204/2083 523/196/2084
f 266/314/2085 243/310/2086 524/311/2087 526/315/2088
f 36/195/2089 13/203/2090 527/210/2091 525/204/2092
f 265/318/2093 266/314/2094 526/315/2095 528/279/2096
f 13/203/2097 40/209/2098 529/213/2099 527/210/2100
f 264/320/2101 265/318/2102 528/279/2103 530/273/2104
f 40/209/2105 2/212/2106 531/214/2107 529/213/2108
f 263/322/2109 264/320/2110 530/273/2111 532/265/2112
f 2/212/2113 41/208/2114 533/211/2115 531/214/2116
f 262/321/2117 263/322/2118 532/265/2119 534/264/2120
f 41/208/2121 14/201/2122 535/207/2123 533/211/2124
f 261/319/2125 262/321/2126 534/264/2127 536/272/2128
f 14/201/2129 44/200/2130 537/206/2131 535/207/2132
f 260/316/2133 261/319/2134 536/272/2135 538/278/2136
f 44/200/2137 5/199/2138 539/205/2139 537/206/2140
f 259/312/2141 260/316/2142 538/278/2143 540/283/2144
f 5/199/2145 50/190/2146 541/198/2147 539/205/2148
f 258/308/2149 259/312/2150 540/283/2151 542/285/2152
f 50/190/2153 17/177/2154 543/189/2155 541/198/2156
f 257/304/2157 258/308/2158 542/285/2159 544/286/2160
f 17/177/2161 54/176/2162 545/188/2163 543/189/2164
f 256/300/2165 257/304/2166 544/286/2167 546/301/2168
f 54/176/2169 3/187/2170 547/197/2171 545/188/2172
f 255/296/2173 256/300/2174 546/301/2175 548/297/2176
f 3/187/2177 55/175/2178 549/186/2179 547/197/2180
f 254/293/2181 255/296/2182 548/297/2183 550/294/2184
f 55/175/2185 18/161/2186 551/174/2187 549/186/2188
f 253/291/2189 254/293/2190 550/294/2191 552/243/2192
f 18/161/2193 58/148/2194 553/160/2195 551/174/2196
f 252/289/2197 253/291/2198 552/243/2199 554/237/2200
f 58/148/2201 6/137/2202 507/147/2203 553/160/2204
f 251/288/2205 252/289/2206 554/237/2207 510/229/2208
f 556/230/2209 555/222/2210 510/229/2211 554/237/2212
f 557/238/2213 556/230/2214 554/237/2215 552/243/2216
f 558/298/2217 557/238/2218 552/243/2219 550/294/2220
f 559/302/2221 558/298/2222 550/294/2223 548/297/2224
f 560/305/2225 559/302/2226 548/297/2227 546/301/2228
f 561/284/2229 560/305/2230 546/301/2231 544/286/2232
f 562/282/2233 561/284/2234 544/286/2235 542/285/2236
f 563/277/2237 562/282/2238 542/285/2239 540/283/2240
f 564/271/2241 563/277/2242 540/283/2243 538/278/2244
f 565/263/2245 564/271/2246 538/278/2247 536/272/2248
f 566/257/2249 565/263/2250 536/272/2251 534/264/2252
f 567/258/2253 566/257/2254 534/264/2255 532/265/2256
f 568/266/2257 567/258/2258 532/265/2259 530/273/2260
f 569/274/2261 568/266/2262 530/273/2263 528/279/2264
f 570/317/2265 569/274/2266 528/279/2267 526/315/2268
f 571/313/2269 570/317/2270 526/315/2271 524/311/2272
f 572/309/2273 571/313/2274 524/311/2275 522/307/2276
f 573/248/2277 572/309/2278 522/307/2279 520/250/2280
f 574/246/2281 573/248/2282 520/250/2283 518/249/2284
f 575/241/2285 574/246/2286 518/249/2287 516/247/2288
f 576/235/2289 575/241/2290 516/247/2291 514/242/2292
f 577/227/2293 576/235/2294 514/242/2295 512/236/2296
f 578/221/2297 577/227/2298 512/236/2299 509/228/2300
f 555/222/2301 578/221/2302 509/228/2303 510/229/2304
f 580/224/2305 579/218/2306 555/222/2307 556/230/2308
f 581/232/2309 580/224/2310 556/230/2311 557/238/2312
f 582/334/2313 581/232/2314 557/238/2315 558/298/2316
f 583/332/2317 582/334/2318 558/298/2319 559/302/2320
f 584/330/2321 583/332/2322 559/302/2323 560/305/2324
f 585/281/2325 584/330/2326 560/305/2327 561/284/2328
f 586/276/2329 585/281/2330 561/284/2331 562/282/2332
f 587/270/2333 586/276/2334 562/282/2335 563/277/2336
f 588/262/2337 587/270/2338 563/277/2339 564/271/2340
f 589/256/2341 588/262/2342 564/271/2343 565/263/2344
f 590/253/2345 589/256/2346 565/263/2347 566/257/2348
f 591/254/2349 590/253/2350 566/257/2351 567/258/2352
f 592/260/2353 591/254/2354 567/258/2355 568/266/2356
f 593/268/2357 592/260/2358 568/266/2359 569/274/2360
f 594/328/2361 593/268/2362 569/274/2363 570/317/2364
f 595/326/2365 594/328/2366 570/317/2367 571/313/2368
f 596/324/2369 595/326/2370 571/313/2371 572/309/2372
f 597/245/2373 596/324/2374 572/309/2375 573/248/2376
f 598/240/2377 597/245/2378 573/248/2379 574/246/2380
f 599/234/2381 598/240/2382 574/246/2383 575/241/2384
f 600/226/2385 599/234/2386 575/241/2387 576/235/2388
f 601/220/2389 600/226/2390 576/235/2391 577/227/2392
f 602/217/2393 601/220/2394 577/227/2395 578/221/2396
f 579/218/2397 602/217/2398 578/221/2399 555/222/2400
f 604/796/2401 603/788/2402 374/795/2403 376/802/2404
f 605/803/2405 604/796/2406 376/802/2407 378/807/2408
f 606/808/2409 605/803/2410 378/807/2411 380/812/2412
f 607/813/2413 606/808/2414 380/812/2415 382/815/2416
f 608/1015/2417 607/813/2418 382/815/2419 384/1002/2420
f 609/1017/2421 608/1015/2422 384/1002/2423 386/1005/2424
f 610/1019/2425 609/1017/2426 386/1005/2427 388/1007/2428
f 611/834/2429 610/1019/2430 388/1007/2431 390/842/2432
f 612/828/2433 611/834/2434 390/842/2435 392/835/2436
f 613/822/2437 612/828/2438 392/835/2439 394/829/2440
f 614/823/2441 613/822/2442 394/829/2443 396/830/2444
f 615/831/2445 614/823/2446 396/830/2447 398/838/2448
f 616/839/2449 615/831/2450 398/838/2451 400/845/2452
f 617/846/2453 616/839/2454 400/845/2455 402/850/2456
f 618/851/2457 617/846/2458 402/850/2459 404/855/2460
f 619/856/2461 618/851/2462 404/855/2463 406/858/2464
f 620/1013/2465 619/856/2466 406/858/2467 408/995/2468
f 621/1012/2469 620/1013/2470 408/995/2471 410/992/2472
f 622/1010/2473 621/1012/2474 410/992/2475 365/989/2476
f 623/791/2477 622/1010/2478 365/989/2479 366/799/2480
f 624/785/2481 623/791/2482 366/799/2483 368/792/2484
f 625/779/2485 624/785/2486 368/792/2487 370/786/2488
f 626/780/2489 625/779/2490 370/786/2491 372/787/2492
f 603/788/2493 626/780/2494 372/787/2495 374/795/2496
f 628/790/2497 627/782/2498 603/788/2499 604/796/2500
f 629/798/2501 628/790/2502 604/796/2503 605/803/2504
f 630/805/2505 629/798/2506 605/803/2507 606/808/2508
f 631/810/2509 630/805/2510 606/808/2511 607/813/2512
f 632/1014/2513 631/810/2514 607/813/2515 608/1015/2516
f 633/1016/2517 632/1014/2518 608/1015/2519 609/1017/2520
f 634/1018/2521 633/1016/2522 609/1017/2523 610/1019/2524
f 635/827/2525 634/1018/2526 610/1019/2527 611/834/2528
f 636/821/2529 635/827/2530 611/834/2531 612/828/2532
f 637/818/2533 636/821/2534 612/828/2535 613/822/2536
f 638/819/2537 637/818/2538 613/822/2539 614/823/2540
f 639/825/2541 638/819/2542 614/823/2543 615/831/2544
f 640/833/2545 639/825/2546 615/831/2547 616/839/2548
f 641/841/2549 640/833/2550 616/839/2551 617/846/2552
f 642/848/2553 641/841/2554 617/846/2555 618/851/2556
f 643/853/2557 642/848/2558 618/851/2559 619/856/2560
f 644/1011/2561 643/853/2562 619/856/2563 620/1013/2564
f 645/1009/2565 644/1011/2566 620/1013/2567 621/1012/2568
f 646/1008/2569 645/1009/2570 621/1012/2571 622/1010/2572
f 647/784/2573 646/1008/2574 622/1010/2575 623/791/2576
f 648/778/2577 647/784/2578 623/791/2579 624/785/2580
f 649/775/2581 648/778/2582 624/785/2583 625/779/2584
f 650/776/2585 649/775/2586 625/779/2587 626/780/2588
f 627/782/2589 650/776/2590 626/780/2591 603/788/2592
f 77/1020/2593 75/869/2594 651/870/2595 652/986/2596
f 366/799/2597 365/989/2598 654/988/2599 653/987/2600
f 75/869/2601 74/865/2602 655/866/2603 651/870/2604
f 368/792/2605 366/799/2606 653/987/2607 656/800/2608
f 74/865/2609 73/859/2610 657/862/2611 655/866/2612
f 370/786/2613 368/792/2614 656/800/2615 658/793/2616
f 73/859/2617 71/860/2618 659/861/2619 657/862/2620
f 372/787/2621 370/786/2622 658/793/2623 660/794/2624
f 71/860/2625 68/863/2626 661/864/2627 659/861/2628
f 374/795/2629 372/787/2630 660/794/2631 662/801/2632
f 68/863/2633 67/867/2634 663/868/2635 661/864/2636
f 376/802/2637 374/795/2638 662/801/2639 664/806/2640
f 67/867/2641 66/871/2642 665/872/2643 663/868/2644
f 378/807/2645 376/802/2646 664/806/2647 666/811/2648
f 66/871/2649 119/873/2650 667/874/2651 665/872/2652
f 380/812/2653 378/807/2654 666/811/2655 668/814/2656
f 119/873/2657 117/875/2658 669/876/2659 667/874/2660
f 382/815/2661 380/812/2662 668/814/2663 670/997/2664
f 117/875/2665 116/1023/2666 671/998/2667 669/876/2668
f 384/1002/2669 382/815/2670 670/997/2671 672/999/2672
f 116/1023/2673 115/1024/2674 673/1000/2675 671/998/2676
f 386/1005/2677 384/1002/2678 672/999/2679 674/1001/2680
f 115/1024/2681 113/1025/2682 675/1003/2683 673/1000/2684
f 388/1007/2685 386/1005/2686 674/1001/2687 676/1004/2688
f 113/1025/2689 110/887/2690 677/888/2691 675/1003/2692
f 390/842/2693 388/1007/2694 676/1004/2695 678/1006/2696
f 110/887/2697 109/883/2698 679/884/2699 677/888/2700
f 392/835/2701 390/842/2702 678/1006/2703 680/843/2704
f 109/883/2705 101/877/2706 681/880/2707 679/884/2708
f 394/829/2709 392/835/2710 680/843/2711 682/836/2712
f 101/877/2713 99/878/2714 683/879/2715 681/880/2716
f 396/830/2717 394/829/2718 682/836/2719 684/837/2720
f 99/878/2721 97/881/2722 685/882/2723 683/879/2724
f 398/838/2725 396/830/2726 684/837/2727 686/844/2728
f 97/881/2729 96/885/2730 687/886/2731 685/882/2732
f 400/845/2733 398/838/2734 686/844/2735 688/849/2736
f 96/885/2737 95/889/2738 689/890/2739 687/886/2740
f 402/850/2741 400/845/2742 688/849/2743 690/854/2744
f 95/889/2745 93/891/2746 691/892/2747 689/890/2748
f 404/855/2749 402/850/2750 690/854/2751 692/857/2752
f 93/891/2753 90/893/2754 693/894/2755 691/892/2756
f 406/858/2757 404/855/2758 692/857/2759 694/996/2760
f 90/893/2761 89/1022/2762 695/993/2763 693/894/2764
f 408/995/2765 406/858/2766 694/996/2767 696/994/2768
f 89/1022/2769 79/1021/2770 697/990/2771 695/993/2772
f 410/992/2773 408/995/2774 696/994/2775 698/991/2776
f 79/1021/2777 77/1020/2778 652/986/2779 697/990/2780
f 365/989/2781 410/992/2782 698/991/2783 654/988/2784
f 730/1076/2785 731/1057/2786 732/1056/2787 733/1077/2788
f 732/1056/2789 734/1062/2790 735/1064/2791 733/1077/2792
f 735/1064/2793 736/1083/2794 737/1079/2795 733/1077/2796
f 737/1079/2797 738/1080/2798 730/1076/2799 733/1077/2800
f 737/1079/2801 736/1083/2802 739/1070/2803 740/1084/2804
f 739/1070/2805 741/1067/2806 742/1066/2807 740/1084/2808
f 742/1066/2809 743/1072/2810 744/1081/2811 740/1084/2812
f 744/1081/2813 738/1080/2814 737/1079/2815 740/1084/2816
f 744/1081/2817 743/1072/2818 745/1074/2819 746/1078/2820
f 745/1074/2821 747/1082/2822 748/1060/2823 746/1078/2824
f 748/1060/2825 731/1057/2826 730/1076/2827 746/1078/2828
f 730/1076/2829 738/1080/2830 744/1081/2831 746/1078/2832
f 709/1/2833 710/2/2834 706/3/2835 704/4/2836
f 706/3/2837 710/2/2838 707/5/2839 699/6/2840
f 707/5/2841 710/2/2842 708/7/2843 702/8/2844
f 708/7/2845 710/2/2846 709/1/2847 705/9/2848
f 708/7/2849 714/10/2850 711/11/2851 702/8/2852
f 711/11/2853 714/10/2854 712/12/2855 700/13/2856
f 712/12/2857 714/10/2858 713/14/2859 703/15/2860
f 713/14/2861 714/10/2862 708/7/2863 705/9/2864
f 713/14/2865 717/16/2866 715/17/2867 703/15/2868
f 715/17/2869 717/16/2870 716/18/2871 701/19/2872
f 716/18/2873 717/16/2874 709/1/2875 704/4/2876
f 709/1/2877 717/16/2878 713/14/2879 705/9/2880
f 704/1026/2881 706/1027/2882 719/1028/2883 718/1029/2884
f 706/1027/2885 699/1030/2886 720/1031/2887 719/1028/2888
f 699/1030/2889 707/1036/2890 721/1037/2891 720/1031/2892
f 707/1036/2893 702/1089/2894 722/1090/2895 721/1037/2896
f 702/1089/2897 711/1049/2898 723/1050/2899 722/1090/2900
f 711/1049/2901 700/1041/2902 724/1044/2903 723/1050/2904
f 700/1041/2905 712/1042/2906 725/1043/2907 724/1044/2908
f 712/1042/2909 703/1045/2910 726/1046/2911 725/1043/2912
f 703/1045/2913 715/1051/2914 727/1052/2915 726/1046/2916
f 715/1051/2917 701/1091/2918 728/1092/2919 727/1052/2920
f 701/1091/2921 716/1034/2922 729/1035/2923 728/1092/2924
f 716/1034/2925 704/1026/2926 718/1029/2927 729/1035/2928
f 749/1033/2929 750/1032/2930 751/1059/2931 752/1058/2932
f 750/1032/2933 753/1038/2934 754/1063/2935 751/1059/2936
f 753/1038/2937 755/1040/2938 756/1065/2939 754/1063/2940
f 755/1040/2941 757/1087/2942 758/1088/2943 756/1065/2944
f 757/1087/2945 759/1054/2946 760/1071/2947 758/1088/2948
f 759/1054/2949 761/1048/2950 762/1068/2951 760/1071/2952
f 761/1048/2953 763/1047/2954 764/1069/2955 762/1068/2956
f 763/1047/2957 765/1053/2958 766/1073/2959 764/1069/2960
f 765/1053/2961 767/1055/2962 768/1075/2963 766/1073/2964
f 767/1055/2965 769/1085/2966 770/1086/2967 768/1075/2968
f 769/1085/2969 771/1039/2970 772/1061/2971 770/1086/2972
f 771/1039/2973 749/1033/2974 752/1058/2975 772/1061/2976
f 718/1029/2977 719/1028/2978 750/1032/2979 749/1033/2980
f 732/1056/2981 731/1057/2982 752/1058/2983 751/1059/2984
f 719/1028/2985 720/1031/2986 753/1038/2987 750/1032/2988
f 734/1062/2989 732/1056/2990 751/1059/2991 754/1063/2992
f 720/1031/2993 721/1037/2994 755/1040/2995 753/1038/2996
f 735/1064/2997 734/1062/2998 754/1063/2999 756/1065/3000
f 721/1037/3001 722/1090/3002 757/1087/3003 755/1040/3004
f 736/1083/3005 735/1064/3006 756/1065/3007 758/1088/3008
f 722/1090/3009 723/1050/3010 759/1054/3011 757/1087/3012
f 739/1070/3013 736/1083/3014 758/1088/3015 760/1071/3016
f 723/1050/3017 724/1044/3018 761/1048/3019 759/1054/3020
f 741/1067/3021 739/1070/3022 760/1071/3023 762/1068/3024
f 724/1044/3025 725/1043/3026 763/1047/3027 761/1048/3028
f 742/1066/3029 741/1067/3030 762/1068/3031 764/1069/3032
f 725/1043/3033 726/1046/3034 765/1053/3035 763/1047/3036
f 743/1072/3037 742/1066/3038 764/1069/3039 766/1073/3040
f 726/1046/3041 727/1052/3042 767/1055/3043 765/1053/3044
f 745/1074/3045 743/1072/3046 766/1073/3047 768/1075/3048
f 727/1052/3049 728/1092/3050 769/1085/3051 767/1055/3052
f 747/1082/3053 745/1074/3054 768/1075/3055 770/1086/3056
f 728/1092/3057 729/1035/3058 771/1039/3059 769/1085/3060
f 748/1060/3061 747/1082/3062 770/1086/3063 772/1061/3064
f 729/1035/3065 718/1029/3066 749/1033/3067 771/1039/3068
f 731/1057/3069 748/1060/3070 772/1061/3071 752/1058/3072
f 828/20/3073 829/21/3074 830/22/3075 831/23/3076
f 830/22/3077 832/24/3078 833/25/3079 831/23/3080
f 833/25/3081 834/26/3082 835/27/3083 831/23/3084
f 835/27/3085 836/28/3086 828/20/3087 831/23/3088
f 835/27/3089 834/26/3090 837/29/3091 838/30/3092
f 837/29/3093 839/31/3094 840/32/3095 838/30/3096
f 840/32/3097 841/33/3098 842/34/3099 838/30/3100
f 842/34/3101 836/28/3102 835/27/3103 838/30/3104
f 842/34/3105 841/33/3106 843/35/3107 844/36/3108
f 843/35/3109 845/37/3110 846/38/3111 844/36/3112
f 846/38/3113 829/21/3114 828/20/3115 844/36/3116
f 828/20/3117 836/28/3118 842/34/3119 844/36/3120
f 783/39/3121 784/40/3122 780/41/3123 778/42/3124
f 780/41/3125 784/40/3126 781/43/3127 773/44/3128
f 781/43/3129 784/40/3130 782/45/3131 776/46/3132
f 782/45/3133 784/40/3134 783/39/3135 779/47/3136
f 782/45/3137 788/48/3138 785/49/3139 776/46/3140
f 785/49/3141 788/48/3142 786/50/3143 774/51/3144
f 786/50/3145 788/48/3146 787/52/3147 777/53/3148
f 787/52/3149 788/48/3150 782/45/3151 779/47/3152
f 787/52/3153 791/54/3154 789/55/3155 777/53/3156
f 789/55/3157 791/54/3158 790/56/3159 775/57/3160
f 790/56/3161 791/54/3162 783/39/3163 778/42/3164
f 783/39/3165 791/54/3166 787/52/3167 779/47/3168
f 778/58/3169 780/59/3170 793/60/3171 792/61/3172
f 780/59/3173 773/62/3174 794/63/3175 793/60/3176
f 773/62/3177 781/64/3178 795/65/3179 794/63/3180
f 781/64/3181 776/66/3182 796/67/3183 795/65/3184
f 776/66/3185 785/68/3186 797/69/3187 796/67/3188
f 785/68/3189 774/70/3190 798/71/3191 797/69/3192
f 774/70/3193 786/72/3194 799/73/3195 798/71/3196
f 786/72/3197 777/74/3198 800/75/3199 799/73/3200
f 777/74/3201 789/76/3202 801/77/3203 800/75/3204
f 789/76/3205 775/78/3206 802/79/3207 801/77/3208
f 775/78/3209 790/80/3210 803/81/3211 802/79/3212
f 790/80/3213 778/58/3214 792/61/3215 803/81/3216
f 792/61/3217 793/60/3218 805/82/3219 804/83/3220
f 793/60/3221 794/63/3222 806/84/3223 805/82/3224
f 794/63/3225 795/65/3226 807/85/3227 806/84/3228
f 795/65/3229 796/67/3230 808/86/3231 807/85/3232
f 796/67/3233 797/69/3234 809/87/3235 808/86/3236
f 797/69/3237 798/71/3238 810/88/3239 809/87/3240
f 798/71/3241 799/73/3242 811/89/3243 810/88/3244
f 799/73/3245 800/75/3246 812/90/3247 811/89/3248
f 800/75/3249 801/77/3250 813/91/3251 812/90/3252
f 801/77/3253 802/79/3254 814/92/3255 813/91/3256
f 802/79/3257 803/81/3258 815/93/3259 814/92/3260
f 803/81/3261 792/61/3262 804/83/3263 815/93/3264
f 804/83/3265 805/82/3266 817/94/3267 816/95/3268
f 805/82/3269 806/84/3270 818/96/3271 817/94/3272
f 806/84/3273 807/85/3274 819/97/3275 818/96/3276
f 807/85/3277 808/86/3278 820/98/3279 819/97/3280
f 808/86/3281 809/87/3282 821/99/3283 820/98/3284
f 809/87/3285 810/88/3286 822/100/3287 821/99/3288
f 810/88/3289 811/89/3290 823/101/3291 822/100/3292
f 811/89/3293 812/90/3294 824/102/3295 823/101/3296
f 812/90/3297 813/91/3298 825/103/3299 824/102/3300
f 813/91/3301 814/92/3302 826/104/3303 825/103/3304
f 814/92/3305 815/93/3306 827/105/3307 826/104/3308
f 815/93/3309 804/83/3310 816/95/3311 827/105/3312
f 847/106/3313 848/107/3314 849/108/3315 850/109/3316
f 848/107/3317 851/110/3318 852/111/3319 849/108/3320
f 851/110/3321 853/112/3322 854/113/3323 852/111/3324
f 853/112/3325 855/114/3326 856/115/3327 854/113/3328
f 855/114/3329 857/116/3330 858/117/3331 856/115/3332
f 857/116/3333 859/118/3334 860/119/3335 858/117/3336
f 859/118/3337 861/120/3338 862/121/3339 860/119/3340
f 861/120/3341 863/122/3342 864/123/3343 862/121/3344
f 863/122/3345 865/124/3346 866/125/3347 864/123/3348
f 865/124/3349 867/126/3350 868/127/3351 866/125/3352
f 867/126/3353 869/128/3354 870/129/3355 868/127/3356
f 869/128/3357 847/106/3358 850/109/3359 870/129/3360
f 816/95/3361 817/94/3362 848/107/3363 847/106/3364
f 830/22/3365 829/21/3366 850/109/3367 849/108/3368
f 817/94/3369 818/96/3370 851/110/3371 848/107/3372
f 832/24/3373 830/22/3374 849/108/3375 852/111/3376
f 818/96/3377 819/97/3378 853/112/3379 851/110/3380
f 833/25/3381 832/24/3382 852/111/3383 854/113/3384
f 819/97/3385 820/98/3386 855/114/3387 853/112/3388
f 834/26/3389 833/25/3390 854/113/3391 856/115/3392
f 820/98/3393 821/99/3394 857/116/3395 855/114/3396
f 837/29/3397 834/26/3398 856/115/3399 858/117/3400
f 821/99/3401 822/100/3402 859/118/3403 857/116/3404
f 839/31/3405 837/29/3406 858/117/3407 860/119/3408
f 822/100/3409 823/101/3410 861/120/3411 859/118/3412
f 840/32/3413 839/31/3414 860/119/3415 862/121/3416
f 823/101/3417 824/102/3418 863/122/3419 861/120/3420
f 841/33/3421 840/32/3422 862/121/3423 864/123/3424
f 824/102/3425 825/103/3426 865/124/3427 863/122/3428
f 843/35/3429 841/33/3430 864/123/3431 866/125/3432
f 825/103/3433 826/104/3434 867/126/3435 865/124/3436
f 845/37/3437 843/35/3438 866/125/3439 868/127/3440
f 826/104/3441 827/105/3442 869/128/3443 867/126/3444
f 846/38/3445 845/37/3446 868/127/3447 870/129/3448
f 827/105/3449 816/95/3450 847/106/3451 869/128/3452
f 829/21/3453 846/38/3454 870/129/3455 850/109/3456
