# This file uses meters as units for non-parametric coordinates.

mtllib Platform1.mtl
g default
v -200.000015 0.768857 100.000008
v 199.999985 0.768857 100.000008
v -200.000015 8.211431 100.000008
v 199.999985 8.211431 100.000008
v -200.000015 8.211431 -100.000008
v 199.999985 8.211431 -100.000008
v -200.000015 0.768857 -100.000008
v 199.999985 0.768857 -100.000008
v 9.034088 -0.000000 -93.286354
v 8.580208 -0.000000 -94.243904
v 7.873222 -0.000000 -95.003815
v 6.982422 -0.000000 -95.491707
v 5.994911 -0.000000 -95.659821
v 5.007423 -0.000000 -95.491707
v 4.116608 -0.000000 -95.003815
v 3.409637 -0.000000 -94.243904
v 2.955750 -0.000000 -93.286354
v 2.799355 -0.000000 -92.224899
v 2.955750 -0.000000 -91.163452
v 3.409637 -0.000000 -90.205902
v 4.116608 -0.000000 -89.445984
v 5.007423 -0.000000 -88.958099
v 5.994911 -0.000000 -88.789978
v 6.982422 -0.000000 -88.958099
v 7.873222 -0.000000 -89.445984
v 8.580208 -0.000000 -90.205902
v 9.034088 -0.000000 -91.163452
v 9.190483 -0.000000 -92.224899
v 9.034088 18.557013 -93.286354
v 8.580208 18.557013 -94.243904
v 7.873222 18.557013 -95.003815
v 6.982422 18.557013 -95.491707
v 5.994911 18.557013 -95.659821
v 5.007423 18.557013 -95.491707
v 4.116608 18.557013 -95.003815
v 3.409637 18.557013 -94.243904
v 2.955750 18.557013 -93.286354
v 2.799355 18.557013 -92.224899
v 2.955750 18.557013 -91.163452
v 3.409637 18.557013 -90.205902
v 4.116608 18.557013 -89.445984
v 5.007423 18.557013 -88.958099
v 5.994911 18.557013 -88.789978
v 6.982422 18.557013 -88.958099
v 7.873222 18.557013 -89.445984
v 8.580208 18.557013 -90.205902
v 9.034088 18.557013 -91.163452
v 9.190483 18.557013 -92.224899
v 5.994911 -0.000000 -92.224899
v 8.728828 35.973640 -92.921539
v 9.128235 50.517101 -93.109276
v 9.789597 64.843224 -93.077148
v 11.953293 73.945251 -93.059357
v 16.912529 81.581573 -93.061562
v 19.391220 83.251869 -93.061562
v 25.122398 84.079369 -93.061562
v 46.655861 84.498993 -93.031113
v 75.973007 84.724586 -93.031113
v 98.173607 84.757172 -93.031113
v 8.249382 35.973640 -93.850471
v 8.701820 50.517101 -93.997704
v 9.379372 64.894348 -93.937126
v 11.561378 74.074707 -93.913177
v 16.568161 81.822578 -93.917343
v 19.151474 83.610619 -93.917343
v 25.071800 84.517723 -93.917343
v 46.655861 84.926155 -93.859932
v 75.973007 85.152328 -93.859932
v 98.173607 85.184914 -93.859932
v 7.540840 35.973640 -94.608635
v 8.040970 50.517101 -94.700935
v 8.743690 64.973534 -94.617844
v 10.954002 74.275261 -94.589020
v 16.034439 82.195999 -94.594727
v 18.779808 84.166451 -94.594727
v 24.993225 85.197014 -94.594727
v 46.655857 85.588150 -94.515976
v 75.973007 85.815239 -94.515976
v 98.173607 85.847885 -94.515976
v 6.672592 35.973640 -95.121803
v 7.210373 50.517101 -95.150146
v 7.944656 65.073090 -95.052673
v 10.190620 74.527336 -95.020729
v 15.363632 82.665382 -95.027420
v 18.312729 84.865158 -95.027420
v 24.894554 86.050797 -95.027420
v 46.655857 86.420219 -94.935036
v 75.973007 86.648438 -94.935036
v 98.173607 86.681152 -94.935036
v 5.729630 35.973640 -95.339745
v 6.291344 50.517101 -95.301346
v 7.060577 65.183266 -95.199036
v 9.345947 74.806252 -95.166039
v 14.621384 83.184761 -95.173065
v 17.795891 85.638237 -95.173065
v 24.785339 86.995529 -95.173065
v 46.655857 87.340874 -95.076096
v 75.973007 87.570381 -95.076096
v 98.173607 87.603157 -95.076096
v 4.804260 35.973640 -95.241135
v 5.373848 50.517101 -95.139771
v 6.177986 65.293221 -95.042625
v 8.502678 75.084663 -95.010757
v 13.880386 83.703247 -95.017426
v 17.279922 86.409996 -95.017426
v 24.676300 87.938683 -95.017426
v 46.655846 88.260010 -94.925362
v 75.973007 88.490753 -94.925362
v 98.173607 88.523621 -94.925362
v 3.987045 35.973640 -94.835617
v 4.547722 50.517101 -94.681190
v 5.383270 65.392235 -94.598732
v 7.743378 75.335373 -94.570038
v 13.213142 84.170105 -94.575706
v 16.815292 87.104942 -94.575706
v 24.578133 88.787926 -94.575706
v 46.655846 89.087585 -94.497551
v 75.973007 89.319489 -94.497551
v 98.173607 89.352432 -94.497551
v 3.357994 35.973640 -94.162888
v 3.893784 50.517101 -93.970528
v 4.754196 65.470627 -93.910820
v 7.142387 75.533829 -93.887054
v 12.685020 84.539650 -93.891159
v 16.447578 87.655014 -93.891159
v 24.500458 89.460098 -93.891159
v 46.655857 89.742661 -93.834572
v 75.973007 89.975479 -93.834572
v 98.173607 90.008438 -93.834572
v 2.978683 35.973640 -93.288811
v 3.476067 50.517101 -93.077339
v 4.352386 65.520683 -93.046234
v 6.758461 75.660645 -93.028664
v 12.347672 84.775681 -93.030800
v 16.212654 88.006401 -93.030800
v 24.450790 89.889503 -93.030800
v 46.655842 90.161110 -93.001320
v 75.973007 90.394493 -93.001320
v 98.173607 90.427498 -93.001320
v 2.886238 35.973640 -92.298927
v 3.335434 50.517101 -92.089050
v 4.217110 65.537529 -92.089592
v 6.629227 75.703308 -92.078873
v 12.234085 84.855141 -92.078835
v 16.133591 88.124680 -92.078835
v 24.434097 90.034073 -92.078835
v 46.655857 90.301979 -92.079346
v 75.973007 90.535553 -92.079346
v 98.173607 90.568565 -92.079346
v 3.089699 35.973640 -91.290138
v 3.485710 50.517101 -91.102394
v 4.361656 65.519524 -91.134529
v 6.767334 75.657692 -91.130653
v 12.355461 84.770248 -91.128448
v 16.218109 87.998253 -91.128448
v 24.451973 89.879601 -91.128448
v 46.655857 90.151443 -91.158897
v 75.973007 90.384796 -91.158897
v 98.173607 90.417801 -91.158897
v 3.569145 35.973640 -90.361198
v 3.912132 50.517101 -90.213974
v 4.771858 65.468430 -90.274551
v 7.159256 75.528275 -90.276840
v 12.699829 84.529259 -90.272675
v 16.457893 87.639557 -90.272675
v 24.502625 89.441238 -90.272675
v 46.655865 89.724274 -90.330093
v 75.973007 89.957054 -90.330093
v 98.173607 89.990044 -90.330093
v 4.277687 35.973640 -89.603043
v 4.572990 50.517101 -89.510742
v 5.407562 65.389214 -89.593842
v 7.766624 75.327713 -89.600998
v 13.233559 84.155823 -89.595291
v 16.829521 87.083656 -89.595291
v 24.581131 88.761940 -89.595291
v 46.655857 89.062271 -89.674042
v 75.973007 89.294128 -89.674042
v 98.173607 89.327042 -89.674042
v 5.145927 35.973640 -89.089874
v 5.403557 50.517101 -89.061539
v 6.206566 65.289665 -89.159019
v 8.529991 75.075645 -89.169296
v 13.904373 83.686447 -89.162598
v 17.296600 86.385010 -89.162598
v 24.679817 87.908134 -89.162598
v 46.655857 88.230263 -89.254982
v 75.973007 88.460976 -89.254982
v 98.173607 88.493820 -89.254982
v 6.088898 35.973640 -88.871941
v 6.322578 50.517101 -88.910339
v 7.090630 65.179512 -89.012657
v 9.374641 74.796730 -89.023979
v 14.646622 83.167107 -89.016953
v 17.813461 85.611931 -89.016953
v 24.789055 86.963432 -89.016953
v 46.655857 87.309563 -89.113922
v 75.973007 87.539024 -89.113922
v 98.173607 87.571815 -89.113922
v 7.014259 35.973640 -88.970543
v 7.240074 50.517101 -89.071915
v 7.973236 65.069542 -89.169060
v 10.217918 74.518318 -89.179268
v 15.387596 82.648628 -89.172592
v 18.329430 84.840172 -89.172592
v 24.898064 86.020302 -89.172592
v 46.655857 86.390480 -89.264664
v 75.973007 86.618675 -89.264664
v 98.173607 86.651398 -89.264664
v 7.831482 35.973640 -89.376068
v 8.066238 50.517101 -89.530495
v 8.767982 64.970505 -89.612953
v 10.977219 74.267570 -89.619980
v 16.054848 82.181763 -89.614311
v 18.794044 84.145203 -89.614311
v 24.996216 85.171036 -89.614311
v 46.655857 85.562851 -89.692467
v 75.973007 85.789886 -89.692467
v 98.173607 85.822540 -89.692467
v 8.460533 35.973640 -90.048782
v 8.720169 50.517101 -90.241150
v 9.397041 64.892113 -90.300858
v 11.578239 74.069115 -90.302956
v 16.582970 81.812187 -90.298851
v 19.161766 83.595146 -90.298851
v 25.073936 84.498878 -90.298851
v 46.655857 84.907776 -90.355438
v 75.973007 85.133972 -90.355438
v 98.173607 85.166542 -90.355438
v 8.839844 35.973640 -90.922867
v 9.137886 50.517101 -91.134338
v 9.798874 64.842064 -91.165443
v 11.962135 73.942345 -91.161346
v 16.920311 81.576157 -91.159210
v 19.396667 83.243774 -91.159210
v 25.123581 84.069473 -91.159210
v 46.655857 84.489342 -91.188690
v 75.973007 84.714935 -91.188690
v 98.173607 84.747475 -91.188690
v 8.932297 35.973640 -91.912758
v 9.278488 50.517101 -92.122635
v 9.934143 64.825211 -92.122093
v 12.091400 73.899673 -92.111145
v 17.033913 81.496666 -92.111183
v 19.475777 83.125481 -92.111183
v 25.140289 83.924881 -92.111183
v 46.655857 84.348450 -92.110672
v 75.973007 84.573853 -92.110672
v 98.173607 84.606369 -92.110672
v 187.313126 -0.000000 -93.286354
v 187.767029 -0.000000 -94.243904
v 188.473999 -0.000000 -95.003815
v 189.364792 -0.000000 -95.491707
v 190.352295 -0.000000 -95.659821
v 191.339813 -0.000000 -95.491707
v 192.230621 -0.000000 -95.003815
v 192.937561 -0.000000 -94.243904
v 193.391479 -0.000000 -93.286354
v 193.547867 -0.000000 -92.224899
v 193.391479 -0.000000 -91.163452
v 192.937561 -0.000000 -90.205902
v 192.230621 -0.000000 -89.445984
v 191.339813 -0.000000 -88.958099
v 190.352295 -0.000000 -88.789978
v 189.364792 -0.000000 -88.958099
v 188.473999 -0.000000 -89.445984
v 187.767029 -0.000000 -90.205902
v 187.313126 -0.000000 -91.163452
v 187.156738 -0.000000 -92.224899
v 187.313126 18.557013 -93.286354
v 187.767029 18.557013 -94.243904
v 188.473999 18.557013 -95.003815
v 189.364792 18.557013 -95.491707
v 190.352295 18.557013 -95.659821
v 191.339813 18.557013 -95.491707
v 192.230621 18.557013 -95.003815
v 192.937561 18.557013 -94.243904
v 193.391479 18.557013 -93.286354
v 193.547867 18.557013 -92.224899
v 193.391479 18.557013 -91.163452
v 192.937561 18.557013 -90.205902
v 192.230621 18.557013 -89.445984
v 191.339813 18.557013 -88.958099
v 190.352295 18.557013 -88.789978
v 189.364792 18.557013 -88.958099
v 188.473999 18.557013 -89.445984
v 187.767029 18.557013 -90.205902
v 187.313126 18.557013 -91.163452
v 187.156738 18.557013 -92.224899
v 190.352295 -0.000000 -92.224899
v 187.618378 35.973640 -92.921539
v 187.218979 50.517101 -93.109276
v 186.557617 64.843224 -93.077148
v 184.393951 73.945251 -93.059357
v 179.434692 81.581573 -93.061562
v 176.955994 83.251869 -93.061562
v 171.224808 84.079369 -93.061562
v 149.691345 84.498993 -93.031113
v 120.374207 84.724586 -93.031113
v 188.097839 35.973640 -93.850471
v 187.645386 50.517101 -93.997704
v 186.967850 64.894348 -93.937126
v 184.785828 74.074707 -93.913177
v 179.779053 81.822578 -93.917343
v 177.195724 83.610619 -93.917343
v 171.275421 84.517723 -93.917343
v 149.691345 84.926155 -93.859932
v 120.374207 85.152328 -93.859932
v 188.806366 35.973640 -94.608635
v 188.306259 50.517101 -94.700935
v 187.603516 64.973534 -94.617844
v 185.393219 74.275261 -94.589020
v 180.312775 82.195999 -94.594727
v 177.567413 84.166451 -94.594727
v 171.353989 85.197014 -94.594727
v 149.691376 85.588150 -94.515976
v 120.374207 85.815239 -94.515976
v 189.674622 35.973640 -95.121803
v 189.136841 50.517101 -95.150146
v 188.402557 65.073090 -95.052673
v 186.156570 74.527336 -95.020729
v 180.983612 82.665382 -95.027420
v 178.034485 84.865158 -95.027420
v 171.452667 86.050797 -95.027420
v 149.691376 86.420219 -94.935036
v 120.374207 86.648438 -94.935036
v 190.617584 35.973640 -95.339745
v 190.055878 50.517101 -95.301346
v 189.286652 65.183266 -95.199036
v 187.001266 74.806252 -95.166039
v 181.725830 83.184761 -95.173065
v 178.551331 85.638237 -95.173065
v 171.561859 86.995529 -95.173065
v 149.691376 87.340874 -95.076096
v 120.374207 87.570381 -95.076096
v 191.542969 35.973640 -95.241135
v 190.973373 50.517101 -95.139771
v 190.169220 65.293221 -95.042625
v 187.844543 75.084663 -95.010757
v 182.466858 83.703247 -95.017426
v 179.067291 86.409996 -95.017426
v 171.670929 87.938683 -95.017426
v 149.691376 88.260010 -94.925362
v 120.374207 88.490753 -94.925362
v 192.360168 35.973640 -94.835617
v 191.799469 50.517101 -94.681190
v 190.963959 65.392235 -94.598732
v 188.603821 75.335373 -94.570038
v 183.134064 84.170105 -94.575706
v 179.531921 87.104942 -94.575706
v 171.769073 88.787926 -94.575706
v 149.691376 89.087585 -94.497551
v 120.374207 89.319489 -94.497551
v 192.989243 35.973640 -94.162888
v 192.453445 50.517101 -93.970528
v 191.593018 65.470627 -93.910820
v 189.204834 75.533829 -93.887054
v 183.662201 84.539650 -93.891159
v 179.899628 87.655014 -93.891159
v 171.846741 89.460098 -93.891159
v 149.691376 89.742661 -93.834572
v 120.374207 89.975479 -93.834572
v 193.368546 35.973640 -93.288811
v 192.871155 50.517101 -93.077339
v 191.994843 65.520683 -93.046234
v 189.588760 75.660645 -93.028664
v 183.999542 84.775681 -93.030800
v 180.134552 88.006401 -93.030800
v 171.896423 89.889503 -93.030800
v 149.691376 90.161110 -93.001320
v 120.374207 90.394493 -93.001320
v 193.460968 35.973640 -92.298927
v 193.011780 50.517101 -92.089050
v 192.130112 65.537529 -92.089592
v 189.717987 75.703308 -92.078873
v 184.113113 84.855141 -92.078835
v 180.213638 88.124680 -92.078835
v 171.913116 90.034073 -92.078835
v 149.691376 90.301979 -92.079346
v 120.374207 90.535553 -92.079346
v 193.257523 35.973640 -91.290138
v 192.861511 50.517101 -91.102394
v 191.985550 65.519524 -91.134529
v 189.579895 75.657692 -91.130653
v 183.991760 84.770248 -91.128448
v 180.129105 87.998253 -91.128448
v 171.895248 89.879601 -91.128448
v 149.691376 90.151443 -91.158897
v 120.374207 90.384796 -91.158897
v 192.778076 35.973640 -90.361198
v 192.435074 50.517101 -90.213974
v 191.575348 65.468430 -90.274551
v 189.187958 75.528275 -90.276840
v 183.647400 84.529259 -90.272675
v 179.889328 87.639557 -90.272675
v 171.844589 89.441238 -90.272675
v 149.691345 89.724274 -90.330093
v 120.374207 89.957054 -90.330093
v 192.069519 35.973640 -89.603043
v 191.774246 50.517101 -89.510742
v 190.939667 65.389214 -89.593842
v 188.580597 75.327713 -89.600998
v 183.113663 84.155823 -89.595291
v 179.517700 87.083656 -89.595291
v 171.766083 88.761940 -89.595291
v 149.691376 89.062271 -89.674042
v 120.374207 89.294128 -89.674042
v 191.201294 35.973640 -89.089874
v 190.943665 50.517101 -89.061539
v 190.140656 65.289665 -89.159019
v 187.817230 75.075645 -89.169296
v 182.442841 83.686447 -89.162598
v 179.050613 86.385010 -89.162598
v 171.667419 87.908134 -89.162598
v 149.691376 88.230263 -89.254982
v 120.374207 88.460976 -89.254982
v 190.258316 35.973640 -88.871941
v 190.024628 50.517101 -88.910339
v 189.256592 65.179512 -89.012657
v 186.972580 74.796730 -89.023979
v 181.700607 83.167107 -89.016953
v 178.533768 85.611931 -89.016953
v 171.558167 86.963432 -89.016953
v 149.691376 87.309563 -89.113922
v 120.374207 87.539024 -89.113922
v 189.332977 35.973640 -88.970543
v 189.107132 50.517101 -89.071915
v 188.373978 65.069542 -89.169060
v 186.129318 74.518318 -89.179268
v 180.959625 82.648628 -89.172592
v 178.017776 84.840172 -89.172592
v 171.449158 86.020302 -89.172592
v 149.691376 86.390480 -89.264664
v 120.374207 86.618675 -89.264664
v 188.515732 35.973640 -89.376068
v 188.280975 50.517101 -89.530495
v 187.579224 64.970505 -89.612953
v 185.370010 74.267570 -89.619980
v 180.292389 82.181763 -89.614311
v 177.553192 84.145203 -89.614311
v 171.350998 85.171036 -89.614311
v 149.691376 85.562851 -89.692467
v 120.374207 85.789886 -89.692467
v 187.886688 35.973640 -90.048782
v 187.627060 50.517101 -90.241150
v 186.950195 64.892113 -90.300858
v 184.768982 74.069115 -90.302956
v 179.764252 81.812187 -90.298851
v 177.185455 83.595146 -90.298851
v 171.273285 84.498878 -90.298851
v 149.691376 84.907776 -90.355438
v 120.374207 85.133972 -90.355438
v 187.507385 35.973640 -90.922867
v 187.209320 50.517101 -91.134338
v 186.548340 64.842064 -91.165443
v 184.385086 73.942345 -91.161346
v 179.426910 81.576157 -91.159210
v 176.950562 83.243774 -91.159210
v 171.223633 84.069473 -91.159210
v 149.691376 84.489342 -91.188690
v 120.374207 84.714935 -91.188690
v 187.414917 35.973640 -91.912758
v 187.068726 50.517101 -92.122635
v 186.413071 64.825211 -92.122093
v 184.255829 73.899673 -92.111145
v 179.313293 81.496666 -92.111183
v 176.871460 83.125481 -92.111183
v 171.206924 83.924881 -92.111183
v 149.691376 84.348450 -92.110672
v 120.374207 84.573853 -92.110672
v 8.790421 24.461714 -91.703629
v 8.790421 24.699404 -92.170120
v 8.790421 25.069614 -92.540329
v 8.790421 25.536108 -92.778023
v 8.790421 26.053219 -92.859924
v 8.790421 26.570330 -92.778023
v 8.790421 27.036823 -92.540329
v 8.790421 27.407034 -92.170120
v 8.790421 27.644724 -91.703629
v 8.790421 27.726625 -91.186516
v 8.790421 27.644724 -90.669403
v 8.790421 27.407034 -90.202911
v 8.790421 27.036823 -89.832703
v 8.790421 26.570330 -89.595009
v 8.790421 26.053219 -89.513107
v 8.790421 25.536108 -89.595009
v 8.790421 25.069614 -89.832703
v 8.790421 24.699404 -90.202911
v 8.790421 24.461714 -90.669403
v 8.790421 24.379812 -91.186516
v 187.556793 24.461714 -91.703629
v 187.556793 24.699404 -92.170120
v 187.556793 25.069614 -92.540329
v 187.556793 25.536108 -92.778023
v 187.556793 26.053219 -92.859924
v 187.556793 26.570330 -92.778023
v 187.556793 27.036823 -92.540329
v 187.556793 27.407034 -92.170120
v 187.556793 27.644724 -91.703629
v 187.556793 27.726625 -91.186516
v 187.556793 27.644724 -90.669403
v 187.556793 27.407034 -90.202911
v 187.556793 27.036823 -89.832703
v 187.556793 26.570330 -89.595009
v 187.556793 26.053219 -89.513107
v 187.556793 25.536108 -89.595009
v 187.556793 25.069614 -89.832703
v 187.556793 24.699404 -90.202911
v 187.556793 24.461714 -90.669403
v 187.556793 24.379812 -91.186516
v 8.790421 26.053219 -91.186516
v 187.556793 26.053219 -91.186516
v 8.790421 53.279629 -91.703629
v 8.790421 53.517319 -92.170120
v 8.790421 53.887531 -92.540329
v 8.790421 54.354023 -92.778023
v 8.790421 54.871136 -92.859924
v 8.790421 55.388248 -92.778023
v 8.790421 55.854740 -92.540329
v 8.790421 56.224949 -92.170120
v 8.790421 56.462639 -91.703629
v 8.790421 56.544544 -91.186516
v 8.790421 56.462639 -90.669403
v 8.790421 56.224949 -90.202911
v 8.790421 55.854740 -89.832703
v 8.790421 55.388248 -89.595009
v 8.790421 54.871136 -89.513107
v 8.790421 54.354023 -89.595009
v 8.790421 53.887531 -89.832703
v 8.790421 53.517323 -90.202911
v 8.790421 53.279633 -90.669403
v 8.790421 53.197727 -91.186516
v 187.556793 53.279629 -91.703629
v 187.556793 53.517319 -92.170120
v 187.556793 53.887531 -92.540329
v 187.556793 54.354023 -92.778023
v 187.556793 54.871136 -92.859924
v 187.556793 55.388248 -92.778023
v 187.556793 55.854740 -92.540329
v 187.556793 56.224949 -92.170120
v 187.556793 56.462639 -91.703629
v 187.556793 56.544544 -91.186516
v 187.556793 56.462639 -90.669403
v 187.556793 56.224949 -90.202911
v 187.556793 55.854740 -89.832703
v 187.556793 55.388248 -89.595009
v 187.556793 54.871136 -89.513107
v 187.556793 54.354023 -89.595009
v 187.556793 53.887531 -89.832703
v 187.556793 53.517323 -90.202911
v 187.556793 53.279633 -90.669403
v 187.556793 53.197727 -91.186516
v 8.790421 54.871136 -91.186516
v 187.556793 54.871136 -91.186516
v 9.034088 -0.000000 90.559052
v 8.580208 -0.000000 89.601501
v 7.873222 -0.000000 88.841591
v 6.982422 -0.000000 88.353699
v 5.994911 -0.000000 88.185585
v 5.007423 -0.000000 88.353699
v 4.116608 -0.000000 88.841591
v 3.409637 -0.000000 89.601501
v 2.955750 -0.000000 90.559052
v 2.799355 -0.000000 91.620506
v 2.955750 -0.000000 92.681953
v 3.409637 -0.000000 93.639503
v 4.116608 -0.000000 94.399422
v 5.007423 -0.000000 94.887306
v 5.994911 -0.000000 95.055428
v 6.982422 -0.000000 94.887306
v 7.873222 -0.000000 94.399422
v 8.580208 -0.000000 93.639503
v 9.034088 -0.000000 92.681953
v 9.190483 -0.000000 91.620506
v 9.034088 18.557013 90.559052
v 8.580208 18.557013 89.601501
v 7.873222 18.557013 88.841591
v 6.982422 18.557013 88.353699
v 5.994911 18.557013 88.185585
v 5.007423 18.557013 88.353699
v 4.116608 18.557013 88.841591
v 3.409637 18.557013 89.601501
v 2.955750 18.557013 90.559052
v 2.799355 18.557013 91.620506
v 2.955750 18.557013 92.681953
v 3.409637 18.557013 93.639503
v 4.116608 18.557013 94.399422
v 5.007423 18.557013 94.887306
v 5.994911 18.557013 95.055428
v 6.982422 18.557013 94.887306
v 7.873222 18.557013 94.399422
v 8.580208 18.557013 93.639503
v 9.034088 18.557013 92.681953
v 9.190483 18.557013 91.620506
v 5.994911 -0.000000 91.620506
v 8.728828 35.973640 90.923866
v 9.128235 50.517101 90.736130
v 9.789597 64.843224 90.768257
v 11.953293 73.945251 90.786049
v 16.912529 81.581573 90.783844
v 19.391220 83.251869 90.783844
v 25.122398 84.079369 90.783844
v 46.655861 84.498993 90.814293
v 75.973007 84.724586 90.814293
v 98.173607 84.757172 90.814293
v 8.249382 35.973640 89.994934
v 8.701820 50.517101 89.847702
v 9.379372 64.894348 89.908279
v 11.561378 74.074707 89.932228
v 16.568161 81.822578 89.928070
v 19.151474 83.610619 89.928070
v 25.071800 84.517723 89.928070
v 46.655861 84.926155 89.985474
v 75.973007 85.152328 89.985474
v 98.173607 85.184914 89.985474
v 7.540840 35.973640 89.236771
v 8.040970 50.517101 89.144470
v 8.743690 64.973534 89.227562
v 10.954002 74.275261 89.256386
v 16.034439 82.195999 89.250679
v 18.779808 84.166451 89.250679
v 24.993225 85.197014 89.250679
v 46.655857 85.588150 89.329430
v 75.973007 85.815239 89.329430
v 98.173607 85.847885 89.329430
v 6.672592 35.973640 88.723602
v 7.210373 50.517101 88.695259
v 7.944656 65.073090 88.792732
v 10.190620 74.527336 88.824677
v 15.363632 82.665382 88.817986
v 18.312729 84.865158 88.817986
v 24.894554 86.050797 88.817986
v 46.655857 86.420219 88.910370
v 75.973007 86.648438 88.910370
v 98.173607 86.681152 88.910370
v 5.729630 35.973640 88.505661
v 6.291344 50.517101 88.544060
v 7.060577 65.183266 88.646378
v 9.345947 74.806252 88.679367
v 14.621384 83.184761 88.672340
v 17.795891 85.638237 88.672340
v 24.785339 86.995529 88.672340
v 46.655857 87.340874 88.769310
v 75.973007 87.570381 88.769310
v 98.173607 87.603157 88.769310
v 4.804260 35.973640 88.604271
v 5.373848 50.517101 88.705635
v 6.177986 65.293221 88.802780
v 8.502678 75.084663 88.834648
v 13.880386 83.703247 88.827980
v 17.279922 86.409996 88.827980
v 24.676300 87.938683 88.827980
v 46.655846 88.260010 88.920044
v 75.973007 88.490753 88.920044
v 98.173607 88.523621 88.920044
v 3.987045 35.973640 89.009789
v 4.547722 50.517101 89.164215
v 5.383270 65.392235 89.246674
v 7.743378 75.335373 89.275368
v 13.213142 84.170105 89.269699
v 16.815292 87.104942 89.269699
v 24.578133 88.787926 89.269699
v 46.655846 89.087585 89.347855
v 75.973007 89.319489 89.347855
v 98.173607 89.352432 89.347855
v 3.357994 35.973640 89.682518
v 3.893784 50.517101 89.874878
v 4.754196 65.470627 89.934586
v 7.142387 75.533829 89.958351
v 12.685020 84.539650 89.954247
v 16.447578 87.655014 89.954247
v 24.500458 89.460098 89.954247
v 46.655857 89.742661 90.010834
v 75.973007 89.975479 90.010834
v 98.173607 90.008438 90.010834
v 2.978683 35.973640 90.556595
v 3.476067 50.517101 90.768066
v 4.352386 65.520683 90.799171
v 6.758461 75.660645 90.816742
v 12.347672 84.775681 90.814606
v 16.212654 88.006401 90.814606
v 24.450790 89.889503 90.814606
v 46.655842 90.161110 90.844086
v 75.973007 90.394493 90.844086
v 98.173607 90.427498 90.844086
v 2.886238 35.973640 91.546478
v 3.335434 50.517101 91.756355
v 4.217110 65.537529 91.755814
v 6.629227 75.703308 91.766533
v 12.234085 84.855141 91.766571
v 16.133591 88.124680 91.766571
v 24.434097 90.034073 91.766571
v 46.655857 90.301979 91.766060
v 75.973007 90.535553 91.766060
v 98.173607 90.568565 91.766060
v 3.089699 35.973640 92.555267
v 3.485710 50.517101 92.743011
v 4.361656 65.519524 92.710876
v 6.767334 75.657692 92.714752
v 12.355461 84.770248 92.716957
v 16.218109 87.998253 92.716957
v 24.451973 89.879601 92.716957
v 46.655857 90.151443 92.686508
v 75.973007 90.384796 92.686508
v 98.173607 90.417801 92.686508
v 3.569145 35.973640 93.484207
v 3.912132 50.517101 93.631424
v 4.771858 65.468430 93.570854
v 7.159256 75.528275 93.568565
v 12.699829 84.529259 93.572723
v 16.457893 87.639557 93.572723
v 24.502625 89.441238 93.572723
v 46.655865 89.724274 93.515320
v 75.973007 89.957054 93.515320
v 98.173607 89.990044 93.515320
v 4.277687 35.973640 94.242363
v 4.572990 50.517101 94.334663
v 5.407562 65.389214 94.251572
v 7.766624 75.327713 94.244408
v 13.233559 84.155823 94.250114
v 16.829521 87.083656 94.250114
v 24.581131 88.761940 94.250114
v 46.655857 89.062271 94.171364
v 75.973007 89.294128 94.171364
v 98.173607 89.327042 94.171364
v 5.145927 35.973640 94.755531
v 5.403557 50.517101 94.783867
v 6.206566 65.289665 94.686386
v 8.529991 75.075645 94.676109
v 13.904373 83.686447 94.682808
v 17.296600 86.385010 94.682808
v 24.679817 87.908134 94.682808
v 46.655857 88.230263 94.590424
v 75.973007 88.460976 94.590424
v 98.173607 88.493820 94.590424
v 6.088898 35.973640 94.973465
v 6.322578 50.517101 94.935066
v 7.090630 65.179512 94.832748
v 9.374641 74.796730 94.821426
v 14.646622 83.167107 94.828453
v 17.813461 85.611931 94.828453
v 24.789055 86.963432 94.828453
v 46.655857 87.309563 94.731483
v 75.973007 87.539024 94.731483
v 98.173607 87.571815 94.731483
v 7.014259 35.973640 94.874863
v 7.240074 50.517101 94.773483
v 7.973236 65.069542 94.676346
v 10.217918 74.518318 94.666138
v 15.387596 82.648628 94.672813
v 18.329430 84.840172 94.672813
v 24.898064 86.020302 94.672813
v 46.655857 86.390480 94.580742
v 75.973007 86.618675 94.580742
v 98.173607 86.651398 94.580742
v 7.831482 35.973640 94.469337
v 8.066238 50.517101 94.314911
v 8.767982 64.970505 94.232452
v 10.977219 74.267570 94.225426
v 16.054848 82.181763 94.231094
v 18.794044 84.145203 94.231094
v 24.996216 85.171036 94.231094
v 46.655857 85.562851 94.152939
v 75.973007 85.789886 94.152939
v 98.173607 85.822540 94.152939
v 8.460533 35.973640 93.796623
v 8.720169 50.517101 93.604256
v 9.397041 64.892113 93.544548
v 11.578239 74.069115 93.542450
v 16.582970 81.812187 93.546555
v 19.161766 83.595146 93.546555
v 25.073936 84.498878 93.546555
v 46.655857 84.907776 93.489967
v 75.973007 85.133972 93.489967
v 98.173607 85.166542 93.489967
v 8.839844 35.973640 92.922539
v 9.137886 50.517101 92.711067
v 9.798874 64.842064 92.679962
v 11.962135 73.942345 92.684059
v 16.920311 81.576157 92.686195
v 19.396667 83.243774 92.686195
v 25.123581 84.069473 92.686195
v 46.655857 84.489342 92.656715
v 75.973007 84.714935 92.656715
v 98.173607 84.747475 92.656715
v 8.932297 35.973640 91.932648
v 9.278488 50.517101 91.722771
v 9.934143 64.825211 91.723312
v 12.091400 73.899673 91.734261
v 17.033913 81.496666 91.734222
v 19.475777 83.125481 91.734222
v 25.140289 83.924881 91.734222
v 46.655857 84.348450 91.734734
v 75.973007 84.573853 91.734734
v 98.173607 84.606369 91.734734
v 187.313126 -0.000000 90.559052
v 187.767029 -0.000000 89.601501
v 188.473999 -0.000000 88.841591
v 189.364792 -0.000000 88.353699
v 190.352295 -0.000000 88.185585
v 191.339813 -0.000000 88.353699
v 192.230621 -0.000000 88.841591
v 192.937561 -0.000000 89.601501
v 193.391479 -0.000000 90.559052
v 193.547867 -0.000000 91.620506
v 193.391479 -0.000000 92.681953
v 192.937561 -0.000000 93.639503
v 192.230621 -0.000000 94.399422
v 191.339813 -0.000000 94.887306
v 190.352295 -0.000000 95.055428
v 189.364792 -0.000000 94.887306
v 188.473999 -0.000000 94.399422
v 187.767029 -0.000000 93.639503
v 187.313126 -0.000000 92.681953
v 187.156738 -0.000000 91.620506
v 187.313126 18.557013 90.559052
v 187.767029 18.557013 89.601501
v 188.473999 18.557013 88.841591
v 189.364792 18.557013 88.353699
v 190.352295 18.557013 88.185585
v 191.339813 18.557013 88.353699
v 192.230621 18.557013 88.841591
v 192.937561 18.557013 89.601501
v 193.391479 18.557013 90.559052
v 193.547867 18.557013 91.620506
v 193.391479 18.557013 92.681953
v 192.937561 18.557013 93.639503
v 192.230621 18.557013 94.399422
v 191.339813 18.557013 94.887306
v 190.352295 18.557013 95.055428
v 189.364792 18.557013 94.887306
v 188.473999 18.557013 94.399422
v 187.767029 18.557013 93.639503
v 187.313126 18.557013 92.681953
v 187.156738 18.557013 91.620506
v 190.352295 -0.000000 91.620506
v 187.618378 35.973640 90.923866
v 187.218979 50.517101 90.736130
v 186.557617 64.843224 90.768257
v 184.393951 73.945251 90.786049
v 179.434692 81.581573 90.783844
v 176.955994 83.251869 90.783844
v 171.224808 84.079369 90.783844
v 149.691345 84.498993 90.814293
v 120.374207 84.724586 90.814293
v 188.097839 35.973640 89.994934
v 187.645386 50.517101 89.847702
v 186.967850 64.894348 89.908279
v 184.785828 74.074707 89.932228
v 179.779053 81.822578 89.928070
v 177.195724 83.610619 89.928070
v 171.275421 84.517723 89.928070
v 149.691345 84.926155 89.985474
v 120.374207 85.152328 89.985474
v 188.806366 35.973640 89.236771
v 188.306259 50.517101 89.144470
v 187.603516 64.973534 89.227562
v 185.393219 74.275261 89.256386
v 180.312775 82.195999 89.250679
v 177.567413 84.166451 89.250679
v 171.353989 85.197014 89.250679
v 149.691376 85.588150 89.329430
v 120.374207 85.815239 89.329430
v 189.674622 35.973640 88.723602
v 189.136841 50.517101 88.695259
v 188.402557 65.073090 88.792732
v 186.156570 74.527336 88.824677
v 180.983612 82.665382 88.817986
v 178.034485 84.865158 88.817986
v 171.452667 86.050797 88.817986
v 149.691376 86.420219 88.910370
v 120.374207 86.648438 88.910370
v 190.617584 35.973640 88.505661
v 190.055878 50.517101 88.544060
v 189.286652 65.183266 88.646378
v 187.001266 74.806252 88.679367
v 181.725830 83.184761 88.672340
v 178.551331 85.638237 88.672340
v 171.561859 86.995529 88.672340
v 149.691376 87.340874 88.769310
v 120.374207 87.570381 88.769310
v 191.542969 35.973640 88.604271
v 190.973373 50.517101 88.705635
v 190.169220 65.293221 88.802780
v 187.844543 75.084663 88.834648
v 182.466858 83.703247 88.827980
v 179.067291 86.409996 88.827980
v 171.670929 87.938683 88.827980
v 149.691376 88.260010 88.920044
v 120.374207 88.490753 88.920044
v 192.360168 35.973640 89.009789
v 191.799469 50.517101 89.164215
v 190.963959 65.392235 89.246674
v 188.603821 75.335373 89.275368
v 183.134064 84.170105 89.269699
v 179.531921 87.104942 89.269699
v 171.769073 88.787926 89.269699
v 149.691376 89.087585 89.347855
v 120.374207 89.319489 89.347855
v 192.989243 35.973640 89.682518
v 192.453445 50.517101 89.874878
v 191.593018 65.470627 89.934586
v 189.204834 75.533829 89.958351
v 183.662201 84.539650 89.954247
v 179.899628 87.655014 89.954247
v 171.846741 89.460098 89.954247
v 149.691376 89.742661 90.010834
v 120.374207 89.975479 90.010834
v 193.368546 35.973640 90.556595
v 192.871155 50.517101 90.768066
v 191.994843 65.520683 90.799171
v 189.588760 75.660645 90.816742
v 183.999542 84.775681 90.814606
v 180.134552 88.006401 90.814606
v 171.896423 89.889503 90.814606
v 149.691376 90.161110 90.844086
v 120.374207 90.394493 90.844086
v 193.460968 35.973640 91.546478
v 193.011780 50.517101 91.756355
v 192.130112 65.537529 91.755814
v 189.717987 75.703308 91.766533
v 184.113113 84.855141 91.766571
v 180.213638 88.124680 91.766571
v 171.913116 90.034073 91.766571
v 149.691376 90.301979 91.766060
v 120.374207 90.535553 91.766060
v 193.257523 35.973640 92.555267
v 192.861511 50.517101 92.743011
v 191.985550 65.519524 92.710876
v 189.579895 75.657692 92.714752
v 183.991760 84.770248 92.716957
v 180.129105 87.998253 92.716957
v 171.895248 89.879601 92.716957
v 149.691376 90.151443 92.686508
v 120.374207 90.384796 92.686508
v 192.778076 35.973640 93.484207
v 192.435074 50.517101 93.631424
v 191.575348 65.468430 93.570854
v 189.187958 75.528275 93.568565
v 183.647400 84.529259 93.572723
v 179.889328 87.639557 93.572723
v 171.844589 89.441238 93.572723
v 149.691345 89.724274 93.515320
v 120.374207 89.957054 93.515320
v 192.069519 35.973640 94.242363
v 191.774246 50.517101 94.334663
v 190.939667 65.389214 94.251572
v 188.580597 75.327713 94.244408
v 183.113663 84.155823 94.250114
v 179.517700 87.083656 94.250114
v 171.766083 88.761940 94.250114
v 149.691376 89.062271 94.171364
v 120.374207 89.294128 94.171364
v 191.201294 35.973640 94.755531
v 190.943665 50.517101 94.783867
v 190.140656 65.289665 94.686386
v 187.817230 75.075645 94.676109
v 182.442841 83.686447 94.682808
v 179.050613 86.385010 94.682808
v 171.667419 87.908134 94.682808
v 149.691376 88.230263 94.590424
v 120.374207 88.460976 94.590424
v 190.258316 35.973640 94.973465
v 190.024628 50.517101 94.935066
v 189.256592 65.179512 94.832748
v 186.972580 74.796730 94.821426
v 181.700607 83.167107 94.828453
v 178.533768 85.611931 94.828453
v 171.558167 86.963432 94.828453
v 149.691376 87.309563 94.731483
v 120.374207 87.539024 94.731483
v 189.332977 35.973640 94.874863
v 189.107132 50.517101 94.773483
v 188.373978 65.069542 94.676346
v 186.129318 74.518318 94.666138
v 180.959625 82.648628 94.672813
v 178.017776 84.840172 94.672813
v 171.449158 86.020302 94.672813
v 149.691376 86.390480 94.580742
v 120.374207 86.618675 94.580742
v 188.515732 35.973640 94.469337
v 188.280975 50.517101 94.314911
v 187.579224 64.970505 94.232452
v 185.370010 74.267570 94.225426
v 180.292389 82.181763 94.231094
v 177.553192 84.145203 94.231094
v 171.350998 85.171036 94.231094
v 149.691376 85.562851 94.152939
v 120.374207 85.789886 94.152939
v 187.886688 35.973640 93.796623
v 187.627060 50.517101 93.604256
v 186.950195 64.892113 93.544548
v 184.768982 74.069115 93.542450
v 179.764252 81.812187 93.546555
v 177.185455 83.595146 93.546555
v 171.273285 84.498878 93.546555
v 149.691376 84.907776 93.489967
v 120.374207 85.133972 93.489967
v 187.507385 35.973640 92.922539
v 187.209320 50.517101 92.711067
v 186.548340 64.842064 92.679962
v 184.385086 73.942345 92.684059
v 179.426910 81.576157 92.686195
v 176.950562 83.243774 92.686195
v 171.223633 84.069473 92.686195
v 149.691376 84.489342 92.656715
v 120.374207 84.714935 92.656715
v 187.414917 35.973640 91.932648
v 187.068726 50.517101 91.722771
v 186.413071 64.825211 91.723312
v 184.255829 73.899673 91.734261
v 179.313293 81.496666 91.734222
v 176.871460 83.125481 91.734222
v 171.206924 83.924881 91.734222
v 149.691376 84.348450 91.734734
v 120.374207 84.573853 91.734734
v 8.790421 24.461714 92.141777
v 8.790421 24.699404 91.675285
v 8.790421 25.069614 91.305077
v 8.790421 25.536108 91.067383
v 8.790421 26.053219 90.985481
v 8.790421 26.570330 91.067383
v 8.790421 27.036823 91.305077
v 8.790421 27.407034 91.675285
v 8.790421 27.644724 92.141777
v 8.790421 27.726625 92.658890
v 8.790421 27.644724 93.176003
v 8.790421 27.407034 93.642494
v 8.790421 27.036823 94.012703
v 8.790421 26.570330 94.250397
v 8.790421 26.053219 94.332298
v 8.790421 25.536108 94.250397
v 8.790421 25.069614 94.012703
v 8.790421 24.699404 93.642494
v 8.790421 24.461714 93.176003
v 8.790421 24.379812 92.658890
v 187.556793 24.461714 92.141777
v 187.556793 24.699404 91.675285
v 187.556793 25.069614 91.305077
v 187.556793 25.536108 91.067383
v 187.556793 26.053219 90.985481
v 187.556793 26.570330 91.067383
v 187.556793 27.036823 91.305077
v 187.556793 27.407034 91.675285
v 187.556793 27.644724 92.141777
v 187.556793 27.726625 92.658890
v 187.556793 27.644724 93.176003
v 187.556793 27.407034 93.642494
v 187.556793 27.036823 94.012703
v 187.556793 26.570330 94.250397
v 187.556793 26.053219 94.332298
v 187.556793 25.536108 94.250397
v 187.556793 25.069614 94.012703
v 187.556793 24.699404 93.642494
v 187.556793 24.461714 93.176003
v 187.556793 24.379812 92.658890
v 8.790421 26.053219 92.658890
v 187.556793 26.053219 92.658890
v 8.790421 53.279629 92.141777
v 8.790421 53.517319 91.675285
v 8.790421 53.887531 91.305077
v 8.790421 54.354023 91.067383
v 8.790421 54.871136 90.985481
v 8.790421 55.388248 91.067383
v 8.790421 55.854740 91.305077
v 8.790421 56.224949 91.675285
v 8.790421 56.462639 92.141777
v 8.790421 56.544544 92.658890
v 8.790421 56.462639 93.176003
v 8.790421 56.224949 93.642494
v 8.790421 55.854740 94.012703
v 8.790421 55.388248 94.250397
v 8.790421 54.871136 94.332298
v 8.790421 54.354023 94.250397
v 8.790421 53.887531 94.012703
v 8.790421 53.517323 93.642494
v 8.790421 53.279633 93.176003
v 8.790421 53.197727 92.658890
v 187.556793 53.279629 92.141777
v 187.556793 53.517319 91.675285
v 187.556793 53.887531 91.305077
v 187.556793 54.354023 91.067383
v 187.556793 54.871136 90.985481
v 187.556793 55.388248 91.067383
v 187.556793 55.854740 91.305077
v 187.556793 56.224949 91.675285
v 187.556793 56.462639 92.141777
v 187.556793 56.544544 92.658890
v 187.556793 56.462639 93.176003
v 187.556793 56.224949 93.642494
v 187.556793 55.854740 94.012703
v 187.556793 55.388248 94.250397
v 187.556793 54.871136 94.332298
v 187.556793 54.354023 94.250397
v 187.556793 53.887531 94.012703
v 187.556793 53.517323 93.642494
v 187.556793 53.279633 93.176003
v 187.556793 53.197727 92.658890
v 8.790421 54.871136 92.658890
v 187.556793 54.871136 92.658890
v -187.126862 -0.000000 -93.286354
v -187.580750 -0.000000 -94.243904
v -188.287735 -0.000000 -95.003815
v -189.178528 -0.000000 -95.491707
v -190.166046 -0.000000 -95.659821
v -191.153534 -0.000000 -95.491707
v -192.044342 -0.000000 -95.003815
v -192.751312 -0.000000 -94.243904
v -193.205200 -0.000000 -93.286354
v -193.361603 -0.000000 -92.224899
v -193.205200 -0.000000 -91.163452
v -192.751312 -0.000000 -90.205902
v -192.044342 -0.000000 -89.445984
v -191.153534 -0.000000 -88.958099
v -190.166046 -0.000000 -88.789978
v -189.178528 -0.000000 -88.958099
v -188.287735 -0.000000 -89.445984
v -187.580750 -0.000000 -90.205902
v -187.126862 -0.000000 -91.163452
v -186.970474 -0.000000 -92.224899
v -187.126862 18.557013 -93.286354
v -187.580750 18.557013 -94.243904
v -188.287735 18.557013 -95.003815
v -189.178528 18.557013 -95.491707
v -190.166046 18.557013 -95.659821
v -191.153534 18.557013 -95.491707
v -192.044342 18.557013 -95.003815
v -192.751312 18.557013 -94.243904
v -193.205200 18.557013 -93.286354
v -193.361603 18.557013 -92.224899
v -193.205200 18.557013 -91.163452
v -192.751312 18.557013 -90.205902
v -192.044342 18.557013 -89.445984
v -191.153534 18.557013 -88.958099
v -190.166046 18.557013 -88.789978
v -189.178528 18.557013 -88.958099
v -188.287735 18.557013 -89.445984
v -187.580750 18.557013 -90.205902
v -187.126862 18.557013 -91.163452
v -186.970474 18.557013 -92.224899
v -190.166046 -0.000000 -92.224899
v -187.432129 35.973640 -92.921539
v -187.032715 50.517101 -93.109276
v -186.371368 64.843224 -93.077148
v -184.207672 73.945251 -93.059357
v -179.248428 81.581573 -93.061562
v -176.769745 83.251869 -93.061562
v -171.038559 84.079369 -93.061562
v -149.505096 84.498993 -93.031113
v -120.187950 84.724586 -93.031113
v -97.987350 84.757172 -93.031113
v -187.911575 35.973640 -93.850471
v -187.459137 50.517101 -93.997704
v -186.781586 64.894348 -93.937126
v -184.599579 74.074707 -93.913177
v -179.592804 81.822578 -93.917343
v -177.009491 83.610619 -93.917343
v -171.089157 84.517723 -93.917343
v -149.505096 84.926155 -93.859932
v -120.187950 85.152328 -93.859932
v -97.987350 85.184914 -93.859932
v -188.620117 35.973640 -94.608635
v -188.119995 50.517101 -94.700935
v -187.417267 64.973534 -94.617844
v -185.206955 74.275261 -94.589020
v -180.126526 82.195999 -94.594727
v -177.381149 84.166451 -94.594727
v -171.167725 85.197014 -94.594727
v -149.505096 85.588150 -94.515976
v -120.187950 85.815239 -94.515976
v -97.987350 85.847885 -94.515976
v -189.488373 35.973640 -95.121803
v -188.950592 50.517101 -95.150146
v -188.216309 65.073090 -95.052673
v -185.970337 74.527336 -95.020729
v -180.797333 82.665382 -95.027420
v -177.848236 84.865158 -95.027420
v -171.266403 86.050797 -95.027420
v -149.505096 86.420219 -94.935036
v -120.187950 86.648438 -94.935036
v -97.987350 86.681152 -94.935036
v -190.431335 35.973640 -95.339745
v -189.869614 50.517101 -95.301346
v -189.100372 65.183266 -95.199036
v -186.815002 74.806252 -95.166039
v -181.539581 83.184761 -95.173065
v -178.365067 85.638237 -95.173065
v -171.375610 86.995529 -95.173065
v -149.505096 87.340874 -95.076096
v -120.187950 87.570381 -95.076096
v -97.987350 87.603157 -95.076096
v -191.356689 35.973640 -95.241135
v -190.787109 50.517101 -95.139771
v -189.982971 65.293221 -95.042625
v -187.658279 75.084663 -95.010757
v -182.280579 83.703247 -95.017426
v -178.881042 86.409996 -95.017426
v -171.484650 87.938683 -95.017426
v -149.505112 88.260010 -94.925362
v -120.187950 88.490753 -94.925362
v -97.987350 88.523621 -94.925362
v -192.173920 35.973640 -94.835617
v -191.613235 50.517101 -94.681190
v -190.777679 65.392235 -94.598732
v -188.417572 75.335373 -94.570038
v -182.947815 84.170105 -94.575706
v -179.345673 87.104942 -94.575706
v -171.582825 88.787926 -94.575706
v -149.505112 89.087585 -94.497551
v -120.187950 89.319489 -94.497551
v -97.987350 89.352432 -94.497551
v -192.802963 35.973640 -94.162888
v -192.267181 50.517101 -93.970528
v -191.406769 65.470627 -93.910820
v -189.018570 75.533829 -93.887054
v -183.475937 84.539650 -93.891159
v -179.713379 87.655014 -93.891159
v -171.660492 89.460098 -93.891159
v -149.505096 89.742661 -93.834572
v -120.187950 89.975479 -93.834572
v -97.987350 90.008438 -93.834572
v -193.182281 35.973640 -93.288811
v -192.684891 50.517101 -93.077339
v -191.808563 65.520683 -93.046234
v -189.402496 75.660645 -93.028664
v -183.813293 84.775681 -93.030800
v -179.948303 88.006401 -93.030800
v -171.710175 89.889503 -93.030800
v -149.505112 90.161110 -93.001320
v -120.187950 90.394493 -93.001320
v -97.987350 90.427498 -93.001320
v -193.274719 35.973640 -92.298927
v -192.825531 50.517101 -92.089050
v -191.943848 65.537529 -92.089592
v -189.531738 75.703308 -92.078873
v -183.926880 84.855141 -92.078835
v -180.027374 88.124680 -92.078835
v -171.726868 90.034073 -92.078835
v -149.505096 90.301979 -92.079346
v -120.187950 90.535553 -92.079346
v -97.987350 90.568565 -92.079346
v -193.071259 35.973640 -91.290138
v -192.675247 50.517101 -91.102394
v -191.799301 65.519524 -91.134529
v -189.393616 75.657692 -91.130653
v -183.805496 84.770248 -91.128448
v -179.942841 87.998253 -91.128448
v -171.708984 89.879601 -91.128448
v -149.505096 90.151443 -91.158897
v -120.187950 90.384796 -91.158897
v -97.987350 90.417801 -91.158897
v -192.591812 35.973640 -90.361198
v -192.248825 50.517101 -90.213974
v -191.389099 65.468430 -90.274551
v -189.001709 75.528275 -90.276840
v -183.461121 84.529259 -90.272675
v -179.703064 87.639557 -90.272675
v -171.658325 89.441238 -90.272675
v -149.505096 89.724274 -90.330093
v -120.187950 89.957054 -90.330093
v -97.987350 89.990044 -90.330093
v -191.883270 35.973640 -89.603043
v -191.587967 50.517101 -89.510742
v -190.753387 65.389214 -89.593842
v -188.394333 75.327713 -89.600998
v -182.927399 84.155823 -89.595291
v -179.331436 87.083656 -89.595291
v -171.579834 88.761940 -89.595291
v -149.505096 89.062271 -89.674042
v -120.187950 89.294128 -89.674042
v -97.987350 89.327042 -89.674042
v -191.015030 35.973640 -89.089874
v -190.757401 50.517101 -89.061539
v -189.954391 65.289665 -89.159019
v -187.630966 75.075645 -89.169296
v -182.256592 83.686447 -89.162598
v -178.864349 86.385010 -89.162598
v -171.481140 87.908134 -89.162598
v -149.505096 88.230263 -89.254982
v -120.187950 88.460976 -89.254982
v -97.987350 88.493820 -89.254982
v -190.072052 35.973640 -88.871941
v -189.838379 50.517101 -88.910339
v -189.070328 65.179512 -89.012657
v -186.786316 74.796730 -89.023979
v -181.514343 83.167107 -89.016953
v -178.347504 85.611931 -89.016953
v -171.371902 86.963432 -89.016953
v -149.505096 87.309563 -89.113922
v -120.187950 87.539024 -89.113922
v -97.987350 87.571815 -89.113922
v -189.146698 35.973640 -88.970543
v -188.920883 50.517101 -89.071915
v -188.187714 65.069542 -89.169060
v -185.943039 74.518318 -89.179268
v -180.773361 82.648628 -89.172592
v -177.831528 84.840172 -89.172592
v -171.262894 86.020302 -89.172592
v -149.505096 86.390480 -89.264664
v -120.187950 86.618675 -89.264664
v -97.987350 86.651398 -89.264664
v -188.329468 35.973640 -89.376068
v -188.094727 50.517101 -89.530495
v -187.392975 64.970505 -89.612953
v -185.183746 74.267570 -89.619980
v -180.106110 82.181763 -89.614311
v -177.366913 84.145203 -89.614311
v -171.164734 85.171036 -89.614311
v -149.505096 85.562851 -89.692467
v -120.187950 85.789886 -89.692467
v -97.987350 85.822540 -89.692467
v -187.700424 35.973640 -90.048782
v -187.440796 50.517101 -90.241150
v -186.763916 64.892113 -90.300858
v -184.582718 74.069115 -90.302956
v -179.577988 81.812187 -90.298851
v -176.999191 83.595146 -90.298851
v -171.087021 84.498878 -90.298851
v -149.505096 84.907776 -90.355438
v -120.187950 85.133972 -90.355438
v -97.987350 85.166542 -90.355438
v -187.321106 35.973640 -90.922867
v -187.023071 50.517101 -91.134338
v -186.362091 64.842064 -91.165443
v -184.198822 73.942345 -91.161346
v -179.240646 81.576157 -91.159210
v -176.764282 83.243774 -91.159210
v -171.037384 84.069473 -91.159210
v -149.505096 84.489342 -91.188690
v -120.187950 84.714935 -91.188690
v -97.987350 84.747475 -91.188690
v -187.228668 35.973640 -91.912758
v -186.882477 50.517101 -92.122635
v -186.226807 64.825211 -92.122093
v -184.069550 73.899673 -92.111145
v -179.127045 81.496666 -92.111183
v -176.685181 83.125481 -92.111183
v -171.020660 83.924881 -92.111183
v -149.505096 84.348450 -92.110672
v -120.187950 84.573853 -92.110672
v -97.987350 84.606369 -92.110672
v -8.847832 -0.000000 -93.286354
v -8.393929 -0.000000 -94.243904
v -7.686958 -0.000000 -95.003815
v -6.796165 -0.000000 -95.491707
v -5.808662 -0.000000 -95.659821
v -4.821152 -0.000000 -95.491707
v -3.930336 -0.000000 -95.003815
v -3.223389 -0.000000 -94.243904
v -2.769470 -0.000000 -93.286354
v -2.613091 -0.000000 -92.224899
v -2.769470 -0.000000 -91.163452
v -3.223389 -0.000000 -90.205902
v -3.930336 -0.000000 -89.445984
v -4.821152 -0.000000 -88.958099
v -5.808662 -0.000000 -88.789978
v -6.796165 -0.000000 -88.958099
v -7.686958 -0.000000 -89.445984
v -8.393929 -0.000000 -90.205902
v -8.847832 -0.000000 -91.163452
v -9.004219 -0.000000 -92.224899
v -8.847832 18.557013 -93.286354
v -8.393929 18.557013 -94.243904
v -7.686958 18.557013 -95.003815
v -6.796165 18.557013 -95.491707
v -5.808662 18.557013 -95.659821
v -4.821152 18.557013 -95.491707
v -3.930336 18.557013 -95.003815
v -3.223389 18.557013 -94.243904
v -2.769470 18.557013 -93.286354
v -2.613091 18.557013 -92.224899
v -2.769470 18.557013 -91.163452
v -3.223389 18.557013 -90.205902
v -3.930336 18.557013 -89.445984
v -4.821152 18.557013 -88.958099
v -5.808662 18.557013 -88.789978
v -6.796165 18.557013 -88.958099
v -7.686958 18.557013 -89.445984
v -8.393929 18.557013 -90.205902
v -8.847832 18.557013 -91.163452
v -9.004219 18.557013 -92.224899
v -5.808662 -0.000000 -92.224899
v -8.542572 35.973640 -92.921539
v -8.941978 50.517101 -93.109276
v -9.603333 64.843224 -93.077148
v -11.767014 73.945251 -93.059357
v -16.726273 81.581573 -93.061562
v -19.204964 83.251869 -93.061562
v -24.936150 84.079369 -93.061562
v -46.469604 84.498993 -93.031113
v -75.786751 84.724586 -93.031113
v -8.063126 35.973640 -93.850471
v -8.515572 50.517101 -93.997704
v -9.193108 64.894348 -93.937126
v -11.375122 74.074707 -93.913177
v -16.381912 81.822578 -93.917343
v -18.965233 83.610619 -93.917343
v -24.885544 84.517723 -93.917343
v -46.469604 84.926155 -93.859932
v -75.786751 85.152328 -93.859932
v -7.354584 35.973640 -94.608635
v -7.854698 50.517101 -94.700935
v -8.557434 64.973534 -94.617844
v -10.767746 74.275261 -94.589020
v -15.848175 82.195999 -94.594727
v -18.593552 84.166451 -94.594727
v -24.806969 85.197014 -94.594727
v -46.469589 85.588150 -94.515976
v -75.786751 85.815239 -94.515976
v -6.486343 35.973640 -95.121803
v -7.024117 50.517101 -95.150146
v -7.758392 65.073090 -95.052673
v -10.004387 74.527336 -95.020729
v -15.177353 82.665382 -95.027420
v -18.126472 84.865158 -95.027420
v -24.708298 86.050797 -95.027420
v -46.469589 86.420219 -94.935036
v -75.786751 86.648438 -94.935036
v -5.543365 35.973640 -95.339745
v -6.105080 50.517101 -95.301346
v -6.874306 65.183266 -95.199036
v -9.159691 74.806252 -95.166039
v -14.435127 83.184761 -95.173065
v -17.609627 85.638237 -95.173065
v -24.599091 86.995529 -95.173065
v -46.469589 87.340874 -95.076096
v -75.786751 87.570381 -95.076096
v -4.617996 35.973640 -95.241135
v -5.187584 50.517101 -95.139771
v -5.991730 65.293221 -95.042625
v -8.316422 75.084663 -95.010757
v -13.694099 83.703247 -95.017426
v -17.093666 86.409996 -95.017426
v -24.490021 87.938683 -95.017426
v -46.469589 88.260010 -94.925362
v -75.786751 88.490753 -94.925362
v -3.800789 35.973640 -94.835617
v -4.361488 50.517101 -94.681190
v -5.196991 65.392235 -94.598732
v -7.557129 75.335373 -94.570038
v -13.026886 84.170105 -94.575706
v -16.629028 87.104942 -94.575706
v -24.391876 88.787926 -94.575706
v -46.469589 89.087585 -94.497551
v -75.786751 89.319489 -94.497551
v -3.171715 35.973640 -94.162888
v -3.707512 50.517101 -93.970528
v -4.567932 65.470627 -93.910820
v -6.956116 75.533829 -93.887054
v -12.498764 84.539650 -93.891159
v -16.261322 87.655014 -93.891159
v -24.314209 89.460098 -93.891159
v -46.469589 89.742661 -93.834572
v -75.786751 89.975479 -93.834572
v -2.792412 35.973640 -93.288811
v -3.289810 50.517101 -93.077339
v -4.166115 65.520683 -93.046234
v -6.572197 75.660645 -93.028664
v -12.161407 84.775681 -93.030800
v -16.026398 88.006401 -93.030800
v -24.264526 89.889503 -93.030800
v -46.469589 90.161110 -93.001320
v -75.786751 90.394493 -93.001320
v -2.699982 35.973640 -92.298927
v -3.149170 50.517101 -92.089050
v -4.030846 65.537529 -92.089592
v -6.442963 75.703308 -92.078873
v -12.047844 84.855141 -92.078835
v -15.947319 88.124680 -92.078835
v -24.247833 90.034073 -92.078835
v -46.469589 90.301979 -92.079346
v -75.786751 90.535553 -92.079346
v -2.903435 35.973640 -91.290138
v -3.299446 50.517101 -91.102394
v -4.175407 65.519524 -91.134529
v -6.581055 75.657692 -91.130653
v -12.169205 84.770248 -91.128448
v -16.031853 87.998253 -91.128448
v -24.265709 89.879601 -91.128448
v -46.469589 90.151443 -91.158897
v -75.786751 90.384796 -91.158897
v -3.382889 35.973640 -90.361198
v -3.725883 50.517101 -90.213974
v -4.585602 65.468430 -90.274551
v -6.973000 75.528275 -90.276840
v -12.513557 84.529259 -90.272675
v -16.271629 87.639557 -90.272675
v -24.316368 89.441238 -90.272675
v -46.469620 89.724274 -90.330093
v -75.786751 89.957054 -90.330093
v -4.091431 35.973640 -89.603043
v -4.386711 50.517101 -89.510742
v -5.221298 65.389214 -89.593842
v -7.580368 75.327713 -89.600998
v -13.047295 84.155823 -89.595291
v -16.643265 87.083656 -89.595291
v -24.394875 88.761940 -89.595291
v -46.469589 89.062271 -89.674042
v -75.786751 89.294128 -89.674042
v -4.959671 35.973640 -89.089874
v -5.217293 50.517101 -89.061539
v -6.020302 65.289665 -89.159019
v -8.343735 75.075645 -89.169296
v -13.718124 83.686447 -89.162598
v -17.110344 86.385010 -89.162598
v -24.493546 87.908134 -89.162598
v -46.469589 88.230263 -89.254982
v -75.786751 88.460976 -89.254982
v -5.902641 35.973640 -88.871941
v -6.136322 50.517101 -88.910339
v -6.904373 65.179512 -89.012657
v -9.188377 74.796730 -89.023979
v -14.460350 83.167107 -89.016953
v -17.627190 85.611931 -89.016953
v -24.602791 86.963432 -89.016953
v -46.469589 87.309563 -89.113922
v -75.786751 87.539024 -89.113922
v -6.827988 35.973640 -88.970543
v -7.053825 50.517101 -89.071915
v -7.786980 65.069542 -89.169060
v -10.031639 74.518318 -89.179268
v -15.201324 82.648628 -89.172592
v -18.143181 84.840172 -89.172592
v -24.711800 86.020302 -89.172592
v -46.469589 86.390480 -89.264664
v -75.786751 86.618675 -89.264664
v -7.645226 35.973640 -89.376068
v -7.879974 50.517101 -89.530495
v -8.581734 64.970505 -89.612953
v -10.790947 74.267570 -89.619980
v -15.868576 82.181763 -89.614311
v -18.607773 84.145203 -89.614311
v -24.809959 85.171036 -89.614311
v -46.469589 85.562851 -89.692467
v -75.786751 85.789886 -89.692467
v -8.274277 35.973640 -90.048782
v -8.533897 50.517101 -90.241150
v -9.210770 64.892113 -90.300858
v -11.391983 74.069115 -90.302956
v -16.396706 81.812187 -90.298851
v -18.975510 83.595146 -90.298851
v -24.887680 84.498878 -90.298851
v -46.469589 84.907776 -90.355438
v -75.786751 85.133972 -90.355438
v -8.653580 35.973640 -90.922867
v -8.951630 50.517101 -91.134338
v -9.612617 64.842064 -91.165443
v -11.775871 73.942345 -91.161346
v -16.734047 81.576157 -91.159210
v -19.210403 83.243774 -91.159210
v -24.937325 84.069473 -91.159210
v -46.469589 84.489342 -91.188690
v -75.786751 84.714935 -91.188690
v -8.746048 35.973640 -91.912758
v -9.092232 50.517101 -92.122635
v -9.747887 64.825211 -92.122093
v -11.905136 73.899673 -92.111145
v -16.847656 81.496666 -92.111183
v -19.289505 83.125481 -92.111183
v -24.954033 83.924881 -92.111183
v -46.469589 84.348450 -92.110672
v -75.786751 84.573853 -92.110672
v -187.370544 24.461714 -91.703629
v -187.370544 24.699404 -92.170120
v -187.370544 25.069614 -92.540329
v -187.370544 25.536108 -92.778023
v -187.370544 26.053219 -92.859924
v -187.370544 26.570330 -92.778023
v -187.370544 27.036823 -92.540329
v -187.370544 27.407034 -92.170120
v -187.370544 27.644724 -91.703629
v -187.370544 27.726625 -91.186516
v -187.370544 27.644724 -90.669403
v -187.370544 27.407034 -90.202911
v -187.370544 27.036823 -89.832703
v -187.370544 26.570330 -89.595009
v -187.370544 26.053219 -89.513107
v -187.370544 25.536108 -89.595009
v -187.370544 25.069614 -89.832703
v -187.370544 24.699404 -90.202911
v -187.370544 24.461714 -90.669403
v -187.370544 24.379812 -91.186516
v -8.604164 24.461714 -91.703629
v -8.604164 24.699404 -92.170120
v -8.604164 25.069614 -92.540329
v -8.604164 25.536108 -92.778023
v -8.604164 26.053219 -92.859924
v -8.604164 26.570330 -92.778023
v -8.604164 27.036823 -92.540329
v -8.604164 27.407034 -92.170120
v -8.604164 27.644724 -91.703629
v -8.604164 27.726625 -91.186516
v -8.604164 27.644724 -90.669403
v -8.604164 27.407034 -90.202911
v -8.604164 27.036823 -89.832703
v -8.604164 26.570330 -89.595009
v -8.604164 26.053219 -89.513107
v -8.604164 25.536108 -89.595009
v -8.604164 25.069614 -89.832703
v -8.604164 24.699404 -90.202911
v -8.604164 24.461714 -90.669403
v -8.604164 24.379812 -91.186516
v -187.370544 26.053219 -91.186516
v -8.604164 26.053219 -91.186516
v -187.370544 53.279629 -91.703629
v -187.370544 53.517319 -92.170120
v -187.370544 53.887531 -92.540329
v -187.370544 54.354023 -92.778023
v -187.370544 54.871136 -92.859924
v -187.370544 55.388248 -92.778023
v -187.370544 55.854740 -92.540329
v -187.370544 56.224949 -92.170120
v -187.370544 56.462639 -91.703629
v -187.370544 56.544544 -91.186516
v -187.370544 56.462639 -90.669403
v -187.370544 56.224949 -90.202911
v -187.370544 55.854740 -89.832703
v -187.370544 55.388248 -89.595009
v -187.370544 54.871136 -89.513107
v -187.370544 54.354023 -89.595009
v -187.370544 53.887531 -89.832703
v -187.370544 53.517323 -90.202911
v -187.370544 53.279633 -90.669403
v -187.370544 53.197727 -91.186516
v -8.604164 53.279629 -91.703629
v -8.604164 53.517319 -92.170120
v -8.604164 53.887531 -92.540329
v -8.604164 54.354023 -92.778023
v -8.604164 54.871136 -92.859924
v -8.604164 55.388248 -92.778023
v -8.604164 55.854740 -92.540329
v -8.604164 56.224949 -92.170120
v -8.604164 56.462639 -91.703629
v -8.604164 56.544544 -91.186516
v -8.604164 56.462639 -90.669403
v -8.604164 56.224949 -90.202911
v -8.604164 55.854740 -89.832703
v -8.604164 55.388248 -89.595009
v -8.604164 54.871136 -89.513107
v -8.604164 54.354023 -89.595009
v -8.604164 53.887531 -89.832703
v -8.604164 53.517323 -90.202911
v -8.604164 53.279633 -90.669403
v -8.604164 53.197727 -91.186516
v -187.370544 54.871136 -91.186516
v -8.604164 54.871136 -91.186516
v -187.126862 -0.000000 90.559052
v -187.580750 -0.000000 89.601501
v -188.287735 -0.000000 88.841591
v -189.178528 -0.000000 88.353699
v -190.166046 -0.000000 88.185585
v -191.153534 -0.000000 88.353699
v -192.044342 -0.000000 88.841591
v -192.751312 -0.000000 89.601501
v -193.205200 -0.000000 90.559052
v -193.361603 -0.000000 91.620506
v -193.205200 -0.000000 92.681953
v -192.751312 -0.000000 93.639503
v -192.044342 -0.000000 94.399422
v -191.153534 -0.000000 94.887306
v -190.166046 -0.000000 95.055428
v -189.178528 -0.000000 94.887306
v -188.287735 -0.000000 94.399422
v -187.580750 -0.000000 93.639503
v -187.126862 -0.000000 92.681953
v -186.970474 -0.000000 91.620506
v -187.126862 18.557013 90.559052
v -187.580750 18.557013 89.601501
v -188.287735 18.557013 88.841591
v -189.178528 18.557013 88.353699
v -190.166046 18.557013 88.185585
v -191.153534 18.557013 88.353699
v -192.044342 18.557013 88.841591
v -192.751312 18.557013 89.601501
v -193.205200 18.557013 90.559052
v -193.361603 18.557013 91.620506
v -193.205200 18.557013 92.681953
v -192.751312 18.557013 93.639503
v -192.044342 18.557013 94.399422
v -191.153534 18.557013 94.887306
v -190.166046 18.557013 95.055428
v -189.178528 18.557013 94.887306
v -188.287735 18.557013 94.399422
v -187.580750 18.557013 93.639503
v -187.126862 18.557013 92.681953
v -186.970474 18.557013 91.620506
v -190.166046 -0.000000 91.620506
v -187.432129 35.973640 90.923866
v -187.032715 50.517101 90.736130
v -186.371368 64.843224 90.768257
v -184.207672 73.945251 90.786049
v -179.248428 81.581573 90.783844
v -176.769745 83.251869 90.783844
v -171.038559 84.079369 90.783844
v -149.505096 84.498993 90.814293
v -120.187950 84.724586 90.814293
v -97.987350 84.757172 90.814293
v -187.911575 35.973640 89.994934
v -187.459137 50.517101 89.847702
v -186.781586 64.894348 89.908279
v -184.599579 74.074707 89.932228
v -179.592804 81.822578 89.928070
v -177.009491 83.610619 89.928070
v -171.089157 84.517723 89.928070
v -149.505096 84.926155 89.985474
v -120.187950 85.152328 89.985474
v -97.987350 85.184914 89.985474
v -188.620117 35.973640 89.236771
v -188.119995 50.517101 89.144470
v -187.417267 64.973534 89.227562
v -185.206955 74.275261 89.256386
v -180.126526 82.195999 89.250679
v -177.381149 84.166451 89.250679
v -171.167725 85.197014 89.250679
v -149.505096 85.588150 89.329430
v -120.187950 85.815239 89.329430
v -97.987350 85.847885 89.329430
v -189.488373 35.973640 88.723602
v -188.950592 50.517101 88.695259
v -188.216309 65.073090 88.792732
v -185.970337 74.527336 88.824677
v -180.797333 82.665382 88.817986
v -177.848236 84.865158 88.817986
v -171.266403 86.050797 88.817986
v -149.505096 86.420219 88.910370
v -120.187950 86.648438 88.910370
v -97.987350 86.681152 88.910370
v -190.431335 35.973640 88.505661
v -189.869614 50.517101 88.544060
v -189.100372 65.183266 88.646378
v -186.815002 74.806252 88.679367
v -181.539581 83.184761 88.672340
v -178.365067 85.638237 88.672340
v -171.375610 86.995529 88.672340
v -149.505096 87.340874 88.769310
v -120.187950 87.570381 88.769310
v -97.987350 87.603157 88.769310
v -191.356689 35.973640 88.604271
v -190.787109 50.517101 88.705635
v -189.982971 65.293221 88.802780
v -187.658279 75.084663 88.834648
v -182.280579 83.703247 88.827980
v -178.881042 86.409996 88.827980
v -171.484650 87.938683 88.827980
v -149.505112 88.260010 88.920044
v -120.187950 88.490753 88.920044
v -97.987350 88.523621 88.920044
v -192.173920 35.973640 89.009789
v -191.613235 50.517101 89.164215
v -190.777679 65.392235 89.246674
v -188.417572 75.335373 89.275368
v -182.947815 84.170105 89.269699
v -179.345673 87.104942 89.269699
v -171.582825 88.787926 89.269699
v -149.505112 89.087585 89.347855
v -120.187950 89.319489 89.347855
v -97.987350 89.352432 89.347855
v -192.802963 35.973640 89.682518
v -192.267181 50.517101 89.874878
v -191.406769 65.470627 89.934586
v -189.018570 75.533829 89.958351
v -183.475937 84.539650 89.954247
v -179.713379 87.655014 89.954247
v -171.660492 89.460098 89.954247
v -149.505096 89.742661 90.010834
v -120.187950 89.975479 90.010834
v -97.987350 90.008438 90.010834
v -193.182281 35.973640 90.556595
v -192.684891 50.517101 90.768066
v -191.808563 65.520683 90.799171
v -189.402496 75.660645 90.816742
v -183.813293 84.775681 90.814606
v -179.948303 88.006401 90.814606
v -171.710175 89.889503 90.814606
v -149.505112 90.161110 90.844086
v -120.187950 90.394493 90.844086
v -97.987350 90.427498 90.844086
v -193.274719 35.973640 91.546478
v -192.825531 50.517101 91.756355
v -191.943848 65.537529 91.755814
v -189.531738 75.703308 91.766533
v -183.926880 84.855141 91.766571
v -180.027374 88.124680 91.766571
v -171.726868 90.034073 91.766571
v -149.505096 90.301979 91.766060
v -120.187950 90.535553 91.766060
v -97.987350 90.568565 91.766060
v -193.071259 35.973640 92.555267
v -192.675247 50.517101 92.743011
v -191.799301 65.519524 92.710876
v -189.393616 75.657692 92.714752
v -183.805496 84.770248 92.716957
v -179.942841 87.998253 92.716957
v -171.708984 89.879601 92.716957
v -149.505096 90.151443 92.686508
v -120.187950 90.384796 92.686508
v -97.987350 90.417801 92.686508
v -192.591812 35.973640 93.484207
v -192.248825 50.517101 93.631424
v -191.389099 65.468430 93.570854
v -189.001709 75.528275 93.568565
v -183.461121 84.529259 93.572723
v -179.703064 87.639557 93.572723
v -171.658325 89.441238 93.572723
v -149.505096 89.724274 93.515320
v -120.187950 89.957054 93.515320
v -97.987350 89.990044 93.515320
v -191.883270 35.973640 94.242363
v -191.587967 50.517101 94.334663
v -190.753387 65.389214 94.251572
v -188.394333 75.327713 94.244408
v -182.927399 84.155823 94.250114
v -179.331436 87.083656 94.250114
v -171.579834 88.761940 94.250114
v -149.505096 89.062271 94.171364
v -120.187950 89.294128 94.171364
v -97.987350 89.327042 94.171364
v -191.015030 35.973640 94.755531
v -190.757401 50.517101 94.783867
v -189.954391 65.289665 94.686386
v -187.630966 75.075645 94.676109
v -182.256592 83.686447 94.682808
v -178.864349 86.385010 94.682808
v -171.481140 87.908134 94.682808
v -149.505096 88.230263 94.590424
v -120.187950 88.460976 94.590424
v -97.987350 88.493820 94.590424
v -190.072052 35.973640 94.973465
v -189.838379 50.517101 94.935066
v -189.070328 65.179512 94.832748
v -186.786316 74.796730 94.821426
v -181.514343 83.167107 94.828453
v -178.347504 85.611931 94.828453
v -171.371902 86.963432 94.828453
v -149.505096 87.309563 94.731483
v -120.187950 87.539024 94.731483
v -97.987350 87.571815 94.731483
v -189.146698 35.973640 94.874863
v -188.920883 50.517101 94.773483
v -188.187714 65.069542 94.676346
v -185.943039 74.518318 94.666138
v -180.773361 82.648628 94.672813
v -177.831528 84.840172 94.672813
v -171.262894 86.020302 94.672813
v -149.505096 86.390480 94.580742
v -120.187950 86.618675 94.580742
v -97.987350 86.651398 94.580742
v -188.329468 35.973640 94.469337
v -188.094727 50.517101 94.314911
v -187.392975 64.970505 94.232452
v -185.183746 74.267570 94.225426
v -180.106110 82.181763 94.231094
v -177.366913 84.145203 94.231094
v -171.164734 85.171036 94.231094
v -149.505096 85.562851 94.152939
v -120.187950 85.789886 94.152939
v -97.987350 85.822540 94.152939
v -187.700424 35.973640 93.796623
v -187.440796 50.517101 93.604256
v -186.763916 64.892113 93.544548
v -184.582718 74.069115 93.542450
v -179.577988 81.812187 93.546555
v -176.999191 83.595146 93.546555
v -171.087021 84.498878 93.546555
v -149.505096 84.907776 93.489967
v -120.187950 85.133972 93.489967
v -97.987350 85.166542 93.489967
v -187.321106 35.973640 92.922539
v -187.023071 50.517101 92.711067
v -186.362091 64.842064 92.679962
v -184.198822 73.942345 92.684059
v -179.240646 81.576157 92.686195
v -176.764282 83.243774 92.686195
v -171.037384 84.069473 92.686195
v -149.505096 84.489342 92.656715
v -120.187950 84.714935 92.656715
v -97.987350 84.747475 92.656715
v -187.228668 35.973640 91.932648
v -186.882477 50.517101 91.722771
v -186.226807 64.825211 91.723312
v -184.069550 73.899673 91.734261
v -179.127045 81.496666 91.734222
v -176.685181 83.125481 91.734222
v -171.020660 83.924881 91.734222
v -149.505096 84.348450 91.734734
v -120.187950 84.573853 91.734734
v -97.987350 84.606369 91.734734
v -8.847832 -0.000000 90.559052
v -8.393929 -0.000000 89.601501
v -7.686958 -0.000000 88.841591
v -6.796165 -0.000000 88.353699
v -5.808662 -0.000000 88.185585
v -4.821152 -0.000000 88.353699
v -3.930336 -0.000000 88.841591
v -3.223389 -0.000000 89.601501
v -2.769470 -0.000000 90.559052
v -2.613091 -0.000000 91.620506
v -2.769470 -0.000000 92.681953
v -3.223389 -0.000000 93.639503
v -3.930336 -0.000000 94.399422
v -4.821152 -0.000000 94.887306
v -5.808662 -0.000000 95.055428
v -6.796165 -0.000000 94.887306
v -7.686958 -0.000000 94.399422
v -8.393929 -0.000000 93.639503
v -8.847832 -0.000000 92.681953
v -9.004219 -0.000000 91.620506
v -8.847832 18.557013 90.559052
v -8.393929 18.557013 89.601501
v -7.686958 18.557013 88.841591
v -6.796165 18.557013 88.353699
v -5.808662 18.557013 88.185585
v -4.821152 18.557013 88.353699
v -3.930336 18.557013 88.841591
v -3.223389 18.557013 89.601501
v -2.769470 18.557013 90.559052
v -2.613091 18.557013 91.620506
v -2.769470 18.557013 92.681953
v -3.223389 18.557013 93.639503
v -3.930336 18.557013 94.399422
v -4.821152 18.557013 94.887306
v -5.808662 18.557013 95.055428
v -6.796165 18.557013 94.887306
v -7.686958 18.557013 94.399422
v -8.393929 18.557013 93.639503
v -8.847832 18.557013 92.681953
v -9.004219 18.557013 91.620506
v -5.808662 -0.000000 91.620506
v -8.542572 35.973640 90.923866
v -8.941978 50.517101 90.736130
v -9.603333 64.843224 90.768257
v -11.767014 73.945251 90.786049
v -16.726273 81.581573 90.783844
v -19.204964 83.251869 90.783844
v -24.936150 84.079369 90.783844
v -46.469604 84.498993 90.814293
v -75.786751 84.724586 90.814293
v -8.063126 35.973640 89.994934
v -8.515572 50.517101 89.847702
v -9.193108 64.894348 89.908279
v -11.375122 74.074707 89.932228
v -16.381912 81.822578 89.928070
v -18.965233 83.610619 89.928070
v -24.885544 84.517723 89.928070
v -46.469604 84.926155 89.985474
v -75.786751 85.152328 89.985474
v -7.354584 35.973640 89.236771
v -7.854698 50.517101 89.144470
v -8.557434 64.973534 89.227562
v -10.767746 74.275261 89.256386
v -15.848175 82.195999 89.250679
v -18.593552 84.166451 89.250679
v -24.806969 85.197014 89.250679
v -46.469589 85.588150 89.329430
v -75.786751 85.815239 89.329430
v -6.486343 35.973640 88.723602
v -7.024117 50.517101 88.695259
v -7.758392 65.073090 88.792732
v -10.004387 74.527336 88.824677
v -15.177353 82.665382 88.817986
v -18.126472 84.865158 88.817986
v -24.708298 86.050797 88.817986
v -46.469589 86.420219 88.910370
v -75.786751 86.648438 88.910370
v -5.543365 35.973640 88.505661
v -6.105080 50.517101 88.544060
v -6.874306 65.183266 88.646378
v -9.159691 74.806252 88.679367
v -14.435127 83.184761 88.672340
v -17.609627 85.638237 88.672340
v -24.599091 86.995529 88.672340
v -46.469589 87.340874 88.769310
v -75.786751 87.570381 88.769310
v -4.617996 35.973640 88.604271
v -5.187584 50.517101 88.705635
v -5.991730 65.293221 88.802780
v -8.316422 75.084663 88.834648
v -13.694099 83.703247 88.827980
v -17.093666 86.409996 88.827980
v -24.490021 87.938683 88.827980
v -46.469589 88.260010 88.920044
v -75.786751 88.490753 88.920044
v -3.800789 35.973640 89.009789
v -4.361488 50.517101 89.164215
v -5.196991 65.392235 89.246674
v -7.557129 75.335373 89.275368
v -13.026886 84.170105 89.269699
v -16.629028 87.104942 89.269699
v -24.391876 88.787926 89.269699
v -46.469589 89.087585 89.347855
v -75.786751 89.319489 89.347855
v -3.171715 35.973640 89.682518
v -3.707512 50.517101 89.874878
v -4.567932 65.470627 89.934586
v -6.956116 75.533829 89.958351
v -12.498764 84.539650 89.954247
v -16.261322 87.655014 89.954247
v -24.314209 89.460098 89.954247
v -46.469589 89.742661 90.010834
v -75.786751 89.975479 90.010834
v -2.792412 35.973640 90.556595
v -3.289810 50.517101 90.768066
v -4.166115 65.520683 90.799171
v -6.572197 75.660645 90.816742
v -12.161407 84.775681 90.814606
v -16.026398 88.006401 90.814606
v -24.264526 89.889503 90.814606
v -46.469589 90.161110 90.844086
v -75.786751 90.394493 90.844086
v -2.699982 35.973640 91.546478
v -3.149170 50.517101 91.756355
v -4.030846 65.537529 91.755814
v -6.442963 75.703308 91.766533
v -12.047844 84.855141 91.766571
v -15.947319 88.124680 91.766571
v -24.247833 90.034073 91.766571
v -46.469589 90.301979 91.766060
v -75.786751 90.535553 91.766060
v -2.903435 35.973640 92.555267
v -3.299446 50.517101 92.743011
v -4.175407 65.519524 92.710876
v -6.581055 75.657692 92.714752
v -12.169205 84.770248 92.716957
v -16.031853 87.998253 92.716957
v -24.265709 89.879601 92.716957
v -46.469589 90.151443 92.686508
v -75.786751 90.384796 92.686508
v -3.382889 35.973640 93.484207
v -3.725883 50.517101 93.631424
v -4.585602 65.468430 93.570854
v -6.973000 75.528275 93.568565
v -12.513557 84.529259 93.572723
v -16.271629 87.639557 93.572723
v -24.316368 89.441238 93.572723
v -46.469620 89.724274 93.515320
v -75.786751 89.957054 93.515320
v -4.091431 35.973640 94.242363
v -4.386711 50.517101 94.334663
v -5.221298 65.389214 94.251572
v -7.580368 75.327713 94.244408
v -13.047295 84.155823 94.250114
v -16.643265 87.083656 94.250114
v -24.394875 88.761940 94.250114
v -46.469589 89.062271 94.171364
v -75.786751 89.294128 94.171364
v -4.959671 35.973640 94.755531
v -5.217293 50.517101 94.783867
v -6.020302 65.289665 94.686386
v -8.343735 75.075645 94.676109
v -13.718124 83.686447 94.682808
v -17.110344 86.385010 94.682808
v -24.493546 87.908134 94.682808
v -46.469589 88.230263 94.590424
v -75.786751 88.460976 94.590424
v -5.902641 35.973640 94.973465
v -6.136322 50.517101 94.935066
v -6.904373 65.179512 94.832748
v -9.188377 74.796730 94.821426
v -14.460350 83.167107 94.828453
v -17.627190 85.611931 94.828453
v -24.602791 86.963432 94.828453
v -46.469589 87.309563 94.731483
v -75.786751 87.539024 94.731483
v -6.827988 35.973640 94.874863
v -7.053825 50.517101 94.773483
v -7.786980 65.069542 94.676346
v -10.031639 74.518318 94.666138
v -15.201324 82.648628 94.672813
v -18.143181 84.840172 94.672813
v -24.711800 86.020302 94.672813
v -46.469589 86.390480 94.580742
v -75.786751 86.618675 94.580742
v -7.645226 35.973640 94.469337
v -7.879974 50.517101 94.314911
v -8.581734 64.970505 94.232452
v -10.790947 74.267570 94.225426
v -15.868576 82.181763 94.231094
v -18.607773 84.145203 94.231094
v -24.809959 85.171036 94.231094
v -46.469589 85.562851 94.152939
v -75.786751 85.789886 94.152939
v -8.274277 35.973640 93.796623
v -8.533897 50.517101 93.604256
v -9.210770 64.892113 93.544548
v -11.391983 74.069115 93.542450
v -16.396706 81.812187 93.546555
v -18.975510 83.595146 93.546555
v -24.887680 84.498878 93.546555
v -46.469589 84.907776 93.489967
v -75.786751 85.133972 93.489967
v -8.653580 35.973640 92.922539
v -8.951630 50.517101 92.711067
v -9.612617 64.842064 92.679962
v -11.775871 73.942345 92.684059
v -16.734047 81.576157 92.686195
v -19.210403 83.243774 92.686195
v -24.937325 84.069473 92.686195
v -46.469589 84.489342 92.656715
v -75.786751 84.714935 92.656715
v -8.746048 35.973640 91.932648
v -9.092232 50.517101 91.722771
v -9.747887 64.825211 91.723312
v -11.905136 73.899673 91.734261
v -16.847656 81.496666 91.734222
v -19.289505 83.125481 91.734222
v -24.954033 83.924881 91.734222
v -46.469589 84.348450 91.734734
v -75.786751 84.573853 91.734734
v -187.370544 24.461714 92.141777
v -187.370544 24.699404 91.675285
v -187.370544 25.069614 91.305077
v -187.370544 25.536108 91.067383
v -187.370544 26.053219 90.985481
v -187.370544 26.570330 91.067383
v -187.370544 27.036823 91.305077
v -187.370544 27.407034 91.675285
v -187.370544 27.644724 92.141777
v -187.370544 27.726625 92.658890
v -187.370544 27.644724 93.176003
v -187.370544 27.407034 93.642494
v -187.370544 27.036823 94.012703
v -187.370544 26.570330 94.250397
v -187.370544 26.053219 94.332298
v -187.370544 25.536108 94.250397
v -187.370544 25.069614 94.012703
v -187.370544 24.699404 93.642494
v -187.370544 24.461714 93.176003
v -187.370544 24.379812 92.658890
v -8.604164 24.461714 92.141777
v -8.604164 24.699404 91.675285
v -8.604164 25.069614 91.305077
v -8.604164 25.536108 91.067383
v -8.604164 26.053219 90.985481
v -8.604164 26.570330 91.067383
v -8.604164 27.036823 91.305077
v -8.604164 27.407034 91.675285
v -8.604164 27.644724 92.141777
v -8.604164 27.726625 92.658890
v -8.604164 27.644724 93.176003
v -8.604164 27.407034 93.642494
v -8.604164 27.036823 94.012703
v -8.604164 26.570330 94.250397
v -8.604164 26.053219 94.332298
v -8.604164 25.536108 94.250397
v -8.604164 25.069614 94.012703
v -8.604164 24.699404 93.642494
v -8.604164 24.461714 93.176003
v -8.604164 24.379812 92.658890
v -187.370544 26.053219 92.658890
v -8.604164 26.053219 92.658890
v -187.370544 53.279629 92.141777
v -187.370544 53.517319 91.675285
v -187.370544 53.887531 91.305077
v -187.370544 54.354023 91.067383
v -187.370544 54.871136 90.985481
v -187.370544 55.388248 91.067383
v -187.370544 55.854740 91.305077
v -187.370544 56.224949 91.675285
v -187.370544 56.462639 92.141777
v -187.370544 56.544544 92.658890
v -187.370544 56.462639 93.176003
v -187.370544 56.224949 93.642494
v -187.370544 55.854740 94.012703
v -187.370544 55.388248 94.250397
v -187.370544 54.871136 94.332298
v -187.370544 54.354023 94.250397
v -187.370544 53.887531 94.012703
v -187.370544 53.517323 93.642494
v -187.370544 53.279633 93.176003
v -187.370544 53.197727 92.658890
v -8.604164 53.279629 92.141777
v -8.604164 53.517319 91.675285
v -8.604164 53.887531 91.305077
v -8.604164 54.354023 91.067383
v -8.604164 54.871136 90.985481
v -8.604164 55.388248 91.067383
v -8.604164 55.854740 91.305077
v -8.604164 56.224949 91.675285
v -8.604164 56.462639 92.141777
v -8.604164 56.544544 92.658890
v -8.604164 56.462639 93.176003
v -8.604164 56.224949 93.642494
v -8.604164 55.854740 94.012703
v -8.604164 55.388248 94.250397
v -8.604164 54.871136 94.332298
v -8.604164 54.354023 94.250397
v -8.604164 53.887531 94.012703
v -8.604164 53.517323 93.642494
v -8.604164 53.279633 93.176003
v -8.604164 53.197727 92.658890
v -187.370544 54.871136 92.658890
v -8.604164 54.871136 92.658890
vt 0.676079 0.615963
vt 0.087625 0.626635
vt 0.665330 0.615961
vt 0.087627 0.615886
vt 0.665368 0.327109
vt 0.087664 0.327034
vt 0.665369 0.316360
vt 0.087665 0.316286
vt 0.665407 0.027508
vt 0.087703 0.027434
vt 0.076915 0.327033
vt 0.676117 0.327111
vt 0.665329 0.626710
vt 0.076878 0.615885
vt 0.837684 0.004897
vt 0.840959 0.004893
vt 0.840970 0.062305
vt 0.837696 0.062368
vt 0.844169 0.004889
vt 0.844175 0.062258
vt 0.847312 0.004885
vt 0.847310 0.062226
vt 0.850413 0.004882
vt 0.850402 0.062207
vt 0.853514 0.004880
vt 0.853495 0.062197
vt 0.856659 0.004879
vt 0.856631 0.062192
vt 0.859873 0.004879
vt 0.859837 0.062189
vt 0.863155 0.004880
vt 0.863110 0.062187
vt 0.866478 0.004883
vt 0.866424 0.062187
vt 0.869801 0.004887
vt 0.869738 0.062190
vt 0.873083 0.004892
vt 0.873011 0.062198
vt 0.876298 0.004898
vt 0.876217 0.062213
vt 0.879443 0.004905
vt 0.879353 0.062234
vt 0.882544 0.004913
vt 0.882447 0.062261
vt 0.885645 0.004922
vt 0.885541 0.062289
vt 0.888788 0.004931
vt 0.888678 0.062318
vt 0.892000 0.004941
vt 0.891884 0.062347
vt 0.895278 0.004952
vt 0.895157 0.062376
vt 0.898596 0.004962
vt 0.898471 0.062408
vt 0.901913 0.004972
vt 0.901786 0.062446
vt 0.254387 0.835768
vt 0.236263 0.847879
vt 0.205539 0.789217
vt 0.267729 0.819099
vt 0.274984 0.799507
vt 0.275441 0.778906
vt 0.269055 0.759314
vt 0.256452 0.742651
vt 0.238865 0.730545
vt 0.218016 0.724182
vt 0.195946 0.724186
vt 0.174814 0.730555
vt 0.156690 0.742667
vt 0.143348 0.759335
vt 0.136093 0.778928
vt 0.135637 0.799529
vt 0.142022 0.819120
vt 0.154625 0.835784
vt 0.172212 0.847890
vt 0.193061 0.854252
vt 0.215132 0.854249
vt 0.842280 0.116291
vt 0.839050 0.116386
vt 0.842775 0.161508
vt 0.839732 0.161627
vt 0.843588 0.206658
vt 0.840638 0.206784
vt 0.843992 0.237425
vt 0.841073 0.237611
vt 0.844059 0.268131
vt 0.841138 0.268359
vt 0.844218 0.279805
vt 0.841272 0.279957
vt 0.842812 0.300304
vt 0.839847 0.300270
vt 0.843995 0.367807
vt 0.841113 0.367814
vt 0.844938 0.458482
vt 0.842055 0.458500
vt 0.845539 0.527122
vt 0.842656 0.527144
vt 0.845492 0.116195
vt 0.845755 0.161358
vt 0.846477 0.206520
vt 0.846837 0.237171
vt 0.846898 0.267739
vt 0.847097 0.279546
vt 0.845766 0.300342
vt 0.846880 0.367813
vt 0.847820 0.458468
vt 0.848422 0.527100
vt 0.848616 0.116105
vt 0.848673 0.161187
vt 0.849305 0.206379
vt 0.849610 0.236878
vt 0.849662 0.267260
vt 0.849890 0.279224
vt 0.848711 0.300390
vt 0.849767 0.367828
vt 0.850704 0.458456
vt 0.851305 0.527080
vt 0.851614 0.116023
vt 0.851555 0.161008
vt 0.852094 0.206243
vt 0.852337 0.236576
vt 0.852382 0.266766
vt 0.852616 0.278891
vt 0.851654 0.300446
vt 0.852658 0.367847
vt 0.853587 0.458446
vt 0.854189 0.527060
vt 0.854497 0.115956
vt 0.854443 0.160836
vt 0.854885 0.206121
vt 0.855064 0.236293
vt 0.855100 0.266309
vt 0.855316 0.278594
vt 0.854599 0.300508
vt 0.855553 0.367868
vt 0.856470 0.458435
vt 0.857072 0.527040
vt 0.857323 0.115904
vt 0.857378 0.160689
vt 0.857718 0.206019
vt 0.857837 0.236054
vt 0.857856 0.265926
vt 0.858034 0.278359
vt 0.857551 0.300567
vt 0.858454 0.367884
vt 0.859354 0.458423
vt 0.859956 0.527019
vt 0.860177 0.115870
vt 0.860383 0.160577
vt 0.860616 0.205944
vt 0.860680 0.235875
vt 0.860671 0.265641
vt 0.860793 0.278193
vt 0.860514 0.300611
vt 0.861360 0.367892
vt 0.862237 0.458408
vt 0.862840 0.526997
vt 0.863128 0.115854
vt 0.863457 0.160513
vt 0.863576 0.205903
vt 0.863590 0.235769
vt 0.863544 0.265467
vt 0.863598 0.278091
vt 0.863487 0.300632
vt 0.864270 0.367887
vt 0.865121 0.458389
vt 0.865725 0.526974
vt 0.866209 0.115856
vt 0.866571 0.160498
vt 0.866571 0.205894
vt 0.866543 0.235747
vt 0.866451 0.265414
vt 0.866431 0.278044
vt 0.866467 0.300621
vt 0.867183 0.367868
vt 0.868005 0.458366
vt 0.868609 0.526949
vt 0.869399 0.115876
vt 0.869684 0.160534
vt 0.869566 0.205922
vt 0.869492 0.235800
vt 0.869356 0.265486
vt 0.869263 0.278080
vt 0.869446 0.300569
vt 0.870097 0.367830
vt 0.870889 0.458338
vt 0.871493 0.526922
vt 0.872639 0.115912
vt 0.872754 0.160616
vt 0.872526 0.205983
vt 0.872400 0.235932
vt 0.872226 0.265678
vt 0.872068 0.278170
vt 0.872418 0.300486
vt 0.873008 0.367778
vt 0.873773 0.458305
vt 0.874377 0.526895
vt 0.875856 0.115962
vt 0.875756 0.160733
vt 0.875423 0.206077
vt 0.875239 0.236134
vt 0.875036 0.265983
vt 0.874828 0.278323
vt 0.875379 0.300378
vt 0.875914 0.367714
vt 0.876656 0.458269
vt 0.877261 0.526865
vt 0.878981 0.116020
vt 0.878687 0.160876
vt 0.878255 0.206196
vt 0.878007 0.236396
vt 0.877787 0.266387
vt 0.877549 0.278543
vt 0.878329 0.300254
vt 0.878815 0.367641
vt 0.879539 0.458230
vt 0.880145 0.526835
vt 0.881980 0.116084
vt 0.881575 0.161033
vt 0.881046 0.206335
vt 0.880731 0.236701
vt 0.880500 0.266868
vt 0.880255 0.278821
vt 0.881271 0.300125
vt 0.881712 0.367564
vt 0.882422 0.458189
vt 0.883029 0.526805
vt 0.884862 0.116151
vt 0.884459 0.161198
vt 0.883837 0.206486
vt 0.883455 0.237024
vt 0.883213 0.267393
vt 0.882991 0.279127
vt 0.884209 0.299996
vt 0.884604 0.367487
vt 0.885305 0.458149
vt 0.885912 0.526774
vt 0.887686 0.116217
vt 0.887380 0.161360
vt 0.886667 0.206642
vt 0.886225 0.237338
vt 0.885970 0.267912
vt 0.885800 0.279412
vt 0.887149 0.299873
vt 0.887494 0.367416
vt 0.888188 0.458110
vt 0.888795 0.526744
vt 0.890537 0.116282
vt 0.890365 0.161511
vt 0.889559 0.206794
vt 0.889070 0.237611
vt 0.888799 0.268362
vt 0.888702 0.279617
vt 0.890095 0.299753
vt 0.890381 0.367353
vt 0.891071 0.458073
vt 0.891678 0.526714
vt 0.893485 0.116346
vt 0.893413 0.161642
vt 0.892509 0.206932
vt 0.891985 0.237817
vt 0.891703 0.268678
vt 0.891682 0.279692
vt 0.893048 0.299633
vt 0.893266 0.367302
vt 0.893954 0.458041
vt 0.894561 0.526686
vt 0.896560 0.116408
vt 0.896498 0.161744
vt 0.895495 0.207051
vt 0.894945 0.237935
vt 0.894659 0.268814
vt 0.894693 0.279595
vt 0.896012 0.299507
vt 0.896150 0.367266
vt 0.896837 0.458012
vt 0.897443 0.526659
vt 0.899741 0.116467
vt 0.899581 0.161809
vt 0.898481 0.207144
vt 0.897908 0.237957
vt 0.897627 0.268765
vt 0.897660 0.279313
vt 0.898980 0.299368
vt 0.899034 0.367244
vt 0.899720 0.457988
vt 0.900326 0.526633
vt 0.833728 0.004901
vt 0.833713 0.063537
vt 0.830373 0.063473
vt 0.830386 0.004897
vt 0.827103 0.063424
vt 0.827111 0.004893
vt 0.823905 0.063391
vt 0.823905 0.004889
vt 0.820750 0.063372
vt 0.820741 0.004886
vt 0.817594 0.063362
vt 0.817577 0.004884
vt 0.814395 0.063357
vt 0.814368 0.004883
vt 0.811124 0.063354
vt 0.811089 0.004883
vt 0.807784 0.063352
vt 0.807741 0.004884
vt 0.804403 0.063351
vt 0.804351 0.004886
vt 0.801022 0.063354
vt 0.800960 0.004890
vt 0.797683 0.063363
vt 0.797612 0.004895
vt 0.794413 0.063378
vt 0.794332 0.004901
vt 0.791212 0.063399
vt 0.791123 0.004909
vt 0.788056 0.063426
vt 0.787959 0.004917
vt 0.784900 0.063455
vt 0.784795 0.004926
vt 0.781699 0.063484
vt 0.781588 0.004935
vt 0.778428 0.063513
vt 0.778312 0.004945
vt 0.775089 0.063543
vt 0.774967 0.004955
vt 0.771707 0.063575
vt 0.771582 0.004966
vt 0.768325 0.063614
vt 0.768198 0.004976
vt 0.172211 0.847889
vt 0.205539 0.789217
vt 0.193060 0.854252
vt 0.154624 0.835783
vt 0.142022 0.819119
vt 0.135636 0.799528
vt 0.136093 0.778927
vt 0.143348 0.759334
vt 0.156691 0.742666
vt 0.174815 0.730555
vt 0.195947 0.724186
vt 0.218017 0.724182
vt 0.238866 0.730546
vt 0.256453 0.742651
vt 0.269055 0.759315
vt 0.275441 0.778907
vt 0.274984 0.799508
vt 0.267729 0.819101
vt 0.254386 0.835769
vt 0.236262 0.847880
vt 0.215130 0.854249
vt 0.832330 0.118650
vt 0.829034 0.118552
vt 0.831633 0.164806
vt 0.828528 0.164685
vt 0.830706 0.210879
vt 0.827697 0.210750
vt 0.830262 0.242330
vt 0.827284 0.242139
vt 0.830194 0.273701
vt 0.827214 0.273468
vt 0.830057 0.285533
vt 0.827051 0.285378
vt 0.831510 0.306258
vt 0.828485 0.306292
vt 0.830216 0.375170
vt 0.827275 0.375163
vt 0.829251 0.467693
vt 0.826310 0.467675
vt 0.828635 0.537728
vt 0.825694 0.537704
vt 0.825758 0.118454
vt 0.825488 0.164532
vt 0.824749 0.210609
vt 0.824380 0.241881
vt 0.824318 0.273068
vt 0.824114 0.285113
vt 0.825471 0.306331
vt 0.824332 0.375169
vt 0.823369 0.467660
vt 0.822752 0.537683
vt 0.822571 0.118362
vt 0.822511 0.164357
vt 0.821864 0.210465
vt 0.821552 0.241581
vt 0.821498 0.272579
vt 0.821264 0.284785
vt 0.822466 0.306380
vt 0.821386 0.375184
vt 0.820427 0.467648
vt 0.819811 0.537661
vt 0.819512 0.118279
vt 0.819570 0.164174
vt 0.819019 0.210326
vt 0.818770 0.241273
vt 0.818723 0.272074
vt 0.818483 0.284446
vt 0.819464 0.306437
vt 0.818437 0.375204
vt 0.817485 0.467637
vt 0.816869 0.537641
vt 0.816571 0.118209
vt 0.816624 0.163999
vt 0.816172 0.210201
vt 0.815987 0.240984
vt 0.815949 0.271608
vt 0.815728 0.284142
vt 0.816459 0.306500
vt 0.815483 0.375224
vt 0.814544 0.467626
vt 0.813926 0.537620
vt 0.813687 0.118156
vt 0.813630 0.163848
vt 0.813281 0.210097
vt 0.813158 0.240740
vt 0.813137 0.271218
vt 0.812956 0.283902
vt 0.813447 0.306560
vt 0.812524 0.375240
vt 0.811602 0.467613
vt 0.810984 0.537599
vt 0.810776 0.118122
vt 0.810563 0.163735
vt 0.810324 0.210021
vt 0.810258 0.240558
vt 0.810265 0.270927
vt 0.810140 0.283733
vt 0.810425 0.306605
vt 0.809559 0.375248
vt 0.808660 0.467598
vt 0.808042 0.537576
vt 0.807764 0.118105
vt 0.807427 0.163669
vt 0.807304 0.209979
vt 0.807288 0.240449
vt 0.807335 0.270749
vt 0.807279 0.283629
vt 0.807391 0.306626
vt 0.806589 0.375244
vt 0.805717 0.467579
vt 0.805099 0.537552
vt 0.804621 0.118108
vt 0.804250 0.163654
vt 0.804248 0.209969
vt 0.804276 0.240427
vt 0.804369 0.270695
vt 0.804389 0.283581
vt 0.804351 0.306615
vt 0.803617 0.375224
vt 0.802775 0.467555
vt 0.802156 0.537527
vt 0.801367 0.118128
vt 0.801074 0.163690
vt 0.801192 0.209998
vt 0.801267 0.240481
vt 0.801404 0.270768
vt 0.801500 0.283617
vt 0.801311 0.306562
vt 0.800645 0.375185
vt 0.799833 0.467526
vt 0.799213 0.537500
vt 0.798061 0.118165
vt 0.797942 0.163774
vt 0.798173 0.210060
vt 0.798300 0.240615
vt 0.798477 0.270964
vt 0.798638 0.283709
vt 0.798279 0.306477
vt 0.797675 0.375132
vt 0.796891 0.467493
vt 0.796271 0.537472
vt 0.794779 0.118215
vt 0.794880 0.163893
vt 0.795218 0.210155
vt 0.795404 0.240821
vt 0.795609 0.271275
vt 0.795821 0.283865
vt 0.795258 0.306367
vt 0.794710 0.375066
vt 0.793949 0.467456
vt 0.793329 0.537442
vt 0.791590 0.118274
vt 0.791888 0.164038
vt 0.792328 0.210277
vt 0.792580 0.241089
vt 0.792803 0.271687
vt 0.793046 0.284089
vt 0.792248 0.306240
vt 0.791749 0.374992
vt 0.791007 0.467416
vt 0.790386 0.537411
vt 0.788531 0.118340
vt 0.788942 0.164199
vt 0.789480 0.210419
vt 0.789801 0.241399
vt 0.790035 0.272178
vt 0.790284 0.284373
vt 0.789247 0.306108
vt 0.788794 0.374913
vt 0.788066 0.467374
vt 0.787444 0.537379
vt 0.785590 0.118407
vt 0.786000 0.164367
vt 0.786633 0.210573
vt 0.787021 0.241729
vt 0.787266 0.272713
vt 0.787493 0.284685
vt 0.786249 0.305977
vt 0.785843 0.374835
vt 0.785124 0.467333
vt 0.784503 0.537348
vt 0.782709 0.118475
vt 0.783019 0.164532
vt 0.783745 0.210731
vt 0.784195 0.242049
vt 0.784454 0.273242
vt 0.784627 0.284975
vt 0.783250 0.305850
vt 0.782895 0.374762
vt 0.782183 0.467293
vt 0.781561 0.537317
vt 0.779800 0.118542
vt 0.779975 0.164687
vt 0.780794 0.210887
vt 0.781293 0.242328
vt 0.781568 0.273701
vt 0.781667 0.285185
vt 0.780245 0.305728
vt 0.779950 0.374698
vt 0.779242 0.467255
vt 0.778620 0.537287
vt 0.776793 0.118607
vt 0.776864 0.164820
vt 0.777785 0.211027
vt 0.778318 0.242538
vt 0.778605 0.274024
vt 0.778626 0.285261
vt 0.777231 0.305606
vt 0.777006 0.374646
vt 0.776301 0.467222
vt 0.775679 0.537258
vt 0.773655 0.118669
vt 0.773717 0.164924
vt 0.774739 0.211148
vt 0.775299 0.242658
vt 0.775589 0.274162
vt 0.775554 0.285161
vt 0.774208 0.305477
vt 0.774063 0.374608
vt 0.773359 0.467193
vt 0.772738 0.537230
vt 0.770410 0.118730
vt 0.770571 0.164990
vt 0.771692 0.211243
vt 0.772276 0.242680
vt 0.772561 0.274112
vt 0.772526 0.284874
vt 0.771179 0.305335
vt 0.771121 0.374586
vt 0.770418 0.467168
vt 0.769796 0.537204
vt 0.706110 0.004889
vt 0.709010 0.004889
vt 0.709121 0.995117
vt 0.706221 0.995117
vt 0.711910 0.004889
vt 0.712021 0.995117
vt 0.714810 0.004888
vt 0.714922 0.995116
vt 0.717711 0.004888
vt 0.717822 0.995116
vt 0.720611 0.004888
vt 0.720722 0.995116
vt 0.723511 0.004887
vt 0.723622 0.995115
vt 0.726411 0.004887
vt 0.726522 0.995115
vt 0.729311 0.004887
vt 0.729422 0.995115
vt 0.732211 0.004886
vt 0.732322 0.995114
vt 0.735111 0.004886
vt 0.735222 0.995114
vt 0.738011 0.004886
vt 0.738122 0.995114
vt 0.740911 0.004885
vt 0.741022 0.995113
vt 0.743811 0.004885
vt 0.743923 0.995113
vt 0.746712 0.004885
vt 0.746823 0.995113
vt 0.749612 0.004884
vt 0.749723 0.995112
vt 0.752512 0.004884
vt 0.752623 0.995112
vt 0.755412 0.004884
vt 0.755523 0.995112
vt 0.758312 0.004884
vt 0.758423 0.995111
vt 0.761212 0.004883
vt 0.761323 0.995111
vt 0.764112 0.004883
vt 0.764223 0.995111
vt 0.472697 0.803844
vt 0.465841 0.824945
vt 0.402658 0.792751
vt 0.472697 0.781658
vt 0.465841 0.760558
vt 0.452800 0.742609
vt 0.434851 0.729568
vt 0.413751 0.722712
vt 0.391565 0.722712
vt 0.370465 0.729568
vt 0.352516 0.742609
vt 0.339475 0.760558
vt 0.332619 0.781658
vt 0.332619 0.803844
vt 0.339475 0.824945
vt 0.352516 0.842894
vt 0.370465 0.855934
vt 0.391565 0.862790
vt 0.413751 0.862790
vt 0.434851 0.855934
vt 0.452800 0.842894
vt 0.452801 0.842894
vt 0.434852 0.855934
vt 0.402658 0.792751
vt 0.413751 0.862790
vt 0.391565 0.862790
vt 0.370465 0.855934
vt 0.352516 0.842894
vt 0.339475 0.824945
vt 0.332619 0.803845
vt 0.332619 0.781659
vt 0.339475 0.760558
vt 0.352516 0.742609
vt 0.370464 0.729568
vt 0.391565 0.722713
vt 0.413751 0.722712
vt 0.434851 0.729568
vt 0.452800 0.742609
vt 0.465841 0.760558
vt 0.472697 0.781658
vt 0.472697 0.803844
vt 0.465841 0.824944
vt 0.706136 0.004888
vt 0.709036 0.004888
vt 0.709096 0.995115
vt 0.706196 0.995115
vt 0.711936 0.004888
vt 0.711996 0.995115
vt 0.714836 0.004888
vt 0.714896 0.995115
vt 0.717736 0.004887
vt 0.717796 0.995114
vt 0.720636 0.004887
vt 0.720696 0.995114
vt 0.723536 0.004887
vt 0.723596 0.995114
vt 0.726436 0.004887
vt 0.726496 0.995114
vt 0.729337 0.004887
vt 0.729396 0.995114
vt 0.732237 0.004887
vt 0.732297 0.995114
vt 0.735137 0.004886
vt 0.735197 0.995113
vt 0.738037 0.004886
vt 0.738097 0.995113
vt 0.740937 0.004886
vt 0.740997 0.995113
vt 0.743837 0.004886
vt 0.743897 0.995113
vt 0.746737 0.004886
vt 0.746797 0.995113
vt 0.749637 0.004886
vt 0.749697 0.995113
vt 0.752537 0.004885
vt 0.752597 0.995112
vt 0.755437 0.004885
vt 0.755497 0.995112
vt 0.758337 0.004885
vt 0.758397 0.995112
vt 0.761238 0.004885
vt 0.761298 0.995112
vt 0.764138 0.004885
vt 0.764198 0.995112
vt 0.472697 0.803844
vt 0.465841 0.824945
vt 0.402658 0.792751
vt 0.472697 0.781658
vt 0.465841 0.760558
vt 0.452800 0.742609
vt 0.434851 0.729568
vt 0.413751 0.722712
vt 0.391565 0.722712
vt 0.370465 0.729568
vt 0.352516 0.742609
vt 0.339475 0.760558
vt 0.332619 0.781658
vt 0.332619 0.803844
vt 0.339475 0.824945
vt 0.352516 0.842894
vt 0.370465 0.855934
vt 0.391565 0.862790
vt 0.413751 0.862790
vt 0.434851 0.855934
vt 0.452800 0.842894
vt 0.452800 0.842894
vt 0.434851 0.855935
vt 0.402658 0.792751
vt 0.413751 0.862790
vt 0.391565 0.862790
vt 0.370464 0.855934
vt 0.352515 0.842894
vt 0.339475 0.824944
vt 0.332619 0.803844
vt 0.332619 0.781658
vt 0.339475 0.760558
vt 0.352516 0.742609
vt 0.370465 0.729568
vt 0.391565 0.722712
vt 0.413751 0.722712
vt 0.434852 0.729568
vt 0.452801 0.742609
vt 0.465841 0.760558
vt 0.472697 0.781659
vt 0.472697 0.803845
vt 0.465841 0.824945
vt 0.837684 0.004897
vt 0.840959 0.004893
vt 0.840970 0.062305
vt 0.837696 0.062368
vt 0.844169 0.004889
vt 0.844175 0.062258
vt 0.847312 0.004885
vt 0.847310 0.062225
vt 0.850413 0.004882
vt 0.850402 0.062206
vt 0.853514 0.004880
vt 0.853495 0.062197
vt 0.856659 0.004879
vt 0.856631 0.062192
vt 0.859873 0.004879
vt 0.859837 0.062189
vt 0.863155 0.004880
vt 0.863110 0.062187
vt 0.866478 0.004883
vt 0.866424 0.062187
vt 0.869801 0.004887
vt 0.869738 0.062190
vt 0.873083 0.004892
vt 0.873011 0.062198
vt 0.876297 0.004898
vt 0.876217 0.062213
vt 0.879443 0.004905
vt 0.879353 0.062234
vt 0.882544 0.004913
vt 0.882447 0.062261
vt 0.885645 0.004922
vt 0.885541 0.062289
vt 0.888788 0.004931
vt 0.888678 0.062318
vt 0.892000 0.004941
vt 0.891884 0.062347
vt 0.895278 0.004952
vt 0.895157 0.062376
vt 0.898596 0.004962
vt 0.898471 0.062408
vt 0.901913 0.004972
vt 0.901786 0.062446
vt 0.254387 0.835768
vt 0.236263 0.847879
vt 0.205539 0.789217
vt 0.267729 0.819099
vt 0.274984 0.799507
vt 0.275441 0.778906
vt 0.269055 0.759314
vt 0.256452 0.742651
vt 0.238865 0.730545
vt 0.218016 0.724182
vt 0.195946 0.724186
vt 0.174814 0.730555
vt 0.156690 0.742667
vt 0.143348 0.759335
vt 0.136093 0.778928
vt 0.135637 0.799529
vt 0.142022 0.819120
vt 0.154625 0.835784
vt 0.172212 0.847890
vt 0.193061 0.854252
vt 0.215132 0.854249
vt 0.842280 0.116291
vt 0.839050 0.116386
vt 0.842775 0.161508
vt 0.839732 0.161627
vt 0.843588 0.206658
vt 0.840639 0.206785
vt 0.843992 0.237425
vt 0.841073 0.237611
vt 0.844059 0.268131
vt 0.841138 0.268359
vt 0.844218 0.279804
vt 0.841272 0.279957
vt 0.842812 0.300304
vt 0.839847 0.300270
vt 0.843995 0.367807
vt 0.841113 0.367814
vt 0.844937 0.458482
vt 0.842055 0.458500
vt 0.845538 0.527122
vt 0.842656 0.527144
vt 0.845492 0.116195
vt 0.845755 0.161358
vt 0.846477 0.206520
vt 0.846838 0.237171
vt 0.846898 0.267739
vt 0.847097 0.279545
vt 0.845766 0.300342
vt 0.846880 0.367813
vt 0.847820 0.458468
vt 0.848422 0.527101
vt 0.848616 0.116105
vt 0.848673 0.161187
vt 0.849305 0.206379
vt 0.849610 0.236878
vt 0.849662 0.267261
vt 0.849890 0.279224
vt 0.848711 0.300390
vt 0.849767 0.367828
vt 0.850703 0.458456
vt 0.851305 0.527080
vt 0.851614 0.116024
vt 0.851555 0.161008
vt 0.852094 0.206243
vt 0.852337 0.236576
vt 0.852382 0.266766
vt 0.852616 0.278891
vt 0.851654 0.300446
vt 0.852658 0.367848
vt 0.853587 0.458446
vt 0.854188 0.527060
vt 0.854497 0.115956
vt 0.854443 0.160836
vt 0.854885 0.206121
vt 0.855064 0.236293
vt 0.855100 0.266309
vt 0.855316 0.278594
vt 0.854599 0.300508
vt 0.855553 0.367868
vt 0.856470 0.458435
vt 0.857072 0.527039
vt 0.857323 0.115904
vt 0.857378 0.160689
vt 0.857718 0.206019
vt 0.857837 0.236054
vt 0.857856 0.265926
vt 0.858034 0.278359
vt 0.857551 0.300567
vt 0.858454 0.367884
vt 0.859354 0.458423
vt 0.859956 0.527019
vt 0.860177 0.115870
vt 0.860383 0.160577
vt 0.860616 0.205944
vt 0.860680 0.235875
vt 0.860672 0.265641
vt 0.860793 0.278193
vt 0.860514 0.300611
vt 0.861360 0.367892
vt 0.862237 0.458408
vt 0.862840 0.526997
vt 0.863128 0.115854
vt 0.863457 0.160513
vt 0.863576 0.205903
vt 0.863590 0.235768
vt 0.863544 0.265467
vt 0.863598 0.278091
vt 0.863487 0.300632
vt 0.864270 0.367887
vt 0.865121 0.458389
vt 0.865725 0.526974
vt 0.866209 0.115856
vt 0.866571 0.160498
vt 0.866571 0.205894
vt 0.866543 0.235747
vt 0.866451 0.265414
vt 0.866431 0.278045
vt 0.866467 0.300621
vt 0.867183 0.367868
vt 0.868005 0.458366
vt 0.868609 0.526949
vt 0.869399 0.115876
vt 0.869684 0.160534
vt 0.869567 0.205922
vt 0.869492 0.235800
vt 0.869357 0.265486
vt 0.869262 0.278080
vt 0.869446 0.300569
vt 0.870097 0.367830
vt 0.870889 0.458338
vt 0.871493 0.526923
vt 0.872639 0.115912
vt 0.872754 0.160616
vt 0.872526 0.205983
vt 0.872400 0.235932
vt 0.872226 0.265678
vt 0.872068 0.278170
vt 0.872418 0.300486
vt 0.873008 0.367778
vt 0.873773 0.458305
vt 0.874377 0.526895
vt 0.875856 0.115962
vt 0.875755 0.160733
vt 0.875423 0.206077
vt 0.875239 0.236134
vt 0.875036 0.265983
vt 0.874829 0.278323
vt 0.875379 0.300378
vt 0.875914 0.367714
vt 0.876656 0.458269
vt 0.877261 0.526866
vt 0.878981 0.116020
vt 0.878688 0.160876
vt 0.878255 0.206196
vt 0.878007 0.236396
vt 0.877787 0.266387
vt 0.877549 0.278543
vt 0.878329 0.300254
vt 0.878815 0.367641
vt 0.879539 0.458230
vt 0.880145 0.526835
vt 0.881980 0.116084
vt 0.881575 0.161033
vt 0.881046 0.206335
vt 0.880731 0.236701
vt 0.880500 0.266868
vt 0.880255 0.278821
vt 0.881271 0.300125
vt 0.881712 0.367564
vt 0.882422 0.458189
vt 0.883029 0.526805
vt 0.884862 0.116151
vt 0.884459 0.161197
vt 0.883837 0.206486
vt 0.883455 0.237024
vt 0.883214 0.267393
vt 0.882991 0.279127
vt 0.884209 0.299996
vt 0.884604 0.367487
vt 0.885305 0.458149
vt 0.885912 0.526774
vt 0.887686 0.116217
vt 0.887380 0.161360
vt 0.886667 0.206642
vt 0.886225 0.237338
vt 0.885970 0.267912
vt 0.885800 0.279412
vt 0.887149 0.299873
vt 0.887494 0.367416
vt 0.888188 0.458110
vt 0.888795 0.526744
vt 0.890537 0.116282
vt 0.890365 0.161511
vt 0.889559 0.206794
vt 0.889069 0.237611
vt 0.888799 0.268362
vt 0.888702 0.279617
vt 0.890095 0.299753
vt 0.890381 0.367353
vt 0.891071 0.458073
vt 0.891678 0.526714
vt 0.893485 0.116346
vt 0.893413 0.161642
vt 0.892509 0.206932
vt 0.891985 0.237817
vt 0.891703 0.268678
vt 0.891682 0.279692
vt 0.893048 0.299633
vt 0.893266 0.367302
vt 0.893954 0.458041
vt 0.894561 0.526686
vt 0.896560 0.116408
vt 0.896498 0.161744
vt 0.895495 0.207050
vt 0.894945 0.237935
vt 0.894659 0.268814
vt 0.894693 0.279594
vt 0.896012 0.299507
vt 0.896150 0.367266
vt 0.896837 0.458012
vt 0.897443 0.526659
vt 0.899741 0.116467
vt 0.899581 0.161809
vt 0.898481 0.207144
vt 0.897908 0.237957
vt 0.897627 0.268765
vt 0.897660 0.279313
vt 0.898980 0.299368
vt 0.899034 0.367244
vt 0.899720 0.457988
vt 0.900326 0.526633
vt 0.833728 0.004901
vt 0.833714 0.063536
vt 0.830374 0.063473
vt 0.830386 0.004897
vt 0.827104 0.063424
vt 0.827111 0.004893
vt 0.823905 0.063391
vt 0.823905 0.004889
vt 0.820750 0.063372
vt 0.820741 0.004886
vt 0.817595 0.063362
vt 0.817577 0.004884
vt 0.814395 0.063357
vt 0.814368 0.004883
vt 0.811125 0.063354
vt 0.811089 0.004883
vt 0.807785 0.063352
vt 0.807741 0.004884
vt 0.804404 0.063351
vt 0.804351 0.004887
vt 0.801023 0.063354
vt 0.800960 0.004890
vt 0.797684 0.063363
vt 0.797612 0.004895
vt 0.794413 0.063378
vt 0.794332 0.004902
vt 0.791213 0.063399
vt 0.791123 0.004909
vt 0.788057 0.063426
vt 0.787959 0.004917
vt 0.784900 0.063455
vt 0.784795 0.004926
vt 0.781700 0.063485
vt 0.781588 0.004936
vt 0.778429 0.063514
vt 0.778312 0.004946
vt 0.775090 0.063543
vt 0.774967 0.004956
vt 0.771708 0.063576
vt 0.771582 0.004966
vt 0.768326 0.063615
vt 0.768198 0.004976
vt 0.172211 0.847889
vt 0.205539 0.789217
vt 0.193060 0.854252
vt 0.154624 0.835783
vt 0.142021 0.819119
vt 0.135636 0.799528
vt 0.136093 0.778926
vt 0.143348 0.759334
vt 0.156691 0.742666
vt 0.174815 0.730555
vt 0.195947 0.724186
vt 0.218017 0.724183
vt 0.238866 0.730546
vt 0.256453 0.742652
vt 0.269056 0.759315
vt 0.275441 0.778907
vt 0.274984 0.799508
vt 0.267729 0.819101
vt 0.254386 0.835769
vt 0.236262 0.847880
vt 0.215130 0.854249
vt 0.832332 0.118649
vt 0.829036 0.118552
vt 0.831635 0.164806
vt 0.828530 0.164685
vt 0.830709 0.210878
vt 0.827699 0.210750
vt 0.830265 0.242329
vt 0.827287 0.242139
vt 0.830198 0.273701
vt 0.827218 0.273468
vt 0.830061 0.285533
vt 0.827055 0.285378
vt 0.831514 0.306258
vt 0.828489 0.306292
vt 0.830221 0.375170
vt 0.827280 0.375163
vt 0.829257 0.467693
vt 0.826316 0.467675
vt 0.828642 0.537727
vt 0.825701 0.537704
vt 0.825759 0.118454
vt 0.825490 0.164532
vt 0.824752 0.210609
vt 0.824384 0.241880
vt 0.824321 0.273068
vt 0.824118 0.285113
vt 0.825475 0.306331
vt 0.824337 0.375169
vt 0.823375 0.467660
vt 0.822759 0.537683
vt 0.822572 0.118362
vt 0.822513 0.164357
vt 0.821867 0.210465
vt 0.821555 0.241581
vt 0.821501 0.272579
vt 0.821268 0.284785
vt 0.822470 0.306379
vt 0.821391 0.375184
vt 0.820433 0.467648
vt 0.819818 0.537662
vt 0.819514 0.118279
vt 0.819572 0.164174
vt 0.819022 0.210326
vt 0.818773 0.241273
vt 0.818726 0.272074
vt 0.818487 0.284446
vt 0.819468 0.306437
vt 0.818442 0.375204
vt 0.817491 0.467637
vt 0.816876 0.537641
vt 0.816572 0.118209
vt 0.816626 0.163999
vt 0.816174 0.210201
vt 0.815990 0.240984
vt 0.815953 0.271608
vt 0.815732 0.284142
vt 0.816463 0.306500
vt 0.815488 0.375224
vt 0.814550 0.467626
vt 0.813933 0.537620
vt 0.813689 0.118157
vt 0.813632 0.163848
vt 0.813284 0.210097
vt 0.813162 0.240740
vt 0.813141 0.271218
vt 0.812960 0.283902
vt 0.813451 0.306560
vt 0.812528 0.375241
vt 0.811608 0.467613
vt 0.810991 0.537599
vt 0.810777 0.118122
vt 0.810565 0.163735
vt 0.810327 0.210021
vt 0.810261 0.240558
vt 0.810269 0.270927
vt 0.810144 0.283733
vt 0.810429 0.306606
vt 0.809564 0.375248
vt 0.808666 0.467598
vt 0.808048 0.537576
vt 0.807766 0.118105
vt 0.807429 0.163669
vt 0.807306 0.209979
vt 0.807292 0.240449
vt 0.807338 0.270749
vt 0.807282 0.283629
vt 0.807395 0.306626
vt 0.806594 0.375244
vt 0.805723 0.467579
vt 0.805106 0.537553
vt 0.804623 0.118108
vt 0.804252 0.163654
vt 0.804251 0.209969
vt 0.804279 0.240427
vt 0.804372 0.270695
vt 0.804393 0.283581
vt 0.804355 0.306615
vt 0.803622 0.375224
vt 0.802781 0.467555
vt 0.802163 0.537527
vt 0.801368 0.118128
vt 0.801076 0.163690
vt 0.801195 0.209998
vt 0.801270 0.240481
vt 0.801408 0.270768
vt 0.801503 0.283617
vt 0.801315 0.306562
vt 0.800649 0.375186
vt 0.799839 0.467526
vt 0.799220 0.537500
vt 0.798062 0.118165
vt 0.797944 0.163774
vt 0.798176 0.210061
vt 0.798303 0.240615
vt 0.798480 0.270964
vt 0.798642 0.283710
vt 0.798283 0.306477
vt 0.797680 0.375132
vt 0.796897 0.467493
vt 0.796278 0.537472
vt 0.794781 0.118215
vt 0.794882 0.163894
vt 0.795220 0.210156
vt 0.795407 0.240822
vt 0.795613 0.271275
vt 0.795825 0.283865
vt 0.795262 0.306367
vt 0.794714 0.375066
vt 0.793955 0.467456
vt 0.793336 0.537442
vt 0.791592 0.118275
vt 0.791890 0.164039
vt 0.792331 0.210277
vt 0.792583 0.241089
vt 0.792806 0.271687
vt 0.793049 0.284090
vt 0.792252 0.306240
vt 0.791754 0.374992
vt 0.791013 0.467416
vt 0.790393 0.537411
vt 0.788532 0.118340
vt 0.788945 0.164199
vt 0.789483 0.210419
vt 0.789804 0.241400
vt 0.790038 0.272178
vt 0.790288 0.284373
vt 0.789251 0.306108
vt 0.788799 0.374913
vt 0.788072 0.467375
vt 0.787451 0.537380
vt 0.785592 0.118408
vt 0.786002 0.164367
vt 0.786636 0.210573
vt 0.787025 0.241730
vt 0.787270 0.272713
vt 0.787496 0.284685
vt 0.786253 0.305977
vt 0.785848 0.374835
vt 0.785130 0.467333
vt 0.784510 0.537348
vt 0.782710 0.118475
vt 0.783021 0.164533
vt 0.783748 0.210732
vt 0.784198 0.242049
vt 0.784458 0.273243
vt 0.784631 0.284976
vt 0.783254 0.305851
vt 0.782900 0.374762
vt 0.782189 0.467293
vt 0.781568 0.537317
vt 0.779802 0.118542
vt 0.779977 0.164687
vt 0.780797 0.210887
vt 0.781296 0.242328
vt 0.781572 0.273702
vt 0.781670 0.285186
vt 0.780249 0.305729
vt 0.779955 0.374698
vt 0.779248 0.467256
vt 0.778627 0.537287
vt 0.776794 0.118607
vt 0.776866 0.164821
vt 0.777788 0.211028
vt 0.778322 0.242538
vt 0.778609 0.274024
vt 0.778630 0.285261
vt 0.777235 0.305606
vt 0.777011 0.374646
vt 0.776307 0.467223
vt 0.775686 0.537258
vt 0.773657 0.118670
vt 0.773719 0.164924
vt 0.774742 0.211148
vt 0.775302 0.242659
vt 0.775593 0.274163
vt 0.775558 0.285162
vt 0.774212 0.305478
vt 0.774068 0.374609
vt 0.773365 0.467193
vt 0.772745 0.537231
vt 0.770411 0.118730
vt 0.770573 0.164991
vt 0.771695 0.211243
vt 0.772279 0.242681
vt 0.772564 0.274113
vt 0.772530 0.284874
vt 0.771183 0.305336
vt 0.771126 0.374586
vt 0.770424 0.467169
vt 0.769804 0.537205
vt 0.706110 0.004890
vt 0.709010 0.004889
vt 0.709121 0.995116
vt 0.706221 0.995117
vt 0.711910 0.004889
vt 0.712022 0.995116
vt 0.714810 0.004889
vt 0.714922 0.995116
vt 0.717710 0.004888
vt 0.717822 0.995116
vt 0.720611 0.004888
vt 0.720722 0.995115
vt 0.723511 0.004888
vt 0.723622 0.995115
vt 0.726411 0.004887
vt 0.726522 0.995115
vt 0.729311 0.004887
vt 0.729422 0.995114
vt 0.732211 0.004887
vt 0.732322 0.995114
vt 0.735111 0.004886
vt 0.735222 0.995113
vt 0.738011 0.004886
vt 0.738122 0.995113
vt 0.740911 0.004886
vt 0.741023 0.995113
vt 0.743811 0.004885
vt 0.743923 0.995113
vt 0.746712 0.004885
vt 0.746823 0.995112
vt 0.749612 0.004885
vt 0.749723 0.995112
vt 0.752512 0.004884
vt 0.752623 0.995112
vt 0.755412 0.004884
vt 0.755523 0.995111
vt 0.758312 0.004884
vt 0.758423 0.995111
vt 0.761212 0.004884
vt 0.761323 0.995111
vt 0.764112 0.004883
vt 0.764223 0.995110
vt 0.472697 0.803844
vt 0.465841 0.824945
vt 0.402658 0.792751
vt 0.472697 0.781658
vt 0.465841 0.760558
vt 0.452800 0.742609
vt 0.434851 0.729568
vt 0.413751 0.722712
vt 0.391565 0.722712
vt 0.370465 0.729568
vt 0.352516 0.742609
vt 0.339475 0.760558
vt 0.332619 0.781658
vt 0.332619 0.803844
vt 0.339475 0.824945
vt 0.352516 0.842894
vt 0.370465 0.855934
vt 0.391565 0.862790
vt 0.413751 0.862790
vt 0.434851 0.855934
vt 0.452800 0.842894
vt 0.452800 0.842894
vt 0.434852 0.855934
vt 0.402658 0.792751
vt 0.413751 0.862790
vt 0.391565 0.862790
vt 0.370465 0.855935
vt 0.352516 0.842894
vt 0.339475 0.824945
vt 0.332619 0.803845
vt 0.332619 0.781659
vt 0.339475 0.760558
vt 0.352515 0.742609
vt 0.370464 0.729568
vt 0.391565 0.722713
vt 0.413751 0.722712
vt 0.434851 0.729568
vt 0.452800 0.742609
vt 0.465841 0.760558
vt 0.472697 0.781658
vt 0.472697 0.803844
vt 0.465841 0.824945
vt 0.706136 0.004888
vt 0.709036 0.004888
vt 0.709096 0.995115
vt 0.706196 0.995115
vt 0.711936 0.004888
vt 0.711996 0.995115
vt 0.714836 0.004888
vt 0.714896 0.995115
vt 0.717736 0.004887
vt 0.717796 0.995115
vt 0.720636 0.004887
vt 0.720696 0.995114
vt 0.723536 0.004887
vt 0.723596 0.995114
vt 0.726436 0.004887
vt 0.726496 0.995114
vt 0.729337 0.004887
vt 0.729396 0.995114
vt 0.732237 0.004887
vt 0.732297 0.995114
vt 0.735137 0.004887
vt 0.735197 0.995113
vt 0.738037 0.004886
vt 0.738097 0.995113
vt 0.740937 0.004886
vt 0.740997 0.995113
vt 0.743837 0.004886
vt 0.743897 0.995113
vt 0.746737 0.004886
vt 0.746797 0.995113
vt 0.749637 0.004886
vt 0.749697 0.995113
vt 0.752537 0.004885
vt 0.752597 0.995112
vt 0.755438 0.004885
vt 0.755497 0.995112
vt 0.758338 0.004885
vt 0.758397 0.995112
vt 0.761238 0.004885
vt 0.761298 0.995112
vt 0.764138 0.004885
vt 0.764198 0.995112
vt 0.472697 0.803845
vt 0.465841 0.824945
vt 0.402658 0.792751
vt 0.472697 0.781658
vt 0.465841 0.760558
vt 0.452800 0.742609
vt 0.434851 0.729568
vt 0.413751 0.722712
vt 0.391565 0.722712
vt 0.370465 0.729568
vt 0.352516 0.742609
vt 0.339475 0.760558
vt 0.332619 0.781658
vt 0.332619 0.803844
vt 0.339475 0.824945
vt 0.352516 0.842894
vt 0.370465 0.855935
vt 0.391565 0.862790
vt 0.413751 0.862790
vt 0.434851 0.855934
vt 0.452800 0.842894
vt 0.452800 0.842894
vt 0.434851 0.855935
vt 0.402658 0.792751
vt 0.413751 0.862790
vt 0.391564 0.862790
vt 0.370464 0.855934
vt 0.352515 0.842893
vt 0.339475 0.824944
vt 0.332619 0.803844
vt 0.332619 0.781658
vt 0.339475 0.760557
vt 0.352516 0.742609
vt 0.370465 0.729568
vt 0.391565 0.722712
vt 0.413752 0.722712
vt 0.434852 0.729568
vt 0.452801 0.742609
vt 0.465841 0.760558
vt 0.472697 0.781659
vt 0.472697 0.803845
vt 0.465841 0.824945
vt 0.837590 0.004903
vt 0.840866 0.004900
vt 0.840875 0.062312
vt 0.837601 0.062374
vt 0.844076 0.004896
vt 0.844080 0.062265
vt 0.847219 0.004892
vt 0.847216 0.062232
vt 0.850319 0.004889
vt 0.850308 0.062214
vt 0.853421 0.004887
vt 0.853400 0.062204
vt 0.856566 0.004886
vt 0.856537 0.062199
vt 0.859780 0.004886
vt 0.859742 0.062197
vt 0.863061 0.004888
vt 0.863015 0.062195
vt 0.866384 0.004890
vt 0.866330 0.062194
vt 0.869707 0.004894
vt 0.869644 0.062198
vt 0.872989 0.004899
vt 0.872916 0.062206
vt 0.876204 0.004906
vt 0.876122 0.062221
vt 0.879349 0.004913
vt 0.879259 0.062242
vt 0.882451 0.004921
vt 0.882352 0.062268
vt 0.885552 0.004930
vt 0.885446 0.062297
vt 0.888695 0.004939
vt 0.888583 0.062326
vt 0.891906 0.004949
vt 0.891789 0.062355
vt 0.895184 0.004960
vt 0.895062 0.062384
vt 0.898502 0.004970
vt 0.898376 0.062416
vt 0.901819 0.004980
vt 0.901691 0.062454
vt 0.254387 0.835768
vt 0.236263 0.847879
vt 0.205539 0.789217
vt 0.267729 0.819099
vt 0.274984 0.799507
vt 0.275441 0.778905
vt 0.269055 0.759314
vt 0.256452 0.742651
vt 0.238865 0.730545
vt 0.218016 0.724182
vt 0.195946 0.724186
vt 0.174814 0.730555
vt 0.156690 0.742667
vt 0.143348 0.759335
vt 0.136093 0.778928
vt 0.135636 0.799529
vt 0.142022 0.819120
vt 0.154625 0.835784
vt 0.172212 0.847890
vt 0.193061 0.854252
vt 0.215132 0.854248
vt 0.842185 0.116298
vt 0.838954 0.116393
vt 0.842678 0.161515
vt 0.839635 0.161633
vt 0.843490 0.206665
vt 0.840541 0.206791
vt 0.843893 0.237432
vt 0.840974 0.237618
vt 0.843959 0.268138
vt 0.841039 0.268366
vt 0.844119 0.279811
vt 0.841172 0.279964
vt 0.842712 0.300310
vt 0.839747 0.300277
vt 0.843893 0.367814
vt 0.841011 0.367821
vt 0.844833 0.458489
vt 0.841950 0.458507
vt 0.845432 0.527129
vt 0.842549 0.527151
vt 0.845396 0.116202
vt 0.845658 0.161365
vt 0.846380 0.206527
vt 0.846739 0.237178
vt 0.846799 0.267746
vt 0.846997 0.279552
vt 0.845665 0.300349
vt 0.846778 0.367820
vt 0.847716 0.458475
vt 0.848315 0.527107
vt 0.848520 0.116112
vt 0.848576 0.161194
vt 0.849207 0.206386
vt 0.849512 0.236885
vt 0.849563 0.267267
vt 0.849790 0.279231
vt 0.848611 0.300397
vt 0.849665 0.367835
vt 0.850599 0.458463
vt 0.851198 0.527087
vt 0.851518 0.116031
vt 0.851458 0.161015
vt 0.851996 0.206250
vt 0.852239 0.236583
vt 0.852282 0.266773
vt 0.852516 0.278898
vt 0.851554 0.300453
vt 0.852555 0.367855
vt 0.853482 0.458453
vt 0.854082 0.527067
vt 0.854401 0.115963
vt 0.854346 0.160844
vt 0.854787 0.206128
vt 0.854966 0.236300
vt 0.855001 0.266316
vt 0.855217 0.278601
vt 0.854499 0.300515
vt 0.855451 0.367875
vt 0.856366 0.458442
vt 0.856966 0.527047
vt 0.857227 0.115911
vt 0.857281 0.160696
vt 0.857620 0.206026
vt 0.857738 0.236061
vt 0.857757 0.265933
vt 0.857934 0.278366
vt 0.857451 0.300574
vt 0.858352 0.367891
vt 0.859249 0.458430
vt 0.859850 0.527026
vt 0.860081 0.115877
vt 0.860287 0.160585
vt 0.860518 0.205952
vt 0.860581 0.235883
vt 0.860572 0.265648
vt 0.860694 0.278201
vt 0.860414 0.300619
vt 0.861257 0.367899
vt 0.862133 0.458415
vt 0.862734 0.527004
vt 0.863033 0.115861
vt 0.863360 0.160520
vt 0.863479 0.205911
vt 0.863492 0.235776
vt 0.863445 0.265475
vt 0.863499 0.278098
vt 0.863387 0.300639
vt 0.864168 0.367894
vt 0.865017 0.458397
vt 0.865618 0.526981
vt 0.866113 0.115864
vt 0.866474 0.160506
vt 0.866474 0.205901
vt 0.866445 0.235754
vt 0.866352 0.265421
vt 0.866331 0.278052
vt 0.866366 0.300628
vt 0.867081 0.367876
vt 0.867900 0.458373
vt 0.868502 0.526956
vt 0.869303 0.115884
vt 0.869587 0.160541
vt 0.869469 0.205930
vt 0.869394 0.235808
vt 0.869257 0.265493
vt 0.869163 0.278087
vt 0.869346 0.300577
vt 0.869995 0.367838
vt 0.870784 0.458345
vt 0.871387 0.526930
vt 0.872543 0.115920
vt 0.872657 0.160624
vt 0.872428 0.205991
vt 0.872302 0.235939
vt 0.872126 0.265686
vt 0.871968 0.278178
vt 0.872318 0.300494
vt 0.872905 0.367786
vt 0.873668 0.458313
vt 0.874271 0.526902
vt 0.875760 0.115969
vt 0.875659 0.160741
vt 0.875325 0.206084
vt 0.875140 0.236142
vt 0.874937 0.265991
vt 0.874729 0.278331
vt 0.875279 0.300386
vt 0.875812 0.367721
vt 0.876551 0.458277
vt 0.877155 0.526873
vt 0.878886 0.116028
vt 0.878591 0.160883
vt 0.878157 0.206204
vt 0.877908 0.236404
vt 0.877688 0.266394
vt 0.877449 0.278551
vt 0.878229 0.300262
vt 0.878713 0.367649
vt 0.879434 0.458238
vt 0.880038 0.526843
vt 0.881884 0.116092
vt 0.881478 0.161041
vt 0.880949 0.206343
vt 0.880632 0.236709
vt 0.880401 0.266876
vt 0.880156 0.278829
vt 0.881171 0.300133
vt 0.881610 0.367572
vt 0.882318 0.458197
vt 0.882922 0.526813
vt 0.884766 0.116159
vt 0.884362 0.161205
vt 0.883739 0.206494
vt 0.883356 0.237032
vt 0.883114 0.267401
vt 0.882892 0.279135
vt 0.884109 0.300004
vt 0.884502 0.367495
vt 0.885201 0.458157
vt 0.885805 0.526782
vt 0.887590 0.116225
vt 0.887284 0.161368
vt 0.886569 0.206650
vt 0.886127 0.237346
vt 0.885871 0.267920
vt 0.885700 0.279420
vt 0.887049 0.299881
vt 0.887392 0.367424
vt 0.888084 0.458118
vt 0.888688 0.526752
vt 0.890441 0.116290
vt 0.890268 0.161519
vt 0.889462 0.206802
vt 0.888971 0.237619
vt 0.888699 0.268370
vt 0.888602 0.279626
vt 0.889994 0.299761
vt 0.890279 0.367361
vt 0.890966 0.458082
vt 0.891571 0.526722
vt 0.893389 0.116354
vt 0.893316 0.161650
vt 0.892411 0.206940
vt 0.891887 0.237825
vt 0.891604 0.268686
vt 0.891582 0.279700
vt 0.892948 0.299641
vt 0.893164 0.367311
vt 0.893849 0.458049
vt 0.894454 0.526694
vt 0.896464 0.116416
vt 0.896401 0.161752
vt 0.895397 0.207059
vt 0.894846 0.237944
vt 0.894559 0.268822
vt 0.894593 0.279603
vt 0.895912 0.299515
vt 0.896048 0.367274
vt 0.896732 0.458020
vt 0.897337 0.526667
vt 0.899645 0.116475
vt 0.899485 0.161817
vt 0.898383 0.207152
vt 0.897809 0.237965
vt 0.897528 0.268773
vt 0.897561 0.279321
vt 0.898880 0.299376
vt 0.898932 0.367252
vt 0.899615 0.457996
vt 0.900220 0.526642
vt 0.833728 0.004901
vt 0.833714 0.063537
vt 0.830374 0.063473
vt 0.830386 0.004897
vt 0.827104 0.063424
vt 0.827111 0.004893
vt 0.823905 0.063391
vt 0.823905 0.004889
vt 0.820750 0.063372
vt 0.820741 0.004886
vt 0.817595 0.063362
vt 0.817577 0.004884
vt 0.814395 0.063357
vt 0.814368 0.004883
vt 0.811125 0.063354
vt 0.811089 0.004883
vt 0.807785 0.063352
vt 0.807741 0.004884
vt 0.804404 0.063352
vt 0.804351 0.004887
vt 0.801023 0.063355
vt 0.800960 0.004890
vt 0.797683 0.063363
vt 0.797612 0.004895
vt 0.794413 0.063378
vt 0.794332 0.004902
vt 0.791213 0.063399
vt 0.791123 0.004909
vt 0.788056 0.063426
vt 0.787959 0.004917
vt 0.784900 0.063455
vt 0.784795 0.004926
vt 0.781699 0.063485
vt 0.781588 0.004936
vt 0.778429 0.063514
vt 0.778312 0.004946
vt 0.775089 0.063543
vt 0.774967 0.004956
vt 0.771708 0.063576
vt 0.771582 0.004966
vt 0.768326 0.063615
vt 0.768198 0.004976
vt 0.172211 0.847889
vt 0.205539 0.789218
vt 0.193060 0.854252
vt 0.154624 0.835783
vt 0.142022 0.819119
vt 0.135636 0.799528
vt 0.136093 0.778927
vt 0.143348 0.759334
vt 0.156691 0.742666
vt 0.174815 0.730555
vt 0.195947 0.724186
vt 0.218017 0.724182
vt 0.238866 0.730546
vt 0.256453 0.742652
vt 0.269055 0.759316
vt 0.275441 0.778907
vt 0.274984 0.799508
vt 0.267729 0.819101
vt 0.254386 0.835769
vt 0.236262 0.847880
vt 0.215130 0.854249
vt 0.832331 0.118650
vt 0.829035 0.118552
vt 0.831634 0.164806
vt 0.828529 0.164685
vt 0.830707 0.210879
vt 0.827698 0.210750
vt 0.830263 0.242330
vt 0.827285 0.242139
vt 0.830196 0.273701
vt 0.827216 0.273468
vt 0.830059 0.285533
vt 0.827053 0.285378
vt 0.831512 0.306258
vt 0.828487 0.306292
vt 0.830218 0.375170
vt 0.827277 0.375163
vt 0.829254 0.467693
vt 0.826313 0.467675
vt 0.828639 0.537727
vt 0.825698 0.537704
vt 0.825758 0.118454
vt 0.825489 0.164532
vt 0.824750 0.210609
vt 0.824382 0.241881
vt 0.824319 0.273068
vt 0.824116 0.285113
vt 0.825473 0.306331
vt 0.824335 0.375169
vt 0.823372 0.467660
vt 0.822756 0.537683
vt 0.822572 0.118362
vt 0.822512 0.164357
vt 0.821866 0.210465
vt 0.821553 0.241581
vt 0.821499 0.272579
vt 0.821266 0.284785
vt 0.822468 0.306380
vt 0.821389 0.375184
vt 0.820430 0.467648
vt 0.819815 0.537662
vt 0.819513 0.118279
vt 0.819571 0.164174
vt 0.819020 0.210326
vt 0.818771 0.241273
vt 0.818725 0.272074
vt 0.818485 0.284446
vt 0.819466 0.306437
vt 0.818440 0.375204
vt 0.817489 0.467637
vt 0.816873 0.537641
vt 0.816571 0.118210
vt 0.816625 0.163999
vt 0.816173 0.210201
vt 0.815989 0.240984
vt 0.815951 0.271608
vt 0.815730 0.284142
vt 0.816461 0.306500
vt 0.815486 0.375224
vt 0.814547 0.467626
vt 0.813930 0.537620
vt 0.813688 0.118157
vt 0.813631 0.163849
vt 0.813282 0.210097
vt 0.813160 0.240740
vt 0.813139 0.271218
vt 0.812958 0.283902
vt 0.813449 0.306560
vt 0.812526 0.375241
vt 0.811605 0.467613
vt 0.810988 0.537599
vt 0.810776 0.118122
vt 0.810564 0.163735
vt 0.810325 0.210021
vt 0.810259 0.240558
vt 0.810267 0.270927
vt 0.810142 0.283733
vt 0.810427 0.306606
vt 0.809561 0.375248
vt 0.808663 0.467598
vt 0.808045 0.537576
vt 0.807765 0.118105
vt 0.807428 0.163669
vt 0.807305 0.209979
vt 0.807290 0.240449
vt 0.807336 0.270749
vt 0.807280 0.283629
vt 0.807393 0.306626
vt 0.806592 0.375244
vt 0.805721 0.467579
vt 0.805103 0.537553
vt 0.804622 0.118108
vt 0.804251 0.163654
vt 0.804249 0.209969
vt 0.804277 0.240427
vt 0.804370 0.270695
vt 0.804391 0.283581
vt 0.804353 0.306615
vt 0.803620 0.375224
vt 0.802778 0.467555
vt 0.802160 0.537527
vt 0.801367 0.118128
vt 0.801075 0.163690
vt 0.801194 0.209998
vt 0.801268 0.240481
vt 0.801406 0.270768
vt 0.801501 0.283617
vt 0.801313 0.306562
vt 0.800647 0.375186
vt 0.799836 0.467526
vt 0.799217 0.537500
vt 0.798062 0.118165
vt 0.797943 0.163774
vt 0.798174 0.210060
vt 0.798302 0.240615
vt 0.798479 0.270964
vt 0.798640 0.283710
vt 0.798281 0.306477
vt 0.797677 0.375132
vt 0.796894 0.467493
vt 0.796275 0.537472
vt 0.794780 0.118215
vt 0.794881 0.163894
vt 0.795219 0.210156
vt 0.795405 0.240822
vt 0.795611 0.271275
vt 0.795823 0.283866
vt 0.795260 0.306367
vt 0.794712 0.375066
vt 0.793952 0.467456
vt 0.793332 0.537442
vt 0.791591 0.118275
vt 0.791889 0.164039
vt 0.792329 0.210277
vt 0.792581 0.241089
vt 0.792804 0.271687
vt 0.793047 0.284090
vt 0.792250 0.306240
vt 0.791752 0.374992
vt 0.791011 0.467416
vt 0.790390 0.537411
vt 0.788531 0.118340
vt 0.788944 0.164199
vt 0.789481 0.210419
vt 0.789802 0.241400
vt 0.790037 0.272178
vt 0.790286 0.284373
vt 0.789249 0.306108
vt 0.788797 0.374913
vt 0.788069 0.467375
vt 0.787448 0.537380
vt 0.785591 0.118408
vt 0.786001 0.164367
vt 0.786634 0.210573
vt 0.787023 0.241730
vt 0.787268 0.272713
vt 0.787494 0.284685
vt 0.786251 0.305977
vt 0.785846 0.374835
vt 0.785128 0.467333
vt 0.784507 0.537348
vt 0.782710 0.118475
vt 0.783020 0.164533
vt 0.783747 0.210732
vt 0.784196 0.242049
vt 0.784456 0.273243
vt 0.784629 0.284976
vt 0.783252 0.305851
vt 0.782898 0.374762
vt 0.782186 0.467293
vt 0.781565 0.537317
vt 0.779801 0.118542
vt 0.779975 0.164687
vt 0.780796 0.210887
vt 0.781295 0.242328
vt 0.781570 0.273701
vt 0.781668 0.285185
vt 0.780247 0.305729
vt 0.779953 0.374698
vt 0.779245 0.467256
vt 0.778624 0.537287
vt 0.776793 0.118607
vt 0.776865 0.164821
vt 0.777787 0.211028
vt 0.778320 0.242538
vt 0.778607 0.274024
vt 0.778628 0.285261
vt 0.777233 0.305606
vt 0.777009 0.374646
vt 0.776304 0.467222
vt 0.775683 0.537258
vt 0.773656 0.118670
vt 0.773718 0.164924
vt 0.774740 0.211148
vt 0.775300 0.242659
vt 0.775591 0.274163
vt 0.775556 0.285162
vt 0.774210 0.305478
vt 0.774066 0.374609
vt 0.773363 0.467193
vt 0.772741 0.537231
vt 0.770410 0.118730
vt 0.770572 0.164991
vt 0.771693 0.211243
vt 0.772277 0.242680
vt 0.772562 0.274112
vt 0.772528 0.284874
vt 0.771181 0.305335
vt 0.771124 0.374586
vt 0.770421 0.467169
vt 0.769800 0.537204
vt 0.706110 0.004890
vt 0.709010 0.004889
vt 0.709121 0.995117
vt 0.706221 0.995117
vt 0.711910 0.004889
vt 0.712021 0.995116
vt 0.714810 0.004889
vt 0.714922 0.995116
vt 0.717710 0.004888
vt 0.717822 0.995116
vt 0.720610 0.004888
vt 0.720722 0.995115
vt 0.723511 0.004888
vt 0.723622 0.995115
vt 0.726411 0.004887
vt 0.726522 0.995115
vt 0.729311 0.004887
vt 0.729422 0.995114
vt 0.732211 0.004887
vt 0.732322 0.995114
vt 0.735111 0.004886
vt 0.735222 0.995114
vt 0.738011 0.004886
vt 0.738122 0.995113
vt 0.740911 0.004886
vt 0.741022 0.995113
vt 0.743811 0.004885
vt 0.743923 0.995113
vt 0.746711 0.004885
vt 0.746823 0.995112
vt 0.749611 0.004885
vt 0.749723 0.995112
vt 0.752512 0.004884
vt 0.752623 0.995112
vt 0.755412 0.004884
vt 0.755523 0.995111
vt 0.758312 0.004884
vt 0.758423 0.995111
vt 0.761212 0.004883
vt 0.761323 0.995111
vt 0.764112 0.004883
vt 0.764223 0.995110
vt 0.472697 0.803844
vt 0.465841 0.824945
vt 0.402658 0.792751
vt 0.472697 0.781658
vt 0.465841 0.760558
vt 0.452800 0.742609
vt 0.434851 0.729568
vt 0.413751 0.722712
vt 0.391565 0.722712
vt 0.370465 0.729568
vt 0.352516 0.742609
vt 0.339475 0.760558
vt 0.332619 0.781658
vt 0.332619 0.803844
vt 0.339475 0.824945
vt 0.352516 0.842894
vt 0.370465 0.855935
vt 0.391565 0.862790
vt 0.413751 0.862790
vt 0.434851 0.855935
vt 0.452800 0.842894
vt 0.452800 0.842894
vt 0.434852 0.855934
vt 0.402658 0.792751
vt 0.413751 0.862790
vt 0.391565 0.862790
vt 0.370465 0.855934
vt 0.352516 0.842894
vt 0.339475 0.824945
vt 0.332619 0.803844
vt 0.332619 0.781658
vt 0.339475 0.760558
vt 0.352516 0.742609
vt 0.370465 0.729568
vt 0.391565 0.722713
vt 0.413751 0.722712
vt 0.434851 0.729568
vt 0.452800 0.742609
vt 0.465841 0.760558
vt 0.472697 0.781658
vt 0.472697 0.803844
vt 0.465841 0.824945
vt 0.706136 0.004888
vt 0.709036 0.004888
vt 0.709096 0.995115
vt 0.706196 0.995115
vt 0.711936 0.004888
vt 0.711996 0.995115
vt 0.714836 0.004888
vt 0.714896 0.995115
vt 0.717736 0.004887
vt 0.717796 0.995115
vt 0.720636 0.004887
vt 0.720696 0.995114
vt 0.723536 0.004887
vt 0.723596 0.995114
vt 0.726436 0.004887
vt 0.726496 0.995114
vt 0.729336 0.004887
vt 0.729396 0.995114
vt 0.732237 0.004887
vt 0.732297 0.995114
vt 0.735137 0.004886
vt 0.735197 0.995113
vt 0.738037 0.004886
vt 0.738097 0.995113
vt 0.740937 0.004886
vt 0.740997 0.995113
vt 0.743837 0.004886
vt 0.743897 0.995113
vt 0.746737 0.004886
vt 0.746797 0.995113
vt 0.749637 0.004886
vt 0.749697 0.995113
vt 0.752537 0.004885
vt 0.752597 0.995112
vt 0.755437 0.004885
vt 0.755497 0.995112
vt 0.758337 0.004885
vt 0.758397 0.995112
vt 0.761238 0.004885
vt 0.761298 0.995112
vt 0.764138 0.004885
vt 0.764198 0.995112
vt 0.472697 0.803844
vt 0.465841 0.824945
vt 0.402658 0.792751
vt 0.472697 0.781658
vt 0.465841 0.760558
vt 0.452800 0.742609
vt 0.434851 0.729568
vt 0.413751 0.722712
vt 0.391565 0.722712
vt 0.370465 0.729568
vt 0.352516 0.742609
vt 0.339475 0.760558
vt 0.332619 0.781658
vt 0.332619 0.803844
vt 0.339475 0.824945
vt 0.352516 0.842894
vt 0.370465 0.855935
vt 0.391565 0.862790
vt 0.413751 0.862790
vt 0.434851 0.855934
vt 0.452800 0.842894
vt 0.452800 0.842894
vt 0.434851 0.855935
vt 0.402658 0.792751
vt 0.413751 0.862790
vt 0.391565 0.862790
vt 0.370464 0.855934
vt 0.352515 0.842893
vt 0.339475 0.824944
vt 0.332619 0.803844
vt 0.332619 0.781658
vt 0.339475 0.760558
vt 0.352516 0.742609
vt 0.370465 0.729568
vt 0.391565 0.722712
vt 0.413751 0.722712
vt 0.434852 0.729568
vt 0.452801 0.742609
vt 0.465841 0.760558
vt 0.472697 0.781659
vt 0.472697 0.803845
vt 0.465841 0.824945
vt 0.837590 0.004904
vt 0.840866 0.004900
vt 0.840876 0.062312
vt 0.837602 0.062375
vt 0.844076 0.004896
vt 0.844081 0.062265
vt 0.847219 0.004892
vt 0.847217 0.062232
vt 0.850319 0.004889
vt 0.850309 0.062214
vt 0.853421 0.004887
vt 0.853402 0.062204
vt 0.856566 0.004886
vt 0.856538 0.062199
vt 0.859780 0.004886
vt 0.859743 0.062196
vt 0.863061 0.004887
vt 0.863017 0.062194
vt 0.866384 0.004890
vt 0.866331 0.062194
vt 0.869707 0.004894
vt 0.869645 0.062197
vt 0.872989 0.004899
vt 0.872918 0.062205
vt 0.876204 0.004905
vt 0.876123 0.062220
vt 0.879349 0.004912
vt 0.879260 0.062241
vt 0.882451 0.004920
vt 0.882354 0.062267
vt 0.885552 0.004929
vt 0.885447 0.062296
vt 0.888695 0.004938
vt 0.888584 0.062325
vt 0.891906 0.004948
vt 0.891790 0.062353
vt 0.895184 0.004959
vt 0.895063 0.062382
vt 0.898502 0.004969
vt 0.898378 0.062415
vt 0.901819 0.004979
vt 0.901693 0.062453
vt 0.254387 0.835768
vt 0.236263 0.847879
vt 0.205539 0.789217
vt 0.267729 0.819099
vt 0.274984 0.799507
vt 0.275441 0.778905
vt 0.269055 0.759314
vt 0.256452 0.742651
vt 0.238865 0.730545
vt 0.218016 0.724182
vt 0.195946 0.724186
vt 0.174814 0.730555
vt 0.156690 0.742667
vt 0.143348 0.759335
vt 0.136093 0.778928
vt 0.135637 0.799529
vt 0.142022 0.819120
vt 0.154625 0.835784
vt 0.172212 0.847890
vt 0.193061 0.854252
vt 0.215132 0.854248
vt 0.842187 0.116298
vt 0.838956 0.116393
vt 0.842682 0.161515
vt 0.839638 0.161634
vt 0.843495 0.206666
vt 0.840546 0.206792
vt 0.843899 0.237432
vt 0.840980 0.237618
vt 0.843966 0.268138
vt 0.841046 0.268367
vt 0.844126 0.279812
vt 0.841180 0.279964
vt 0.842720 0.300311
vt 0.839755 0.300277
vt 0.843904 0.367815
vt 0.841022 0.367821
vt 0.844847 0.458490
vt 0.841964 0.458508
vt 0.845449 0.527129
vt 0.842566 0.527151
vt 0.845399 0.116202
vt 0.845662 0.161365
vt 0.846385 0.206527
vt 0.846745 0.237178
vt 0.846806 0.267746
vt 0.847005 0.279553
vt 0.845674 0.300349
vt 0.846788 0.367820
vt 0.847730 0.458475
vt 0.848332 0.527108
vt 0.848522 0.116112
vt 0.848580 0.161194
vt 0.849212 0.206386
vt 0.849518 0.236885
vt 0.849570 0.267268
vt 0.849798 0.279231
vt 0.848619 0.300397
vt 0.849676 0.367835
vt 0.850613 0.458463
vt 0.851215 0.527087
vt 0.851520 0.116030
vt 0.851462 0.161015
vt 0.852001 0.206250
vt 0.852244 0.236583
vt 0.852289 0.266773
vt 0.852524 0.278898
vt 0.851562 0.300453
vt 0.852566 0.367855
vt 0.853496 0.458453
vt 0.854099 0.527067
vt 0.854403 0.115963
vt 0.854350 0.160843
vt 0.854792 0.206128
vt 0.854972 0.236300
vt 0.855008 0.266316
vt 0.855224 0.278601
vt 0.854507 0.300515
vt 0.855462 0.367875
vt 0.856380 0.458442
vt 0.856983 0.527047
vt 0.857230 0.115911
vt 0.857285 0.160695
vt 0.857625 0.206026
vt 0.857744 0.236061
vt 0.857764 0.265933
vt 0.857941 0.278366
vt 0.857459 0.300574
vt 0.858362 0.367891
vt 0.859263 0.458430
vt 0.859867 0.527026
vt 0.860083 0.115877
vt 0.860290 0.160584
vt 0.860523 0.205951
vt 0.860587 0.235882
vt 0.860579 0.265648
vt 0.860701 0.278200
vt 0.860422 0.300618
vt 0.861268 0.367899
vt 0.862147 0.458415
vt 0.862751 0.527004
vt 0.863035 0.115860
vt 0.863364 0.160520
vt 0.863484 0.205910
vt 0.863498 0.235775
vt 0.863451 0.265474
vt 0.863506 0.278098
vt 0.863395 0.300639
vt 0.864179 0.367894
vt 0.865031 0.458396
vt 0.865635 0.526981
vt 0.866116 0.115863
vt 0.866478 0.160505
vt 0.866478 0.205901
vt 0.866450 0.235754
vt 0.866358 0.265421
vt 0.866338 0.278051
vt 0.866375 0.300628
vt 0.867092 0.367875
vt 0.867915 0.458372
vt 0.868519 0.526956
vt 0.869305 0.115883
vt 0.869591 0.160540
vt 0.869474 0.205929
vt 0.869400 0.235807
vt 0.869264 0.265493
vt 0.869170 0.278087
vt 0.869354 0.300576
vt 0.870006 0.367837
vt 0.870798 0.458344
vt 0.871403 0.526929
vt 0.872546 0.115919
vt 0.872661 0.160623
vt 0.872433 0.205990
vt 0.872307 0.235939
vt 0.872133 0.265685
vt 0.871975 0.278177
vt 0.872326 0.300493
vt 0.872916 0.367785
vt 0.873682 0.458312
vt 0.874287 0.526902
vt 0.875762 0.115968
vt 0.875662 0.160740
vt 0.875330 0.206084
vt 0.875146 0.236141
vt 0.874944 0.265990
vt 0.874736 0.278330
vt 0.875287 0.300385
vt 0.875823 0.367720
vt 0.876566 0.458276
vt 0.877172 0.526872
vt 0.878888 0.116027
vt 0.878594 0.160882
vt 0.878162 0.206203
vt 0.877914 0.236403
vt 0.877695 0.266393
vt 0.877456 0.278550
vt 0.878237 0.300261
vt 0.878724 0.367648
vt 0.879449 0.458237
vt 0.880055 0.526842
vt 0.881887 0.116091
vt 0.881482 0.161040
vt 0.880953 0.206342
vt 0.880638 0.236707
vt 0.880408 0.266875
vt 0.880163 0.278828
vt 0.881179 0.300131
vt 0.881621 0.367571
vt 0.882332 0.458196
vt 0.882939 0.526811
vt 0.884769 0.116158
vt 0.884365 0.161204
vt 0.883744 0.206493
vt 0.883362 0.237031
vt 0.883121 0.267400
vt 0.882899 0.279134
vt 0.884117 0.300003
vt 0.884513 0.367494
vt 0.885215 0.458156
vt 0.885822 0.526781
vt 0.887593 0.116224
vt 0.887287 0.161367
vt 0.886574 0.206649
vt 0.886133 0.237345
vt 0.885878 0.267919
vt 0.885708 0.279418
vt 0.887057 0.299879
vt 0.887402 0.367422
vt 0.888098 0.458116
vt 0.888705 0.526750
vt 0.890443 0.116289
vt 0.890271 0.161518
vt 0.889467 0.206801
vt 0.888977 0.237618
vt 0.888706 0.268368
vt 0.888610 0.279624
vt 0.890002 0.299760
vt 0.890289 0.367360
vt 0.890981 0.458080
vt 0.891588 0.526721
vt 0.893392 0.116353
vt 0.893320 0.161649
vt 0.892416 0.206939
vt 0.891892 0.237824
vt 0.891611 0.268685
vt 0.891590 0.279698
vt 0.892956 0.299639
vt 0.893175 0.367309
vt 0.893864 0.458047
vt 0.894471 0.526693
vt 0.896467 0.116415
vt 0.896405 0.161751
vt 0.895402 0.207057
vt 0.894852 0.237942
vt 0.894567 0.268821
vt 0.894601 0.279601
vt 0.895920 0.299514
vt 0.896059 0.367273
vt 0.896746 0.458019
vt 0.897354 0.526666
vt 0.899648 0.116474
vt 0.899488 0.161816
vt 0.898388 0.207150
vt 0.897815 0.237963
vt 0.897535 0.268771
vt 0.897568 0.279320
vt 0.898888 0.299374
vt 0.898943 0.367250
vt 0.899629 0.457995
vt 0.900236 0.526640
vt 0.833728 0.004901
vt 0.833714 0.063537
vt 0.830373 0.063473
vt 0.830386 0.004897
vt 0.827104 0.063424
vt 0.827111 0.004893
vt 0.823905 0.063391
vt 0.823905 0.004889
vt 0.820750 0.063372
vt 0.820741 0.004886
vt 0.817595 0.063362
vt 0.817577 0.004884
vt 0.814395 0.063357
vt 0.814368 0.004883
vt 0.811124 0.063354
vt 0.811089 0.004883
vt 0.807785 0.063352
vt 0.807741 0.004884
vt 0.804403 0.063351
vt 0.804351 0.004886
vt 0.801022 0.063354
vt 0.800960 0.004890
vt 0.797683 0.063363
vt 0.797612 0.004895
vt 0.794413 0.063377
vt 0.794332 0.004902
vt 0.791212 0.063399
vt 0.791123 0.004909
vt 0.788056 0.063426
vt 0.787959 0.004917
vt 0.784900 0.063455
vt 0.784795 0.004926
vt 0.781699 0.063484
vt 0.781588 0.004935
vt 0.778428 0.063513
vt 0.778312 0.004945
vt 0.775089 0.063543
vt 0.774967 0.004956
vt 0.771708 0.063576
vt 0.771582 0.004966
vt 0.768325 0.063615
vt 0.768198 0.004976
vt 0.172211 0.847889
vt 0.205539 0.789218
vt 0.193060 0.854252
vt 0.154624 0.835783
vt 0.142022 0.819119
vt 0.135636 0.799528
vt 0.136093 0.778927
vt 0.143348 0.759334
vt 0.156691 0.742666
vt 0.174815 0.730555
vt 0.195947 0.724186
vt 0.218017 0.724182
vt 0.238866 0.730546
vt 0.256453 0.742652
vt 0.269055 0.759316
vt 0.275441 0.778907
vt 0.274984 0.799508
vt 0.267729 0.819101
vt 0.254386 0.835769
vt 0.236262 0.847880
vt 0.215130 0.854249
vt 0.832331 0.118650
vt 0.829035 0.118552
vt 0.831633 0.164806
vt 0.828529 0.164685
vt 0.830707 0.210879
vt 0.827697 0.210750
vt 0.830262 0.242330
vt 0.827285 0.242139
vt 0.830195 0.273701
vt 0.827215 0.273468
vt 0.830058 0.285533
vt 0.827052 0.285378
vt 0.831510 0.306258
vt 0.828486 0.306292
vt 0.830217 0.375170
vt 0.827276 0.375163
vt 0.829253 0.467693
vt 0.826312 0.467675
vt 0.828637 0.537727
vt 0.825696 0.537704
vt 0.825758 0.118454
vt 0.825488 0.164532
vt 0.824750 0.210609
vt 0.824381 0.241881
vt 0.824318 0.273068
vt 0.824115 0.285113
vt 0.825472 0.306331
vt 0.824333 0.375169
vt 0.823370 0.467660
vt 0.822754 0.537683
vt 0.822571 0.118362
vt 0.822511 0.164357
vt 0.821865 0.210465
vt 0.821552 0.241582
vt 0.821498 0.272579
vt 0.821265 0.284785
vt 0.822467 0.306380
vt 0.821388 0.375183
vt 0.820429 0.467648
vt 0.819813 0.537662
vt 0.819512 0.118279
vt 0.819571 0.164174
vt 0.819020 0.210326
vt 0.818770 0.241273
vt 0.818724 0.272074
vt 0.818484 0.284446
vt 0.819465 0.306437
vt 0.818438 0.375204
vt 0.817487 0.467637
vt 0.816871 0.537641
vt 0.816571 0.118209
vt 0.816624 0.163999
vt 0.816172 0.210201
vt 0.815988 0.240984
vt 0.815950 0.271608
vt 0.815729 0.284142
vt 0.816460 0.306500
vt 0.815484 0.375224
vt 0.814545 0.467626
vt 0.813929 0.537620
vt 0.813687 0.118156
vt 0.813630 0.163849
vt 0.813281 0.210097
vt 0.813159 0.240740
vt 0.813138 0.271218
vt 0.812957 0.283902
vt 0.813448 0.306560
vt 0.812525 0.375241
vt 0.811603 0.467613
vt 0.810986 0.537599
vt 0.810776 0.118122
vt 0.810564 0.163735
vt 0.810325 0.210021
vt 0.810259 0.240558
vt 0.810266 0.270927
vt 0.810141 0.283733
vt 0.810425 0.306605
vt 0.809560 0.375248
vt 0.808661 0.467598
vt 0.808044 0.537576
vt 0.807764 0.118105
vt 0.807427 0.163669
vt 0.807304 0.209979
vt 0.807289 0.240449
vt 0.807335 0.270749
vt 0.807279 0.283628
vt 0.807392 0.306626
vt 0.806591 0.375244
vt 0.805719 0.467579
vt 0.805101 0.537552
vt 0.804621 0.118108
vt 0.804251 0.163654
vt 0.804249 0.209969
vt 0.804277 0.240427
vt 0.804370 0.270695
vt 0.804390 0.283581
vt 0.804352 0.306615
vt 0.803618 0.375224
vt 0.802777 0.467555
vt 0.802158 0.537527
vt 0.801367 0.118128
vt 0.801074 0.163690
vt 0.801193 0.209998
vt 0.801267 0.240481
vt 0.801405 0.270768
vt 0.801500 0.283617
vt 0.801312 0.306562
vt 0.800646 0.375185
vt 0.799835 0.467526
vt 0.799215 0.537500
vt 0.798061 0.118165
vt 0.797942 0.163774
vt 0.798173 0.210060
vt 0.798301 0.240615
vt 0.798478 0.270964
vt 0.798639 0.283709
vt 0.798280 0.306477
vt 0.797676 0.375132
vt 0.796892 0.467493
vt 0.796273 0.537472
vt 0.794779 0.118215
vt 0.794880 0.163893
vt 0.795218 0.210155
vt 0.795404 0.240821
vt 0.795610 0.271275
vt 0.795822 0.283865
vt 0.795259 0.306367
vt 0.794711 0.375066
vt 0.793951 0.467456
vt 0.793331 0.537442
vt 0.791590 0.118275
vt 0.791889 0.164038
vt 0.792328 0.210277
vt 0.792580 0.241089
vt 0.792803 0.271687
vt 0.793046 0.284089
vt 0.792249 0.306240
vt 0.791751 0.374992
vt 0.791009 0.467416
vt 0.790388 0.537411
vt 0.788531 0.118340
vt 0.788943 0.164199
vt 0.789480 0.210419
vt 0.789802 0.241399
vt 0.790036 0.272178
vt 0.790285 0.284373
vt 0.789248 0.306108
vt 0.788795 0.374913
vt 0.788067 0.467374
vt 0.787446 0.537380
vt 0.785590 0.118407
vt 0.786001 0.164367
vt 0.786633 0.210573
vt 0.787022 0.241729
vt 0.787267 0.272713
vt 0.787493 0.284685
vt 0.786250 0.305977
vt 0.785845 0.374835
vt 0.785126 0.467333
vt 0.784505 0.537348
vt 0.782709 0.118475
vt 0.783019 0.164533
vt 0.783746 0.210732
vt 0.784195 0.242049
vt 0.784455 0.273243
vt 0.784628 0.284975
vt 0.783251 0.305851
vt 0.782897 0.374762
vt 0.782185 0.467293
vt 0.781563 0.537317
vt 0.779801 0.118542
vt 0.779975 0.164687
vt 0.780795 0.210887
vt 0.781294 0.242328
vt 0.781569 0.273701
vt 0.781667 0.285185
vt 0.780246 0.305728
vt 0.779951 0.374698
vt 0.779244 0.467256
vt 0.778622 0.537287
vt 0.776793 0.118607
vt 0.776865 0.164820
vt 0.777786 0.211028
vt 0.778319 0.242538
vt 0.778606 0.274024
vt 0.778627 0.285261
vt 0.777232 0.305606
vt 0.777007 0.374646
vt 0.776302 0.467222
vt 0.775681 0.537258
vt 0.773656 0.118669
vt 0.773717 0.164924
vt 0.774739 0.211148
vt 0.775299 0.242659
vt 0.775590 0.274162
vt 0.775555 0.285161
vt 0.774209 0.305477
vt 0.774065 0.374609
vt 0.773361 0.467193
vt 0.772740 0.537230
vt 0.770410 0.118730
vt 0.770572 0.164990
vt 0.771693 0.211243
vt 0.772276 0.242680
vt 0.772561 0.274112
vt 0.772527 0.284874
vt 0.771180 0.305335
vt 0.771123 0.374586
vt 0.770420 0.467168
vt 0.769799 0.537204
vt 0.706110 0.004890
vt 0.709010 0.004889
vt 0.709121 0.995117
vt 0.706221 0.995117
vt 0.711910 0.004889
vt 0.712021 0.995116
vt 0.714810 0.004889
vt 0.714922 0.995116
vt 0.717710 0.004888
vt 0.717822 0.995116
vt 0.720610 0.004888
vt 0.720722 0.995115
vt 0.723511 0.004888
vt 0.723622 0.995115
vt 0.726411 0.004887
vt 0.726522 0.995115
vt 0.729311 0.004887
vt 0.729422 0.995114
vt 0.732211 0.004887
vt 0.732322 0.995114
vt 0.735111 0.004886
vt 0.735222 0.995114
vt 0.738011 0.004886
vt 0.738122 0.995113
vt 0.740911 0.004886
vt 0.741022 0.995113
vt 0.743811 0.004885
vt 0.743923 0.995113
vt 0.746711 0.004885
vt 0.746823 0.995112
vt 0.749611 0.004885
vt 0.749723 0.995112
vt 0.752512 0.004884
vt 0.752623 0.995112
vt 0.755412 0.004884
vt 0.755523 0.995111
vt 0.758312 0.004884
vt 0.758423 0.995111
vt 0.761212 0.004883
vt 0.761323 0.995111
vt 0.764112 0.004883
vt 0.764223 0.995110
vt 0.472697 0.803844
vt 0.465841 0.824945
vt 0.402658 0.792751
vt 0.472697 0.781658
vt 0.465841 0.760558
vt 0.452800 0.742609
vt 0.434851 0.729568
vt 0.413751 0.722712
vt 0.391565 0.722712
vt 0.370465 0.729568
vt 0.352516 0.742609
vt 0.339475 0.760558
vt 0.332619 0.781658
vt 0.332619 0.803844
vt 0.339475 0.824945
vt 0.352516 0.842894
vt 0.370465 0.855934
vt 0.391565 0.862790
vt 0.413751 0.862790
vt 0.434851 0.855934
vt 0.452800 0.842894
vt 0.452800 0.842894
vt 0.434851 0.855934
vt 0.402658 0.792751
vt 0.413751 0.862790
vt 0.391565 0.862790
vt 0.370465 0.855935
vt 0.352516 0.842894
vt 0.339475 0.824945
vt 0.332619 0.803845
vt 0.332619 0.781658
vt 0.339475 0.760558
vt 0.352516 0.742609
vt 0.370465 0.729568
vt 0.391565 0.722712
vt 0.413751 0.722712
vt 0.434851 0.729568
vt 0.452800 0.742609
vt 0.465841 0.760558
vt 0.472697 0.781658
vt 0.472697 0.803844
vt 0.465841 0.824945
vt 0.706136 0.004888
vt 0.709036 0.004888
vt 0.709096 0.995115
vt 0.706196 0.995115
vt 0.711936 0.004888
vt 0.711996 0.995115
vt 0.714836 0.004888
vt 0.714896 0.995115
vt 0.717736 0.004887
vt 0.717796 0.995115
vt 0.720636 0.004887
vt 0.720696 0.995114
vt 0.723536 0.004887
vt 0.723596 0.995114
vt 0.726436 0.004887
vt 0.726496 0.995114
vt 0.729337 0.004887
vt 0.729397 0.995114
vt 0.732237 0.004887
vt 0.732297 0.995114
vt 0.735137 0.004886
vt 0.735197 0.995113
vt 0.738037 0.004886
vt 0.738097 0.995113
vt 0.740937 0.004886
vt 0.740997 0.995113
vt 0.743837 0.004886
vt 0.743897 0.995113
vt 0.746737 0.004886
vt 0.746797 0.995113
vt 0.749637 0.004886
vt 0.749697 0.995113
vt 0.752537 0.004885
vt 0.752597 0.995112
vt 0.755438 0.004885
vt 0.755497 0.995112
vt 0.758338 0.004885
vt 0.758398 0.995112
vt 0.761238 0.004885
vt 0.761298 0.995112
vt 0.764138 0.004885
vt 0.764198 0.995112
vt 0.472697 0.803844
vt 0.465841 0.824945
vt 0.402658 0.792751
vt 0.472697 0.781658
vt 0.465841 0.760558
vt 0.452800 0.742609
vt 0.434851 0.729568
vt 0.413751 0.722712
vt 0.391565 0.722712
vt 0.370465 0.729568
vt 0.352516 0.742609
vt 0.339475 0.760558
vt 0.332619 0.781658
vt 0.332619 0.803844
vt 0.339475 0.824945
vt 0.352516 0.842894
vt 0.370465 0.855934
vt 0.391565 0.862790
vt 0.413751 0.862790
vt 0.434851 0.855934
vt 0.452800 0.842894
vt 0.452800 0.842894
vt 0.434851 0.855935
vt 0.402658 0.792751
vt 0.413751 0.862790
vt 0.391565 0.862790
vt 0.370464 0.855934
vt 0.352515 0.842894
vt 0.339475 0.824944
vt 0.332619 0.803844
vt 0.332619 0.781658
vt 0.339475 0.760558
vt 0.352516 0.742609
vt 0.370465 0.729568
vt 0.391565 0.722713
vt 0.413751 0.722712
vt 0.434852 0.729568
vt 0.452801 0.742609
vt 0.465841 0.760558
vt 0.472697 0.781658
vt 0.472697 0.803845
vt 0.465841 0.824945
vn 0.000000 0.000000 1.000000
vn 0.000000 0.000000 1.000000
vn 0.000000 0.000000 1.000000
vn 0.000000 0.000000 1.000000
vn 0.000000 1.000000 0.000000
vn 0.000000 1.000000 0.000000
vn 0.000000 1.000000 0.000000
vn 0.000000 1.000000 0.000000
vn 0.000000 0.000000 -1.000000
vn 0.000000 0.000000 -1.000000
vn 0.000000 0.000000 -1.000000
vn 0.000000 0.000000 -1.000000
vn 0.000000 -1.000000 0.000000
vn 0.000000 -1.000000 0.000000
vn 0.000000 -1.000000 0.000000
vn 0.000000 -1.000000 0.000000
vn 1.000000 0.000000 0.000000
vn 1.000000 0.000000 0.000000
vn 1.000000 0.000000 0.000000
vn 1.000000 0.000000 0.000000
vn -1.000000 0.000000 0.000000
vn -1.000000 0.000000 0.000000
vn -1.000000 0.000000 0.000000
vn -1.000000 0.000000 0.000000
vn 0.957227 0.000000 -0.289337
vn 0.828494 0.000000 -0.559997
vn 0.825628 0.013512 -0.564053
vn 0.953811 0.011005 -0.300205
vn 0.615501 0.000000 -0.788136
vn 0.618434 0.014076 -0.785711
vn 0.329724 0.000000 -0.944077
vn 0.340848 0.012423 -0.940036
vn -0.000000 0.000000 -1.000000
vn 0.015580 0.008996 -0.999838
vn -0.329725 0.000000 -0.944077
vn -0.317354 0.004960 -0.948294
vn -0.615501 0.000000 -0.788136
vn -0.611119 0.001739 -0.791537
vn -0.828496 0.000000 -0.559995
vn -0.830410 0.000298 -0.557153
vn -0.957226 0.000000 -0.289340
vn -0.960160 0.000738 -0.279451
vn -1.000000 0.000000 0.000000
vn -0.999912 0.002445 0.013025
vn -0.957226 0.000000 0.289341
vn -0.953991 0.004465 0.299801
vn -0.828498 0.000000 0.559992
vn -0.828498 0.000000 0.559992
vn -0.615501 0.000000 0.788136
vn -0.615501 0.000000 0.788136
vn -0.329722 0.000000 0.944078
vn -0.340656 0.004599 0.940177
vn -0.000000 0.000000 1.000000
vn -0.015089 0.002319 0.999883
vn 0.329721 0.000000 0.944078
vn 0.318019 0.000207 0.948084
vn 0.615501 0.000000 0.788136
vn 0.611762 -0.000568 0.791042
vn 0.828496 0.000000 0.559994
vn 0.830862 0.000598 0.556478
vn 0.957227 0.000000 0.289338
vn 0.960359 0.003500 0.278746
vn 1.000000 0.000000 0.000000
vn 0.999880 0.007324 -0.013625
vn 0.000000 -1.000000 0.000000
vn 0.000000 -1.000000 0.000000
vn 0.000000 -1.000000 0.000000
vn 0.000000 -1.000000 0.000000
vn 0.000000 -1.000000 0.000000
vn 0.000000 -1.000000 0.000000
vn 0.000000 -1.000000 0.000000
vn 0.000000 -1.000000 0.000000
vn 0.000000 -1.000000 0.000000
vn 0.000000 -1.000000 0.000000
vn 0.000000 -1.000000 0.000000
vn 0.000000 -1.000000 0.000000
vn 0.000000 -1.000000 0.000000
vn 0.000000 -1.000000 0.000000
vn 0.000000 -1.000000 0.000000
vn 0.000000 -1.000000 0.000000
vn 0.000000 -1.000000 0.000000
vn 0.000000 -1.000000 0.000000
vn 0.000000 -1.000000 0.000000
vn 0.000000 -1.000000 0.000000
vn 0.000000 -1.000000 0.000000
vn 0.822415 0.001760 -0.568886
vn 0.950336 -0.000642 -0.311225
vn 0.822527 -0.033514 -0.567738
vn 0.951722 -0.036439 -0.304791
vn 0.816218 -0.096336 -0.569656
vn 0.948047 -0.112941 -0.297408
vn 0.751467 -0.318716 -0.577683
vn 0.876809 -0.373696 -0.302586
vn 0.638447 -0.509372 -0.576997
vn 0.743535 -0.596491 -0.302248
vn 0.242691 -0.767658 -0.593130
vn 0.274894 -0.909324 -0.312351
vn 0.040173 -0.805417 -0.591345
vn 0.044320 -0.948760 -0.312875
vn 0.010767 -0.806281 -0.591435
vn 0.012295 -0.949490 -0.313556
vn 0.004049 -0.805920 -0.592010
vn 0.004760 -0.949417 -0.313983
vn -0.000000 -0.805891 -0.592063
vn 0.000000 -0.949411 -0.314037
vn 0.620032 0.004693 -0.784562
vn 0.614763 -0.025382 -0.788304
vn 0.600092 -0.069224 -0.796930
vn 0.547902 -0.230363 -0.804200
vn 0.467122 -0.369458 -0.803304
vn 0.183432 -0.544795 -0.818261
vn 0.032131 -0.581179 -0.813141
vn 0.008366 -0.583955 -0.811743
vn 0.002940 -0.583448 -0.812145
vn -0.000000 -0.583444 -0.812153
vn 0.349284 0.007945 -0.936983
vn 0.336809 -0.012205 -0.941494
vn 0.312839 -0.033291 -0.949223
vn 0.280408 -0.115752 -0.952876
vn 0.240900 -0.188102 -0.952148
vn 0.096257 -0.264864 -0.959470
vn 0.019361 -0.297454 -0.954540
vn 0.005295 -0.304098 -0.952626
vn 0.001536 -0.303784 -0.952740
vn -0.000000 -0.303881 -0.952710
vn 0.027640 0.011191 -0.999555
vn 0.011216 0.004419 -0.999927
vn -0.015137 0.007626 -0.999856
vn -0.022120 0.012020 -0.999683
vn -0.016384 0.014266 -0.999764
vn -0.011724 0.037923 -0.999212
vn 0.002066 0.016386 -0.999864
vn 0.001830 0.005778 -0.999982
vn -0.000032 0.005633 -0.999984
vn -0.000000 0.005398 -0.999986
vn -0.308412 0.013998 -0.951150
vn -0.321777 0.021414 -0.946573
vn -0.339931 0.048038 -0.939223
vn -0.320474 0.136236 -0.937409
vn -0.271779 0.211671 -0.938792
vn -0.127002 0.328208 -0.936029
vn -0.018142 0.327076 -0.944824
vn -0.001695 0.315050 -0.949073
vn -0.001612 0.314481 -0.949262
vn -0.000000 0.314152 -0.949373
vn -0.609434 0.015986 -0.792676
vn -0.614890 0.035306 -0.787823
vn -0.619352 0.082718 -0.780744
vn -0.577727 0.241980 -0.779536
vn -0.493551 0.380617 -0.782009
vn -0.234101 0.577203 -0.782326
vn -0.038506 0.602757 -0.796995
vn -0.004921 0.593154 -0.805074
vn -0.003047 0.592460 -0.805594
vn -0.000000 0.592149 -0.805828
vn -0.833897 0.016995 -0.551659
vn -0.832723 0.043817 -0.551954
vn -0.826573 0.108374 -0.552296
vn -0.769765 0.320106 -0.552263
vn -0.660196 0.506188 -0.554901
vn -0.319618 0.765386 -0.558595
vn -0.055865 0.817280 -0.573526
vn -0.007507 0.812818 -0.582470
vn -0.004190 0.812352 -0.583153
vn 0.000000 0.812163 -0.583430
vn -0.963488 0.017085 -0.267206
vn -0.960671 0.046560 -0.273757
vn -0.951176 0.123744 -0.282758
vn -0.886069 0.367055 -0.283114
vn -0.761631 0.582068 -0.284807
vn -0.374182 0.881410 -0.288278
vn -0.067456 0.952335 -0.297504
vn -0.009172 0.952853 -0.303295
vn -0.004923 0.952733 -0.303770
vn 0.000000 0.952685 -0.303959
vn -0.999485 0.016394 0.027577
vn -0.998842 0.044504 0.018257
vn -0.991678 0.128657 0.004813
vn -0.924054 0.382229 0.004914
vn -0.794831 0.606811 0.004897
vn -0.392497 0.919740 0.004971
vn -0.071436 0.997432 0.005133
vn -0.009734 0.999939 0.005241
vn -0.005171 0.999973 0.005255
vn -0.000000 0.999986 0.005264
vn -0.950308 0.015031 0.310949
vn -0.951904 0.039106 0.303890
vn -0.948426 0.123165 0.292095
vn -0.883525 0.365714 0.292638
vn -0.759335 0.580356 0.294273
vn -0.372922 0.878768 0.297820
vn -0.067183 0.949235 0.307312
vn -0.009133 0.949621 0.313268
vn -0.004906 0.949491 0.313757
vn 0.000000 0.949440 0.313948
vn -0.822936 0.012116 0.568005
vn -0.823159 0.012114 0.567682
vn -0.822628 0.014214 0.568402
vn -0.823445 0.031707 0.566510
vn -0.821062 0.107228 0.560678
vn -0.764676 0.317438 0.560807
vn -0.655642 0.502770 0.563343
vn -0.317221 0.760210 0.566967
vn -0.055366 0.811305 0.581996
vn -0.007433 0.806656 0.590975
vn -0.004158 0.806179 0.591657
vn 0.000000 0.805986 0.591935
vn -0.621688 0.012303 0.783169
vn -0.621437 0.012301 0.783367
vn -0.621349 0.008223 0.783491
vn -0.616468 0.023264 0.787036
vn -0.611233 0.081048 0.787290
vn -0.570257 0.238055 0.786217
vn -0.486929 0.375607 0.788556
vn -0.230798 0.569765 0.788733
vn -0.037855 0.594389 0.803286
vn -0.004821 0.584653 0.811269
vn -0.003002 0.583960 0.811777
vn 0.000000 0.583645 0.812009
vn -0.351643 0.007417 0.936105
vn -0.339254 0.014306 0.940586
vn -0.329790 0.045970 0.942935
vn -0.311184 0.131324 0.941233
vn -0.263621 0.205414 0.942501
vn -0.123195 0.319027 0.939704
vn -0.017446 0.317081 0.948238
vn -0.001580 0.305039 0.952339
vn -0.001561 0.304481 0.952517
vn 0.000000 0.304155 0.952623
vn -0.030755 0.004083 0.999519
vn -0.014051 0.005041 0.999889
vn -0.004146 0.005383 0.999977
vn -0.012080 0.006642 0.999905
vn -0.007613 0.007430 0.999943
vn -0.007911 0.027813 0.999582
vn 0.002704 0.005754 0.999980
vn 0.001949 -0.004750 0.999987
vn 0.000021 -0.004877 0.999988
vn 0.000000 -0.005108 0.999987
vn 0.305254 0.000917 0.952271
vn 0.319298 -0.004403 0.947644
vn 0.323183 -0.035427 0.945673
vn 0.289844 -0.120911 0.949406
vn 0.249146 -0.194650 0.948703
vn 0.099573 -0.274808 0.956329
vn 0.019866 -0.307617 0.951303
vn 0.005406 -0.314117 0.949369
vn 0.001586 -0.313793 0.949490
vn 0.000000 -0.313884 0.949461
vn 0.607089 -0.001557 0.794633
vn 0.613512 -0.013757 0.789565
vn 0.608505 -0.070995 0.790368
vn 0.555552 -0.234649 0.797686
vn 0.473828 -0.374898 0.796831
vn 0.185875 -0.553341 0.811951
vn 0.032474 -0.589784 0.806908
vn 0.008459 -0.592465 0.805552
vn 0.002983 -0.591959 0.805963
vn 0.000000 -0.591950 0.805975
vn 0.832729 -0.002957 0.553673
vn 0.832551 -0.022496 0.553491
vn 0.821986 -0.097575 0.561087
vn 0.756697 -0.321718 0.569129
vn 0.643070 -0.513177 0.568428
vn 0.244192 -0.773806 0.584461
vn 0.040371 -0.811611 0.582801
vn 0.010834 -0.812451 0.582929
vn 0.004080 -0.812100 0.583504
vn 0.000000 -0.812069 0.583562
vn 0.963243 -0.003183 0.268614
vn 0.961139 -0.029855 0.274445
vn 0.950944 -0.113575 0.287760
vn 0.879425 -0.375226 0.292945
vn 0.745857 -0.598432 0.292535
vn 0.275555 -0.912499 0.302349
vn 0.044402 -0.951985 0.302909
vn 0.012330 -0.952723 0.303589
vn 0.004776 -0.952657 0.304010
vn 0.000000 -0.952652 0.304065
vn 0.999632 -0.002349 -0.027033
vn 0.999221 -0.034867 -0.018501
vn 0.992919 -0.118687 -0.004983
vn 0.919645 -0.392718 -0.004971
vn 0.779406 -0.626499 -0.005017
vn 0.284925 -0.958536 -0.005197
vn 0.045578 -0.998947 -0.005220
vn 0.012830 -0.999904 -0.005232
vn 0.005010 -0.999974 -0.005243
vn 0.000000 -0.999986 -0.005250
vn -0.957225 0.000000 -0.289344
vn -0.953809 0.011005 -0.300211
vn -0.825627 0.013512 -0.564055
vn -0.828493 0.000000 -0.560000
vn -0.618438 0.014075 -0.785707
vn -0.615507 0.000000 -0.788132
vn -0.340849 0.012422 -0.940036
vn -0.329726 0.000000 -0.944077
vn -0.015579 0.008996 -0.999838
vn 0.000000 0.000000 -1.000000
vn 0.317351 0.004960 -0.948295
vn 0.329722 0.000000 -0.944078
vn 0.611125 0.001739 -0.791532
vn 0.615510 0.000000 -0.788129
vn 0.830409 0.000297 -0.557154
vn 0.828496 0.000000 -0.559995
vn 0.960159 0.000738 -0.279455
vn 0.957223 0.000000 -0.289350
vn 0.999912 0.002444 0.013026
vn 1.000000 0.000000 -0.000000
vn 0.953989 0.004465 0.299807
vn 0.957223 0.000000 0.289351
vn 0.828498 0.000000 0.559992
vn 0.828498 0.000000 0.559992
vn 0.615510 0.000000 0.788129
vn 0.615510 0.000000 0.788129
vn 0.340653 0.004599 0.940178
vn 0.329719 0.000000 0.944079
vn 0.015089 0.002319 0.999883
vn 0.000000 0.000000 1.000000
vn -0.318021 0.000207 0.948084
vn -0.329723 0.000000 0.944078
vn -0.611765 -0.000569 0.791039
vn -0.615507 0.000000 0.788132
vn -0.830862 0.000598 0.556479
vn -0.828495 0.000000 0.559997
vn -0.960357 0.003501 0.278752
vn -0.957225 0.000000 0.289344
vn -0.999880 0.007324 -0.013622
vn -1.000000 0.000000 -0.000000
vn 0.000000 -1.000000 0.000000
vn 0.000000 -1.000000 0.000000
vn 0.000000 -1.000000 0.000000
vn 0.000000 -1.000000 0.000000
vn 0.000000 -1.000000 0.000000
vn 0.000000 -1.000000 0.000000
vn 0.000000 -1.000000 0.000000
vn 0.000000 -1.000000 0.000000
vn 0.000000 -1.000000 0.000000
vn 0.000000 -1.000000 0.000000
vn 0.000000 -1.000000 0.000000
vn 0.000000 -1.000000 0.000000
vn 0.000000 -1.000000 0.000000
vn 0.000000 -1.000000 0.000000
vn 0.000000 -1.000000 0.000000
vn 0.000000 -1.000000 0.000000
vn 0.000000 -1.000000 0.000000
vn 0.000000 -1.000000 0.000000
vn 0.000000 -1.000000 0.000000
vn 0.000000 -1.000000 0.000000
vn 0.000000 -1.000000 0.000000
vn -0.950335 -0.000642 -0.311228
vn -0.822414 0.001760 -0.568887
vn -0.951722 -0.036439 -0.304791
vn -0.822525 -0.033514 -0.567740
vn -0.948047 -0.112941 -0.297407
vn -0.816219 -0.096336 -0.569654
vn -0.876811 -0.373694 -0.302582
vn -0.751471 -0.318718 -0.577676
vn -0.743536 -0.596491 -0.302245
vn -0.638450 -0.509373 -0.576993
vn -0.274893 -0.909325 -0.312349
vn -0.242688 -0.767658 -0.593130
vn -0.044319 -0.948759 -0.312878
vn -0.040173 -0.805416 -0.591346
vn -0.012295 -0.949489 -0.313559
vn -0.010767 -0.806280 -0.591436
vn -0.004760 -0.949416 -0.313985
vn -0.004049 -0.805920 -0.592011
vn -0.620034 0.004693 -0.784561
vn -0.614763 -0.025382 -0.788304
vn -0.600094 -0.069224 -0.796929
vn -0.547905 -0.230362 -0.804198
vn -0.467122 -0.369458 -0.803304
vn -0.183433 -0.544795 -0.818261
vn -0.032131 -0.581180 -0.813140
vn -0.008367 -0.583956 -0.811742
vn -0.002940 -0.583449 -0.812145
vn -0.349285 0.007945 -0.936983
vn -0.336809 -0.012204 -0.941494
vn -0.312838 -0.033291 -0.949223
vn -0.280408 -0.115752 -0.952876
vn -0.240900 -0.188102 -0.952148
vn -0.096256 -0.264864 -0.959470
vn -0.019361 -0.297455 -0.954540
vn -0.005295 -0.304098 -0.952626
vn -0.001536 -0.303784 -0.952740
vn -0.027640 0.011191 -0.999555
vn -0.011216 0.004419 -0.999927
vn 0.015137 0.007626 -0.999856
vn 0.022120 0.012020 -0.999683
vn 0.016385 0.014266 -0.999764
vn 0.011726 0.037922 -0.999212
vn -0.002065 0.016386 -0.999864
vn -0.001830 0.005777 -0.999982
vn 0.000032 0.005633 -0.999984
vn 0.308412 0.013999 -0.951150
vn 0.321779 0.021415 -0.946572
vn 0.339933 0.048038 -0.939222
vn 0.320477 0.136237 -0.937408
vn 0.271781 0.211672 -0.938792
vn 0.127003 0.328207 -0.936029
vn 0.018142 0.327076 -0.944824
vn 0.001695 0.315051 -0.949073
vn 0.001612 0.314482 -0.949262
vn 0.609435 0.015986 -0.792675
vn 0.614887 0.035306 -0.787824
vn 0.619350 0.082717 -0.780745
vn 0.577726 0.241981 -0.779537
vn 0.493552 0.380620 -0.782007
vn 0.234101 0.577204 -0.782325
vn 0.038506 0.602757 -0.796995
vn 0.004921 0.593154 -0.805074
vn 0.003047 0.592461 -0.805594
vn 0.833893 0.016995 -0.551664
vn 0.832718 0.043817 -0.551961
vn 0.826570 0.108374 -0.552302
vn 0.769762 0.320105 -0.552268
vn 0.660194 0.506186 -0.554905
vn 0.319619 0.765388 -0.558592
vn 0.055865 0.817282 -0.573524
vn 0.007506 0.812815 -0.582473
vn 0.004190 0.812349 -0.583156
vn 0.963490 0.017085 -0.267200
vn 0.960673 0.046560 -0.273751
vn 0.951176 0.123743 -0.282757
vn 0.886069 0.367055 -0.283111
vn 0.761632 0.582069 -0.284802
vn 0.374180 0.881410 -0.288279
vn 0.067456 0.952335 -0.297502
vn 0.009172 0.952852 -0.303296
vn 0.004923 0.952732 -0.303772
vn 0.999485 0.016393 0.027579
vn 0.998842 0.044504 0.018261
vn 0.991677 0.128657 0.004818
vn 0.924054 0.382230 0.004915
vn 0.794831 0.606811 0.004894
vn 0.392500 0.919739 0.004969
vn 0.071435 0.997432 0.005133
vn 0.009734 0.999939 0.005243
vn 0.005171 0.999973 0.005258
vn 0.950308 0.015031 0.310949
vn 0.951904 0.039106 0.303892
vn 0.948424 0.123165 0.292100
vn 0.883525 0.365714 0.292637
vn 0.759337 0.580357 0.294266
vn 0.372921 0.878768 0.297820
vn 0.067183 0.949235 0.307310
vn 0.009133 0.949621 0.313268
vn 0.004906 0.949490 0.313759
vn 0.823157 0.012114 0.567685
vn 0.822934 0.012116 0.568007
vn 0.823447 0.031707 0.566506
vn 0.822628 0.014215 0.568402
vn 0.821065 0.107228 0.560674
vn 0.764676 0.317438 0.560807
vn 0.655642 0.502769 0.563344
vn 0.317221 0.760210 0.566967
vn 0.055366 0.811306 0.581994
vn 0.007433 0.806656 0.590974
vn 0.004158 0.806179 0.591657
vn 0.621442 0.012302 0.783364
vn 0.621692 0.012303 0.783165
vn 0.616471 0.023264 0.787034
vn 0.621351 0.008223 0.783489
vn 0.611237 0.081048 0.787287
vn 0.570259 0.238055 0.786216
vn 0.486929 0.375605 0.788556
vn 0.230797 0.569764 0.788734
vn 0.037855 0.594388 0.803287
vn 0.004821 0.584653 0.811269
vn 0.003002 0.583960 0.811777
vn 0.351641 0.007417 0.936105
vn 0.339252 0.014305 0.940587
vn 0.329787 0.045970 0.942935
vn 0.311184 0.131323 0.941232
vn 0.263623 0.205414 0.942501
vn 0.123195 0.319028 0.939704
vn 0.017447 0.317080 0.948238
vn 0.001580 0.305038 0.952339
vn 0.001561 0.304480 0.952518
vn 0.030755 0.004083 0.999519
vn 0.014051 0.005041 0.999889
vn 0.004146 0.005383 0.999977
vn 0.012081 0.006642 0.999905
vn 0.007613 0.007430 0.999943
vn 0.007910 0.027813 0.999582
vn -0.002704 0.005754 0.999980
vn -0.001949 -0.004750 0.999987
vn -0.000021 -0.004877 0.999988
vn -0.305255 0.000917 0.952270
vn -0.319298 -0.004403 0.947644
vn -0.323182 -0.035427 0.945673
vn -0.289843 -0.120910 0.949406
vn -0.249147 -0.194650 0.948703
vn -0.099573 -0.274809 0.956329
vn -0.019867 -0.307618 0.951303
vn -0.005406 -0.314118 0.949368
vn -0.001586 -0.313794 0.949490
vn -0.607089 -0.001557 0.794632
vn -0.613516 -0.013757 0.789563
vn -0.608509 -0.070995 0.790365
vn -0.555551 -0.234648 0.797686
vn -0.473827 -0.374895 0.796832
vn -0.185877 -0.553344 0.811948
vn -0.032474 -0.589786 0.806906
vn -0.008459 -0.592464 0.805553
vn -0.002983 -0.591958 0.805963
vn -0.832730 -0.002957 0.553671
vn -0.832552 -0.022496 0.553490
vn -0.821986 -0.097574 0.561086
vn -0.756696 -0.321717 0.569131
vn -0.643068 -0.513175 0.568432
vn -0.244190 -0.773805 0.584463
vn -0.040371 -0.811612 0.582800
vn -0.010834 -0.812451 0.582928
vn -0.004080 -0.812100 0.583504
vn -0.963241 -0.003183 0.268619
vn -0.961137 -0.029855 0.274452
vn -0.950942 -0.113574 0.287767
vn -0.879424 -0.375226 0.292948
vn -0.745857 -0.598431 0.292537
vn -0.275555 -0.912499 0.302348
vn -0.044402 -0.951985 0.302908
vn -0.012330 -0.952724 0.303586
vn -0.004776 -0.952658 0.304008
vn -0.999632 -0.002349 -0.027028
vn -0.999221 -0.034867 -0.018500
vn -0.992919 -0.118687 -0.004987
vn -0.919645 -0.392718 -0.004977
vn -0.779405 -0.626500 -0.005020
vn -0.284926 -0.958536 -0.005196
vn -0.045578 -0.998947 -0.005222
vn -0.012830 -0.999904 -0.005232
vn -0.005010 -0.999974 -0.005241
vn 0.000000 -0.951057 -0.309017
vn 0.000000 -0.809016 -0.587787
vn 0.000000 -0.809016 -0.587787
vn 0.000000 -0.951057 -0.309017
vn 0.000000 -0.587786 -0.809017
vn 0.000000 -0.587786 -0.809017
vn 0.000000 -0.309019 -0.951056
vn 0.000000 -0.309019 -0.951056
vn 0.000000 0.000000 -1.000000
vn 0.000000 0.000000 -1.000000
vn 0.000000 0.309019 -0.951056
vn 0.000000 0.309019 -0.951056
vn 0.000000 0.587786 -0.809017
vn 0.000000 0.587786 -0.809017
vn 0.000000 0.809017 -0.587785
vn 0.000000 0.809017 -0.587785
vn 0.000000 0.951057 -0.309017
vn 0.000000 0.951057 -0.309017
vn 0.000000 1.000000 0.000000
vn 0.000000 1.000000 0.000000
vn 0.000000 0.951057 0.309017
vn 0.000000 0.951057 0.309017
vn 0.000000 0.809017 0.587785
vn 0.000000 0.809017 0.587785
vn 0.000000 0.587786 0.809017
vn 0.000000 0.587786 0.809017
vn 0.000000 0.309019 0.951056
vn 0.000000 0.309019 0.951056
vn 0.000000 0.000000 1.000000
vn 0.000000 0.000000 1.000000
vn 0.000000 -0.309019 0.951056
vn 0.000000 -0.309019 0.951056
vn 0.000000 -0.587786 0.809017
vn 0.000000 -0.587786 0.809017
vn 0.000000 -0.809016 0.587787
vn 0.000000 -0.809016 0.587787
vn 0.000000 -0.951057 0.309017
vn 0.000000 -0.951057 0.309017
vn 0.000000 -1.000000 0.000000
vn 0.000000 -1.000000 0.000000
vn -1.000000 -0.000001 0.000000
vn -1.000000 -0.000001 0.000000
vn -1.000000 -0.000000 0.000000
vn -1.000000 0.000000 0.000000
vn -1.000000 0.000001 0.000000
vn -1.000000 0.000000 0.000000
vn -1.000000 -0.000001 0.000000
vn -1.000000 0.000000 0.000000
vn -1.000000 0.000001 0.000000
vn -1.000000 0.000001 0.000000
vn -1.000000 0.000000 0.000000
vn -1.000000 0.000001 0.000000
vn -1.000000 0.000001 0.000000
vn -1.000000 0.000000 0.000000
vn -1.000000 -0.000001 0.000000
vn -1.000000 0.000000 0.000000
vn -1.000000 0.000001 0.000000
vn -1.000000 0.000000 0.000000
vn -1.000000 -0.000001 0.000000
vn -1.000000 -0.000001 0.000000
vn -1.000000 0.000000 0.000000
vn 1.000000 0.000009 0.000000
vn 1.000000 0.000009 0.000000
vn 1.000000 -0.000000 0.000000
vn 1.000000 -0.000018 0.000000
vn 1.000000 0.000018 0.000000
vn 1.000000 0.000000 0.000000
vn 1.000000 -0.000000 0.000000
vn 1.000000 0.000035 0.000000
vn 1.000000 0.000000 0.000000
vn 1.000000 0.000000 0.000000
vn 1.000000 0.000000 0.000000
vn 1.000000 -0.000009 0.000000
vn 1.000000 -0.000009 0.000000
vn 1.000000 0.000018 0.000000
vn 1.000000 -0.000018 0.000000
vn 1.000000 0.000000 0.000000
vn 1.000000 0.000000 0.000000
vn 1.000000 -0.000035 0.000000
vn 1.000000 0.000000 0.000000
vn 1.000000 0.000000 0.000000
vn 1.000000 0.000000 0.000000
vn 0.000000 -0.951057 -0.309014
vn 0.000000 -0.809017 -0.587785
vn 0.000000 -0.809017 -0.587785
vn 0.000000 -0.951057 -0.309014
vn 0.000000 -0.587785 -0.809018
vn 0.000000 -0.587785 -0.809018
vn 0.000000 -0.309019 -0.951056
vn 0.000000 -0.309019 -0.951056
vn 0.000000 0.000000 -1.000000
vn 0.000000 0.000000 -1.000000
vn 0.000000 0.309020 -0.951055
vn 0.000000 0.309020 -0.951055
vn 0.000000 0.587790 -0.809014
vn 0.000000 0.587790 -0.809014
vn 0.000000 0.809017 -0.587785
vn 0.000000 0.809017 -0.587785
vn 0.000000 0.951056 -0.309019
vn 0.000000 0.951056 -0.309019
vn 0.000000 1.000000 0.000000
vn 0.000000 1.000000 0.000000
vn 0.000000 0.951056 0.309019
vn 0.000000 0.951056 0.309019
vn 0.000000 0.809017 0.587785
vn 0.000000 0.809017 0.587785
vn 0.000000 0.587790 0.809014
vn 0.000000 0.587790 0.809014
vn 0.000000 0.309020 0.951055
vn 0.000000 0.309020 0.951055
vn 0.000000 0.000000 1.000000
vn 0.000000 0.000000 1.000000
vn 0.000000 -0.309019 0.951056
vn 0.000000 -0.309019 0.951056
vn 0.000000 -0.587787 0.809016
vn 0.000000 -0.587787 0.809016
vn 0.000000 -0.809017 0.587785
vn 0.000000 -0.809017 0.587785
vn 0.000000 -0.951056 0.309019
vn 0.000000 -0.951056 0.309019
vn 0.000000 -1.000000 0.000000
vn 0.000000 -1.000000 0.000000
vn -1.000000 -0.000001 0.000000
vn -1.000000 -0.000001 0.000000
vn -1.000000 -0.000000 0.000000
vn -1.000000 0.000000 0.000000
vn -1.000000 0.000001 0.000000
vn -1.000000 0.000000 0.000000
vn -1.000000 -0.000001 0.000000
vn -1.000000 0.000000 0.000000
vn -1.000000 0.000001 0.000000
vn -1.000000 0.000001 0.000000
vn -1.000000 0.000000 0.000000
vn -1.000000 0.000001 0.000000
vn -1.000000 0.000001 0.000000
vn -1.000000 0.000000 0.000000
vn -1.000000 -0.000001 0.000000
vn -1.000000 0.000000 0.000000
vn -1.000000 0.000001 0.000000
vn -1.000000 0.000000 0.000000
vn -1.000000 -0.000001 0.000000
vn -1.000000 -0.000001 0.000000
vn -1.000000 0.000000 0.000000
vn 1.000000 0.000009 0.000000
vn 1.000000 0.000009 0.000000
vn 1.000000 0.000000 0.000000
vn 1.000000 -0.000018 0.000000
vn 1.000000 0.000018 0.000000
vn 1.000000 0.000000 0.000000
vn 1.000000 -0.000000 0.000000
vn 1.000000 0.000035 0.000000
vn 1.000000 0.000000 0.000000
vn 1.000000 0.000000 0.000000
vn 1.000000 0.000000 0.000000
vn 1.000000 -0.000009 0.000000
vn 1.000000 -0.000009 0.000000
vn 1.000000 0.000018 0.000000
vn 1.000000 -0.000018 0.000000
vn 1.000000 0.000000 0.000000
vn 1.000000 0.000000 0.000000
vn 1.000000 -0.000035 0.000000
vn 1.000000 0.000000 0.000000
vn 1.000000 0.000000 0.000000
vn 1.000000 0.000000 0.000000
vn 0.957227 0.000000 -0.289337
vn 0.828495 0.000000 -0.559996
vn 0.825628 0.013512 -0.564053
vn 0.953811 0.011005 -0.300205
vn 0.615501 0.000000 -0.788136
vn 0.618435 0.014076 -0.785710
vn 0.329721 0.000000 -0.944078
vn 0.340846 0.012423 -0.940037
vn -0.000000 0.000000 -1.000000
vn 0.015576 0.008996 -0.999838
vn -0.329722 0.000000 -0.944078
vn -0.317351 0.004960 -0.948295
vn -0.615501 0.000000 -0.788136
vn -0.611119 0.001739 -0.791537
vn -0.828497 0.000000 -0.559993
vn -0.830410 0.000298 -0.557152
vn -0.957226 0.000000 -0.289340
vn -0.960160 0.000738 -0.279451
vn -1.000000 0.000000 0.000000
vn -0.999912 0.002445 0.013025
vn -0.957226 0.000000 0.289341
vn -0.953991 0.004465 0.299801
vn -0.828498 0.000000 0.559992
vn -0.828498 0.000000 0.559992
vn -0.615501 0.000000 0.788136
vn -0.615501 0.000000 0.788136
vn -0.329722 0.000000 0.944078
vn -0.340659 0.004599 0.940176
vn -0.000000 0.000000 1.000000
vn -0.015091 0.002319 0.999883
vn 0.329721 0.000000 0.944078
vn 0.318022 0.000207 0.948083
vn 0.615501 0.000000 0.788136
vn 0.611763 -0.000568 0.791041
vn 0.828496 0.000000 0.559994
vn 0.830862 0.000598 0.556479
vn 0.957227 0.000000 0.289338
vn 0.960358 0.003500 0.278747
vn 1.000000 0.000000 0.000000
vn 0.999880 0.007324 -0.013625
vn 0.000000 -1.000000 0.000000
vn 0.000000 -1.000000 0.000000
vn 0.000000 -1.000000 0.000000
vn 0.000000 -1.000000 0.000000
vn 0.000000 -1.000000 0.000000
vn 0.000000 -1.000000 0.000000
vn 0.000000 -1.000000 0.000000
vn 0.000000 -1.000000 0.000000
vn 0.000000 -1.000000 0.000000
vn 0.000000 -1.000000 0.000000
vn 0.000000 -1.000000 0.000000
vn 0.000000 -1.000000 0.000000
vn 0.000000 -1.000000 0.000000
vn 0.000000 -1.000000 0.000000
vn 0.000000 -1.000000 0.000000
vn 0.000000 -1.000000 0.000000
vn 0.000000 -1.000000 0.000000
vn 0.000000 -1.000000 0.000000
vn 0.000000 -1.000000 0.000000
vn 0.000000 -1.000000 0.000000
vn 0.000000 -1.000000 0.000000
vn 0.822414 0.001760 -0.568886
vn 0.950337 -0.000642 -0.311224
vn 0.822528 -0.033514 -0.567736
vn 0.951722 -0.036439 -0.304791
vn 0.816218 -0.096336 -0.569655
vn 0.948047 -0.112942 -0.297409
vn 0.751466 -0.318717 -0.577684
vn 0.876808 -0.373696 -0.302586
vn 0.638445 -0.509372 -0.576998
vn 0.743535 -0.596491 -0.302249
vn 0.242690 -0.767658 -0.593129
vn 0.274894 -0.909324 -0.312352
vn 0.040173 -0.805417 -0.591345
vn 0.044320 -0.948759 -0.312876
vn 0.010767 -0.806281 -0.591435
vn 0.012295 -0.949490 -0.313556
vn 0.004049 -0.805920 -0.592010
vn 0.004760 -0.949417 -0.313983
vn -0.000000 -0.805891 -0.592063
vn -0.000000 -0.949411 -0.314037
vn 0.620035 0.004693 -0.784560
vn 0.614764 -0.025382 -0.788303
vn 0.600094 -0.069224 -0.796929
vn 0.547904 -0.230363 -0.804198
vn 0.467120 -0.369460 -0.803305
vn 0.183431 -0.544797 -0.818260
vn 0.032131 -0.581181 -0.813140
vn 0.008367 -0.583955 -0.811743
vn 0.002940 -0.583448 -0.812145
vn -0.000000 -0.583444 -0.812153
vn 0.349286 0.007945 -0.936983
vn 0.336813 -0.012204 -0.941492
vn 0.312841 -0.033291 -0.949222
vn 0.280405 -0.115752 -0.952877
vn 0.240897 -0.188102 -0.952148
vn 0.096256 -0.264864 -0.959470
vn 0.019361 -0.297454 -0.954540
vn 0.005295 -0.304098 -0.952626
vn 0.001536 -0.303784 -0.952740
vn -0.000000 -0.303881 -0.952710
vn 0.027636 0.011191 -0.999556
vn 0.011214 0.004419 -0.999927
vn -0.015138 0.007626 -0.999856
vn -0.022118 0.012020 -0.999683
vn -0.016384 0.014266 -0.999764
vn -0.011726 0.037923 -0.999212
vn 0.002066 0.016386 -0.999864
vn 0.001830 0.005778 -0.999982
vn -0.000032 0.005633 -0.999984
vn -0.000000 0.005398 -0.999986
vn -0.308416 0.013998 -0.951149
vn -0.321785 0.021414 -0.946571
vn -0.339930 0.048038 -0.939223
vn -0.320472 0.136236 -0.937410
vn -0.271780 0.211671 -0.938792
vn -0.127002 0.328208 -0.936029
vn -0.018142 0.327076 -0.944824
vn -0.001695 0.315050 -0.949073
vn -0.001612 0.314481 -0.949262
vn -0.000000 0.314152 -0.949373
vn -0.609435 0.015986 -0.792675
vn -0.614890 0.035306 -0.787822
vn -0.619353 0.082718 -0.780743
vn -0.577730 0.241979 -0.779534
vn -0.493552 0.380616 -0.782008
vn -0.234102 0.577203 -0.782325
vn -0.038506 0.602757 -0.796995
vn -0.004921 0.593154 -0.805074
vn -0.003047 0.592460 -0.805594
vn -0.000000 0.592149 -0.805828
vn -0.833896 0.016995 -0.551660
vn -0.832721 0.043817 -0.551956
vn -0.826573 0.108374 -0.552297
vn -0.769764 0.320106 -0.552264
vn -0.660196 0.506188 -0.554901
vn -0.319621 0.765385 -0.558595
vn -0.055865 0.817280 -0.573526
vn -0.007506 0.812818 -0.582470
vn -0.004190 0.812352 -0.583153
vn -0.000000 0.812163 -0.583430
vn -0.963488 0.017085 -0.267207
vn -0.960671 0.046560 -0.273757
vn -0.951176 0.123744 -0.282758
vn -0.886068 0.367056 -0.283115
vn -0.761632 0.582067 -0.284806
vn -0.374182 0.881410 -0.288278
vn -0.067456 0.952335 -0.297504
vn -0.009172 0.952853 -0.303295
vn -0.004923 0.952733 -0.303770
vn -0.000000 0.952685 -0.303959
vn -0.999485 0.016394 0.027577
vn -0.998842 0.044504 0.018257
vn -0.991678 0.128657 0.004813
vn -0.924055 0.382229 0.004914
vn -0.794830 0.606812 0.004897
vn -0.392496 0.919740 0.004971
vn -0.071435 0.997432 0.005133
vn -0.009734 0.999939 0.005241
vn -0.005171 0.999973 0.005255
vn 0.000000 0.999986 0.005264
vn -0.950308 0.015031 0.310949
vn -0.951904 0.039107 0.303891
vn -0.948425 0.123166 0.292096
vn -0.883524 0.365715 0.292639
vn -0.759335 0.580357 0.294274
vn -0.372921 0.878768 0.297821
vn -0.067182 0.949235 0.307312
vn -0.009133 0.949621 0.313267
vn -0.004906 0.949491 0.313756
vn -0.000000 0.949441 0.313947
vn -0.822937 0.012116 0.568003
vn -0.823160 0.012114 0.567680
vn -0.822628 0.014215 0.568402
vn -0.823446 0.031707 0.566508
vn -0.821063 0.107228 0.560676
vn -0.764676 0.317438 0.560806
vn -0.655644 0.502770 0.563342
vn -0.317221 0.760210 0.566968
vn -0.055366 0.811305 0.581996
vn -0.007433 0.806656 0.590975
vn -0.004158 0.806179 0.591657
vn -0.000000 0.805986 0.591935
vn -0.621685 0.012303 0.783170
vn -0.621435 0.012302 0.783369
vn -0.621351 0.008223 0.783489
vn -0.616469 0.023264 0.787035
vn -0.611232 0.081048 0.787291
vn -0.570256 0.238056 0.786217
vn -0.486931 0.375607 0.788554
vn -0.230801 0.569768 0.788731
vn -0.037856 0.594389 0.803286
vn -0.004821 0.584651 0.811270
vn -0.003003 0.583957 0.811779
vn -0.000000 0.583642 0.812011
vn -0.351650 0.007417 0.936102
vn -0.339258 0.014305 0.940584
vn -0.329788 0.045970 0.942935
vn -0.311182 0.131323 0.941233
vn -0.263621 0.205414 0.942501
vn -0.123196 0.319027 0.939704
vn -0.017446 0.317081 0.948238
vn -0.001580 0.305039 0.952339
vn -0.001561 0.304481 0.952517
vn 0.000000 0.304155 0.952623
vn -0.030758 0.004083 0.999519
vn -0.014051 0.005041 0.999889
vn -0.004149 0.005383 0.999977
vn -0.012086 0.006642 0.999905
vn -0.007617 0.007430 0.999943
vn -0.007910 0.027813 0.999582
vn 0.002704 0.005754 0.999980
vn 0.001949 -0.004750 0.999987
vn 0.000021 -0.004877 0.999988
vn -0.000000 -0.005108 0.999987
vn 0.305263 0.000917 0.952268
vn 0.319308 -0.004403 0.947641
vn 0.323186 -0.035427 0.945672
vn 0.289837 -0.120911 0.949408
vn 0.249142 -0.194650 0.948704
vn 0.099575 -0.274808 0.956329
vn 0.019867 -0.307617 0.951303
vn 0.005406 -0.314117 0.949369
vn 0.001586 -0.313793 0.949490
vn -0.000000 -0.313884 0.949461
vn 0.607090 -0.001557 0.794632
vn 0.613511 -0.013757 0.789567
vn 0.608502 -0.070995 0.790370
vn 0.555552 -0.234649 0.797686
vn 0.473833 -0.374896 0.796828
vn 0.185876 -0.553341 0.811951
vn 0.032474 -0.589784 0.806908
vn 0.008459 -0.592465 0.805552
vn 0.002983 -0.591959 0.805963
vn -0.000000 -0.591950 0.805975
vn 0.832727 -0.002957 0.553676
vn 0.832550 -0.022496 0.553493
vn 0.821987 -0.097575 0.561086
vn 0.756697 -0.321718 0.569129
vn 0.643068 -0.513178 0.568429
vn 0.244190 -0.773806 0.584462
vn 0.040371 -0.811611 0.582801
vn 0.010833 -0.812451 0.582929
vn 0.004080 -0.812100 0.583504
vn 0.000000 -0.812069 0.583562
vn 0.963242 -0.003183 0.268615
vn 0.961139 -0.029855 0.274446
vn 0.950944 -0.113575 0.287760
vn 0.879425 -0.375227 0.292946
vn 0.745857 -0.598432 0.292535
vn 0.275556 -0.912499 0.302349
vn 0.044402 -0.951985 0.302909
vn 0.012330 -0.952723 0.303589
vn 0.004776 -0.952657 0.304010
vn 0.000000 -0.952652 0.304065
vn 0.999632 -0.002349 -0.027033
vn 0.999221 -0.034867 -0.018501
vn 0.992919 -0.118688 -0.004983
vn 0.919646 -0.392717 -0.004971
vn 0.779408 -0.626496 -0.005017
vn 0.284925 -0.958536 -0.005196
vn 0.045578 -0.998947 -0.005220
vn 0.012830 -0.999904 -0.005232
vn 0.005010 -0.999974 -0.005243
vn 0.000000 -0.999986 -0.005250
vn -0.957225 0.000000 -0.289344
vn -0.953809 0.011005 -0.300211
vn -0.825626 0.013512 -0.564055
vn -0.828494 0.000000 -0.559998
vn -0.618439 0.014075 -0.785707
vn -0.615507 0.000000 -0.788132
vn -0.340848 0.012422 -0.940036
vn -0.329723 0.000000 -0.944078
vn -0.015576 0.008996 -0.999838
vn 0.000000 0.000000 -1.000000
vn 0.317348 0.004960 -0.948296
vn 0.329719 0.000000 -0.944079
vn 0.611125 0.001739 -0.791532
vn 0.615510 0.000000 -0.788129
vn 0.830410 0.000297 -0.557154
vn 0.828497 0.000000 -0.559993
vn 0.960159 0.000738 -0.279455
vn 0.957223 0.000000 -0.289350
vn 0.999912 0.002445 0.013026
vn 1.000000 0.000000 -0.000000
vn 0.953989 0.004465 0.299807
vn 0.957223 0.000000 0.289351
vn 0.828498 0.000000 0.559992
vn 0.828498 0.000000 0.559992
vn 0.615510 0.000000 0.788129
vn 0.615510 0.000000 0.788129
vn 0.340656 0.004599 0.940177
vn 0.329719 0.000000 0.944079
vn 0.015091 0.002319 0.999883
vn 0.000000 0.000000 1.000000
vn -0.318024 0.000207 0.948083
vn -0.329723 0.000000 0.944078
vn -0.611766 -0.000569 0.791039
vn -0.615507 0.000000 0.788132
vn -0.830861 0.000598 0.556480
vn -0.828495 0.000000 0.559997
vn -0.960357 0.003501 0.278753
vn -0.957225 0.000000 0.289344
vn -0.999880 0.007324 -0.013622
vn -1.000000 0.000000 -0.000000
vn 0.000000 -1.000000 0.000000
vn 0.000000 -1.000000 0.000000
vn 0.000000 -1.000000 0.000000
vn 0.000000 -1.000000 0.000000
vn 0.000000 -1.000000 0.000000
vn 0.000000 -1.000000 0.000000
vn 0.000000 -1.000000 0.000000
vn 0.000000 -1.000000 0.000000
vn 0.000000 -1.000000 0.000000
vn 0.000000 -1.000000 0.000000
vn 0.000000 -1.000000 0.000000
vn 0.000000 -1.000000 0.000000
vn 0.000000 -1.000000 0.000000
vn 0.000000 -1.000000 0.000000
vn 0.000000 -1.000000 0.000000
vn 0.000000 -1.000000 0.000000
vn 0.000000 -1.000000 0.000000
vn 0.000000 -1.000000 0.000000
vn 0.000000 -1.000000 0.000000
vn 0.000000 -1.000000 0.000000
vn 0.000000 -1.000000 0.000000
vn -0.950336 -0.000642 -0.311226
vn -0.822413 0.001760 -0.568888
vn -0.951722 -0.036439 -0.304791
vn -0.822527 -0.033514 -0.567738
vn -0.948047 -0.112941 -0.297407
vn -0.816220 -0.096336 -0.569654
vn -0.876810 -0.373694 -0.302583
vn -0.751470 -0.318719 -0.577678
vn -0.743536 -0.596491 -0.302246
vn -0.638448 -0.509374 -0.576994
vn -0.274894 -0.909324 -0.312351
vn -0.242689 -0.767658 -0.593130
vn -0.044319 -0.948758 -0.312879
vn -0.040174 -0.805417 -0.591346
vn -0.012295 -0.949489 -0.313559
vn -0.010767 -0.806280 -0.591436
vn -0.004760 -0.949416 -0.313985
vn -0.004049 -0.805920 -0.592011
vn -0.620037 0.004693 -0.784559
vn -0.614764 -0.025382 -0.788303
vn -0.600096 -0.069224 -0.796927
vn -0.547906 -0.230362 -0.804197
vn -0.467120 -0.369460 -0.803305
vn -0.183434 -0.544797 -0.818259
vn -0.032132 -0.581182 -0.813139
vn -0.008367 -0.583956 -0.811742
vn -0.002940 -0.583449 -0.812145
vn -0.349286 0.007945 -0.936982
vn -0.336813 -0.012204 -0.941493
vn -0.312839 -0.033291 -0.949223
vn -0.280406 -0.115752 -0.952877
vn -0.240899 -0.188102 -0.952148
vn -0.096257 -0.264864 -0.959469
vn -0.019361 -0.297455 -0.954540
vn -0.005295 -0.304098 -0.952626
vn -0.001536 -0.303784 -0.952740
vn -0.027636 0.011191 -0.999555
vn -0.011214 0.004420 -0.999927
vn 0.015139 0.007626 -0.999856
vn 0.022118 0.012020 -0.999683
vn 0.016383 0.014266 -0.999764
vn 0.011725 0.037922 -0.999212
vn -0.002066 0.016386 -0.999864
vn -0.001830 0.005777 -0.999982
vn 0.000032 0.005633 -0.999984
vn 0.308416 0.013999 -0.951149
vn 0.321787 0.021415 -0.946570
vn 0.339933 0.048038 -0.939222
vn 0.320475 0.136236 -0.937409
vn 0.271782 0.211672 -0.938791
vn 0.127001 0.328207 -0.936029
vn 0.018143 0.327076 -0.944824
vn 0.001695 0.315051 -0.949073
vn 0.001612 0.314482 -0.949262
vn 0.609437 0.015986 -0.792674
vn 0.614888 0.035306 -0.787824
vn 0.619352 0.082717 -0.780744
vn 0.577731 0.241980 -0.779534
vn 0.493554 0.380619 -0.782006
vn 0.234101 0.577204 -0.782325
vn 0.038506 0.602757 -0.796995
vn 0.004921 0.593154 -0.805074
vn 0.003047 0.592461 -0.805594
vn 0.833892 0.016995 -0.551666
vn 0.832717 0.043817 -0.551963
vn 0.826570 0.108374 -0.552302
vn 0.769761 0.320105 -0.552268
vn 0.660194 0.506187 -0.554905
vn 0.319620 0.765387 -0.558592
vn 0.055864 0.817282 -0.573524
vn 0.007506 0.812815 -0.582473
vn 0.004190 0.812349 -0.583156
vn 0.963489 0.017085 -0.267201
vn 0.960673 0.046560 -0.273751
vn 0.951176 0.123743 -0.282756
vn 0.886069 0.367056 -0.283112
vn 0.761633 0.582069 -0.284802
vn 0.374180 0.881411 -0.288279
vn 0.067456 0.952335 -0.297502
vn 0.009172 0.952852 -0.303296
vn 0.004923 0.952732 -0.303772
vn 0.999485 0.016393 0.027579
vn 0.998842 0.044504 0.018261
vn 0.991678 0.128657 0.004818
vn 0.924054 0.382230 0.004914
vn 0.794830 0.606813 0.004894
vn 0.392499 0.919739 0.004969
vn 0.071435 0.997432 0.005133
vn 0.009734 0.999939 0.005243
vn 0.005171 0.999973 0.005258
vn 0.950308 0.015030 0.310949
vn 0.951903 0.039106 0.303893
vn 0.948424 0.123165 0.292101
vn 0.883524 0.365715 0.292638
vn 0.759337 0.580357 0.294267
vn 0.372921 0.878768 0.297821
vn 0.067183 0.949235 0.307310
vn 0.009133 0.949621 0.313267
vn 0.004906 0.949491 0.313757
vn 0.823158 0.012114 0.567683
vn 0.822935 0.012116 0.568006
vn 0.823448 0.031707 0.566504
vn 0.822628 0.014214 0.568402
vn 0.821066 0.107228 0.560672
vn 0.764676 0.317438 0.560806
vn 0.655643 0.502768 0.563343
vn 0.317222 0.760210 0.566967
vn 0.055366 0.811306 0.581994
vn 0.007433 0.806656 0.590975
vn 0.004158 0.806179 0.591657
vn 0.621440 0.012302 0.783365
vn 0.621690 0.012303 0.783167
vn 0.616473 0.023264 0.787033
vn 0.621353 0.008223 0.783487
vn 0.611236 0.081049 0.787288
vn 0.570258 0.238056 0.786216
vn 0.486930 0.375606 0.788555
vn 0.230800 0.569767 0.788731
vn 0.037855 0.594389 0.803286
vn 0.004821 0.584651 0.811271
vn 0.003002 0.583957 0.811779
vn 0.351648 0.007417 0.936103
vn 0.339256 0.014305 0.940586
vn 0.329786 0.045969 0.942936
vn 0.311182 0.131324 0.941233
vn 0.263622 0.205415 0.942501
vn 0.123195 0.319028 0.939704
vn 0.017446 0.317080 0.948238
vn 0.001580 0.305038 0.952339
vn 0.001561 0.304480 0.952518
vn 0.030758 0.004083 0.999519
vn 0.014051 0.005041 0.999889
vn 0.004149 0.005383 0.999977
vn 0.012085 0.006642 0.999905
vn 0.007618 0.007430 0.999943
vn 0.007911 0.027813 0.999582
vn -0.002704 0.005754 0.999980
vn -0.001949 -0.004750 0.999987
vn -0.000021 -0.004877 0.999988
vn -0.305264 0.000917 0.952267
vn -0.319308 -0.004404 0.947641
vn -0.323186 -0.035427 0.945672
vn -0.289836 -0.120911 0.949408
vn -0.249141 -0.194651 0.948704
vn -0.099573 -0.274809 0.956329
vn -0.019867 -0.307618 0.951303
vn -0.005406 -0.314118 0.949368
vn -0.001586 -0.313794 0.949490
vn -0.607091 -0.001557 0.794631
vn -0.613514 -0.013757 0.789564
vn -0.608506 -0.070995 0.790367
vn -0.555551 -0.234648 0.797686
vn -0.473831 -0.374895 0.796830
vn -0.185878 -0.553344 0.811948
vn -0.032474 -0.589786 0.806906
vn -0.008459 -0.592464 0.805553
vn -0.002983 -0.591958 0.805963
vn -0.832728 -0.002957 0.553674
vn -0.832550 -0.022496 0.553492
vn -0.821987 -0.097574 0.561085
vn -0.756696 -0.321718 0.569131
vn -0.643065 -0.513177 0.568434
vn -0.244188 -0.773805 0.584463
vn -0.040371 -0.811612 0.582800
vn -0.010834 -0.812451 0.582928
vn -0.004080 -0.812100 0.583504
vn -0.963241 -0.003183 0.268620
vn -0.961137 -0.029855 0.274454
vn -0.950942 -0.113575 0.287768
vn -0.879424 -0.375227 0.292948
vn -0.745857 -0.598431 0.292537
vn -0.275555 -0.912499 0.302349
vn -0.044402 -0.951985 0.302908
vn -0.012330 -0.952724 0.303586
vn -0.004776 -0.952658 0.304008
vn -0.999632 -0.002349 -0.027028
vn -0.999221 -0.034867 -0.018500
vn -0.992919 -0.118688 -0.004987
vn -0.919646 -0.392717 -0.004977
vn -0.779408 -0.626497 -0.005020
vn -0.284927 -0.958535 -0.005196
vn -0.045578 -0.998947 -0.005222
vn -0.012830 -0.999904 -0.005232
vn -0.005010 -0.999974 -0.005241
vn 0.000000 -0.951057 -0.309017
vn 0.000000 -0.809016 -0.587787
vn 0.000000 -0.809016 -0.587787
vn 0.000000 -0.951057 -0.309017
vn 0.000000 -0.587786 -0.809017
vn 0.000000 -0.587786 -0.809017
vn 0.000000 -0.309019 -0.951056
vn 0.000000 -0.309019 -0.951056
vn 0.000000 0.000000 -1.000000
vn 0.000000 0.000000 -1.000000
vn 0.000000 0.309019 -0.951056
vn 0.000000 0.309019 -0.951056
vn 0.000000 0.587786 -0.809017
vn 0.000000 0.587786 -0.809017
vn 0.000000 0.809017 -0.587785
vn 0.000000 0.809017 -0.587785
vn 0.000000 0.951057 -0.309017
vn 0.000000 0.951057 -0.309017
vn 0.000000 1.000000 0.000000
vn 0.000000 1.000000 0.000000
vn 0.000000 0.951057 0.309017
vn 0.000000 0.951057 0.309017
vn 0.000000 0.809017 0.587785
vn 0.000000 0.809017 0.587785
vn 0.000000 0.587786 0.809017
vn 0.000000 0.587786 0.809017
vn 0.000000 0.309019 0.951056
vn 0.000000 0.309019 0.951056
vn 0.000000 0.000000 1.000000
vn 0.000000 0.000000 1.000000
vn 0.000000 -0.309019 0.951056
vn 0.000000 -0.309019 0.951056
vn 0.000000 -0.587786 0.809017
vn 0.000000 -0.587786 0.809017
vn 0.000000 -0.809016 0.587787
vn 0.000000 -0.809016 0.587787
vn 0.000000 -0.951057 0.309017
vn 0.000000 -0.951057 0.309017
vn 0.000000 -1.000000 0.000000
vn 0.000000 -1.000000 0.000000
vn -1.000000 -0.000001 0.000000
vn -1.000000 -0.000001 0.000000
vn -1.000000 0.000000 0.000000
vn -1.000000 0.000000 0.000000
vn -1.000000 0.000001 0.000000
vn -1.000000 0.000000 0.000000
vn -1.000000 -0.000001 0.000000
vn -1.000000 0.000000 0.000000
vn -1.000000 0.000001 0.000000
vn -1.000000 0.000001 0.000000
vn -1.000000 0.000000 0.000000
vn -1.000000 0.000001 0.000000
vn -1.000000 0.000001 0.000000
vn -1.000000 0.000000 0.000000
vn -1.000000 -0.000001 0.000000
vn -1.000000 0.000000 0.000000
vn -1.000000 0.000001 0.000000
vn -1.000000 0.000000 0.000000
vn -1.000000 -0.000001 0.000000
vn -1.000000 -0.000001 0.000000
vn -1.000000 0.000000 0.000000
vn 1.000000 0.000009 0.000000
vn 1.000000 0.000009 0.000000
vn 1.000000 0.000000 0.000000
vn 1.000000 -0.000018 0.000000
vn 1.000000 0.000018 0.000000
vn 1.000000 0.000000 0.000000
vn 1.000000 0.000000 0.000000
vn 1.000000 0.000035 0.000000
vn 1.000000 0.000000 0.000000
vn 1.000000 0.000000 0.000000
vn 1.000000 0.000000 0.000000
vn 1.000000 -0.000009 0.000000
vn 1.000000 -0.000009 0.000000
vn 1.000000 0.000018 0.000000
vn 1.000000 -0.000018 0.000000
vn 1.000000 0.000000 0.000000
vn 1.000000 0.000000 0.000000
vn 1.000000 -0.000035 0.000000
vn 1.000000 0.000000 0.000000
vn 1.000000 0.000000 0.000000
vn 1.000000 0.000000 0.000000
vn 0.000000 -0.951057 -0.309014
vn 0.000000 -0.809017 -0.587785
vn 0.000000 -0.809017 -0.587785
vn 0.000000 -0.951057 -0.309014
vn 0.000000 -0.587785 -0.809018
vn 0.000000 -0.587785 -0.809018
vn 0.000000 -0.309019 -0.951056
vn 0.000000 -0.309019 -0.951056
vn 0.000000 0.000000 -1.000000
vn 0.000000 0.000000 -1.000000
vn 0.000000 0.309020 -0.951055
vn 0.000000 0.309020 -0.951055
vn 0.000000 0.587790 -0.809014
vn 0.000000 0.587790 -0.809014
vn 0.000000 0.809017 -0.587785
vn 0.000000 0.809017 -0.587785
vn 0.000000 0.951056 -0.309019
vn 0.000000 0.951056 -0.309019
vn 0.000000 1.000000 0.000000
vn 0.000000 1.000000 0.000000
vn 0.000000 0.951056 0.309019
vn 0.000000 0.951056 0.309019
vn 0.000000 0.809017 0.587785
vn 0.000000 0.809017 0.587785
vn 0.000000 0.587790 0.809014
vn 0.000000 0.587790 0.809014
vn 0.000000 0.309020 0.951055
vn 0.000000 0.309020 0.951055
vn 0.000000 0.000000 1.000000
vn 0.000000 0.000000 1.000000
vn 0.000000 -0.309019 0.951056
vn 0.000000 -0.309019 0.951056
vn 0.000000 -0.587787 0.809016
vn 0.000000 -0.587787 0.809016
vn 0.000000 -0.809017 0.587785
vn 0.000000 -0.809017 0.587785
vn 0.000000 -0.951056 0.309019
vn 0.000000 -0.951056 0.309019
vn 0.000000 -1.000000 0.000000
vn 0.000000 -1.000000 0.000000
vn -1.000000 -0.000001 0.000000
vn -1.000000 -0.000001 0.000000
vn -1.000000 0.000000 0.000000
vn -1.000000 0.000000 0.000000
vn -1.000000 0.000001 0.000000
vn -1.000000 0.000000 0.000000
vn -1.000000 -0.000001 0.000000
vn -1.000000 0.000000 0.000000
vn -1.000000 0.000001 0.000000
vn -1.000000 0.000001 0.000000
vn -1.000000 0.000000 0.000000
vn -1.000000 0.000001 0.000000
vn -1.000000 0.000001 0.000000
vn -1.000000 0.000000 0.000000
vn -1.000000 -0.000001 0.000000
vn -1.000000 0.000000 0.000000
vn -1.000000 0.000001 0.000000
vn -1.000000 0.000000 0.000000
vn -1.000000 -0.000001 0.000000
vn -1.000000 -0.000001 0.000000
vn -1.000000 0.000000 0.000000
vn 1.000000 0.000009 0.000000
vn 1.000000 0.000009 0.000000
vn 1.000000 0.000000 0.000000
vn 1.000000 -0.000018 0.000000
vn 1.000000 0.000018 0.000000
vn 1.000000 0.000000 0.000000
vn 1.000000 0.000000 0.000000
vn 1.000000 0.000035 0.000000
vn 1.000000 0.000000 0.000000
vn 1.000000 0.000000 0.000000
vn 1.000000 0.000000 0.000000
vn 1.000000 -0.000009 0.000000
vn 1.000000 -0.000009 0.000000
vn 1.000000 0.000018 0.000000
vn 1.000000 -0.000018 0.000000
vn 1.000000 0.000000 0.000000
vn 1.000000 -0.000000 0.000000
vn 1.000000 -0.000035 0.000000
vn 1.000000 0.000000 0.000000
vn 1.000000 0.000000 0.000000
vn 1.000000 0.000000 0.000000
vn 0.957227 0.000000 -0.289337
vn 0.828493 0.000000 -0.560000
vn 0.825627 0.013512 -0.564055
vn 0.953811 0.011005 -0.300205
vn 0.615503 0.000000 -0.788135
vn 0.618435 0.014076 -0.785710
vn 0.329724 0.000000 -0.944077
vn 0.340848 0.012423 -0.940037
vn 0.000000 0.000000 -1.000000
vn 0.015580 0.008996 -0.999838
vn -0.329726 0.000000 -0.944077
vn -0.317355 0.004960 -0.948294
vn -0.615503 0.000000 -0.788135
vn -0.611119 0.001739 -0.791537
vn -0.828496 0.000000 -0.559995
vn -0.830410 0.000297 -0.557153
vn -0.957225 0.000000 -0.289344
vn -0.960159 0.000738 -0.279453
vn -1.000000 0.000000 -0.000000
vn -0.999912 0.002445 0.013026
vn -0.957225 0.000000 0.289344
vn -0.953991 0.004464 0.299804
vn -0.828498 0.000000 0.559992
vn -0.828498 0.000000 0.559992
vn -0.615503 0.000000 0.788135
vn -0.615503 0.000000 0.788135
vn -0.329723 0.000000 0.944078
vn -0.340656 0.004599 0.940177
vn 0.000000 0.000000 1.000000
vn -0.015089 0.002319 0.999884
vn 0.329721 0.000000 0.944078
vn 0.318019 0.000207 0.948084
vn 0.615503 0.000000 0.788135
vn 0.611763 -0.000568 0.791041
vn 0.828495 0.000000 0.559997
vn 0.830861 0.000599 0.556480
vn 0.957227 0.000000 0.289338
vn 0.960359 0.003500 0.278745
vn 1.000000 0.000000 -0.000000
vn 0.999880 0.007324 -0.013626
vn 0.000000 -1.000000 0.000000
vn 0.000000 -1.000000 0.000000
vn 0.000000 -1.000000 0.000000
vn 0.000000 -1.000000 0.000000
vn 0.000000 -1.000000 0.000000
vn 0.000000 -1.000000 0.000000
vn 0.000000 -1.000000 0.000000
vn 0.000000 -1.000000 0.000000
vn 0.000000 -1.000000 0.000000
vn 0.000000 -1.000000 0.000000
vn 0.000000 -1.000000 0.000000
vn 0.000000 -1.000000 0.000000
vn 0.000000 -1.000000 0.000000
vn 0.000000 -1.000000 0.000000
vn 0.000000 -1.000000 0.000000
vn 0.000000 -1.000000 0.000000
vn 0.000000 -1.000000 0.000000
vn 0.000000 -1.000000 0.000000
vn 0.000000 -1.000000 0.000000
vn 0.000000 -1.000000 0.000000
vn 0.000000 -1.000000 0.000000
vn 0.822414 0.001760 -0.568887
vn 0.950337 -0.000643 -0.311222
vn 0.822525 -0.033513 -0.567740
vn 0.951723 -0.036439 -0.304789
vn 0.816218 -0.096336 -0.569656
vn 0.948046 -0.112941 -0.297410
vn 0.751468 -0.318717 -0.577681
vn 0.876808 -0.373695 -0.302590
vn 0.638448 -0.509371 -0.576998
vn 0.743534 -0.596490 -0.302252
vn 0.242691 -0.767657 -0.593131
vn 0.274894 -0.909324 -0.312352
vn 0.040173 -0.805417 -0.591345
vn 0.044320 -0.948759 -0.312877
vn 0.010767 -0.806281 -0.591435
vn 0.012295 -0.949490 -0.313557
vn 0.004049 -0.805920 -0.592010
vn 0.004760 -0.949417 -0.313983
vn -0.000000 -0.805891 -0.592063
vn 0.000000 -0.949411 -0.314037
vn 0.620032 0.004694 -0.784563
vn 0.614761 -0.025382 -0.788305
vn 0.600091 -0.069224 -0.796931
vn 0.547902 -0.230363 -0.804200
vn 0.467122 -0.369459 -0.803304
vn 0.183431 -0.544794 -0.818262
vn 0.032131 -0.581178 -0.813142
vn 0.008366 -0.583954 -0.811743
vn 0.002940 -0.583448 -0.812145
vn -0.000000 -0.583444 -0.812153
vn 0.349284 0.007946 -0.936983
vn 0.336810 -0.012205 -0.941494
vn 0.312841 -0.033291 -0.949222
vn 0.280410 -0.115753 -0.952876
vn 0.240900 -0.188103 -0.952147
vn 0.096257 -0.264863 -0.959470
vn 0.019361 -0.297454 -0.954540
vn 0.005295 -0.304097 -0.952626
vn 0.001536 -0.303784 -0.952740
vn -0.000000 -0.303881 -0.952710
vn 0.027640 0.011191 -0.999555
vn 0.011216 0.004419 -0.999927
vn -0.015137 0.007626 -0.999856
vn -0.022120 0.012020 -0.999683
vn -0.016384 0.014266 -0.999764
vn -0.011724 0.037923 -0.999212
vn 0.002066 0.016386 -0.999864
vn 0.001830 0.005778 -0.999982
vn -0.000032 0.005633 -0.999984
vn -0.000000 0.005398 -0.999986
vn -0.308412 0.013998 -0.951150
vn -0.321777 0.021414 -0.946573
vn -0.339931 0.048038 -0.939223
vn -0.320475 0.136236 -0.937409
vn -0.271779 0.211671 -0.938793
vn -0.127001 0.328206 -0.936030
vn -0.018142 0.327076 -0.944824
vn -0.001695 0.315050 -0.949073
vn -0.001612 0.314481 -0.949262
vn -0.000000 0.314152 -0.949373
vn -0.609433 0.015985 -0.792676
vn -0.614888 0.035305 -0.787824
vn -0.619350 0.082718 -0.780745
vn -0.577727 0.241980 -0.779537
vn -0.493552 0.380617 -0.782008
vn -0.234101 0.577203 -0.782326
vn -0.038506 0.602756 -0.796996
vn -0.004921 0.593153 -0.805074
vn -0.003047 0.592460 -0.805594
vn -0.000000 0.592149 -0.805828
vn -0.833897 0.016994 -0.551659
vn -0.832723 0.043817 -0.551954
vn -0.826573 0.108374 -0.552297
vn -0.769764 0.320105 -0.552265
vn -0.660194 0.506187 -0.554904
vn -0.319618 0.765387 -0.558593
vn -0.055865 0.817282 -0.573523
vn -0.007507 0.812817 -0.582471
vn -0.004190 0.812350 -0.583155
vn 0.000000 0.812163 -0.583430
vn -0.963488 0.017084 -0.267207
vn -0.960672 0.046560 -0.273756
vn -0.951176 0.123744 -0.282757
vn -0.886068 0.367054 -0.283116
vn -0.761630 0.582068 -0.284810
vn -0.374181 0.881410 -0.288279
vn -0.067456 0.952335 -0.297501
vn -0.009172 0.952852 -0.303296
vn -0.004923 0.952732 -0.303773
vn 0.000000 0.952685 -0.303959
vn -0.999485 0.016393 0.027579
vn -0.998842 0.044504 0.018257
vn -0.991677 0.128658 0.004812
vn -0.924055 0.382229 0.004916
vn -0.794831 0.606811 0.004901
vn -0.392498 0.919739 0.004972
vn -0.071436 0.997432 0.005131
vn -0.009734 0.999939 0.005242
vn -0.005171 0.999973 0.005258
vn -0.000000 0.999986 0.005264
vn -0.950307 0.015030 0.310950
vn -0.951904 0.039107 0.303892
vn -0.948425 0.123165 0.292096
vn -0.883524 0.365716 0.292640
vn -0.759334 0.580356 0.294277
vn -0.372921 0.878768 0.297821
vn -0.067183 0.949235 0.307311
vn -0.009133 0.949621 0.313268
vn -0.004906 0.949491 0.313757
vn 0.000000 0.949440 0.313948
vn -0.822936 0.012115 0.568005
vn -0.823159 0.012113 0.567682
vn -0.822628 0.014216 0.568402
vn -0.823444 0.031708 0.566510
vn -0.821061 0.107228 0.560679
vn -0.764676 0.317438 0.560807
vn -0.655642 0.502771 0.563342
vn -0.317222 0.760211 0.566966
vn -0.055366 0.811305 0.581995
vn -0.007433 0.806657 0.590973
vn -0.004158 0.806180 0.591655
vn 0.000000 0.805986 0.591935
vn -0.621688 0.012303 0.783168
vn -0.621438 0.012301 0.783367
vn -0.621349 0.008224 0.783491
vn -0.616468 0.023265 0.787036
vn -0.611232 0.081048 0.787291
vn -0.570256 0.238055 0.786217
vn -0.486930 0.375607 0.788555
vn -0.230798 0.569764 0.788734
vn -0.037856 0.594390 0.803286
vn -0.004821 0.584653 0.811269
vn -0.003002 0.583960 0.811777
vn 0.000000 0.583645 0.812009
vn -0.351643 0.007417 0.936105
vn -0.339254 0.014306 0.940586
vn -0.329791 0.045970 0.942934
vn -0.311184 0.131324 0.941232
vn -0.263622 0.205415 0.942501
vn -0.123195 0.319027 0.939705
vn -0.017446 0.317081 0.948238
vn -0.001580 0.305038 0.952339
vn -0.001561 0.304480 0.952518
vn 0.000000 0.304155 0.952623
vn -0.030755 0.004083 0.999519
vn -0.014051 0.005042 0.999889
vn -0.004146 0.005383 0.999977
vn -0.012080 0.006641 0.999905
vn -0.007612 0.007430 0.999943
vn -0.007911 0.027812 0.999582
vn 0.002704 0.005754 0.999980
vn 0.001949 -0.004750 0.999987
vn 0.000021 -0.004877 0.999988
vn 0.000000 -0.005108 0.999987
vn 0.305254 0.000917 0.952271
vn 0.319298 -0.004403 0.947644
vn 0.323184 -0.035427 0.945673
vn 0.289845 -0.120911 0.949405
vn 0.249147 -0.194651 0.948703
vn 0.099573 -0.274810 0.956329
vn 0.019867 -0.307619 0.951302
vn 0.005406 -0.314118 0.949368
vn 0.001586 -0.313794 0.949490
vn 0.000000 -0.313884 0.949461
vn 0.607089 -0.001557 0.794632
vn 0.613514 -0.013757 0.789564
vn 0.608507 -0.070995 0.790366
vn 0.555552 -0.234650 0.797685
vn 0.473828 -0.374898 0.796830
vn 0.185876 -0.553344 0.811948
vn 0.032474 -0.589785 0.806907
vn 0.008459 -0.592463 0.805553
vn 0.002983 -0.591958 0.805964
vn 0.000000 -0.591950 0.805975
vn 0.832728 -0.002957 0.553674
vn 0.832550 -0.022496 0.553492
vn 0.821986 -0.097575 0.561086
vn 0.756696 -0.321718 0.569130
vn 0.643068 -0.513177 0.568430
vn 0.244192 -0.773805 0.584462
vn 0.040371 -0.811612 0.582801
vn 0.010834 -0.812451 0.582929
vn 0.004080 -0.812100 0.583505
vn 0.000000 -0.812069 0.583562
vn 0.963243 -0.003183 0.268612
vn 0.961139 -0.029854 0.274445
vn 0.950944 -0.113574 0.287762
vn 0.879424 -0.375226 0.292948
vn 0.745856 -0.598432 0.292538
vn 0.275554 -0.912500 0.302347
vn 0.044403 -0.951985 0.302907
vn 0.012330 -0.952724 0.303586
vn 0.004776 -0.952658 0.304008
vn 0.000000 -0.952652 0.304065
vn 0.999632 -0.002349 -0.027034
vn 0.999221 -0.034867 -0.018500
vn 0.992919 -0.118687 -0.004982
vn 0.919645 -0.392719 -0.004973
vn 0.779406 -0.626500 -0.005018
vn 0.284925 -0.958536 -0.005201
vn 0.045578 -0.998947 -0.005223
vn 0.012830 -0.999904 -0.005233
vn 0.005010 -0.999974 -0.005243
vn 0.000000 -0.999986 -0.005250
vn -0.957225 0.000000 -0.289344
vn -0.953809 0.011005 -0.300211
vn -0.825627 0.013511 -0.564055
vn -0.828493 0.000000 -0.560000
vn -0.618438 0.014075 -0.785707
vn -0.615507 0.000000 -0.788132
vn -0.340849 0.012423 -0.940036
vn -0.329726 0.000000 -0.944077
vn -0.015579 0.008996 -0.999838
vn -0.000000 0.000000 -1.000000
vn 0.317352 0.004960 -0.948295
vn 0.329722 0.000000 -0.944078
vn 0.611122 0.001739 -0.791535
vn 0.615507 0.000000 -0.788132
vn 0.830408 0.000297 -0.557156
vn 0.828494 0.000000 -0.559997
vn 0.960159 0.000738 -0.279453
vn 0.957224 0.000000 -0.289347
vn 0.999912 0.002445 0.013026
vn 1.000000 0.000000 0.000000
vn 0.953990 0.004465 0.299806
vn 0.957224 0.000000 0.289348
vn 0.828496 0.000000 0.559994
vn 0.828496 0.000000 0.559994
vn 0.615507 0.000000 0.788132
vn 0.615507 0.000000 0.788132
vn 0.340653 0.004599 0.940178
vn 0.329719 0.000000 0.944079
vn 0.015089 0.002319 0.999883
vn -0.000000 0.000000 1.000000
vn -0.318021 0.000207 0.948084
vn -0.329723 0.000000 0.944078
vn -0.611765 -0.000568 0.791039
vn -0.615507 0.000000 0.788132
vn -0.830861 0.000598 0.556479
vn -0.828495 0.000000 0.559997
vn -0.960357 0.003500 0.278752
vn -0.957225 0.000000 0.289344
vn -0.999880 0.007324 -0.013624
vn -1.000000 0.000000 -0.000000
vn 0.000000 -1.000000 0.000000
vn 0.000000 -1.000000 0.000000
vn 0.000000 -1.000000 0.000000
vn 0.000000 -1.000000 0.000000
vn 0.000000 -1.000000 0.000000
vn 0.000000 -1.000000 0.000000
vn 0.000000 -1.000000 0.000000
vn 0.000000 -1.000000 0.000000
vn 0.000000 -1.000000 0.000000
vn 0.000000 -1.000000 0.000000
vn 0.000000 -1.000000 0.000000
vn 0.000000 -1.000000 0.000000
vn 0.000000 -1.000000 0.000000
vn 0.000000 -1.000000 0.000000
vn 0.000000 -1.000000 0.000000
vn 0.000000 -1.000000 0.000000
vn 0.000000 -1.000000 0.000000
vn 0.000000 -1.000000 0.000000
vn 0.000000 -1.000000 0.000000
vn 0.000000 -1.000000 0.000000
vn 0.000000 -1.000000 0.000000
vn -0.950335 -0.000643 -0.311228
vn -0.822414 0.001760 -0.568887
vn -0.951722 -0.036439 -0.304791
vn -0.822525 -0.033513 -0.567740
vn -0.948047 -0.112941 -0.297408
vn -0.816219 -0.096336 -0.569654
vn -0.876810 -0.373695 -0.302584
vn -0.751471 -0.318718 -0.577677
vn -0.743536 -0.596492 -0.302244
vn -0.638449 -0.509373 -0.576994
vn -0.274894 -0.909325 -0.312347
vn -0.242689 -0.767658 -0.593130
vn -0.044319 -0.948759 -0.312876
vn -0.040173 -0.805417 -0.591346
vn -0.012295 -0.949490 -0.313557
vn -0.010767 -0.806281 -0.591435
vn -0.004760 -0.949416 -0.313984
vn -0.004049 -0.805921 -0.592010
vn -0.620034 0.004693 -0.784561
vn -0.614762 -0.025382 -0.788304
vn -0.600093 -0.069224 -0.796929
vn -0.547905 -0.230363 -0.804197
vn -0.467123 -0.369458 -0.803304
vn -0.183432 -0.544792 -0.818263
vn -0.032131 -0.581178 -0.813142
vn -0.008366 -0.583955 -0.811743
vn -0.002940 -0.583448 -0.812145
vn -0.349285 0.007945 -0.936983
vn -0.336809 -0.012204 -0.941494
vn -0.312839 -0.033291 -0.949223
vn -0.280409 -0.115753 -0.952876
vn -0.240900 -0.188102 -0.952147
vn -0.096256 -0.264862 -0.959470
vn -0.019361 -0.297454 -0.954540
vn -0.005295 -0.304097 -0.952626
vn -0.001536 -0.303784 -0.952740
vn -0.027640 0.011191 -0.999555
vn -0.011216 0.004419 -0.999927
vn 0.015137 0.007626 -0.999856
vn 0.022120 0.012020 -0.999683
vn 0.016385 0.014266 -0.999764
vn 0.011726 0.037922 -0.999212
vn -0.002065 0.016386 -0.999864
vn -0.001830 0.005778 -0.999982
vn 0.000032 0.005633 -0.999984
vn 0.308413 0.013999 -0.951150
vn 0.321779 0.021414 -0.946573
vn 0.339932 0.048038 -0.939222
vn 0.320475 0.136236 -0.937409
vn 0.271780 0.211671 -0.938792
vn 0.127002 0.328207 -0.936029
vn 0.018142 0.327077 -0.944824
vn 0.001695 0.315050 -0.949073
vn 0.001612 0.314481 -0.949262
vn 0.609433 0.015986 -0.792676
vn 0.614887 0.035306 -0.787825
vn 0.619349 0.082717 -0.780746
vn 0.577725 0.241980 -0.779538
vn 0.493552 0.380619 -0.782008
vn 0.234101 0.577204 -0.782325
vn 0.038506 0.602757 -0.796995
vn 0.004921 0.593154 -0.805074
vn 0.003047 0.592461 -0.805594
vn 0.833893 0.016995 -0.551664
vn 0.832719 0.043817 -0.551959
vn 0.826572 0.108374 -0.552299
vn 0.769763 0.320105 -0.552266
vn 0.660194 0.506187 -0.554904
vn 0.319619 0.765387 -0.558593
vn 0.055865 0.817282 -0.573524
vn 0.007506 0.812817 -0.582471
vn 0.004190 0.812350 -0.583155
vn 0.963489 0.017085 -0.267202
vn 0.960672 0.046560 -0.273753
vn 0.951176 0.123744 -0.282756
vn 0.886069 0.367056 -0.283110
vn 0.761633 0.582068 -0.284802
vn 0.374182 0.881411 -0.288277
vn 0.067456 0.952336 -0.297501
vn 0.009172 0.952852 -0.303296
vn 0.004923 0.952732 -0.303773
vn 0.999485 0.016394 0.027578
vn 0.998842 0.044504 0.018259
vn 0.991677 0.128657 0.004816
vn 0.924054 0.382230 0.004915
vn 0.794831 0.606811 0.004898
vn 0.392500 0.919739 0.004971
vn 0.071436 0.997432 0.005131
vn 0.009734 0.999939 0.005242
vn 0.005171 0.999973 0.005258
vn 0.950307 0.015031 0.310952
vn 0.951903 0.039107 0.303894
vn 0.948424 0.123165 0.292099
vn 0.883525 0.365714 0.292637
vn 0.759337 0.580357 0.294267
vn 0.372921 0.878769 0.297818
vn 0.067183 0.949235 0.307309
vn 0.009133 0.949621 0.313268
vn 0.004906 0.949490 0.313759
vn 0.823157 0.012114 0.567685
vn 0.822934 0.012116 0.568007
vn 0.823447 0.031707 0.566506
vn 0.822629 0.014214 0.568401
vn 0.821063 0.107228 0.560676
vn 0.764674 0.317437 0.560809
vn 0.655642 0.502769 0.563345
vn 0.317221 0.760210 0.566967
vn 0.055366 0.811306 0.581994
vn 0.007433 0.806656 0.590975
vn 0.004158 0.806179 0.591657
vn 0.621440 0.012302 0.783365
vn 0.621690 0.012303 0.783167
vn 0.616471 0.023264 0.787034
vn 0.621351 0.008223 0.783489
vn 0.611235 0.081049 0.787288
vn 0.570257 0.238054 0.786217
vn 0.486927 0.375604 0.788558
vn 0.230796 0.569764 0.788734
vn 0.037855 0.594389 0.803286
vn 0.004821 0.584653 0.811269
vn 0.003002 0.583960 0.811777
vn 0.351641 0.007417 0.936106
vn 0.339252 0.014305 0.940587
vn 0.329788 0.045970 0.942935
vn 0.311185 0.131324 0.941232
vn 0.263624 0.205415 0.942501
vn 0.123195 0.319028 0.939704
vn 0.017447 0.317081 0.948238
vn 0.001580 0.305039 0.952339
vn 0.001561 0.304481 0.952517
vn 0.030755 0.004083 0.999519
vn 0.014051 0.005041 0.999889
vn 0.004146 0.005383 0.999977
vn 0.012081 0.006642 0.999905
vn 0.007614 0.007430 0.999943
vn 0.007910 0.027813 0.999582
vn -0.002704 0.005754 0.999980
vn -0.001949 -0.004750 0.999987
vn -0.000021 -0.004877 0.999988
vn -0.305255 0.000917 0.952270
vn -0.319298 -0.004403 0.947644
vn -0.323183 -0.035427 0.945673
vn -0.289844 -0.120911 0.949406
vn -0.249147 -0.194651 0.948703
vn -0.099573 -0.274809 0.956329
vn -0.019867 -0.307617 0.951303
vn -0.005406 -0.314117 0.949369
vn -0.001586 -0.313793 0.949490
vn -0.607089 -0.001557 0.794632
vn -0.613515 -0.013757 0.789563
vn -0.608508 -0.070995 0.790366
vn -0.555550 -0.234648 0.797687
vn -0.473827 -0.374896 0.796832
vn -0.185877 -0.553344 0.811949
vn -0.032474 -0.589785 0.806907
vn -0.008459 -0.592465 0.805552
vn -0.002983 -0.591959 0.805963
vn -0.832729 -0.002957 0.553673
vn -0.832551 -0.022496 0.553491
vn -0.821986 -0.097575 0.561087
vn -0.756696 -0.321718 0.569130
vn -0.643069 -0.513176 0.568430
vn -0.244190 -0.773805 0.584462
vn -0.040371 -0.811612 0.582800
vn -0.010834 -0.812451 0.582928
vn -0.004080 -0.812100 0.583504
vn -0.963241 -0.003183 0.268619
vn -0.961138 -0.029854 0.274451
vn -0.950943 -0.113575 0.287765
vn -0.879425 -0.375226 0.292947
vn -0.745857 -0.598431 0.292537
vn -0.275555 -0.912500 0.302347
vn -0.044402 -0.951985 0.302908
vn -0.012330 -0.952723 0.303589
vn -0.004776 -0.952657 0.304010
vn -0.999632 -0.002349 -0.027031
vn -0.999221 -0.034867 -0.018501
vn -0.992919 -0.118687 -0.004986
vn -0.919645 -0.392719 -0.004975
vn -0.779406 -0.626500 -0.005016
vn -0.284926 -0.958536 -0.005196
vn -0.045578 -0.998947 -0.005222
vn -0.012830 -0.999904 -0.005234
vn -0.005010 -0.999974 -0.005243
vn 0.000000 -0.951057 -0.309017
vn 0.000000 -0.809016 -0.587787
vn 0.000000 -0.809016 -0.587787
vn 0.000000 -0.951057 -0.309017
vn 0.000000 -0.587787 -0.809016
vn 0.000000 -0.587787 -0.809016
vn 0.000000 -0.309020 -0.951056
vn 0.000000 -0.309020 -0.951056
vn 0.000000 0.000000 -1.000000
vn 0.000000 0.000000 -1.000000
vn 0.000000 0.309019 -0.951056
vn 0.000000 0.309019 -0.951056
vn 0.000000 0.587786 -0.809017
vn 0.000000 0.587786 -0.809017
vn 0.000000 0.809017 -0.587785
vn 0.000000 0.809017 -0.587785
vn 0.000000 0.951057 -0.309017
vn 0.000000 0.951057 -0.309017
vn 0.000000 1.000000 0.000000
vn 0.000000 1.000000 0.000000
vn 0.000000 0.951057 0.309017
vn 0.000000 0.951057 0.309017
vn 0.000000 0.809017 0.587785
vn 0.000000 0.809017 0.587785
vn 0.000000 0.587786 0.809017
vn 0.000000 0.587786 0.809017
vn 0.000000 0.309019 0.951056
vn 0.000000 0.309019 0.951056
vn 0.000000 0.000000 1.000000
vn 0.000000 0.000000 1.000000
vn 0.000000 -0.309020 0.951056
vn 0.000000 -0.309020 0.951056
vn 0.000000 -0.587787 0.809016
vn 0.000000 -0.587787 0.809016
vn 0.000000 -0.809016 0.587787
vn 0.000000 -0.809016 0.587787
vn 0.000000 -0.951057 0.309017
vn 0.000000 -0.951057 0.309017
vn 0.000000 -1.000000 0.000000
vn 0.000000 -1.000000 0.000000
vn -1.000000 0.000000 0.000000
vn -1.000000 0.000000 0.000000
vn -1.000000 0.000000 0.000000
vn -1.000000 -0.000035 0.000000
vn -1.000000 0.000000 0.000000
vn -1.000000 0.000000 0.000000
vn -1.000000 -0.000018 0.000000
vn -1.000000 0.000018 0.000000
vn -1.000000 -0.000009 0.000000
vn -1.000000 -0.000009 0.000000
vn -1.000000 0.000000 0.000000
vn -1.000000 0.000000 0.000000
vn -1.000000 0.000000 0.000000
vn -1.000000 0.000035 0.000000
vn -1.000000 -0.000000 0.000000
vn -1.000000 0.000000 0.000000
vn -1.000000 0.000018 0.000000
vn -1.000000 -0.000018 0.000000
vn -1.000000 0.000009 0.000000
vn -1.000000 0.000009 0.000000
vn -1.000000 0.000000 0.000000
vn 1.000000 0.000000 0.000000
vn 1.000000 0.000000 0.000000
vn 1.000000 0.000000 0.000000
vn 1.000000 0.000000 0.000000
vn 1.000000 -0.000001 0.000000
vn 1.000000 0.000000 0.000000
vn 1.000000 0.000001 0.000000
vn 1.000000 0.000000 0.000000
vn 1.000000 0.000000 0.000000
vn 1.000000 0.000000 0.000000
vn 1.000000 0.000000 0.000000
vn 1.000000 0.000000 0.000000
vn 1.000000 0.000000 0.000000
vn 1.000000 0.000000 0.000000
vn 1.000000 0.000001 0.000000
vn 1.000000 0.000000 0.000000
vn 1.000000 -0.000001 0.000000
vn 1.000000 0.000000 0.000000
vn 1.000000 0.000000 0.000000
vn 1.000000 0.000000 0.000000
vn 1.000000 0.000000 0.000000
vn 0.000000 -0.951057 -0.309014
vn 0.000000 -0.809014 -0.587789
vn 0.000000 -0.809014 -0.587789
vn 0.000000 -0.951057 -0.309014
vn 0.000000 -0.587787 -0.809016
vn 0.000000 -0.587787 -0.809016
vn 0.000000 -0.309020 -0.951055
vn 0.000000 -0.309020 -0.951055
vn 0.000000 0.000000 -1.000000
vn 0.000000 0.000000 -1.000000
vn 0.000000 0.309019 -0.951056
vn 0.000000 0.309019 -0.951056
vn 0.000000 0.587787 -0.809016
vn 0.000000 0.587787 -0.809016
vn 0.000000 0.809017 -0.587785
vn 0.000000 0.809017 -0.587785
vn 0.000000 0.951056 -0.309019
vn 0.000000 0.951056 -0.309019
vn 0.000000 1.000000 0.000000
vn 0.000000 1.000000 0.000000
vn 0.000000 0.951056 0.309019
vn 0.000000 0.951056 0.309019
vn 0.000000 0.809017 0.587785
vn 0.000000 0.809017 0.587785
vn 0.000000 0.587787 0.809016
vn 0.000000 0.587787 0.809016
vn 0.000000 0.309019 0.951056
vn 0.000000 0.309019 0.951056
vn 0.000000 0.000000 1.000000
vn 0.000000 0.000000 1.000000
vn 0.000000 -0.309020 0.951055
vn 0.000000 -0.309020 0.951055
vn 0.000000 -0.587790 0.809014
vn 0.000000 -0.587790 0.809014
vn 0.000000 -0.809017 0.587785
vn 0.000000 -0.809017 0.587785
vn 0.000000 -0.951056 0.309019
vn 0.000000 -0.951056 0.309019
vn 0.000000 -1.000000 0.000005
vn 0.000000 -1.000000 0.000005
vn -1.000000 0.000000 0.000000
vn -1.000000 0.000000 0.000000
vn -1.000000 -0.000000 0.000000
vn -1.000000 -0.000035 0.000000
vn -1.000000 0.000000 0.000000
vn -1.000000 0.000000 0.000000
vn -1.000000 -0.000018 0.000000
vn -1.000000 0.000018 0.000000
vn -1.000000 -0.000009 0.000000
vn -1.000000 -0.000009 0.000000
vn -1.000000 0.000000 0.000000
vn -1.000000 0.000000 0.000000
vn -1.000000 0.000000 0.000000
vn -1.000000 0.000035 0.000000
vn -1.000000 -0.000000 0.000000
vn -1.000000 0.000000 0.000000
vn -1.000000 0.000018 0.000000
vn -1.000000 -0.000018 0.000000
vn -1.000000 0.000009 0.000000
vn -1.000000 0.000009 0.000000
vn -1.000000 0.000000 0.000000
vn 1.000000 0.000000 0.000000
vn 1.000000 0.000000 0.000000
vn 1.000000 0.000000 0.000000
vn 1.000000 0.000000 0.000000
vn 1.000000 -0.000001 0.000000
vn 1.000000 0.000000 0.000000
vn 1.000000 0.000001 0.000000
vn 1.000000 0.000000 0.000000
vn 1.000000 0.000000 0.000000
vn 1.000000 0.000000 0.000000
vn 1.000000 0.000000 0.000000
vn 1.000000 0.000000 0.000000
vn 1.000000 0.000000 0.000000
vn 1.000000 0.000000 0.000000
vn 1.000000 0.000001 0.000000
vn 1.000000 0.000000 0.000000
vn 1.000000 -0.000001 0.000000
vn 1.000000 0.000000 0.000000
vn 1.000000 0.000000 0.000000
vn 1.000000 0.000000 0.000000
vn 1.000000 0.000000 0.000000
vn 0.957227 0.000000 -0.289337
vn 0.828494 0.000000 -0.559998
vn 0.825627 0.013512 -0.564055
vn 0.953812 0.011005 -0.300204
vn 0.615503 0.000000 -0.788135
vn 0.618436 0.014076 -0.785709
vn 0.329721 0.000000 -0.944078
vn 0.340846 0.012423 -0.940037
vn 0.000000 0.000000 -1.000000
vn 0.015576 0.008996 -0.999838
vn -0.329723 0.000000 -0.944078
vn -0.317352 0.004960 -0.948295
vn -0.615503 0.000000 -0.788135
vn -0.611120 0.001739 -0.791537
vn -0.828497 0.000000 -0.559993
vn -0.830410 0.000297 -0.557152
vn -0.957225 0.000000 -0.289344
vn -0.960159 0.000738 -0.279453
vn -1.000000 0.000000 0.000000
vn -0.999912 0.002445 0.013026
vn -0.957225 0.000000 0.289344
vn -0.953991 0.004464 0.299804
vn -0.828498 0.000000 0.559992
vn -0.828498 0.000000 0.559992
vn -0.615503 0.000000 0.788135
vn -0.615503 0.000000 0.788135
vn -0.329723 0.000000 0.944078
vn -0.340659 0.004599 0.940176
vn 0.000000 0.000000 1.000000
vn -0.015091 0.002319 0.999884
vn 0.329721 0.000000 0.944078
vn 0.318022 0.000207 0.948083
vn 0.615503 0.000000 0.788135
vn 0.611764 -0.000568 0.791040
vn 0.828495 0.000000 0.559997
vn 0.830860 0.000599 0.556481
vn 0.957227 0.000000 0.289338
vn 0.960359 0.003500 0.278746
vn 1.000000 0.000000 -0.000000
vn 0.999880 0.007324 -0.013626
vn 0.000000 -1.000000 0.000000
vn 0.000000 -1.000000 0.000000
vn 0.000000 -1.000000 0.000000
vn 0.000000 -1.000000 0.000000
vn 0.000000 -1.000000 0.000000
vn 0.000000 -1.000000 0.000000
vn 0.000000 -1.000000 0.000000
vn 0.000000 -1.000000 0.000000
vn 0.000000 -1.000000 0.000000
vn 0.000000 -1.000000 0.000000
vn 0.000000 -1.000000 0.000000
vn 0.000000 -1.000000 0.000000
vn 0.000000 -1.000000 0.000000
vn 0.000000 -1.000000 0.000000
vn 0.000000 -1.000000 0.000000
vn 0.000000 -1.000000 0.000000
vn 0.000000 -1.000000 0.000000
vn 0.000000 -1.000000 0.000000
vn 0.000000 -1.000000 0.000000
vn 0.000000 -1.000000 0.000000
vn 0.000000 -1.000000 0.000000
vn 0.822413 0.001760 -0.568888
vn 0.950337 -0.000643 -0.311221
vn 0.822527 -0.033513 -0.567738
vn 0.951723 -0.036439 -0.304789
vn 0.816218 -0.096336 -0.569655
vn 0.948046 -0.112941 -0.297410
vn 0.751466 -0.318718 -0.577683
vn 0.876807 -0.373695 -0.302591
vn 0.638446 -0.509372 -0.576998
vn 0.743533 -0.596491 -0.302253
vn 0.242690 -0.767657 -0.593130
vn 0.274894 -0.909323 -0.312353
vn 0.040173 -0.805417 -0.591345
vn 0.044320 -0.948759 -0.312878
vn 0.010767 -0.806281 -0.591435
vn 0.012295 -0.949490 -0.313557
vn 0.004049 -0.805920 -0.592010
vn 0.004760 -0.949417 -0.313983
vn -0.000000 -0.805891 -0.592063
vn -0.000000 -0.949411 -0.314037
vn 0.620034 0.004694 -0.784561
vn 0.614762 -0.025382 -0.788304
vn 0.600093 -0.069224 -0.796930
vn 0.547904 -0.230363 -0.804198
vn 0.467120 -0.369460 -0.803304
vn 0.183430 -0.544796 -0.818261
vn 0.032131 -0.581179 -0.813141
vn 0.008367 -0.583955 -0.811743
vn 0.002940 -0.583448 -0.812145
vn -0.000000 -0.583444 -0.812153
vn 0.349286 0.007946 -0.936983
vn 0.336814 -0.012204 -0.941492
vn 0.312842 -0.033291 -0.949222
vn 0.280406 -0.115753 -0.952877
vn 0.240898 -0.188103 -0.952148
vn 0.096256 -0.264864 -0.959470
vn 0.019361 -0.297454 -0.954540
vn 0.005295 -0.304097 -0.952626
vn 0.001536 -0.303784 -0.952740
vn -0.000000 -0.303881 -0.952710
vn 0.027636 0.011191 -0.999555
vn 0.011214 0.004419 -0.999927
vn -0.015138 0.007626 -0.999856
vn -0.022118 0.012020 -0.999683
vn -0.016384 0.014266 -0.999764
vn -0.011725 0.037923 -0.999212
vn 0.002066 0.016386 -0.999864
vn 0.001830 0.005778 -0.999982
vn -0.000032 0.005633 -0.999984
vn -0.000000 0.005398 -0.999986
vn -0.308416 0.013998 -0.951149
vn -0.321785 0.021414 -0.946571
vn -0.339930 0.048038 -0.939223
vn -0.320472 0.136236 -0.937410
vn -0.271780 0.211671 -0.938792
vn -0.127002 0.328206 -0.936029
vn -0.018142 0.327076 -0.944824
vn -0.001695 0.315050 -0.949073
vn -0.001612 0.314481 -0.949262
vn -0.000000 0.314152 -0.949373
vn -0.609434 0.015985 -0.792675
vn -0.614888 0.035305 -0.787824
vn -0.619351 0.082718 -0.780744
vn -0.577730 0.241979 -0.779535
vn -0.493553 0.380617 -0.782008
vn -0.234102 0.577203 -0.782325
vn -0.038506 0.602756 -0.796996
vn -0.004921 0.593153 -0.805074
vn -0.003047 0.592460 -0.805594
vn -0.000000 0.592149 -0.805828
vn -0.833896 0.016994 -0.551660
vn -0.832721 0.043817 -0.551956
vn -0.826573 0.108374 -0.552297
vn -0.769763 0.320105 -0.552266
vn -0.660194 0.506187 -0.554904
vn -0.319621 0.765387 -0.558593
vn -0.055865 0.817282 -0.573523
vn -0.007506 0.812817 -0.582471
vn -0.004190 0.812350 -0.583155
vn -0.000000 0.812163 -0.583430
vn -0.963487 0.017085 -0.267208
vn -0.960671 0.046560 -0.273756
vn -0.951176 0.123744 -0.282757
vn -0.886068 0.367055 -0.283116
vn -0.761631 0.582067 -0.284809
vn -0.374181 0.881410 -0.288279
vn -0.067457 0.952335 -0.297501
vn -0.009172 0.952852 -0.303296
vn -0.004923 0.952732 -0.303773
vn -0.000000 0.952685 -0.303959
vn -0.999485 0.016393 0.027579
vn -0.998842 0.044504 0.018257
vn -0.991677 0.128657 0.004812
vn -0.924055 0.382229 0.004916
vn -0.794831 0.606812 0.004901
vn -0.392498 0.919740 0.004972
vn -0.071436 0.997432 0.005131
vn -0.009734 0.999939 0.005242
vn -0.005171 0.999973 0.005258
vn 0.000000 0.999986 0.005264
vn -0.950307 0.015030 0.310950
vn -0.951903 0.039107 0.303893
vn -0.948425 0.123166 0.292097
vn -0.883523 0.365716 0.292641
vn -0.759333 0.580356 0.294278
vn -0.372920 0.878768 0.297823
vn -0.067182 0.949235 0.307311
vn -0.009133 0.949621 0.313267
vn -0.004906 0.949491 0.313756
vn -0.000000 0.949441 0.313947
vn -0.822937 0.012115 0.568003
vn -0.823160 0.012113 0.567680
vn -0.822628 0.014215 0.568402
vn -0.823446 0.031707 0.566508
vn -0.821063 0.107228 0.560677
vn -0.764676 0.317438 0.560806
vn -0.655644 0.502770 0.563341
vn -0.317222 0.760211 0.566966
vn -0.055366 0.811305 0.581995
vn -0.007433 0.806657 0.590973
vn -0.004158 0.806180 0.591655
vn -0.000000 0.805986 0.591935
vn -0.621686 0.012303 0.783170
vn -0.621436 0.012301 0.783368
vn -0.621351 0.008224 0.783489
vn -0.616469 0.023264 0.787035
vn -0.611231 0.081048 0.787291
vn -0.570256 0.238056 0.786217
vn -0.486932 0.375608 0.788553
vn -0.230801 0.569767 0.788731
vn -0.037856 0.594390 0.803285
vn -0.004821 0.584652 0.811270
vn -0.003003 0.583957 0.811779
vn -0.000000 0.583642 0.812011
vn -0.351650 0.007416 0.936102
vn -0.339258 0.014306 0.940584
vn -0.329789 0.045970 0.942935
vn -0.311183 0.131324 0.941233
vn -0.263622 0.205415 0.942501
vn -0.123195 0.319027 0.939705
vn -0.017446 0.317081 0.948238
vn -0.001580 0.305038 0.952339
vn -0.001561 0.304480 0.952518
vn 0.000000 0.304155 0.952623
vn -0.030757 0.004083 0.999519
vn -0.014051 0.005041 0.999889
vn -0.004149 0.005383 0.999977
vn -0.012086 0.006641 0.999905
vn -0.007617 0.007430 0.999943
vn -0.007910 0.027812 0.999582
vn 0.002704 0.005754 0.999980
vn 0.001949 -0.004750 0.999987
vn 0.000021 -0.004877 0.999988
vn -0.000000 -0.005108 0.999987
vn 0.305263 0.000917 0.952268
vn 0.319309 -0.004403 0.947641
vn 0.323187 -0.035427 0.945672
vn 0.289837 -0.120912 0.949408
vn 0.249143 -0.194651 0.948704
vn 0.099575 -0.274809 0.956329
vn 0.019867 -0.307619 0.951302
vn 0.005406 -0.314118 0.949368
vn 0.001586 -0.313794 0.949490
vn -0.000000 -0.313884 0.949461
vn 0.607091 -0.001557 0.794631
vn 0.613512 -0.013757 0.789566
vn 0.608504 -0.070996 0.790369
vn 0.555552 -0.234649 0.797685
vn 0.473833 -0.374897 0.796828
vn 0.185876 -0.553344 0.811948
vn 0.032474 -0.589785 0.806907
vn 0.008459 -0.592463 0.805553
vn 0.002983 -0.591958 0.805964
vn -0.000000 -0.591950 0.805975
vn 0.832726 -0.002957 0.553677
vn 0.832549 -0.022496 0.553494
vn 0.821987 -0.097575 0.561086
vn 0.756696 -0.321718 0.569130
vn 0.643066 -0.513178 0.568431
vn 0.244190 -0.773805 0.584462
vn 0.040371 -0.811612 0.582801
vn 0.010833 -0.812451 0.582929
vn 0.004080 -0.812100 0.583505
vn 0.000000 -0.812069 0.583562
vn 0.963243 -0.003183 0.268613
vn 0.961139 -0.029855 0.274446
vn 0.950943 -0.113575 0.287763
vn 0.879424 -0.375226 0.292949
vn 0.745856 -0.598431 0.292538
vn 0.275555 -0.912500 0.302347
vn 0.044403 -0.951985 0.302907
vn 0.012330 -0.952724 0.303586
vn 0.004776 -0.952658 0.304008
vn 0.000000 -0.952652 0.304065
vn 0.999632 -0.002349 -0.027034
vn 0.999221 -0.034867 -0.018500
vn 0.992919 -0.118688 -0.004982
vn 0.919646 -0.392717 -0.004973
vn 0.779408 -0.626497 -0.005018
vn 0.284925 -0.958536 -0.005200
vn 0.045577 -0.998947 -0.005223
vn 0.012830 -0.999904 -0.005233
vn 0.005010 -0.999974 -0.005243
vn 0.000000 -0.999986 -0.005250
vn -0.957225 0.000000 -0.289344
vn -0.953809 0.011005 -0.300211
vn -0.825626 0.013511 -0.564055
vn -0.828494 0.000000 -0.559998
vn -0.618439 0.014075 -0.785707
vn -0.615507 0.000000 -0.788132
vn -0.340848 0.012423 -0.940036
vn -0.329723 0.000000 -0.944078
vn -0.015576 0.008996 -0.999838
vn -0.000000 0.000000 -1.000000
vn 0.317349 0.004960 -0.948296
vn 0.329719 0.000000 -0.944079
vn 0.611122 0.001739 -0.791535
vn 0.615507 0.000000 -0.788132
vn 0.830408 0.000297 -0.557156
vn 0.828495 0.000000 -0.559996
vn 0.960159 0.000738 -0.279453
vn 0.957224 0.000000 -0.289347
vn 0.999912 0.002445 0.013026
vn 1.000000 0.000000 0.000000
vn 0.953990 0.004465 0.299806
vn 0.957224 0.000000 0.289348
vn 0.828496 0.000000 0.559994
vn 0.828496 0.000000 0.559994
vn 0.615507 0.000000 0.788132
vn 0.615507 0.000000 0.788132
vn 0.340656 0.004599 0.940177
vn 0.329719 0.000000 0.944079
vn 0.015091 0.002319 0.999883
vn -0.000000 0.000000 1.000000
vn -0.318024 0.000207 0.948083
vn -0.329723 0.000000 0.944078
vn -0.611766 -0.000568 0.791039
vn -0.615507 0.000000 0.788132
vn -0.830861 0.000598 0.556480
vn -0.828495 0.000000 0.559997
vn -0.960357 0.003500 0.278753
vn -0.957225 0.000000 0.289344
vn -0.999880 0.007324 -0.013624
vn -1.000000 0.000000 -0.000000
vn 0.000000 -1.000000 0.000000
vn 0.000000 -1.000000 0.000000
vn 0.000000 -1.000000 0.000000
vn 0.000000 -1.000000 0.000000
vn 0.000000 -1.000000 0.000000
vn 0.000000 -1.000000 0.000000
vn 0.000000 -1.000000 0.000000
vn 0.000000 -1.000000 0.000000
vn 0.000000 -1.000000 0.000000
vn 0.000000 -1.000000 0.000000
vn 0.000000 -1.000000 0.000000
vn 0.000000 -1.000000 0.000000
vn 0.000000 -1.000000 0.000000
vn 0.000000 -1.000000 0.000000
vn 0.000000 -1.000000 0.000000
vn 0.000000 -1.000000 0.000000
vn 0.000000 -1.000000 0.000000
vn 0.000000 -1.000000 0.000000
vn 0.000000 -1.000000 0.000000
vn 0.000000 -1.000000 0.000000
vn 0.000000 -1.000000 0.000000
vn -0.950336 -0.000643 -0.311227
vn -0.822413 0.001760 -0.568888
vn -0.951722 -0.036439 -0.304791
vn -0.822527 -0.033513 -0.567738
vn -0.948047 -0.112941 -0.297408
vn -0.816219 -0.096336 -0.569654
vn -0.876809 -0.373695 -0.302584
vn -0.751469 -0.318719 -0.577679
vn -0.743536 -0.596491 -0.302245
vn -0.638447 -0.509374 -0.576996
vn -0.274894 -0.909325 -0.312348
vn -0.242690 -0.767658 -0.593130
vn -0.044320 -0.948759 -0.312877
vn -0.040174 -0.805417 -0.591346
vn -0.012295 -0.949490 -0.313558
vn -0.010767 -0.806281 -0.591435
vn -0.004760 -0.949416 -0.313984
vn -0.004049 -0.805921 -0.592010
vn -0.620037 0.004693 -0.784559
vn -0.614763 -0.025382 -0.788303
vn -0.600096 -0.069224 -0.796928
vn -0.547906 -0.230363 -0.804196
vn -0.467121 -0.369459 -0.803305
vn -0.183433 -0.544794 -0.818261
vn -0.032132 -0.581180 -0.813141
vn -0.008367 -0.583956 -0.811742
vn -0.002940 -0.583448 -0.812145
vn -0.349286 0.007945 -0.936982
vn -0.336813 -0.012204 -0.941492
vn -0.312840 -0.033291 -0.949222
vn -0.280406 -0.115752 -0.952877
vn -0.240899 -0.188102 -0.952148
vn -0.096257 -0.264862 -0.959470
vn -0.019361 -0.297454 -0.954540
vn -0.005295 -0.304097 -0.952626
vn -0.001536 -0.303784 -0.952740
vn -0.027636 0.011191 -0.999556
vn -0.011214 0.004419 -0.999927
vn 0.015139 0.007626 -0.999856
vn 0.022117 0.012020 -0.999683
vn 0.016383 0.014266 -0.999764
vn 0.011725 0.037922 -0.999212
vn -0.002066 0.016386 -0.999864
vn -0.001830 0.005778 -0.999982
vn 0.000032 0.005633 -0.999984
vn 0.308416 0.013999 -0.951148
vn 0.321787 0.021414 -0.946570
vn 0.339932 0.048038 -0.939223
vn 0.320473 0.136236 -0.937410
vn 0.271780 0.211671 -0.938792
vn 0.127001 0.328207 -0.936029
vn 0.018143 0.327077 -0.944824
vn 0.001695 0.315050 -0.949073
vn 0.001612 0.314481 -0.949262
vn 0.609434 0.015986 -0.792675
vn 0.614887 0.035306 -0.787825
vn 0.619351 0.082717 -0.780745
vn 0.577729 0.241980 -0.779535
vn 0.493553 0.380618 -0.782007
vn 0.234102 0.577204 -0.782325
vn 0.038506 0.602757 -0.796995
vn 0.004921 0.593154 -0.805074
vn 0.003047 0.592461 -0.805594
vn 0.833892 0.016995 -0.551666
vn 0.832718 0.043817 -0.551961
vn 0.826572 0.108374 -0.552299
vn 0.769762 0.320106 -0.552266
vn 0.660194 0.506187 -0.554904
vn 0.319620 0.765387 -0.558592
vn 0.055864 0.817282 -0.573524
vn 0.007506 0.812817 -0.582471
vn 0.004190 0.812350 -0.583155
vn 0.963489 0.017085 -0.267203
vn 0.960672 0.046560 -0.273753
vn 0.951177 0.123744 -0.282756
vn 0.886068 0.367057 -0.283111
vn 0.761633 0.582068 -0.284802
vn 0.374181 0.881411 -0.288277
vn 0.067456 0.952335 -0.297501
vn 0.009172 0.952852 -0.303296
vn 0.004923 0.952732 -0.303773
vn 0.999485 0.016394 0.027578
vn 0.998842 0.044504 0.018259
vn 0.991678 0.128657 0.004815
vn 0.924054 0.382231 0.004914
vn 0.794829 0.606813 0.004898
vn 0.392499 0.919739 0.004971
vn 0.071435 0.997432 0.005131
vn 0.009734 0.999939 0.005242
vn 0.005171 0.999973 0.005258
vn 0.950307 0.015031 0.310952
vn 0.951902 0.039107 0.303895
vn 0.948424 0.123165 0.292101
vn 0.883525 0.365715 0.292638
vn 0.759336 0.580358 0.294268
vn 0.372921 0.878768 0.297819
vn 0.067183 0.949235 0.307310
vn 0.009133 0.949621 0.313267
vn 0.004906 0.949491 0.313757
vn 0.823158 0.012114 0.567683
vn 0.822935 0.012116 0.568006
vn 0.823448 0.031707 0.566504
vn 0.822629 0.014215 0.568401
vn 0.821065 0.107228 0.560674
vn 0.764675 0.317437 0.560808
vn 0.655643 0.502768 0.563344
vn 0.317222 0.760210 0.566967
vn 0.055366 0.811306 0.581994
vn 0.007433 0.806656 0.590975
vn 0.004158 0.806179 0.591657
vn 0.621438 0.012302 0.783367
vn 0.621688 0.012303 0.783168
vn 0.616472 0.023264 0.787033
vn 0.621353 0.008223 0.783487
vn 0.611235 0.081049 0.787289
vn 0.570256 0.238055 0.786217
vn 0.486929 0.375605 0.788556
vn 0.230799 0.569767 0.788732
vn 0.037856 0.594390 0.803285
vn 0.004821 0.584651 0.811270
vn 0.003002 0.583957 0.811779
vn 0.351648 0.007417 0.936103
vn 0.339256 0.014305 0.940585
vn 0.329786 0.045970 0.942936
vn 0.311182 0.131324 0.941233
vn 0.263622 0.205415 0.942501
vn 0.123195 0.319028 0.939704
vn 0.017446 0.317081 0.948238
vn 0.001580 0.305039 0.952339
vn 0.001561 0.304481 0.952517
vn 0.030758 0.004083 0.999519
vn 0.014051 0.005041 0.999889
vn 0.004149 0.005383 0.999977
vn 0.012086 0.006642 0.999905
vn 0.007618 0.007430 0.999943
vn 0.007911 0.027813 0.999582
vn -0.002704 0.005754 0.999980
vn -0.001949 -0.004750 0.999987
vn -0.000021 -0.004877 0.999988
vn -0.305264 0.000917 0.952267
vn -0.319309 -0.004403 0.947641
vn -0.323186 -0.035427 0.945672
vn -0.289837 -0.120911 0.949408
vn -0.249141 -0.194651 0.948704
vn -0.099573 -0.274809 0.956329
vn -0.019867 -0.307617 0.951303
vn -0.005406 -0.314117 0.949369
vn -0.001586 -0.313793 0.949490
vn -0.607091 -0.001557 0.794631
vn -0.613514 -0.013757 0.789564
vn -0.608505 -0.070995 0.790368
vn -0.555550 -0.234648 0.797687
vn -0.473830 -0.374895 0.796830
vn -0.185878 -0.553343 0.811949
vn -0.032474 -0.589785 0.806907
vn -0.008459 -0.592465 0.805552
vn -0.002983 -0.591959 0.805963
vn -0.832727 -0.002957 0.553675
vn -0.832550 -0.022496 0.553493
vn -0.821987 -0.097575 0.561086
vn -0.756696 -0.321718 0.569130
vn -0.643065 -0.513178 0.568433
vn -0.244188 -0.773806 0.584463
vn -0.040371 -0.811612 0.582800
vn -0.010834 -0.812451 0.582928
vn -0.004080 -0.812100 0.583504
vn -0.963241 -0.003183 0.268620
vn -0.961137 -0.029855 0.274453
vn -0.950943 -0.113575 0.287766
vn -0.879424 -0.375226 0.292947
vn -0.745856 -0.598432 0.292537
vn -0.275555 -0.912500 0.302347
vn -0.044402 -0.951985 0.302908
vn -0.012330 -0.952723 0.303589
vn -0.004776 -0.952657 0.304010
vn -0.999632 -0.002349 -0.027031
vn -0.999221 -0.034867 -0.018501
vn -0.992919 -0.118688 -0.004987
vn -0.919646 -0.392717 -0.004975
vn -0.779408 -0.626496 -0.005016
vn -0.284927 -0.958535 -0.005196
vn -0.045578 -0.998947 -0.005222
vn -0.012830 -0.999904 -0.005234
vn -0.005010 -0.999974 -0.005243
vn 0.000000 -0.951057 -0.309017
vn 0.000000 -0.809016 -0.587787
vn 0.000000 -0.809016 -0.587787
vn 0.000000 -0.951057 -0.309017
vn 0.000000 -0.587787 -0.809016
vn 0.000000 -0.587787 -0.809016
vn 0.000000 -0.309020 -0.951056
vn 0.000000 -0.309020 -0.951056
vn 0.000000 0.000000 -1.000000
vn 0.000000 0.000000 -1.000000
vn 0.000000 0.309019 -0.951056
vn 0.000000 0.309019 -0.951056
vn 0.000000 0.587786 -0.809017
vn 0.000000 0.587786 -0.809017
vn 0.000000 0.809017 -0.587785
vn 0.000000 0.809017 -0.587785
vn 0.000000 0.951057 -0.309017
vn 0.000000 0.951057 -0.309017
vn 0.000000 1.000000 0.000000
vn 0.000000 1.000000 0.000000
vn 0.000000 0.951057 0.309017
vn 0.000000 0.951057 0.309017
vn 0.000000 0.809017 0.587785
vn 0.000000 0.809017 0.587785
vn 0.000000 0.587786 0.809017
vn 0.000000 0.587786 0.809017
vn 0.000000 0.309019 0.951056
vn 0.000000 0.309019 0.951056
vn 0.000000 0.000000 1.000000
vn 0.000000 0.000000 1.000000
vn 0.000000 -0.309020 0.951056
vn 0.000000 -0.309020 0.951056
vn 0.000000 -0.587787 0.809016
vn 0.000000 -0.587787 0.809016
vn 0.000000 -0.809016 0.587787
vn 0.000000 -0.809016 0.587787
vn 0.000000 -0.951057 0.309017
vn 0.000000 -0.951057 0.309017
vn 0.000000 -1.000000 0.000000
vn 0.000000 -1.000000 0.000000
vn -1.000000 0.000000 0.000000
vn -1.000000 0.000000 0.000000
vn -1.000000 -0.000000 0.000000
vn -1.000000 -0.000035 0.000000
vn -1.000000 -0.000000 0.000000
vn -1.000000 0.000000 0.000000
vn -1.000000 -0.000018 0.000000
vn -1.000000 0.000018 0.000000
vn -1.000000 -0.000009 0.000000
vn -1.000000 -0.000009 0.000000
vn -1.000000 0.000000 0.000000
vn -1.000000 0.000000 0.000000
vn -1.000000 0.000000 0.000000
vn -1.000000 0.000035 0.000000
vn -1.000000 -0.000000 0.000000
vn -1.000000 0.000000 0.000000
vn -1.000000 0.000018 0.000000
vn -1.000000 -0.000018 0.000000
vn -1.000000 0.000009 0.000000
vn -1.000000 0.000009 0.000000
vn -1.000000 0.000000 0.000000
vn 1.000000 0.000000 0.000000
vn 1.000000 0.000000 0.000000
vn 1.000000 0.000000 0.000000
vn 1.000000 0.000000 0.000000
vn 1.000000 -0.000001 0.000000
vn 1.000000 0.000000 0.000000
vn 1.000000 0.000001 0.000000
vn 1.000000 0.000000 0.000000
vn 1.000000 0.000000 0.000000
vn 1.000000 0.000000 0.000000
vn 1.000000 0.000000 0.000000
vn 1.000000 0.000000 0.000000
vn 1.000000 0.000000 0.000000
vn 1.000000 0.000000 0.000000
vn 1.000000 0.000001 0.000000
vn 1.000000 0.000000 0.000000
vn 1.000000 -0.000001 0.000000
vn 1.000000 0.000000 0.000000
vn 1.000000 0.000000 0.000000
vn 1.000000 0.000000 0.000000
vn 1.000000 0.000000 0.000000
vn 0.000000 -0.951057 -0.309014
vn 0.000000 -0.809014 -0.587789
vn 0.000000 -0.809014 -0.587789
vn 0.000000 -0.951057 -0.309014
vn 0.000000 -0.587787 -0.809016
vn 0.000000 -0.587787 -0.809016
vn 0.000000 -0.309020 -0.951055
vn 0.000000 -0.309020 -0.951055
vn 0.000000 0.000000 -1.000000
vn 0.000000 0.000000 -1.000000
vn 0.000000 0.309019 -0.951056
vn 0.000000 0.309019 -0.951056
vn 0.000000 0.587787 -0.809016
vn 0.000000 0.587787 -0.809016
vn 0.000000 0.809017 -0.587785
vn 0.000000 0.809017 -0.587785
vn 0.000000 0.951056 -0.309019
vn 0.000000 0.951056 -0.309019
vn 0.000000 1.000000 0.000000
vn 0.000000 1.000000 0.000000
vn 0.000000 0.951056 0.309019
vn 0.000000 0.951056 0.309019
vn 0.000000 0.809017 0.587785
vn 0.000000 0.809017 0.587785
vn 0.000000 0.587787 0.809016
vn 0.000000 0.587787 0.809016
vn 0.000000 0.309019 0.951056
vn 0.000000 0.309019 0.951056
vn 0.000000 0.000000 1.000000
vn 0.000000 0.000000 1.000000
vn 0.000000 -0.309020 0.951055
vn 0.000000 -0.309020 0.951055
vn 0.000000 -0.587790 0.809014
vn 0.000000 -0.587790 0.809014
vn 0.000000 -0.809017 0.587785
vn 0.000000 -0.809017 0.587785
vn 0.000000 -0.951056 0.309019
vn 0.000000 -0.951056 0.309019
vn 0.000000 -1.000000 0.000005
vn 0.000000 -1.000000 0.000005
vn -1.000000 0.000000 0.000000
vn -1.000000 0.000000 0.000000
vn -1.000000 -0.000000 0.000000
vn -1.000000 -0.000035 0.000000
vn -1.000000 -0.000000 0.000000
vn -1.000000 0.000000 0.000000
vn -1.000000 -0.000018 0.000000
vn -1.000000 0.000018 0.000000
vn -1.000000 -0.000009 0.000000
vn -1.000000 -0.000009 0.000000
vn -1.000000 0.000000 0.000000
vn -1.000000 0.000000 0.000000
vn -1.000000 0.000000 0.000000
vn -1.000000 0.000035 0.000000
vn -1.000000 0.000000 0.000000
vn -1.000000 0.000000 0.000000
vn -1.000000 0.000018 0.000000
vn -1.000000 -0.000018 0.000000
vn -1.000000 0.000009 0.000000
vn -1.000000 0.000009 0.000000
vn -1.000000 0.000000 0.000000
vn 1.000000 0.000000 0.000000
vn 1.000000 0.000000 0.000000
vn 1.000000 0.000000 0.000000
vn 1.000000 0.000000 0.000000
vn 1.000000 -0.000001 0.000000
vn 1.000000 0.000000 0.000000
vn 1.000000 0.000001 0.000000
vn 1.000000 0.000000 0.000000
vn 1.000000 0.000000 0.000000
vn 1.000000 0.000000 0.000000
vn 1.000000 0.000000 0.000000
vn 1.000000 0.000000 0.000000
vn 1.000000 0.000000 0.000000
vn 1.000000 0.000000 0.000000
vn 1.000000 0.000001 0.000000
vn 1.000000 0.000000 0.000000
vn 1.000000 -0.000001 0.000000
vn 1.000000 0.000000 0.000000
vn 1.000000 0.000000 0.000000
vn 1.000000 0.000000 0.000000
vn 1.000000 0.000000 0.000000
s off
g Platform1
usemtl initialShadingGroup
f 1/13/1 2/2/2 4/4/3 3/3/4
f 3/3/5 4/4/6 6/6/7 5/5/8
f 5/5/9 6/6/10 8/8/11 7/7/12
f 7/7/13 8/8/14 2/10/15 1/9/16
f 2/14/17 8/11/18 6/6/19 4/4/20
f 7/12/21 1/1/22 3/3/23 5/5/24
s 1
f 9/15/25 10/16/26 30/17/27 29/18/28
f 10/16/26 11/19/29 31/20/30 30/17/27
f 11/19/29 12/21/31 32/22/32 31/20/30
f 12/21/31 13/23/33 33/24/34 32/22/32
f 13/23/33 14/25/35 34/26/36 33/24/34
f 14/25/35 15/27/37 35/28/38 34/26/36
f 15/27/37 16/29/39 36/30/40 35/28/38
f 16/29/39 17/31/41 37/32/42 36/30/40
f 17/31/41 18/33/43 38/34/44 37/32/42
f 18/33/43 19/35/45 39/36/46 38/34/44
f 19/35/45 20/37/47 40/38/48 39/36/46
f 20/37/47 21/39/49 41/40/50 40/38/48
f 21/39/49 22/41/51 42/42/52 41/40/50
f 22/41/51 23/43/53 43/44/54 42/42/52
f 23/43/53 24/45/55 44/46/56 43/44/54
f 24/45/55 25/47/57 45/48/58 44/46/56
f 25/47/57 26/49/59 46/50/60 45/48/58
f 26/49/59 27/51/61 47/52/62 46/50/60
f 27/51/61 28/53/63 48/54/64 47/52/62
f 28/53/63 9/55/25 29/56/28 48/54/64
s 2
f 10/57/65 9/58/66 49/59/67
f 11/60/68 10/57/65 49/59/67
f 12/61/69 11/60/68 49/59/67
f 13/62/70 12/61/69 49/59/67
f 14/63/71 13/62/70 49/59/67
f 15/64/72 14/63/71 49/59/67
f 16/65/73 15/64/72 49/59/67
f 17/66/74 16/65/73 49/59/67
f 18/67/75 17/66/74 49/59/67
f 19/68/76 18/67/75 49/59/67
f 20/69/77 19/68/76 49/59/67
f 21/70/78 20/69/77 49/59/67
f 22/71/79 21/70/78 49/59/67
f 23/72/80 22/71/79 49/59/67
f 24/73/81 23/72/80 49/59/67
f 25/74/82 24/73/81 49/59/67
f 26/75/83 25/74/82 49/59/67
f 27/76/84 26/75/83 49/59/67
f 28/77/85 27/76/84 49/59/67
f 9/58/66 28/77/85 49/59/67
s 1
f 29/18/28 30/17/27 60/78/86 50/79/87
f 50/79/87 60/78/86 61/80/88 51/81/89
f 51/81/89 61/80/88 62/82/90 52/83/91
f 52/83/91 62/82/90 63/84/92 53/85/93
f 53/85/93 63/84/92 64/86/94 54/87/95
f 54/87/95 64/86/94 65/88/96 55/89/97
f 55/89/97 65/88/96 66/90/98 56/91/99
f 56/91/99 66/90/98 67/92/100 57/93/101
f 57/93/101 67/92/100 68/94/102 58/95/103
f 58/95/103 68/94/102 69/96/104 59/97/105
f 30/17/27 31/20/30 70/98/106 60/78/86
f 60/78/86 70/98/106 71/99/107 61/80/88
f 61/80/88 71/99/107 72/100/108 62/82/90
f 62/82/90 72/100/108 73/101/109 63/84/92
f 63/84/92 73/101/109 74/102/110 64/86/94
f 64/86/94 74/102/110 75/103/111 65/88/96
f 65/88/96 75/103/111 76/104/112 66/90/98
f 66/90/98 76/104/112 77/105/113 67/92/100
f 67/92/100 77/105/113 78/106/114 68/94/102
f 68/94/102 78/106/114 79/107/115 69/96/104
f 31/20/30 32/22/32 80/108/116 70/98/106
f 70/98/106 80/108/116 81/109/117 71/99/107
f 71/99/107 81/109/117 82/110/118 72/100/108
f 72/100/108 82/110/118 83/111/119 73/101/109
f 73/101/109 83/111/119 84/112/120 74/102/110
f 74/102/110 84/112/120 85/113/121 75/103/111
f 75/103/111 85/113/121 86/114/122 76/104/112
f 76/104/112 86/114/122 87/115/123 77/105/113
f 77/105/113 87/115/123 88/116/124 78/106/114
f 78/106/114 88/116/124 89/117/125 79/107/115
f 32/22/32 33/24/34 90/118/126 80/108/116
f 80/108/116 90/118/126 91/119/127 81/109/117
f 81/109/117 91/119/127 92/120/128 82/110/118
f 82/110/118 92/120/128 93/121/129 83/111/119
f 83/111/119 93/121/129 94/122/130 84/112/120
f 84/112/120 94/122/130 95/123/131 85/113/121
f 85/113/121 95/123/131 96/124/132 86/114/122
f 86/114/122 96/124/132 97/125/133 87/115/123
f 87/115/123 97/125/133 98/126/134 88/116/124
f 88/116/124 98/126/134 99/127/135 89/117/125
f 33/24/34 34/26/36 100/128/136 90/118/126
f 90/118/126 100/128/136 101/129/137 91/119/127
f 91/119/127 101/129/137 102/130/138 92/120/128
f 92/120/128 102/130/138 103/131/139 93/121/129
f 93/121/129 103/131/139 104/132/140 94/122/130
f 94/122/130 104/132/140 105/133/141 95/123/131
f 95/123/131 105/133/141 106/134/142 96/124/132
f 96/124/132 106/134/142 107/135/143 97/125/133
f 97/125/133 107/135/143 108/136/144 98/126/134
f 98/126/134 108/136/144 109/137/145 99/127/135
f 34/26/36 35/28/38 110/138/146 100/128/136
f 100/128/136 110/138/146 111/139/147 101/129/137
f 101/129/137 111/139/147 112/140/148 102/130/138
f 102/130/138 112/140/148 113/141/149 103/131/139
f 103/131/139 113/141/149 114/142/150 104/132/140
f 104/132/140 114/142/150 115/143/151 105/133/141
f 105/133/141 115/143/151 116/144/152 106/134/142
f 106/134/142 116/144/152 117/145/153 107/135/143
f 107/135/143 117/145/153 118/146/154 108/136/144
f 108/136/144 118/146/154 119/147/155 109/137/145
f 35/28/38 36/30/40 120/148/156 110/138/146
f 110/138/146 120/148/156 121/149/157 111/139/147
f 111/139/147 121/149/157 122/150/158 112/140/148
f 112/140/148 122/150/158 123/151/159 113/141/149
f 113/141/149 123/151/159 124/152/160 114/142/150
f 114/142/150 124/152/160 125/153/161 115/143/151
f 115/143/151 125/153/161 126/154/162 116/144/152
f 116/144/152 126/154/162 127/155/163 117/145/153
f 117/145/153 127/155/163 128/156/164 118/146/154
f 118/146/154 128/156/164 129/157/165 119/147/155
f 36/30/40 37/32/42 130/158/166 120/148/156
f 120/148/156 130/158/166 131/159/167 121/149/157
f 121/149/157 131/159/167 132/160/168 122/150/158
f 122/150/158 132/160/168 133/161/169 123/151/159
f 123/151/159 133/161/169 134/162/170 124/152/160
f 124/152/160 134/162/170 135/163/171 125/153/161
f 125/153/161 135/163/171 136/164/172 126/154/162
f 126/154/162 136/164/172 137/165/173 127/155/163
f 127/155/163 137/165/173 138/166/174 128/156/164
f 128/156/164 138/166/174 139/167/175 129/157/165
f 37/32/42 38/34/44 140/168/176 130/158/166
f 130/158/166 140/168/176 141/169/177 131/159/167
f 131/159/167 141/169/177 142/170/178 132/160/168
f 132/160/168 142/170/178 143/171/179 133/161/169
f 133/161/169 143/171/179 144/172/180 134/162/170
f 134/162/170 144/172/180 145/173/181 135/163/171
f 135/163/171 145/173/181 146/174/182 136/164/172
f 136/164/172 146/174/182 147/175/183 137/165/173
f 137/165/173 147/175/183 148/176/184 138/166/174
f 138/166/174 148/176/184 149/177/185 139/167/175
f 38/34/44 39/36/46 150/178/186 140/168/176
f 140/168/176 150/178/186 151/179/187 141/169/177
f 141/169/177 151/179/187 152/180/188 142/170/178
f 142/170/178 152/180/188 153/181/189 143/171/179
f 143/171/179 153/181/189 154/182/190 144/172/180
f 144/172/180 154/182/190 155/183/191 145/173/181
f 145/173/181 155/183/191 156/184/192 146/174/182
f 146/174/182 156/184/192 157/185/193 147/175/183
f 147/175/183 157/185/193 158/186/194 148/176/184
f 148/176/184 158/186/194 159/187/195 149/177/185
f 39/36/46 40/38/196 160/188/197 150/178/186
f 150/178/186 160/188/198 161/189/199 151/179/187
f 151/179/187 161/189/199 162/190/200 152/180/188
f 152/180/188 162/190/200 163/191/201 153/181/189
f 153/181/189 163/191/201 164/192/202 154/182/190
f 154/182/190 164/192/202 165/193/203 155/183/191
f 155/183/191 165/193/203 166/194/204 156/184/192
f 156/184/192 166/194/204 167/195/205 157/185/193
f 157/185/193 167/195/205 168/196/206 158/186/194
f 158/186/194 168/196/206 169/197/207 159/187/195
f 40/38/196 41/40/208 170/198/209 160/188/197
f 160/188/198 170/198/210 171/199/211 161/189/199
f 161/189/199 171/199/211 172/200/212 162/190/200
f 162/190/200 172/200/212 173/201/213 163/191/201
f 163/191/201 173/201/213 174/202/214 164/192/202
f 164/192/202 174/202/214 175/203/215 165/193/203
f 165/193/203 175/203/215 176/204/216 166/194/204
f 166/194/204 176/204/216 177/205/217 167/195/205
f 167/195/205 177/205/217 178/206/218 168/196/206
f 168/196/206 178/206/218 179/207/219 169/197/207
f 41/40/208 42/42/52 180/208/220 170/198/209
f 170/198/210 180/208/220 181/209/221 171/199/211
f 171/199/211 181/209/221 182/210/222 172/200/212
f 172/200/212 182/210/222 183/211/223 173/201/213
f 173/201/213 183/211/223 184/212/224 174/202/214
f 174/202/214 184/212/224 185/213/225 175/203/215
f 175/203/215 185/213/225 186/214/226 176/204/216
f 176/204/216 186/214/226 187/215/227 177/205/217
f 177/205/217 187/215/227 188/216/228 178/206/218
f 178/206/218 188/216/228 189/217/229 179/207/219
f 42/42/52 43/44/54 190/218/230 180/208/220
f 180/208/220 190/218/230 191/219/231 181/209/221
f 181/209/221 191/219/231 192/220/232 182/210/222
f 182/210/222 192/220/232 193/221/233 183/211/223
f 183/211/223 193/221/233 194/222/234 184/212/224
f 184/212/224 194/222/234 195/223/235 185/213/225
f 185/213/225 195/223/235 196/224/236 186/214/226
f 186/214/226 196/224/236 197/225/237 187/215/227
f 187/215/227 197/225/237 198/226/238 188/216/228
f 188/216/228 198/226/238 199/227/239 189/217/229
f 43/44/54 44/46/56 200/228/240 190/218/230
f 190/218/230 200/228/240 201/229/241 191/219/231
f 191/219/231 201/229/241 202/230/242 192/220/232
f 192/220/232 202/230/242 203/231/243 193/221/233
f 193/221/233 203/231/243 204/232/244 194/222/234
f 194/222/234 204/232/244 205/233/245 195/223/235
f 195/223/235 205/233/245 206/234/246 196/224/236
f 196/224/236 206/234/246 207/235/247 197/225/237
f 197/225/237 207/235/247 208/236/248 198/226/238
f 198/226/238 208/236/248 209/237/249 199/227/239
f 44/46/56 45/48/58 210/238/250 200/228/240
f 200/228/240 210/238/250 211/239/251 201/229/241
f 201/229/241 211/239/251 212/240/252 202/230/242
f 202/230/242 212/240/252 213/241/253 203/231/243
f 203/231/243 213/241/253 214/242/254 204/232/244
f 204/232/244 214/242/254 215/243/255 205/233/245
f 205/233/245 215/243/255 216/244/256 206/234/246
f 206/234/246 216/244/256 217/245/257 207/235/247
f 207/235/247 217/245/257 218/246/258 208/236/248
f 208/236/248 218/246/258 219/247/259 209/237/249
f 45/48/58 46/50/60 220/248/260 210/238/250
f 210/238/250 220/248/260 221/249/261 211/239/251
f 211/239/251 221/249/261 222/250/262 212/240/252
f 212/240/252 222/250/262 223/251/263 213/241/253
f 213/241/253 223/251/263 224/252/264 214/242/254
f 214/242/254 224/252/264 225/253/265 215/243/255
f 215/243/255 225/253/265 226/254/266 216/244/256
f 216/244/256 226/254/266 227/255/267 217/245/257
f 217/245/257 227/255/267 228/256/268 218/246/258
f 218/246/258 228/256/268 229/257/269 219/247/259
f 46/50/60 47/52/62 230/258/270 220/248/260
f 220/248/260 230/258/270 231/259/271 221/249/261
f 221/249/261 231/259/271 232/260/272 222/250/262
f 222/250/262 232/260/272 233/261/273 223/251/263
f 223/251/263 233/261/273 234/262/274 224/252/264
f 224/252/264 234/262/274 235/263/275 225/253/265
f 225/253/265 235/263/275 236/264/276 226/254/266
f 226/254/266 236/264/276 237/265/277 227/255/267
f 227/255/267 237/265/277 238/266/278 228/256/268
f 228/256/268 238/266/278 239/267/279 229/257/269
f 47/52/62 48/54/64 240/268/280 230/258/270
f 230/258/270 240/268/280 241/269/281 231/259/271
f 231/259/271 241/269/281 242/270/282 232/260/272
f 232/260/272 242/270/282 243/271/283 233/261/273
f 233/261/273 243/271/283 244/272/284 234/262/274
f 234/262/274 244/272/284 245/273/285 235/263/275
f 235/263/275 245/273/285 246/274/286 236/264/276
f 236/264/276 246/274/286 247/275/287 237/265/277
f 237/265/277 247/275/287 248/276/288 238/266/278
f 238/266/278 248/276/288 249/277/289 239/267/279
f 48/54/64 29/56/28 50/278/87 240/268/280
f 240/268/280 50/278/87 51/279/89 241/269/281
f 241/269/281 51/279/89 52/280/91 242/270/282
f 242/270/282 52/280/91 53/281/93 243/271/283
f 243/271/283 53/281/93 54/282/95 244/272/284
f 244/272/284 54/282/95 55/283/97 245/273/285
f 245/273/285 55/283/97 56/284/99 246/274/286
f 246/274/286 56/284/99 57/285/101 247/275/287
f 247/275/287 57/285/101 58/286/103 248/276/288
f 248/276/288 58/286/103 59/287/105 249/277/289
f 250/288/290 270/289/291 271/290/292 251/291/293
f 251/291/293 271/290/292 272/292/294 252/293/295
f 252/293/295 272/292/294 273/294/296 253/295/297
f 253/295/297 273/294/296 274/296/298 254/297/299
f 254/297/299 274/296/298 275/298/300 255/299/301
f 255/299/301 275/298/300 276/300/302 256/301/303
f 256/301/303 276/300/302 277/302/304 257/303/305
f 257/303/305 277/302/304 278/304/306 258/305/307
f 258/305/307 278/304/306 279/306/308 259/307/309
f 259/307/309 279/306/308 280/308/310 260/309/311
f 260/309/311 280/308/310 281/310/312 261/311/313
f 261/311/313 281/310/312 282/312/314 262/313/315
f 262/313/315 282/312/314 283/314/316 263/315/317
f 263/315/317 283/314/316 284/316/318 264/317/319
f 264/317/319 284/316/318 285/318/320 265/319/321
f 265/319/321 285/318/320 286/320/322 266/321/323
f 266/321/323 286/320/322 287/322/324 267/323/325
f 267/323/325 287/322/324 288/324/326 268/325/327
f 268/325/327 288/324/326 289/326/328 269/327/329
f 269/327/329 289/326/328 270/328/291 250/329/290
s 4
f 251/330/330 290/331/331 250/332/332
f 252/333/333 290/331/331 251/330/330
f 253/334/334 290/331/331 252/333/333
f 254/335/335 290/331/331 253/334/334
f 255/336/336 290/331/331 254/335/335
f 256/337/337 290/331/331 255/336/336
f 257/338/338 290/331/331 256/337/337
f 258/339/339 290/331/331 257/338/338
f 259/340/340 290/331/331 258/339/339
f 260/341/341 290/331/331 259/340/340
f 261/342/342 290/331/331 260/341/341
f 262/343/343 290/331/331 261/342/342
f 263/344/344 290/331/331 262/343/343
f 264/345/345 290/331/331 263/344/344
f 265/346/346 290/331/331 264/345/345
f 266/347/347 290/331/331 265/346/346
f 267/348/348 290/331/331 266/347/347
f 268/349/349 290/331/331 267/348/348
f 269/350/350 290/331/331 268/349/349
f 250/332/332 290/331/331 269/350/350
s 1
f 270/289/291 291/351/351 300/352/352 271/290/292
f 291/351/351 292/353/353 301/354/354 300/352/352
f 292/353/353 293/355/355 302/356/356 301/354/354
f 293/355/355 294/357/357 303/358/358 302/356/356
f 294/357/357 295/359/359 304/360/360 303/358/358
f 295/359/359 296/361/361 305/362/362 304/360/360
f 296/361/361 297/363/363 306/364/364 305/362/362
f 297/363/363 298/365/365 307/366/366 306/364/364
f 298/365/365 299/367/367 308/368/368 307/366/366
f 299/367/367 59/369/105 69/370/104 308/368/368
f 271/290/292 300/352/352 309/371/369 272/292/294
f 300/352/352 301/354/354 310/372/370 309/371/369
f 301/354/354 302/356/356 311/373/371 310/372/370
f 302/356/356 303/358/358 312/374/372 311/373/371
f 303/358/358 304/360/360 313/375/373 312/374/372
f 304/360/360 305/362/362 314/376/374 313/375/373
f 305/362/362 306/364/364 315/377/375 314/376/374
f 306/364/364 307/366/366 316/378/376 315/377/375
f 307/366/366 308/368/368 317/379/377 316/378/376
f 308/368/368 69/370/104 79/380/115 317/379/377
f 272/292/294 309/371/369 318/381/378 273/294/296
f 309/371/369 310/372/370 319/382/379 318/381/378
f 310/372/370 311/373/371 320/383/380 319/382/379
f 311/373/371 312/374/372 321/384/381 320/383/380
f 312/374/372 313/375/373 322/385/382 321/384/381
f 313/375/373 314/376/374 323/386/383 322/385/382
f 314/376/374 315/377/375 324/387/384 323/386/383
f 315/377/375 316/378/376 325/388/385 324/387/384
f 316/378/376 317/379/377 326/389/386 325/388/385
f 317/379/377 79/380/115 89/390/125 326/389/386
f 273/294/296 318/381/378 327/391/387 274/296/298
f 318/381/378 319/382/379 328/392/388 327/391/387
f 319/382/379 320/383/380 329/393/389 328/392/388
f 320/383/380 321/384/381 330/394/390 329/393/389
f 321/384/381 322/385/382 331/395/391 330/394/390
f 322/385/382 323/386/383 332/396/392 331/395/391
f 323/386/383 324/387/384 333/397/393 332/396/392
f 324/387/384 325/388/385 334/398/394 333/397/393
f 325/388/385 326/389/386 335/399/395 334/398/394
f 326/389/386 89/390/125 99/400/135 335/399/395
f 274/296/298 327/391/387 336/401/396 275/298/300
f 327/391/387 328/392/388 337/402/397 336/401/396
f 328/392/388 329/393/389 338/403/398 337/402/397
f 329/393/389 330/394/390 339/404/399 338/403/398
f 330/394/390 331/395/391 340/405/400 339/404/399
f 331/395/391 332/396/392 341/406/401 340/405/400
f 332/396/392 333/397/393 342/407/402 341/406/401
f 333/397/393 334/398/394 343/408/403 342/407/402
f 334/398/394 335/399/395 344/409/404 343/408/403
f 335/399/395 99/400/135 109/410/145 344/409/404
f 275/298/300 336/401/396 345/411/405 276/300/302
f 336/401/396 337/402/397 346/412/406 345/411/405
f 337/402/397 338/403/398 347/413/407 346/412/406
f 338/403/398 339/404/399 348/414/408 347/413/407
f 339/404/399 340/405/400 349/415/409 348/414/408
f 340/405/400 341/406/401 350/416/410 349/415/409
f 341/406/401 342/407/402 351/417/411 350/416/410
f 342/407/402 343/408/403 352/418/412 351/417/411
f 343/408/403 344/409/404 353/419/413 352/418/412
f 344/409/404 109/410/145 119/420/155 353/419/413
f 276/300/302 345/411/405 354/421/414 277/302/304
f 345/411/405 346/412/406 355/422/415 354/421/414
f 346/412/406 347/413/407 356/423/416 355/422/415
f 347/413/407 348/414/408 357/424/417 356/423/416
f 348/414/408 349/415/409 358/425/418 357/424/417
f 349/415/409 350/416/410 359/426/419 358/425/418
f 350/416/410 351/417/411 360/427/420 359/426/419
f 351/417/411 352/418/412 361/428/421 360/427/420
f 352/418/412 353/419/413 362/429/422 361/428/421
f 353/419/413 119/420/155 129/430/165 362/429/422
f 277/302/304 354/421/414 363/431/423 278/304/306
f 354/421/414 355/422/415 364/432/424 363/431/423
f 355/422/415 356/423/416 365/433/425 364/432/424
f 356/423/416 357/424/417 366/434/426 365/433/425
f 357/424/417 358/425/418 367/435/427 366/434/426
f 358/425/418 359/426/419 368/436/428 367/435/427
f 359/426/419 360/427/420 369/437/429 368/436/428
f 360/427/420 361/428/421 370/438/430 369/437/429
f 361/428/421 362/429/422 371/439/431 370/438/430
f 362/429/422 129/430/165 139/440/175 371/439/431
f 278/304/306 363/431/423 372/441/432 279/306/308
f 363/431/423 364/432/424 373/442/433 372/441/432
f 364/432/424 365/433/425 374/443/434 373/442/433
f 365/433/425 366/434/426 375/444/435 374/443/434
f 366/434/426 367/435/427 376/445/436 375/444/435
f 367/435/427 368/436/428 377/446/437 376/445/436
f 368/436/428 369/437/429 378/447/438 377/446/437
f 369/437/429 370/438/430 379/448/439 378/447/438
f 370/438/430 371/439/431 380/449/440 379/448/439
f 371/439/431 139/440/175 149/450/185 380/449/440
f 279/306/308 372/441/432 381/451/441 280/308/310
f 372/441/432 373/442/433 382/452/442 381/451/441
f 373/442/433 374/443/434 383/453/443 382/452/442
f 374/443/434 375/444/435 384/454/444 383/453/443
f 375/444/435 376/445/436 385/455/445 384/454/444
f 376/445/436 377/446/437 386/456/446 385/455/445
f 377/446/437 378/447/438 387/457/447 386/456/446
f 378/447/438 379/448/439 388/458/448 387/457/447
f 379/448/439 380/449/440 389/459/449 388/458/448
f 380/449/440 149/450/185 159/460/195 389/459/449
f 280/308/310 381/451/441 390/461/450 281/310/451
f 381/451/441 382/452/442 391/462/452 390/461/453
f 382/452/442 383/453/443 392/463/454 391/462/452
f 383/453/443 384/454/444 393/464/455 392/463/454
f 384/454/444 385/455/445 394/465/456 393/464/455
f 385/455/445 386/456/446 395/466/457 394/465/456
f 386/456/446 387/457/447 396/467/458 395/466/457
f 387/457/447 388/458/448 397/468/459 396/467/458
f 388/458/448 389/459/449 398/469/460 397/468/459
f 389/459/449 159/460/195 169/470/207 398/469/460
f 281/310/451 390/461/450 399/471/461 282/312/462
f 390/461/453 391/462/452 400/472/463 399/471/464
f 391/462/452 392/463/454 401/473/465 400/472/463
f 392/463/454 393/464/455 402/474/466 401/473/465
f 393/464/455 394/465/456 403/475/467 402/474/466
f 394/465/456 395/466/457 404/476/468 403/475/467
f 395/466/457 396/467/458 405/477/469 404/476/468
f 396/467/458 397/468/459 406/478/470 405/477/469
f 397/468/459 398/469/460 407/479/471 406/478/470
f 398/469/460 169/470/207 179/480/219 407/479/471
f 282/312/462 399/471/461 408/481/472 283/314/316
f 399/471/464 400/472/463 409/482/473 408/481/472
f 400/472/463 401/473/465 410/483/474 409/482/473
f 401/473/465 402/474/466 411/484/475 410/483/474
f 402/474/466 403/475/467 412/485/476 411/484/475
f 403/475/467 404/476/468 413/486/477 412/485/476
f 404/476/468 405/477/469 414/487/478 413/486/477
f 405/477/469 406/478/470 415/488/479 414/487/478
f 406/478/470 407/479/471 416/489/480 415/488/479
f 407/479/471 179/480/219 189/490/229 416/489/480
f 283/314/316 408/481/472 417/491/481 284/316/318
f 408/481/472 409/482/473 418/492/482 417/491/481
f 409/482/473 410/483/474 419/493/483 418/492/482
f 410/483/474 411/484/475 420/494/484 419/493/483
f 411/484/475 412/485/476 421/495/485 420/494/484
f 412/485/476 413/486/477 422/496/486 421/495/485
f 413/486/477 414/487/478 423/497/487 422/496/486
f 414/487/478 415/488/479 424/498/488 423/497/487
f 415/488/479 416/489/480 425/499/489 424/498/488
f 416/489/480 189/490/229 199/500/239 425/499/489
f 284/316/318 417/491/481 426/501/490 285/318/320
f 417/491/481 418/492/482 427/502/491 426/501/490
f 418/492/482 419/493/483 428/503/492 427/502/491
f 419/493/483 420/494/484 429/504/493 428/503/492
f 420/494/484 421/495/485 430/505/494 429/504/493
f 421/495/485 422/496/486 431/506/495 430/505/494
f 422/496/486 423/497/487 432/507/496 431/506/495
f 423/497/487 424/498/488 433/508/497 432/507/496
f 424/498/488 425/499/489 434/509/498 433/508/497
f 425/499/489 199/500/239 209/510/249 434/509/498
f 285/318/320 426/501/490 435/511/499 286/320/322
f 426/501/490 427/502/491 436/512/500 435/511/499
f 427/502/491 428/503/492 437/513/501 436/512/500
f 428/503/492 429/504/493 438/514/502 437/513/501
f 429/504/493 430/505/494 439/515/503 438/514/502
f 430/505/494 431/506/495 440/516/504 439/515/503
f 431/506/495 432/507/496 441/517/505 440/516/504
f 432/507/496 433/508/497 442/518/506 441/517/505
f 433/508/497 434/509/498 443/519/507 442/518/506
f 434/509/498 209/510/249 219/520/259 443/519/507
f 286/320/322 435/511/499 444/521/508 287/322/324
f 435/511/499 436/512/500 445/522/509 444/521/508
f 436/512/500 437/513/501 446/523/510 445/522/509
f 437/513/501 438/514/502 447/524/511 446/523/510
f 438/514/502 439/515/503 448/525/512 447/524/511
f 439/515/503 440/516/504 449/526/513 448/525/512
f 440/516/504 441/517/505 450/527/514 449/526/513
f 441/517/505 442/518/506 451/528/515 450/527/514
f 442/518/506 443/519/507 452/529/516 451/528/515
f 443/519/507 219/520/259 229/530/269 452/529/516
f 287/322/324 444/521/508 453/531/517 288/324/326
f 444/521/508 445/522/509 454/532/518 453/531/517
f 445/522/509 446/523/510 455/533/519 454/532/518
f 446/523/510 447/524/511 456/534/520 455/533/519
f 447/524/511 448/525/512 457/535/521 456/534/520
f 448/525/512 449/526/513 458/536/522 457/535/521
f 449/526/513 450/527/514 459/537/523 458/536/522
f 450/527/514 451/528/515 460/538/524 459/537/523
f 451/528/515 452/529/516 461/539/525 460/538/524
f 452/529/516 229/530/269 239/540/279 461/539/525
f 288/324/326 453/531/517 462/541/526 289/326/328
f 453/531/517 454/532/518 463/542/527 462/541/526
f 454/532/518 455/533/519 464/543/528 463/542/527
f 455/533/519 456/534/520 465/544/529 464/543/528
f 456/534/520 457/535/521 466/545/530 465/544/529
f 457/535/521 458/536/522 467/546/531 466/545/530
f 458/536/522 459/537/523 468/547/532 467/546/531
f 459/537/523 460/538/524 469/548/533 468/547/532
f 460/538/524 461/539/525 470/549/534 469/548/533
f 461/539/525 239/540/279 249/550/289 470/549/534
f 289/326/328 462/541/526 291/551/351 270/328/291
f 462/541/526 463/542/527 292/552/353 291/551/351
f 463/542/527 464/543/528 293/553/355 292/552/353
f 464/543/528 465/544/529 294/554/357 293/553/355
f 465/544/529 466/545/530 295/555/359 294/554/357
f 466/545/530 467/546/531 296/556/361 295/555/359
f 467/546/531 468/547/532 297/557/363 296/556/361
f 468/547/532 469/548/533 298/558/365 297/557/363
f 469/548/533 470/549/534 299/559/367 298/558/365
f 470/549/534 249/550/289 59/560/105 299/559/367
s 5
f 471/561/535 472/562/536 492/563/537 491/564/538
f 472/562/536 473/565/539 493/566/540 492/563/537
f 473/565/539 474/567/541 494/568/542 493/566/540
f 474/567/541 475/569/543 495/570/544 494/568/542
f 475/569/543 476/571/545 496/572/546 495/570/544
f 476/571/545 477/573/547 497/574/548 496/572/546
f 477/573/547 478/575/549 498/576/550 497/574/548
f 478/575/549 479/577/551 499/578/552 498/576/550
f 479/577/551 480/579/553 500/580/554 499/578/552
f 480/579/553 481/581/555 501/582/556 500/580/554
f 481/581/555 482/583/557 502/584/558 501/582/556
f 482/583/557 483/585/559 503/586/560 502/584/558
f 483/585/559 484/587/561 504/588/562 503/586/560
f 484/587/561 485/589/563 505/590/564 504/588/562
f 485/589/563 486/591/565 506/592/566 505/590/564
f 486/591/565 487/593/567 507/594/568 506/592/566
f 487/593/567 488/595/569 508/596/570 507/594/568
f 488/595/569 489/597/571 509/598/572 508/596/570
f 489/597/571 490/599/573 510/600/574 509/598/572
f 490/599/573 471/601/535 491/602/538 510/600/574
s 6
f 472/603/575 471/604/576 511/605/577
f 473/606/578 472/603/575 511/605/577
f 474/607/579 473/606/578 511/605/577
f 475/608/580 474/607/579 511/605/577
f 476/609/581 475/608/580 511/605/577
f 477/610/582 476/609/581 511/605/577
f 478/611/583 477/610/582 511/605/577
f 479/612/584 478/611/583 511/605/577
f 480/613/585 479/612/584 511/605/577
f 481/614/586 480/613/585 511/605/577
f 482/615/587 481/614/586 511/605/577
f 483/616/588 482/615/587 511/605/577
f 484/617/589 483/616/588 511/605/577
f 485/618/590 484/617/589 511/605/577
f 486/619/591 485/618/590 511/605/577
f 487/620/592 486/619/591 511/605/577
f 488/621/593 487/620/592 511/605/577
f 489/622/594 488/621/593 511/605/577
f 490/623/595 489/622/594 511/605/577
f 471/604/576 490/623/595 511/605/577
s 7
f 491/624/596 492/625/597 512/626/598
f 492/625/597 493/627/599 512/626/598
f 493/627/599 494/628/600 512/626/598
f 494/628/600 495/629/601 512/626/598
f 495/629/601 496/630/602 512/626/598
f 496/630/602 497/631/603 512/626/598
f 497/631/603 498/632/604 512/626/598
f 498/632/604 499/633/605 512/626/598
f 499/633/605 500/634/606 512/626/598
f 500/634/606 501/635/607 512/626/598
f 501/635/607 502/636/608 512/626/598
f 502/636/608 503/637/609 512/626/598
f 503/637/609 504/638/610 512/626/598
f 504/638/610 505/639/611 512/626/598
f 505/639/611 506/640/612 512/626/598
f 506/640/612 507/641/613 512/626/598
f 507/641/613 508/642/614 512/626/598
f 508/642/614 509/643/615 512/626/598
f 509/643/615 510/644/616 512/626/598
f 510/644/616 491/624/596 512/626/598
s 8
f 513/645/617 514/646/618 534/647/619 533/648/620
f 514/646/618 515/649/621 535/650/622 534/647/619
f 515/649/621 516/651/623 536/652/624 535/650/622
f 516/651/623 517/653/625 537/654/626 536/652/624
f 517/653/625 518/655/627 538/656/628 537/654/626
f 518/655/627 519/657/629 539/658/630 538/656/628
f 519/657/629 520/659/631 540/660/632 539/658/630
f 520/659/631 521/661/633 541/662/634 540/660/632
f 521/661/633 522/663/635 542/664/636 541/662/634
f 522/663/635 523/665/637 543/666/638 542/664/636
f 523/665/637 524/667/639 544/668/640 543/666/638
f 524/667/639 525/669/641 545/670/642 544/668/640
f 525/669/641 526/671/643 546/672/644 545/670/642
f 526/671/643 527/673/645 547/674/646 546/672/644
f 527/673/645 528/675/647 548/676/648 547/674/646
f 528/675/647 529/677/649 549/678/650 548/676/648
f 529/677/649 530/679/651 550/680/652 549/678/650
f 530/679/651 531/681/653 551/682/654 550/680/652
f 531/681/653 532/683/655 552/684/656 551/682/654
f 532/683/655 513/685/617 533/686/620 552/684/656
s 9
f 514/687/657 513/688/658 553/689/659
f 515/690/660 514/687/657 553/689/659
f 516/691/661 515/690/660 553/689/659
f 517/692/662 516/691/661 553/689/659
f 518/693/663 517/692/662 553/689/659
f 519/694/664 518/693/663 553/689/659
f 520/695/665 519/694/664 553/689/659
f 521/696/666 520/695/665 553/689/659
f 522/697/667 521/696/666 553/689/659
f 523/698/668 522/697/667 553/689/659
f 524/699/669 523/698/668 553/689/659
f 525/700/670 524/699/669 553/689/659
f 526/701/671 525/700/670 553/689/659
f 527/702/672 526/701/671 553/689/659
f 528/703/673 527/702/672 553/689/659
f 529/704/674 528/703/673 553/689/659
f 530/705/675 529/704/674 553/689/659
f 531/706/676 530/705/675 553/689/659
f 532/707/677 531/706/676 553/689/659
f 513/688/658 532/707/677 553/689/659
s 10
f 533/708/678 534/709/679 554/710/680
f 534/709/679 535/711/681 554/710/680
f 535/711/681 536/712/682 554/710/680
f 536/712/682 537/713/683 554/710/680
f 537/713/683 538/714/684 554/710/680
f 538/714/684 539/715/685 554/710/680
f 539/715/685 540/716/686 554/710/680
f 540/716/686 541/717/687 554/710/680
f 541/717/687 542/718/688 554/710/680
f 542/718/688 543/719/689 554/710/680
f 543/719/689 544/720/690 554/710/680
f 544/720/690 545/721/691 554/710/680
f 545/721/691 546/722/692 554/710/680
f 546/722/692 547/723/693 554/710/680
f 547/723/693 548/724/694 554/710/680
f 548/724/694 549/725/695 554/710/680
f 549/725/695 550/726/696 554/710/680
f 550/726/696 551/727/697 554/710/680
f 551/727/697 552/728/698 554/710/680
f 552/728/698 533/708/678 554/710/680
s 11
f 555/729/699 556/730/700 576/731/701 575/732/702
f 556/730/700 557/733/703 577/734/704 576/731/701
f 557/733/703 558/735/705 578/736/706 577/734/704
f 558/735/705 559/737/707 579/738/708 578/736/706
f 559/737/707 560/739/709 580/740/710 579/738/708
f 560/739/709 561/741/711 581/742/712 580/740/710
f 561/741/711 562/743/713 582/744/714 581/742/712
f 562/743/713 563/745/715 583/746/716 582/744/714
f 563/745/715 564/747/717 584/748/718 583/746/716
f 564/747/717 565/749/719 585/750/720 584/748/718
f 565/749/719 566/751/721 586/752/722 585/750/720
f 566/751/721 567/753/723 587/754/724 586/752/722
f 567/753/723 568/755/725 588/756/726 587/754/724
f 568/755/725 569/757/727 589/758/728 588/756/726
f 569/757/727 570/759/729 590/760/730 589/758/728
f 570/759/729 571/761/731 591/762/732 590/760/730
f 571/761/731 572/763/733 592/764/734 591/762/732
f 572/763/733 573/765/735 593/766/736 592/764/734
f 573/765/735 574/767/737 594/768/738 593/766/736
f 574/767/737 555/769/699 575/770/702 594/768/738
s 12
f 556/771/739 555/772/740 595/773/741
f 557/774/742 556/771/739 595/773/741
f 558/775/743 557/774/742 595/773/741
f 559/776/744 558/775/743 595/773/741
f 560/777/745 559/776/744 595/773/741
f 561/778/746 560/777/745 595/773/741
f 562/779/747 561/778/746 595/773/741
f 563/780/748 562/779/747 595/773/741
f 564/781/749 563/780/748 595/773/741
f 565/782/750 564/781/749 595/773/741
f 566/783/751 565/782/750 595/773/741
f 567/784/752 566/783/751 595/773/741
f 568/785/753 567/784/752 595/773/741
f 569/786/754 568/785/753 595/773/741
f 570/787/755 569/786/754 595/773/741
f 571/788/756 570/787/755 595/773/741
f 572/789/757 571/788/756 595/773/741
f 573/790/758 572/789/757 595/773/741
f 574/791/759 573/790/758 595/773/741
f 555/772/740 574/791/759 595/773/741
s 11
f 575/732/702 576/731/701 606/792/760 596/793/761
f 596/793/761 606/792/760 607/794/762 597/795/763
f 597/795/763 607/794/762 608/796/764 598/797/765
f 598/797/765 608/796/764 609/798/766 599/799/767
f 599/799/767 609/798/766 610/800/768 600/801/769
f 600/801/769 610/800/768 611/802/770 601/803/771
f 601/803/771 611/802/770 612/804/772 602/805/773
f 602/805/773 612/804/772 613/806/774 603/807/775
f 603/807/775 613/806/774 614/808/776 604/809/777
f 604/809/777 614/808/776 615/810/778 605/811/779
f 576/731/701 577/734/704 616/812/780 606/792/760
f 606/792/760 616/812/780 617/813/781 607/794/762
f 607/794/762 617/813/781 618/814/782 608/796/764
f 608/796/764 618/814/782 619/815/783 609/798/766
f 609/798/766 619/815/783 620/816/784 610/800/768
f 610/800/768 620/816/784 621/817/785 611/802/770
f 611/802/770 621/817/785 622/818/786 612/804/772
f 612/804/772 622/818/786 623/819/787 613/806/774
f 613/806/774 623/819/787 624/820/788 614/808/776
f 614/808/776 624/820/788 625/821/789 615/810/778
f 577/734/704 578/736/706 626/822/790 616/812/780
f 616/812/780 626/822/790 627/823/791 617/813/781
f 617/813/781 627/823/791 628/824/792 618/814/782
f 618/814/782 628/824/792 629/825/793 619/815/783
f 619/815/783 629/825/793 630/826/794 620/816/784
f 620/816/784 630/826/794 631/827/795 621/817/785
f 621/817/785 631/827/795 632/828/796 622/818/786
f 622/818/786 632/828/796 633/829/797 623/819/787
f 623/819/787 633/829/797 634/830/798 624/820/788
f 624/820/788 634/830/798 635/831/799 625/821/789
f 578/736/706 579/738/708 636/832/800 626/822/790
f 626/822/790 636/832/800 637/833/801 627/823/791
f 627/823/791 637/833/801 638/834/802 628/824/792
f 628/824/792 638/834/802 639/835/803 629/825/793
f 629/825/793 639/835/803 640/836/804 630/826/794
f 630/826/794 640/836/804 641/837/805 631/827/795
f 631/827/795 641/837/805 642/838/806 632/828/796
f 632/828/796 642/838/806 643/839/807 633/829/797
f 633/829/797 643/839/807 644/840/808 634/830/798
f 634/830/798 644/840/808 645/841/809 635/831/799
f 579/738/708 580/740/710 646/842/810 636/832/800
f 636/832/800 646/842/810 647/843/811 637/833/801
f 637/833/801 647/843/811 648/844/812 638/834/802
f 638/834/802 648/844/812 649/845/813 639/835/803
f 639/835/803 649/845/813 650/846/814 640/836/804
f 640/836/804 650/846/814 651/847/815 641/837/805
f 641/837/805 651/847/815 652/848/816 642/838/806
f 642/838/806 652/848/816 653/849/817 643/839/807
f 643/839/807 653/849/817 654/850/818 644/840/808
f 644/840/808 654/850/818 655/851/819 645/841/809
f 580/740/710 581/742/712 656/852/820 646/842/810
f 646/842/810 656/852/820 657/853/821 647/843/811
f 647/843/811 657/853/821 658/854/822 648/844/812
f 648/844/812 658/854/822 659/855/823 649/845/813
f 649/845/813 659/855/823 660/856/824 650/846/814
f 650/846/814 660/856/824 661/857/825 651/847/815
f 651/847/815 661/857/825 662/858/826 652/848/816
f 652/848/816 662/858/826 663/859/827 653/849/817
f 653/849/817 663/859/827 664/860/828 654/850/818
f 654/850/818 664/860/828 665/861/829 655/851/819
f 581/742/712 582/744/714 666/862/830 656/852/820
f 656/852/820 666/862/830 667/863/831 657/853/821
f 657/853/821 667/863/831 668/864/832 658/854/822
f 658/854/822 668/864/832 669/865/833 659/855/823
f 659/855/823 669/865/833 670/866/834 660/856/824
f 660/856/824 670/866/834 671/867/835 661/857/825
f 661/857/825 671/867/835 672/868/836 662/858/826
f 662/858/826 672/868/836 673/869/837 663/859/827
f 663/859/827 673/869/837 674/870/838 664/860/828
f 664/860/828 674/870/838 675/871/839 665/861/829
f 582/744/714 583/746/716 676/872/840 666/862/830
f 666/862/830 676/872/840 677/873/841 667/863/831
f 667/863/831 677/873/841 678/874/842 668/864/832
f 668/864/832 678/874/842 679/875/843 669/865/833
f 669/865/833 679/875/843 680/876/844 670/866/834
f 670/866/834 680/876/844 681/877/845 671/867/835
f 671/867/835 681/877/845 682/878/846 672/868/836
f 672/868/836 682/878/846 683/879/847 673/869/837
f 673/869/837 683/879/847 684/880/848 674/870/838
f 674/870/838 684/880/848 685/881/849 675/871/839
f 583/746/716 584/748/718 686/882/850 676/872/840
f 676/872/840 686/882/850 687/883/851 677/873/841
f 677/873/841 687/883/851 688/884/852 678/874/842
f 678/874/842 688/884/852 689/885/853 679/875/843
f 679/875/843 689/885/853 690/886/854 680/876/844
f 680/876/844 690/886/854 691/887/855 681/877/845
f 681/877/845 691/887/855 692/888/856 682/878/846
f 682/878/846 692/888/856 693/889/857 683/879/847
f 683/879/847 693/889/857 694/890/858 684/880/848
f 684/880/848 694/890/858 695/891/859 685/881/849
f 584/748/718 585/750/720 696/892/860 686/882/850
f 686/882/850 696/892/860 697/893/861 687/883/851
f 687/883/851 697/893/861 698/894/862 688/884/852
f 688/884/852 698/894/862 699/895/863 689/885/853
f 689/885/853 699/895/863 700/896/864 690/886/854
f 690/886/854 700/896/864 701/897/865 691/887/855
f 691/887/855 701/897/865 702/898/866 692/888/856
f 692/888/856 702/898/866 703/899/867 693/889/857
f 693/889/857 703/899/867 704/900/868 694/890/858
f 694/890/858 704/900/868 705/901/869 695/891/859
f 585/750/720 586/752/870 706/902/871 696/892/860
f 696/892/860 706/902/872 707/903/873 697/893/861
f 697/893/861 707/903/873 708/904/874 698/894/862
f 698/894/862 708/904/874 709/905/875 699/895/863
f 699/895/863 709/905/875 710/906/876 700/896/864
f 700/896/864 710/906/876 711/907/877 701/897/865
f 701/897/865 711/907/877 712/908/878 702/898/866
f 702/898/866 712/908/878 713/909/879 703/899/867
f 703/899/867 713/909/879 714/910/880 704/900/868
f 704/900/868 714/910/880 715/911/881 705/901/869
f 586/752/870 587/754/882 716/912/883 706/902/871
f 706/902/872 716/912/884 717/913/885 707/903/873
f 707/903/873 717/913/885 718/914/886 708/904/874
f 708/904/874 718/914/886 719/915/887 709/905/875
f 709/905/875 719/915/887 720/916/888 710/906/876
f 710/906/876 720/916/888 721/917/889 711/907/877
f 711/907/877 721/917/889 722/918/890 712/908/878
f 712/908/878 722/918/890 723/919/891 713/909/879
f 713/909/879 723/919/891 724/920/892 714/910/880
f 714/910/880 724/920/892 725/921/893 715/911/881
f 587/754/882 588/756/726 726/922/894 716/912/883
f 716/912/884 726/922/894 727/923/895 717/913/885
f 717/913/885 727/923/895 728/924/896 718/914/886
f 718/914/886 728/924/896 729/925/897 719/915/887
f 719/915/887 729/925/897 730/926/898 720/916/888
f 720/916/888 730/926/898 731/927/899 721/917/889
f 721/917/889 731/927/899 732/928/900 722/918/890
f 722/918/890 732/928/900 733/929/901 723/919/891
f 723/919/891 733/929/901 734/930/902 724/920/892
f 724/920/892 734/930/902 735/931/903 725/921/893
f 588/756/726 589/758/728 736/932/904 726/922/894
f 726/922/894 736/932/904 737/933/905 727/923/895
f 727/923/895 737/933/905 738/934/906 728/924/896
f 728/924/896 738/934/906 739/935/907 729/925/897
f 729/925/897 739/935/907 740/936/908 730/926/898
f 730/926/898 740/936/908 741/937/909 731/927/899
f 731/927/899 741/937/909 742/938/910 732/928/900
f 732/928/900 742/938/910 743/939/911 733/929/901
f 733/929/901 743/939/911 744/940/912 734/930/902
f 734/930/902 744/940/912 745/941/913 735/931/903
f 589/758/728 590/760/730 746/942/914 736/932/904
f 736/932/904 746/942/914 747/943/915 737/933/905
f 737/933/905 747/943/915 748/944/916 738/934/906
f 738/934/906 748/944/916 749/945/917 739/935/907
f 739/935/907 749/945/917 750/946/918 740/936/908
f 740/936/908 750/946/918 751/947/919 741/937/909
f 741/937/909 751/947/919 752/948/920 742/938/910
f 742/938/910 752/948/920 753/949/921 743/939/911
f 743/939/911 753/949/921 754/950/922 744/940/912
f 744/940/912 754/950/922 755/951/923 745/941/913
f 590/760/730 591/762/732 756/952/924 746/942/914
f 746/942/914 756/952/924 757/953/925 747/943/915
f 747/943/915 757/953/925 758/954/926 748/944/916
f 748/944/916 758/954/926 759/955/927 749/945/917
f 749/945/917 759/955/927 760/956/928 750/946/918
f 750/946/918 760/956/928 761/957/929 751/947/919
f 751/947/919 761/957/929 762/958/930 752/948/920
f 752/948/920 762/958/930 763/959/931 753/949/921
f 753/949/921 763/959/931 764/960/932 754/950/922
f 754/950/922 764/960/932 765/961/933 755/951/923
f 591/762/732 592/764/734 766/962/934 756/952/924
f 756/952/924 766/962/934 767/963/935 757/953/925
f 757/953/925 767/963/935 768/964/936 758/954/926
f 758/954/926 768/964/936 769/965/937 759/955/927
f 759/955/927 769/965/937 770/966/938 760/956/928
f 760/956/928 770/966/938 771/967/939 761/957/929
f 761/957/929 771/967/939 772/968/940 762/958/930
f 762/958/930 772/968/940 773/969/941 763/959/931
f 763/959/931 773/969/941 774/970/942 764/960/932
f 764/960/932 774/970/942 775/971/943 765/961/933
f 592/764/734 593/766/736 776/972/944 766/962/934
f 766/962/934 776/972/944 777/973/945 767/963/935
f 767/963/935 777/973/945 778/974/946 768/964/936
f 768/964/936 778/974/946 779/975/947 769/965/937
f 769/965/937 779/975/947 780/976/948 770/966/938
f 770/966/938 780/976/948 781/977/949 771/967/939
f 771/967/939 781/977/949 782/978/950 772/968/940
f 772/968/940 782/978/950 783/979/951 773/969/941
f 773/969/941 783/979/951 784/980/952 774/970/942
f 774/970/942 784/980/952 785/981/953 775/971/943
f 593/766/736 594/768/738 786/982/954 776/972/944
f 776/972/944 786/982/954 787/983/955 777/973/945
f 777/973/945 787/983/955 788/984/956 778/974/946
f 778/974/946 788/984/956 789/985/957 779/975/947
f 779/975/947 789/985/957 790/986/958 780/976/948
f 780/976/948 790/986/958 791/987/959 781/977/949
f 781/977/949 791/987/959 792/988/960 782/978/950
f 782/978/950 792/988/960 793/989/961 783/979/951
f 783/979/951 793/989/961 794/990/962 784/980/952
f 784/980/952 794/990/962 795/991/963 785/981/953
f 594/768/738 575/770/702 596/992/761 786/982/954
f 786/982/954 596/992/761 597/993/763 787/983/955
f 787/983/955 597/993/763 598/994/765 788/984/956
f 788/984/956 598/994/765 599/995/767 789/985/957
f 789/985/957 599/995/767 600/996/769 790/986/958
f 790/986/958 600/996/769 601/997/771 791/987/959
f 791/987/959 601/997/771 602/998/773 792/988/960
f 792/988/960 602/998/773 603/999/775 793/989/961
f 793/989/961 603/999/775 604/1000/777 794/990/962
f 794/990/962 604/1000/777 605/1001/779 795/991/963
f 796/1002/964 816/1003/965 817/1004/966 797/1005/967
f 797/1005/967 817/1004/966 818/1006/968 798/1007/969
f 798/1007/969 818/1006/968 819/1008/970 799/1009/971
f 799/1009/971 819/1008/970 820/1010/972 800/1011/973
f 800/1011/973 820/1010/972 821/1012/974 801/1013/975
f 801/1013/975 821/1012/974 822/1014/976 802/1015/977
f 802/1015/977 822/1014/976 823/1016/978 803/1017/979
f 803/1017/979 823/1016/978 824/1018/980 804/1019/981
f 804/1019/981 824/1018/980 825/1020/982 805/1021/983
f 805/1021/983 825/1020/982 826/1022/984 806/1023/985
f 806/1023/985 826/1022/984 827/1024/986 807/1025/987
f 807/1025/987 827/1024/986 828/1026/988 808/1027/989
f 808/1027/989 828/1026/988 829/1028/990 809/1029/991
f 809/1029/991 829/1028/990 830/1030/992 810/1031/993
f 810/1031/993 830/1030/992 831/1032/994 811/1033/995
f 811/1033/995 831/1032/994 832/1034/996 812/1035/997
f 812/1035/997 832/1034/996 833/1036/998 813/1037/999
f 813/1037/999 833/1036/998 834/1038/1000 814/1039/1001
f 814/1039/1001 834/1038/1000 835/1040/1002 815/1041/1003
f 815/1041/1003 835/1040/1002 816/1042/965 796/1043/964
s 14
f 797/1044/1004 836/1045/1005 796/1046/1006
f 798/1047/1007 836/1045/1005 797/1044/1004
f 799/1048/1008 836/1045/1005 798/1047/1007
f 800/1049/1009 836/1045/1005 799/1048/1008
f 801/1050/1010 836/1045/1005 800/1049/1009
f 802/1051/1011 836/1045/1005 801/1050/1010
f 803/1052/1012 836/1045/1005 802/1051/1011
f 804/1053/1013 836/1045/1005 803/1052/1012
f 805/1054/1014 836/1045/1005 804/1053/1013
f 806/1055/1015 836/1045/1005 805/1054/1014
f 807/1056/1016 836/1045/1005 806/1055/1015
f 808/1057/1017 836/1045/1005 807/1056/1016
f 809/1058/1018 836/1045/1005 808/1057/1017
f 810/1059/1019 836/1045/1005 809/1058/1018
f 811/1060/1020 836/1045/1005 810/1059/1019
f 812/1061/1021 836/1045/1005 811/1060/1020
f 813/1062/1022 836/1045/1005 812/1061/1021
f 814/1063/1023 836/1045/1005 813/1062/1022
f 815/1064/1024 836/1045/1005 814/1063/1023
f 796/1046/1006 836/1045/1005 815/1064/1024
s 11
f 816/1003/965 837/1065/1025 846/1066/1026 817/1004/966
f 837/1065/1025 838/1067/1027 847/1068/1028 846/1066/1026
f 838/1067/1027 839/1069/1029 848/1070/1030 847/1068/1028
f 839/1069/1029 840/1071/1031 849/1072/1032 848/1070/1030
f 840/1071/1031 841/1073/1033 850/1074/1034 849/1072/1032
f 841/1073/1033 842/1075/1035 851/1076/1036 850/1074/1034
f 842/1075/1035 843/1077/1037 852/1078/1038 851/1076/1036
f 843/1077/1037 844/1079/1039 853/1080/1040 852/1078/1038
f 844/1079/1039 845/1081/1041 854/1082/1042 853/1080/1040
f 845/1081/1041 605/1083/779 615/1084/778 854/1082/1042
f 817/1004/966 846/1066/1026 855/1085/1043 818/1006/968
f 846/1066/1026 847/1068/1028 856/1086/1044 855/1085/1043
f 847/1068/1028 848/1070/1030 857/1087/1045 856/1086/1044
f 848/1070/1030 849/1072/1032 858/1088/1046 857/1087/1045
f 849/1072/1032 850/1074/1034 859/1089/1047 858/1088/1046
f 850/1074/1034 851/1076/1036 860/1090/1048 859/1089/1047
f 851/1076/1036 852/1078/1038 861/1091/1049 860/1090/1048
f 852/1078/1038 853/1080/1040 862/1092/1050 861/1091/1049
f 853/1080/1040 854/1082/1042 863/1093/1051 862/1092/1050
f 854/1082/1042 615/1084/778 625/1094/789 863/1093/1051
f 818/1006/968 855/1085/1043 864/1095/1052 819/1008/970
f 855/1085/1043 856/1086/1044 865/1096/1053 864/1095/1052
f 856/1086/1044 857/1087/1045 866/1097/1054 865/1096/1053
f 857/1087/1045 858/1088/1046 867/1098/1055 866/1097/1054
f 858/1088/1046 859/1089/1047 868/1099/1056 867/1098/1055
f 859/1089/1047 860/1090/1048 869/1100/1057 868/1099/1056
f 860/1090/1048 861/1091/1049 870/1101/1058 869/1100/1057
f 861/1091/1049 862/1092/1050 871/1102/1059 870/1101/1058
f 862/1092/1050 863/1093/1051 872/1103/1060 871/1102/1059
f 863/1093/1051 625/1094/789 635/1104/799 872/1103/1060
f 819/1008/970 864/1095/1052 873/1105/1061 820/1010/972
f 864/1095/1052 865/1096/1053 874/1106/1062 873/1105/1061
f 865/1096/1053 866/1097/1054 875/1107/1063 874/1106/1062
f 866/1097/1054 867/1098/1055 876/1108/1064 875/1107/1063
f 867/1098/1055 868/1099/1056 877/1109/1065 876/1108/1064
f 868/1099/1056 869/1100/1057 878/1110/1066 877/1109/1065
f 869/1100/1057 870/1101/1058 879/1111/1067 878/1110/1066
f 870/1101/1058 871/1102/1059 880/1112/1068 879/1111/1067
f 871/1102/1059 872/1103/1060 881/1113/1069 880/1112/1068
f 872/1103/1060 635/1104/799 645/1114/809 881/1113/1069
f 820/1010/972 873/1105/1061 882/1115/1070 821/1012/974
f 873/1105/1061 874/1106/1062 883/1116/1071 882/1115/1070
f 874/1106/1062 875/1107/1063 884/1117/1072 883/1116/1071
f 875/1107/1063 876/1108/1064 885/1118/1073 884/1117/1072
f 876/1108/1064 877/1109/1065 886/1119/1074 885/1118/1073
f 877/1109/1065 878/1110/1066 887/1120/1075 886/1119/1074
f 878/1110/1066 879/1111/1067 888/1121/1076 887/1120/1075
f 879/1111/1067 880/1112/1068 889/1122/1077 888/1121/1076
f 880/1112/1068 881/1113/1069 890/1123/1078 889/1122/1077
f 881/1113/1069 645/1114/809 655/1124/819 890/1123/1078
f 821/1012/974 882/1115/1070 891/1125/1079 822/1014/976
f 882/1115/1070 883/1116/1071 892/1126/1080 891/1125/1079
f 883/1116/1071 884/1117/1072 893/1127/1081 892/1126/1080
f 884/1117/1072 885/1118/1073 894/1128/1082 893/1127/1081
f 885/1118/1073 886/1119/1074 895/1129/1083 894/1128/1082
f 886/1119/1074 887/1120/1075 896/1130/1084 895/1129/1083
f 887/1120/1075 888/1121/1076 897/1131/1085 896/1130/1084
f 888/1121/1076 889/1122/1077 898/1132/1086 897/1131/1085
f 889/1122/1077 890/1123/1078 899/1133/1087 898/1132/1086
f 890/1123/1078 655/1124/819 665/1134/829 899/1133/1087
f 822/1014/976 891/1125/1079 900/1135/1088 823/1016/978
f 891/1125/1079 892/1126/1080 901/1136/1089 900/1135/1088
f 892/1126/1080 893/1127/1081 902/1137/1090 901/1136/1089
f 893/1127/1081 894/1128/1082 903/1138/1091 902/1137/1090
f 894/1128/1082 895/1129/1083 904/1139/1092 903/1138/1091
f 895/1129/1083 896/1130/1084 905/1140/1093 904/1139/1092
f 896/1130/1084 897/1131/1085 906/1141/1094 905/1140/1093
f 897/1131/1085 898/1132/1086 907/1142/1095 906/1141/1094
f 898/1132/1086 899/1133/1087 908/1143/1096 907/1142/1095
f 899/1133/1087 665/1134/829 675/1144/839 908/1143/1096
f 823/1016/978 900/1135/1088 909/1145/1097 824/1018/980
f 900/1135/1088 901/1136/1089 910/1146/1098 909/1145/1097
f 901/1136/1089 902/1137/1090 911/1147/1099 910/1146/1098
f 902/1137/1090 903/1138/1091 912/1148/1100 911/1147/1099
f 903/1138/1091 904/1139/1092 913/1149/1101 912/1148/1100
f 904/1139/1092 905/1140/1093 914/1150/1102 913/1149/1101
f 905/1140/1093 906/1141/1094 915/1151/1103 914/1150/1102
f 906/1141/1094 907/1142/1095 916/1152/1104 915/1151/1103
f 907/1142/1095 908/1143/1096 917/1153/1105 916/1152/1104
f 908/1143/1096 675/1144/839 685/1154/849 917/1153/1105
f 824/1018/980 909/1145/1097 918/1155/1106 825/1020/982
f 909/1145/1097 910/1146/1098 919/1156/1107 918/1155/1106
f 910/1146/1098 911/1147/1099 920/1157/1108 919/1156/1107
f 911/1147/1099 912/1148/1100 921/1158/1109 920/1157/1108
f 912/1148/1100 913/1149/1101 922/1159/1110 921/1158/1109
f 913/1149/1101 914/1150/1102 923/1160/1111 922/1159/1110
f 914/1150/1102 915/1151/1103 924/1161/1112 923/1160/1111
f 915/1151/1103 916/1152/1104 925/1162/1113 924/1161/1112
f 916/1152/1104 917/1153/1105 926/1163/1114 925/1162/1113
f 917/1153/1105 685/1154/849 695/1164/859 926/1163/1114
f 825/1020/982 918/1155/1106 927/1165/1115 826/1022/984
f 918/1155/1106 919/1156/1107 928/1166/1116 927/1165/1115
f 919/1156/1107 920/1157/1108 929/1167/1117 928/1166/1116
f 920/1157/1108 921/1158/1109 930/1168/1118 929/1167/1117
f 921/1158/1109 922/1159/1110 931/1169/1119 930/1168/1118
f 922/1159/1110 923/1160/1111 932/1170/1120 931/1169/1119
f 923/1160/1111 924/1161/1112 933/1171/1121 932/1170/1120
f 924/1161/1112 925/1162/1113 934/1172/1122 933/1171/1121
f 925/1162/1113 926/1163/1114 935/1173/1123 934/1172/1122
f 926/1163/1114 695/1164/859 705/1174/869 935/1173/1123
f 826/1022/984 927/1165/1115 936/1175/1124 827/1024/1125
f 927/1165/1115 928/1166/1116 937/1176/1126 936/1175/1127
f 928/1166/1116 929/1167/1117 938/1177/1128 937/1176/1126
f 929/1167/1117 930/1168/1118 939/1178/1129 938/1177/1128
f 930/1168/1118 931/1169/1119 940/1179/1130 939/1178/1129
f 931/1169/1119 932/1170/1120 941/1180/1131 940/1179/1130
f 932/1170/1120 933/1171/1121 942/1181/1132 941/1180/1131
f 933/1171/1121 934/1172/1122 943/1182/1133 942/1181/1132
f 934/1172/1122 935/1173/1123 944/1183/1134 943/1182/1133
f 935/1173/1123 705/1174/869 715/1184/881 944/1183/1134
f 827/1024/1125 936/1175/1124 945/1185/1135 828/1026/1136
f 936/1175/1127 937/1176/1126 946/1186/1137 945/1185/1138
f 937/1176/1126 938/1177/1128 947/1187/1139 946/1186/1137
f 938/1177/1128 939/1178/1129 948/1188/1140 947/1187/1139
f 939/1178/1129 940/1179/1130 949/1189/1141 948/1188/1140
f 940/1179/1130 941/1180/1131 950/1190/1142 949/1189/1141
f 941/1180/1131 942/1181/1132 951/1191/1143 950/1190/1142
f 942/1181/1132 943/1182/1133 952/1192/1144 951/1191/1143
f 943/1182/1133 944/1183/1134 953/1193/1145 952/1192/1144
f 944/1183/1134 715/1184/881 725/1194/893 953/1193/1145
f 828/1026/1136 945/1185/1135 954/1195/1146 829/1028/990
f 945/1185/1138 946/1186/1137 955/1196/1147 954/1195/1146
f 946/1186/1137 947/1187/1139 956/1197/1148 955/1196/1147
f 947/1187/1139 948/1188/1140 957/1198/1149 956/1197/1148
f 948/1188/1140 949/1189/1141 958/1199/1150 957/1198/1149
f 949/1189/1141 950/1190/1142 959/1200/1151 958/1199/1150
f 950/1190/1142 951/1191/1143 960/1201/1152 959/1200/1151
f 951/1191/1143 952/1192/1144 961/1202/1153 960/1201/1152
f 952/1192/1144 953/1193/1145 962/1203/1154 961/1202/1153
f 953/1193/1145 725/1194/893 735/1204/903 962/1203/1154
f 829/1028/990 954/1195/1146 963/1205/1155 830/1030/992
f 954/1195/1146 955/1196/1147 964/1206/1156 963/1205/1155
f 955/1196/1147 956/1197/1148 965/1207/1157 964/1206/1156
f 956/1197/1148 957/1198/1149 966/1208/1158 965/1207/1157
f 957/1198/1149 958/1199/1150 967/1209/1159 966/1208/1158
f 958/1199/1150 959/1200/1151 968/1210/1160 967/1209/1159
f 959/1200/1151 960/1201/1152 969/1211/1161 968/1210/1160
f 960/1201/1152 961/1202/1153 970/1212/1162 969/1211/1161
f 961/1202/1153 962/1203/1154 971/1213/1163 970/1212/1162
f 962/1203/1154 735/1204/903 745/1214/913 971/1213/1163
f 830/1030/992 963/1205/1155 972/1215/1164 831/1032/994
f 963/1205/1155 964/1206/1156 973/1216/1165 972/1215/1164
f 964/1206/1156 965/1207/1157 974/1217/1166 973/1216/1165
f 965/1207/1157 966/1208/1158 975/1218/1167 974/1217/1166
f 966/1208/1158 967/1209/1159 976/1219/1168 975/1218/1167
f 967/1209/1159 968/1210/1160 977/1220/1169 976/1219/1168
f 968/1210/1160 969/1211/1161 978/1221/1170 977/1220/1169
f 969/1211/1161 970/1212/1162 979/1222/1171 978/1221/1170
f 970/1212/1162 971/1213/1163 980/1223/1172 979/1222/1171
f 971/1213/1163 745/1214/913 755/1224/923 980/1223/1172
f 831/1032/994 972/1215/1164 981/1225/1173 832/1034/996
f 972/1215/1164 973/1216/1165 982/1226/1174 981/1225/1173
f 973/1216/1165 974/1217/1166 983/1227/1175 982/1226/1174
f 974/1217/1166 975/1218/1167 984/1228/1176 983/1227/1175
f 975/1218/1167 976/1219/1168 985/1229/1177 984/1228/1176
f 976/1219/1168 977/1220/1169 986/1230/1178 985/1229/1177
f 977/1220/1169 978/1221/1170 987/1231/1179 986/1230/1178
f 978/1221/1170 979/1222/1171 988/1232/1180 987/1231/1179
f 979/1222/1171 980/1223/1172 989/1233/1181 988/1232/1180
f 980/1223/1172 755/1224/923 765/1234/933 989/1233/1181
f 832/1034/996 981/1225/1173 990/1235/1182 833/1036/998
f 981/1225/1173 982/1226/1174 991/1236/1183 990/1235/1182
f 982/1226/1174 983/1227/1175 992/1237/1184 991/1236/1183
f 983/1227/1175 984/1228/1176 993/1238/1185 992/1237/1184
f 984/1228/1176 985/1229/1177 994/1239/1186 993/1238/1185
f 985/1229/1177 986/1230/1178 995/1240/1187 994/1239/1186
f 986/1230/1178 987/1231/1179 996/1241/1188 995/1240/1187
f 987/1231/1179 988/1232/1180 997/1242/1189 996/1241/1188
f 988/1232/1180 989/1233/1181 998/1243/1190 997/1242/1189
f 989/1233/1181 765/1234/933 775/1244/943 998/1243/1190
f 833/1036/998 990/1235/1182 999/1245/1191 834/1038/1000
f 990/1235/1182 991/1236/1183 1000/1246/1192 999/1245/1191
f 991/1236/1183 992/1237/1184 1001/1247/1193 1000/1246/1192
f 992/1237/1184 993/1238/1185 1002/1248/1194 1001/1247/1193
f 993/1238/1185 994/1239/1186 1003/1249/1195 1002/1248/1194
f 994/1239/1186 995/1240/1187 1004/1250/1196 1003/1249/1195
f 995/1240/1187 996/1241/1188 1005/1251/1197 1004/1250/1196
f 996/1241/1188 997/1242/1189 1006/1252/1198 1005/1251/1197
f 997/1242/1189 998/1243/1190 1007/1253/1199 1006/1252/1198
f 998/1243/1190 775/1244/943 785/1254/953 1007/1253/1199
f 834/1038/1000 999/1245/1191 1008/1255/1200 835/1040/1002
f 999/1245/1191 1000/1246/1192 1009/1256/1201 1008/1255/1200
f 1000/1246/1192 1001/1247/1193 1010/1257/1202 1009/1256/1201
f 1001/1247/1193 1002/1248/1194 1011/1258/1203 1010/1257/1202
f 1002/1248/1194 1003/1249/1195 1012/1259/1204 1011/1258/1203
f 1003/1249/1195 1004/1250/1196 1013/1260/1205 1012/1259/1204
f 1004/1250/1196 1005/1251/1197 1014/1261/1206 1013/1260/1205
f 1005/1251/1197 1006/1252/1198 1015/1262/1207 1014/1261/1206
f 1006/1252/1198 1007/1253/1199 1016/1263/1208 1015/1262/1207
f 1007/1253/1199 785/1254/953 795/1264/963 1016/1263/1208
f 835/1040/1002 1008/1255/1200 837/1265/1025 816/1042/965
f 1008/1255/1200 1009/1256/1201 838/1266/1027 837/1265/1025
f 1009/1256/1201 1010/1257/1202 839/1267/1029 838/1266/1027
f 1010/1257/1202 1011/1258/1203 840/1268/1031 839/1267/1029
f 1011/1258/1203 1012/1259/1204 841/1269/1033 840/1268/1031
f 1012/1259/1204 1013/1260/1205 842/1270/1035 841/1269/1033
f 1013/1260/1205 1014/1261/1206 843/1271/1037 842/1270/1035
f 1014/1261/1206 1015/1262/1207 844/1272/1039 843/1271/1037
f 1015/1262/1207 1016/1263/1208 845/1273/1041 844/1272/1039
f 1016/1263/1208 795/1264/963 605/1274/779 845/1273/1041
s 15
f 1017/1275/1209 1018/1276/1210 1038/1277/1211 1037/1278/1212
f 1018/1276/1210 1019/1279/1213 1039/1280/1214 1038/1277/1211
f 1019/1279/1213 1020/1281/1215 1040/1282/1216 1039/1280/1214
f 1020/1281/1215 1021/1283/1217 1041/1284/1218 1040/1282/1216
f 1021/1283/1217 1022/1285/1219 1042/1286/1220 1041/1284/1218
f 1022/1285/1219 1023/1287/1221 1043/1288/1222 1042/1286/1220
f 1023/1287/1221 1024/1289/1223 1044/1290/1224 1043/1288/1222
f 1024/1289/1223 1025/1291/1225 1045/1292/1226 1044/1290/1224
f 1025/1291/1225 1026/1293/1227 1046/1294/1228 1045/1292/1226
f 1026/1293/1227 1027/1295/1229 1047/1296/1230 1046/1294/1228
f 1027/1295/1229 1028/1297/1231 1048/1298/1232 1047/1296/1230
f 1028/1297/1231 1029/1299/1233 1049/1300/1234 1048/1298/1232
f 1029/1299/1233 1030/1301/1235 1050/1302/1236 1049/1300/1234
f 1030/1301/1235 1031/1303/1237 1051/1304/1238 1050/1302/1236
f 1031/1303/1237 1032/1305/1239 1052/1306/1240 1051/1304/1238
f 1032/1305/1239 1033/1307/1241 1053/1308/1242 1052/1306/1240
f 1033/1307/1241 1034/1309/1243 1054/1310/1244 1053/1308/1242
f 1034/1309/1243 1035/1311/1245 1055/1312/1246 1054/1310/1244
f 1035/1311/1245 1036/1313/1247 1056/1314/1248 1055/1312/1246
f 1036/1313/1247 1017/1315/1209 1037/1316/1212 1056/1314/1248
s 16
f 1018/1317/1249 1017/1318/1250 1057/1319/1251
f 1019/1320/1252 1018/1317/1249 1057/1319/1251
f 1020/1321/1253 1019/1320/1252 1057/1319/1251
f 1021/1322/1254 1020/1321/1253 1057/1319/1251
f 1022/1323/1255 1021/1322/1254 1057/1319/1251
f 1023/1324/1256 1022/1323/1255 1057/1319/1251
f 1024/1325/1257 1023/1324/1256 1057/1319/1251
f 1025/1326/1258 1024/1325/1257 1057/1319/1251
f 1026/1327/1259 1025/1326/1258 1057/1319/1251
f 1027/1328/1260 1026/1327/1259 1057/1319/1251
f 1028/1329/1261 1027/1328/1260 1057/1319/1251
f 1029/1330/1262 1028/1329/1261 1057/1319/1251
f 1030/1331/1263 1029/1330/1262 1057/1319/1251
f 1031/1332/1264 1030/1331/1263 1057/1319/1251
f 1032/1333/1265 1031/1332/1264 1057/1319/1251
f 1033/1334/1266 1032/1333/1265 1057/1319/1251
f 1034/1335/1267 1033/1334/1266 1057/1319/1251
f 1035/1336/1268 1034/1335/1267 1057/1319/1251
f 1036/1337/1269 1035/1336/1268 1057/1319/1251
f 1017/1318/1250 1036/1337/1269 1057/1319/1251
s 17
f 1037/1338/1270 1038/1339/1271 1058/1340/1272
f 1038/1339/1271 1039/1341/1273 1058/1340/1272
f 1039/1341/1273 1040/1342/1274 1058/1340/1272
f 1040/1342/1274 1041/1343/1275 1058/1340/1272
f 1041/1343/1275 1042/1344/1276 1058/1340/1272
f 1042/1344/1276 1043/1345/1277 1058/1340/1272
f 1043/1345/1277 1044/1346/1278 1058/1340/1272
f 1044/1346/1278 1045/1347/1279 1058/1340/1272
f 1045/1347/1279 1046/1348/1280 1058/1340/1272
f 1046/1348/1280 1047/1349/1281 1058/1340/1272
f 1047/1349/1281 1048/1350/1282 1058/1340/1272
f 1048/1350/1282 1049/1351/1283 1058/1340/1272
f 1049/1351/1283 1050/1352/1284 1058/1340/1272
f 1050/1352/1284 1051/1353/1285 1058/1340/1272
f 1051/1353/1285 1052/1354/1286 1058/1340/1272
f 1052/1354/1286 1053/1355/1287 1058/1340/1272
f 1053/1355/1287 1054/1356/1288 1058/1340/1272
f 1054/1356/1288 1055/1357/1289 1058/1340/1272
f 1055/1357/1289 1056/1358/1290 1058/1340/1272
f 1056/1358/1290 1037/1338/1270 1058/1340/1272
s 18
f 1059/1359/1291 1060/1360/1292 1080/1361/1293 1079/1362/1294
f 1060/1360/1292 1061/1363/1295 1081/1364/1296 1080/1361/1293
f 1061/1363/1295 1062/1365/1297 1082/1366/1298 1081/1364/1296
f 1062/1365/1297 1063/1367/1299 1083/1368/1300 1082/1366/1298
f 1063/1367/1299 1064/1369/1301 1084/1370/1302 1083/1368/1300
f 1064/1369/1301 1065/1371/1303 1085/1372/1304 1084/1370/1302
f 1065/1371/1303 1066/1373/1305 1086/1374/1306 1085/1372/1304
f 1066/1373/1305 1067/1375/1307 1087/1376/1308 1086/1374/1306
f 1067/1375/1307 1068/1377/1309 1088/1378/1310 1087/1376/1308
f 1068/1377/1309 1069/1379/1311 1089/1380/1312 1088/1378/1310
f 1069/1379/1311 1070/1381/1313 1090/1382/1314 1089/1380/1312
f 1070/1381/1313 1071/1383/1315 1091/1384/1316 1090/1382/1314
f 1071/1383/1315 1072/1385/1317 1092/1386/1318 1091/1384/1316
f 1072/1385/1317 1073/1387/1319 1093/1388/1320 1092/1386/1318
f 1073/1387/1319 1074/1389/1321 1094/1390/1322 1093/1388/1320
f 1074/1389/1321 1075/1391/1323 1095/1392/1324 1094/1390/1322
f 1075/1391/1323 1076/1393/1325 1096/1394/1326 1095/1392/1324
f 1076/1393/1325 1077/1395/1327 1097/1396/1328 1096/1394/1326
f 1077/1395/1327 1078/1397/1329 1098/1398/1330 1097/1396/1328
f 1078/1397/1329 1059/1399/1291 1079/1400/1294 1098/1398/1330
s 19
f 1060/1401/1331 1059/1402/1332 1099/1403/1333
f 1061/1404/1334 1060/1401/1331 1099/1403/1333
f 1062/1405/1335 1061/1404/1334 1099/1403/1333
f 1063/1406/1336 1062/1405/1335 1099/1403/1333
f 1064/1407/1337 1063/1406/1336 1099/1403/1333
f 1065/1408/1338 1064/1407/1337 1099/1403/1333
f 1066/1409/1339 1065/1408/1338 1099/1403/1333
f 1067/1410/1340 1066/1409/1339 1099/1403/1333
f 1068/1411/1341 1067/1410/1340 1099/1403/1333
f 1069/1412/1342 1068/1411/1341 1099/1403/1333
f 1070/1413/1343 1069/1412/1342 1099/1403/1333
f 1071/1414/1344 1070/1413/1343 1099/1403/1333
f 1072/1415/1345 1071/1414/1344 1099/1403/1333
f 1073/1416/1346 1072/1415/1345 1099/1403/1333
f 1074/1417/1347 1073/1416/1346 1099/1403/1333
f 1075/1418/1348 1074/1417/1347 1099/1403/1333
f 1076/1419/1349 1075/1418/1348 1099/1403/1333
f 1077/1420/1350 1076/1419/1349 1099/1403/1333
f 1078/1421/1351 1077/1420/1350 1099/1403/1333
f 1059/1402/1332 1078/1421/1351 1099/1403/1333
s 20
f 1079/1422/1352 1080/1423/1353 1100/1424/1354
f 1080/1423/1353 1081/1425/1355 1100/1424/1354
f 1081/1425/1355 1082/1426/1356 1100/1424/1354
f 1082/1426/1356 1083/1427/1357 1100/1424/1354
f 1083/1427/1357 1084/1428/1358 1100/1424/1354
f 1084/1428/1358 1085/1429/1359 1100/1424/1354
f 1085/1429/1359 1086/1430/1360 1100/1424/1354
f 1086/1430/1360 1087/1431/1361 1100/1424/1354
f 1087/1431/1361 1088/1432/1362 1100/1424/1354
f 1088/1432/1362 1089/1433/1363 1100/1424/1354
f 1089/1433/1363 1090/1434/1364 1100/1424/1354
f 1090/1434/1364 1091/1435/1365 1100/1424/1354
f 1091/1435/1365 1092/1436/1366 1100/1424/1354
f 1092/1436/1366 1093/1437/1367 1100/1424/1354
f 1093/1437/1367 1094/1438/1368 1100/1424/1354
f 1094/1438/1368 1095/1439/1369 1100/1424/1354
f 1095/1439/1369 1096/1440/1370 1100/1424/1354
f 1096/1440/1370 1097/1441/1371 1100/1424/1354
f 1097/1441/1371 1098/1442/1372 1100/1424/1354
f 1098/1442/1372 1079/1422/1352 1100/1424/1354
s 21
f 1101/1443/1373 1102/1444/1374 1122/1445/1375 1121/1446/1376
f 1102/1444/1374 1103/1447/1377 1123/1448/1378 1122/1445/1375
f 1103/1447/1377 1104/1449/1379 1124/1450/1380 1123/1448/1378
f 1104/1449/1379 1105/1451/1381 1125/1452/1382 1124/1450/1380
f 1105/1451/1381 1106/1453/1383 1126/1454/1384 1125/1452/1382
f 1106/1453/1383 1107/1455/1385 1127/1456/1386 1126/1454/1384
f 1107/1455/1385 1108/1457/1387 1128/1458/1388 1127/1456/1386
f 1108/1457/1387 1109/1459/1389 1129/1460/1390 1128/1458/1388
f 1109/1459/1389 1110/1461/1391 1130/1462/1392 1129/1460/1390
f 1110/1461/1391 1111/1463/1393 1131/1464/1394 1130/1462/1392
f 1111/1463/1393 1112/1465/1395 1132/1466/1396 1131/1464/1394
f 1112/1465/1395 1113/1467/1397 1133/1468/1398 1132/1466/1396
f 1113/1467/1397 1114/1469/1399 1134/1470/1400 1133/1468/1398
f 1114/1469/1399 1115/1471/1401 1135/1472/1402 1134/1470/1400
f 1115/1471/1401 1116/1473/1403 1136/1474/1404 1135/1472/1402
f 1116/1473/1403 1117/1475/1405 1137/1476/1406 1136/1474/1404
f 1117/1475/1405 1118/1477/1407 1138/1478/1408 1137/1476/1406
f 1118/1477/1407 1119/1479/1409 1139/1480/1410 1138/1478/1408
f 1119/1479/1409 1120/1481/1411 1140/1482/1412 1139/1480/1410
f 1120/1481/1411 1101/1483/1373 1121/1484/1376 1140/1482/1412
s 22
f 1102/1485/1413 1101/1486/1414 1141/1487/1415
f 1103/1488/1416 1102/1485/1413 1141/1487/1415
f 1104/1489/1417 1103/1488/1416 1141/1487/1415
f 1105/1490/1418 1104/1489/1417 1141/1487/1415
f 1106/1491/1419 1105/1490/1418 1141/1487/1415
f 1107/1492/1420 1106/1491/1419 1141/1487/1415
f 1108/1493/1421 1107/1492/1420 1141/1487/1415
f 1109/1494/1422 1108/1493/1421 1141/1487/1415
f 1110/1495/1423 1109/1494/1422 1141/1487/1415
f 1111/1496/1424 1110/1495/1423 1141/1487/1415
f 1112/1497/1425 1111/1496/1424 1141/1487/1415
f 1113/1498/1426 1112/1497/1425 1141/1487/1415
f 1114/1499/1427 1113/1498/1426 1141/1487/1415
f 1115/1500/1428 1114/1499/1427 1141/1487/1415
f 1116/1501/1429 1115/1500/1428 1141/1487/1415
f 1117/1502/1430 1116/1501/1429 1141/1487/1415
f 1118/1503/1431 1117/1502/1430 1141/1487/1415
f 1119/1504/1432 1118/1503/1431 1141/1487/1415
f 1120/1505/1433 1119/1504/1432 1141/1487/1415
f 1101/1486/1414 1120/1505/1433 1141/1487/1415
s 21
f 1121/1446/1376 1122/1445/1375 1152/1506/1434 1142/1507/1435
f 1142/1507/1435 1152/1506/1434 1153/1508/1436 1143/1509/1437
f 1143/1509/1437 1153/1508/1436 1154/1510/1438 1144/1511/1439
f 1144/1511/1439 1154/1510/1438 1155/1512/1440 1145/1513/1441
f 1145/1513/1441 1155/1512/1440 1156/1514/1442 1146/1515/1443
f 1146/1515/1443 1156/1514/1442 1157/1516/1444 1147/1517/1445
f 1147/1517/1445 1157/1516/1444 1158/1518/1446 1148/1519/1447
f 1148/1519/1447 1158/1518/1446 1159/1520/1448 1149/1521/1449
f 1149/1521/1449 1159/1520/1448 1160/1522/1450 1150/1523/1451
f 1150/1523/1451 1160/1522/1450 1161/1524/1452 1151/1525/1453
f 1122/1445/1375 1123/1448/1378 1162/1526/1454 1152/1506/1434
f 1152/1506/1434 1162/1526/1454 1163/1527/1455 1153/1508/1436
f 1153/1508/1436 1163/1527/1455 1164/1528/1456 1154/1510/1438
f 1154/1510/1438 1164/1528/1456 1165/1529/1457 1155/1512/1440
f 1155/1512/1440 1165/1529/1457 1166/1530/1458 1156/1514/1442
f 1156/1514/1442 1166/1530/1458 1167/1531/1459 1157/1516/1444
f 1157/1516/1444 1167/1531/1459 1168/1532/1460 1158/1518/1446
f 1158/1518/1446 1168/1532/1460 1169/1533/1461 1159/1520/1448
f 1159/1520/1448 1169/1533/1461 1170/1534/1462 1160/1522/1450
f 1160/1522/1450 1170/1534/1462 1171/1535/1463 1161/1524/1452
f 1123/1448/1378 1124/1450/1380 1172/1536/1464 1162/1526/1454
f 1162/1526/1454 1172/1536/1464 1173/1537/1465 1163/1527/1455
f 1163/1527/1455 1173/1537/1465 1174/1538/1466 1164/1528/1456
f 1164/1528/1456 1174/1538/1466 1175/1539/1467 1165/1529/1457
f 1165/1529/1457 1175/1539/1467 1176/1540/1468 1166/1530/1458
f 1166/1530/1458 1176/1540/1468 1177/1541/1469 1167/1531/1459
f 1167/1531/1459 1177/1541/1469 1178/1542/1470 1168/1532/1460
f 1168/1532/1460 1178/1542/1470 1179/1543/1471 1169/1533/1461
f 1169/1533/1461 1179/1543/1471 1180/1544/1472 1170/1534/1462
f 1170/1534/1462 1180/1544/1472 1181/1545/1473 1171/1535/1463
f 1124/1450/1380 1125/1452/1382 1182/1546/1474 1172/1536/1464
f 1172/1536/1464 1182/1546/1474 1183/1547/1475 1173/1537/1465
f 1173/1537/1465 1183/1547/1475 1184/1548/1476 1174/1538/1466
f 1174/1538/1466 1184/1548/1476 1185/1549/1477 1175/1539/1467
f 1175/1539/1467 1185/1549/1477 1186/1550/1478 1176/1540/1468
f 1176/1540/1468 1186/1550/1478 1187/1551/1479 1177/1541/1469
f 1177/1541/1469 1187/1551/1479 1188/1552/1480 1178/1542/1470
f 1178/1542/1470 1188/1552/1480 1189/1553/1481 1179/1543/1471
f 1179/1543/1471 1189/1553/1481 1190/1554/1482 1180/1544/1472
f 1180/1544/1472 1190/1554/1482 1191/1555/1483 1181/1545/1473
f 1125/1452/1382 1126/1454/1384 1192/1556/1484 1182/1546/1474
f 1182/1546/1474 1192/1556/1484 1193/1557/1485 1183/1547/1475
f 1183/1547/1475 1193/1557/1485 1194/1558/1486 1184/1548/1476
f 1184/1548/1476 1194/1558/1486 1195/1559/1487 1185/1549/1477
f 1185/1549/1477 1195/1559/1487 1196/1560/1488 1186/1550/1478
f 1186/1550/1478 1196/1560/1488 1197/1561/1489 1187/1551/1479
f 1187/1551/1479 1197/1561/1489 1198/1562/1490 1188/1552/1480
f 1188/1552/1480 1198/1562/1490 1199/1563/1491 1189/1553/1481
f 1189/1553/1481 1199/1563/1491 1200/1564/1492 1190/1554/1482
f 1190/1554/1482 1200/1564/1492 1201/1565/1493 1191/1555/1483
f 1126/1454/1384 1127/1456/1386 1202/1566/1494 1192/1556/1484
f 1192/1556/1484 1202/1566/1494 1203/1567/1495 1193/1557/1485
f 1193/1557/1485 1203/1567/1495 1204/1568/1496 1194/1558/1486
f 1194/1558/1486 1204/1568/1496 1205/1569/1497 1195/1559/1487
f 1195/1559/1487 1205/1569/1497 1206/1570/1498 1196/1560/1488
f 1196/1560/1488 1206/1570/1498 1207/1571/1499 1197/1561/1489
f 1197/1561/1489 1207/1571/1499 1208/1572/1500 1198/1562/1490
f 1198/1562/1490 1208/1572/1500 1209/1573/1501 1199/1563/1491
f 1199/1563/1491 1209/1573/1501 1210/1574/1502 1200/1564/1492
f 1200/1564/1492 1210/1574/1502 1211/1575/1503 1201/1565/1493
f 1127/1456/1386 1128/1458/1388 1212/1576/1504 1202/1566/1494
f 1202/1566/1494 1212/1576/1504 1213/1577/1505 1203/1567/1495
f 1203/1567/1495 1213/1577/1505 1214/1578/1506 1204/1568/1496
f 1204/1568/1496 1214/1578/1506 1215/1579/1507 1205/1569/1497
f 1205/1569/1497 1215/1579/1507 1216/1580/1508 1206/1570/1498
f 1206/1570/1498 1216/1580/1508 1217/1581/1509 1207/1571/1499
f 1207/1571/1499 1217/1581/1509 1218/1582/1510 1208/1572/1500
f 1208/1572/1500 1218/1582/1510 1219/1583/1511 1209/1573/1501
f 1209/1573/1501 1219/1583/1511 1220/1584/1512 1210/1574/1502
f 1210/1574/1502 1220/1584/1512 1221/1585/1513 1211/1575/1503
f 1128/1458/1388 1129/1460/1390 1222/1586/1514 1212/1576/1504
f 1212/1576/1504 1222/1586/1514 1223/1587/1515 1213/1577/1505
f 1213/1577/1505 1223/1587/1515 1224/1588/1516 1214/1578/1506
f 1214/1578/1506 1224/1588/1516 1225/1589/1517 1215/1579/1507
f 1215/1579/1507 1225/1589/1517 1226/1590/1518 1216/1580/1508
f 1216/1580/1508 1226/1590/1518 1227/1591/1519 1217/1581/1509
f 1217/1581/1509 1227/1591/1519 1228/1592/1520 1218/1582/1510
f 1218/1582/1510 1228/1592/1520 1229/1593/1521 1219/1583/1511
f 1219/1583/1511 1229/1593/1521 1230/1594/1522 1220/1584/1512
f 1220/1584/1512 1230/1594/1522 1231/1595/1523 1221/1585/1513
f 1129/1460/1390 1130/1462/1392 1232/1596/1524 1222/1586/1514
f 1222/1586/1514 1232/1596/1524 1233/1597/1525 1223/1587/1515
f 1223/1587/1515 1233/1597/1525 1234/1598/1526 1224/1588/1516
f 1224/1588/1516 1234/1598/1526 1235/1599/1527 1225/1589/1517
f 1225/1589/1517 1235/1599/1527 1236/1600/1528 1226/1590/1518
f 1226/1590/1518 1236/1600/1528 1237/1601/1529 1227/1591/1519
f 1227/1591/1519 1237/1601/1529 1238/1602/1530 1228/1592/1520
f 1228/1592/1520 1238/1602/1530 1239/1603/1531 1229/1593/1521
f 1229/1593/1521 1239/1603/1531 1240/1604/1532 1230/1594/1522
f 1230/1594/1522 1240/1604/1532 1241/1605/1533 1231/1595/1523
f 1130/1462/1392 1131/1464/1394 1242/1606/1534 1232/1596/1524
f 1232/1596/1524 1242/1606/1534 1243/1607/1535 1233/1597/1525
f 1233/1597/1525 1243/1607/1535 1244/1608/1536 1234/1598/1526
f 1234/1598/1526 1244/1608/1536 1245/1609/1537 1235/1599/1527
f 1235/1599/1527 1245/1609/1537 1246/1610/1538 1236/1600/1528
f 1236/1600/1528 1246/1610/1538 1247/1611/1539 1237/1601/1529
f 1237/1601/1529 1247/1611/1539 1248/1612/1540 1238/1602/1530
f 1238/1602/1530 1248/1612/1540 1249/1613/1541 1239/1603/1531
f 1239/1603/1531 1249/1613/1541 1250/1614/1542 1240/1604/1532
f 1240/1604/1532 1250/1614/1542 1251/1615/1543 1241/1605/1533
f 1131/1464/1394 1132/1466/1544 1252/1616/1545 1242/1606/1534
f 1242/1606/1534 1252/1616/1546 1253/1617/1547 1243/1607/1535
f 1243/1607/1535 1253/1617/1547 1254/1618/1548 1244/1608/1536
f 1244/1608/1536 1254/1618/1548 1255/1619/1549 1245/1609/1537
f 1245/1609/1537 1255/1619/1549 1256/1620/1550 1246/1610/1538
f 1246/1610/1538 1256/1620/1550 1257/1621/1551 1247/1611/1539
f 1247/1611/1539 1257/1621/1551 1258/1622/1552 1248/1612/1540
f 1248/1612/1540 1258/1622/1552 1259/1623/1553 1249/1613/1541
f 1249/1613/1541 1259/1623/1553 1260/1624/1554 1250/1614/1542
f 1250/1614/1542 1260/1624/1554 1261/1625/1555 1251/1615/1543
f 1132/1466/1544 1133/1468/1556 1262/1626/1557 1252/1616/1545
f 1252/1616/1546 1262/1626/1558 1263/1627/1559 1253/1617/1547
f 1253/1617/1547 1263/1627/1559 1264/1628/1560 1254/1618/1548
f 1254/1618/1548 1264/1628/1560 1265/1629/1561 1255/1619/1549
f 1255/1619/1549 1265/1629/1561 1266/1630/1562 1256/1620/1550
f 1256/1620/1550 1266/1630/1562 1267/1631/1563 1257/1621/1551
f 1257/1621/1551 1267/1631/1563 1268/1632/1564 1258/1622/1552
f 1258/1622/1552 1268/1632/1564 1269/1633/1565 1259/1623/1553
f 1259/1623/1553 1269/1633/1565 1270/1634/1566 1260/1624/1554
f 1260/1624/1554 1270/1634/1566 1271/1635/1567 1261/1625/1555
f 1133/1468/1556 1134/1470/1400 1272/1636/1568 1262/1626/1557
f 1262/1626/1558 1272/1636/1568 1273/1637/1569 1263/1627/1559
f 1263/1627/1559 1273/1637/1569 1274/1638/1570 1264/1628/1560
f 1264/1628/1560 1274/1638/1570 1275/1639/1571 1265/1629/1561
f 1265/1629/1561 1275/1639/1571 1276/1640/1572 1266/1630/1562
f 1266/1630/1562 1276/1640/1572 1277/1641/1573 1267/1631/1563
f 1267/1631/1563 1277/1641/1573 1278/1642/1574 1268/1632/1564
f 1268/1632/1564 1278/1642/1574 1279/1643/1575 1269/1633/1565
f 1269/1633/1565 1279/1643/1575 1280/1644/1576 1270/1634/1566
f 1270/1634/1566 1280/1644/1576 1281/1645/1577 1271/1635/1567
f 1134/1470/1400 1135/1472/1402 1282/1646/1578 1272/1636/1568
f 1272/1636/1568 1282/1646/1578 1283/1647/1579 1273/1637/1569
f 1273/1637/1569 1283/1647/1579 1284/1648/1580 1274/1638/1570
f 1274/1638/1570 1284/1648/1580 1285/1649/1581 1275/1639/1571
f 1275/1639/1571 1285/1649/1581 1286/1650/1582 1276/1640/1572
f 1276/1640/1572 1286/1650/1582 1287/1651/1583 1277/1641/1573
f 1277/1641/1573 1287/1651/1583 1288/1652/1584 1278/1642/1574
f 1278/1642/1574 1288/1652/1584 1289/1653/1585 1279/1643/1575
f 1279/1643/1575 1289/1653/1585 1290/1654/1586 1280/1644/1576
f 1280/1644/1576 1290/1654/1586 1291/1655/1587 1281/1645/1577
f 1135/1472/1402 1136/1474/1404 1292/1656/1588 1282/1646/1578
f 1282/1646/1578 1292/1656/1588 1293/1657/1589 1283/1647/1579
f 1283/1647/1579 1293/1657/1589 1294/1658/1590 1284/1648/1580
f 1284/1648/1580 1294/1658/1590 1295/1659/1591 1285/1649/1581
f 1285/1649/1581 1295/1659/1591 1296/1660/1592 1286/1650/1582
f 1286/1650/1582 1296/1660/1592 1297/1661/1593 1287/1651/1583
f 1287/1651/1583 1297/1661/1593 1298/1662/1594 1288/1652/1584
f 1288/1652/1584 1298/1662/1594 1299/1663/1595 1289/1653/1585
f 1289/1653/1585 1299/1663/1595 1300/1664/1596 1290/1654/1586
f 1290/1654/1586 1300/1664/1596 1301/1665/1597 1291/1655/1587
f 1136/1474/1404 1137/1476/1406 1302/1666/1598 1292/1656/1588
f 1292/1656/1588 1302/1666/1598 1303/1667/1599 1293/1657/1589
f 1293/1657/1589 1303/1667/1599 1304/1668/1600 1294/1658/1590
f 1294/1658/1590 1304/1668/1600 1305/1669/1601 1295/1659/1591
f 1295/1659/1591 1305/1669/1601 1306/1670/1602 1296/1660/1592
f 1296/1660/1592 1306/1670/1602 1307/1671/1603 1297/1661/1593
f 1297/1661/1593 1307/1671/1603 1308/1672/1604 1298/1662/1594
f 1298/1662/1594 1308/1672/1604 1309/1673/1605 1299/1663/1595
f 1299/1663/1595 1309/1673/1605 1310/1674/1606 1300/1664/1596
f 1300/1664/1596 1310/1674/1606 1311/1675/1607 1301/1665/1597
f 1137/1476/1406 1138/1478/1408 1312/1676/1608 1302/1666/1598
f 1302/1666/1598 1312/1676/1608 1313/1677/1609 1303/1667/1599
f 1303/1667/1599 1313/1677/1609 1314/1678/1610 1304/1668/1600
f 1304/1668/1600 1314/1678/1610 1315/1679/1611 1305/1669/1601
f 1305/1669/1601 1315/1679/1611 1316/1680/1612 1306/1670/1602
f 1306/1670/1602 1316/1680/1612 1317/1681/1613 1307/1671/1603
f 1307/1671/1603 1317/1681/1613 1318/1682/1614 1308/1672/1604
f 1308/1672/1604 1318/1682/1614 1319/1683/1615 1309/1673/1605
f 1309/1673/1605 1319/1683/1615 1320/1684/1616 1310/1674/1606
f 1310/1674/1606 1320/1684/1616 1321/1685/1617 1311/1675/1607
f 1138/1478/1408 1139/1480/1410 1322/1686/1618 1312/1676/1608
f 1312/1676/1608 1322/1686/1618 1323/1687/1619 1313/1677/1609
f 1313/1677/1609 1323/1687/1619 1324/1688/1620 1314/1678/1610
f 1314/1678/1610 1324/1688/1620 1325/1689/1621 1315/1679/1611
f 1315/1679/1611 1325/1689/1621 1326/1690/1622 1316/1680/1612
f 1316/1680/1612 1326/1690/1622 1327/1691/1623 1317/1681/1613
f 1317/1681/1613 1327/1691/1623 1328/1692/1624 1318/1682/1614
f 1318/1682/1614 1328/1692/1624 1329/1693/1625 1319/1683/1615
f 1319/1683/1615 1329/1693/1625 1330/1694/1626 1320/1684/1616
f 1320/1684/1616 1330/1694/1626 1331/1695/1627 1321/1685/1617
f 1139/1480/1410 1140/1482/1412 1332/1696/1628 1322/1686/1618
f 1322/1686/1618 1332/1696/1628 1333/1697/1629 1323/1687/1619
f 1323/1687/1619 1333/1697/1629 1334/1698/1630 1324/1688/1620
f 1324/1688/1620 1334/1698/1630 1335/1699/1631 1325/1689/1621
f 1325/1689/1621 1335/1699/1631 1336/1700/1632 1326/1690/1622
f 1326/1690/1622 1336/1700/1632 1337/1701/1633 1327/1691/1623
f 1327/1691/1623 1337/1701/1633 1338/1702/1634 1328/1692/1624
f 1328/1692/1624 1338/1702/1634 1339/1703/1635 1329/1693/1625
f 1329/1693/1625 1339/1703/1635 1340/1704/1636 1330/1694/1626
f 1330/1694/1626 1340/1704/1636 1341/1705/1637 1331/1695/1627
f 1140/1482/1412 1121/1484/1376 1142/1706/1435 1332/1696/1628
f 1332/1696/1628 1142/1706/1435 1143/1707/1437 1333/1697/1629
f 1333/1697/1629 1143/1707/1437 1144/1708/1439 1334/1698/1630
f 1334/1698/1630 1144/1708/1439 1145/1709/1441 1335/1699/1631
f 1335/1699/1631 1145/1709/1441 1146/1710/1443 1336/1700/1632
f 1336/1700/1632 1146/1710/1443 1147/1711/1445 1337/1701/1633
f 1337/1701/1633 1147/1711/1445 1148/1712/1447 1338/1702/1634
f 1338/1702/1634 1148/1712/1447 1149/1713/1449 1339/1703/1635
f 1339/1703/1635 1149/1713/1449 1150/1714/1451 1340/1704/1636
f 1340/1704/1636 1150/1714/1451 1151/1715/1453 1341/1705/1637
f 1342/1716/1638 1362/1717/1639 1363/1718/1640 1343/1719/1641
f 1343/1719/1641 1363/1718/1640 1364/1720/1642 1344/1721/1643
f 1344/1721/1643 1364/1720/1642 1365/1722/1644 1345/1723/1645
f 1345/1723/1645 1365/1722/1644 1366/1724/1646 1346/1725/1647
f 1346/1725/1647 1366/1724/1646 1367/1726/1648 1347/1727/1649
f 1347/1727/1649 1367/1726/1648 1368/1728/1650 1348/1729/1651
f 1348/1729/1651 1368/1728/1650 1369/1730/1652 1349/1731/1653
f 1349/1731/1653 1369/1730/1652 1370/1732/1654 1350/1733/1655
f 1350/1733/1655 1370/1732/1654 1371/1734/1656 1351/1735/1657
f 1351/1735/1657 1371/1734/1656 1372/1736/1658 1352/1737/1659
f 1352/1737/1659 1372/1736/1658 1373/1738/1660 1353/1739/1661
f 1353/1739/1661 1373/1738/1660 1374/1740/1662 1354/1741/1663
f 1354/1741/1663 1374/1740/1662 1375/1742/1664 1355/1743/1665
f 1355/1743/1665 1375/1742/1664 1376/1744/1666 1356/1745/1667
f 1356/1745/1667 1376/1744/1666 1377/1746/1668 1357/1747/1669
f 1357/1747/1669 1377/1746/1668 1378/1748/1670 1358/1749/1671
f 1358/1749/1671 1378/1748/1670 1379/1750/1672 1359/1751/1673
f 1359/1751/1673 1379/1750/1672 1380/1752/1674 1360/1753/1675
f 1360/1753/1675 1380/1752/1674 1381/1754/1676 1361/1755/1677
f 1361/1755/1677 1381/1754/1676 1362/1756/1639 1342/1757/1638
s 24
f 1343/1758/1678 1382/1759/1679 1342/1760/1680
f 1344/1761/1681 1382/1759/1679 1343/1758/1678
f 1345/1762/1682 1382/1759/1679 1344/1761/1681
f 1346/1763/1683 1382/1759/1679 1345/1762/1682
f 1347/1764/1684 1382/1759/1679 1346/1763/1683
f 1348/1765/1685 1382/1759/1679 1347/1764/1684
f 1349/1766/1686 1382/1759/1679 1348/1765/1685
f 1350/1767/1687 1382/1759/1679 1349/1766/1686
f 1351/1768/1688 1382/1759/1679 1350/1767/1687
f 1352/1769/1689 1382/1759/1679 1351/1768/1688
f 1353/1770/1690 1382/1759/1679 1352/1769/1689
f 1354/1771/1691 1382/1759/1679 1353/1770/1690
f 1355/1772/1692 1382/1759/1679 1354/1771/1691
f 1356/1773/1693 1382/1759/1679 1355/1772/1692
f 1357/1774/1694 1382/1759/1679 1356/1773/1693
f 1358/1775/1695 1382/1759/1679 1357/1774/1694
f 1359/1776/1696 1382/1759/1679 1358/1775/1695
f 1360/1777/1697 1382/1759/1679 1359/1776/1696
f 1361/1778/1698 1382/1759/1679 1360/1777/1697
f 1342/1760/1680 1382/1759/1679 1361/1778/1698
s 21
f 1362/1717/1639 1383/1779/1699 1392/1780/1700 1363/1718/1640
f 1383/1779/1699 1384/1781/1701 1393/1782/1702 1392/1780/1700
f 1384/1781/1701 1385/1783/1703 1394/1784/1704 1393/1782/1702
f 1385/1783/1703 1386/1785/1705 1395/1786/1706 1394/1784/1704
f 1386/1785/1705 1387/1787/1707 1396/1788/1708 1395/1786/1706
f 1387/1787/1707 1388/1789/1709 1397/1790/1710 1396/1788/1708
f 1388/1789/1709 1389/1791/1711 1398/1792/1712 1397/1790/1710
f 1389/1791/1711 1390/1793/1713 1399/1794/1714 1398/1792/1712
f 1390/1793/1713 1391/1795/1715 1400/1796/1716 1399/1794/1714
f 1391/1795/1715 1151/1797/1453 1161/1798/1452 1400/1796/1716
f 1363/1718/1640 1392/1780/1700 1401/1799/1717 1364/1720/1642
f 1392/1780/1700 1393/1782/1702 1402/1800/1718 1401/1799/1717
f 1393/1782/1702 1394/1784/1704 1403/1801/1719 1402/1800/1718
f 1394/1784/1704 1395/1786/1706 1404/1802/1720 1403/1801/1719
f 1395/1786/1706 1396/1788/1708 1405/1803/1721 1404/1802/1720
f 1396/1788/1708 1397/1790/1710 1406/1804/1722 1405/1803/1721
f 1397/1790/1710 1398/1792/1712 1407/1805/1723 1406/1804/1722
f 1398/1792/1712 1399/1794/1714 1408/1806/1724 1407/1805/1723
f 1399/1794/1714 1400/1796/1716 1409/1807/1725 1408/1806/1724
f 1400/1796/1716 1161/1798/1452 1171/1808/1463 1409/1807/1725
f 1364/1720/1642 1401/1799/1717 1410/1809/1726 1365/1722/1644
f 1401/1799/1717 1402/1800/1718 1411/1810/1727 1410/1809/1726
f 1402/1800/1718 1403/1801/1719 1412/1811/1728 1411/1810/1727
f 1403/1801/1719 1404/1802/1720 1413/1812/1729 1412/1811/1728
f 1404/1802/1720 1405/1803/1721 1414/1813/1730 1413/1812/1729
f 1405/1803/1721 1406/1804/1722 1415/1814/1731 1414/1813/1730
f 1406/1804/1722 1407/1805/1723 1416/1815/1732 1415/1814/1731
f 1407/1805/1723 1408/1806/1724 1417/1816/1733 1416/1815/1732
f 1408/1806/1724 1409/1807/1725 1418/1817/1734 1417/1816/1733
f 1409/1807/1725 1171/1808/1463 1181/1818/1473 1418/1817/1734
f 1365/1722/1644 1410/1809/1726 1419/1819/1735 1366/1724/1646
f 1410/1809/1726 1411/1810/1727 1420/1820/1736 1419/1819/1735
f 1411/1810/1727 1412/1811/1728 1421/1821/1737 1420/1820/1736
f 1412/1811/1728 1413/1812/1729 1422/1822/1738 1421/1821/1737
f 1413/1812/1729 1414/1813/1730 1423/1823/1739 1422/1822/1738
f 1414/1813/1730 1415/1814/1731 1424/1824/1740 1423/1823/1739
f 1415/1814/1731 1416/1815/1732 1425/1825/1741 1424/1824/1740
f 1416/1815/1732 1417/1816/1733 1426/1826/1742 1425/1825/1741
f 1417/1816/1733 1418/1817/1734 1427/1827/1743 1426/1826/1742
f 1418/1817/1734 1181/1818/1473 1191/1828/1483 1427/1827/1743
f 1366/1724/1646 1419/1819/1735 1428/1829/1744 1367/1726/1648
f 1419/1819/1735 1420/1820/1736 1429/1830/1745 1428/1829/1744
f 1420/1820/1736 1421/1821/1737 1430/1831/1746 1429/1830/1745
f 1421/1821/1737 1422/1822/1738 1431/1832/1747 1430/1831/1746
f 1422/1822/1738 1423/1823/1739 1432/1833/1748 1431/1832/1747
f 1423/1823/1739 1424/1824/1740 1433/1834/1749 1432/1833/1748
f 1424/1824/1740 1425/1825/1741 1434/1835/1750 1433/1834/1749
f 1425/1825/1741 1426/1826/1742 1435/1836/1751 1434/1835/1750
f 1426/1826/1742 1427/1827/1743 1436/1837/1752 1435/1836/1751
f 1427/1827/1743 1191/1828/1483 1201/1838/1493 1436/1837/1752
f 1367/1726/1648 1428/1829/1744 1437/1839/1753 1368/1728/1650
f 1428/1829/1744 1429/1830/1745 1438/1840/1754 1437/1839/1753
f 1429/1830/1745 1430/1831/1746 1439/1841/1755 1438/1840/1754
f 1430/1831/1746 1431/1832/1747 1440/1842/1756 1439/1841/1755
f 1431/1832/1747 1432/1833/1748 1441/1843/1757 1440/1842/1756
f 1432/1833/1748 1433/1834/1749 1442/1844/1758 1441/1843/1757
f 1433/1834/1749 1434/1835/1750 1443/1845/1759 1442/1844/1758
f 1434/1835/1750 1435/1836/1751 1444/1846/1760 1443/1845/1759
f 1435/1836/1751 1436/1837/1752 1445/1847/1761 1444/1846/1760
f 1436/1837/1752 1201/1838/1493 1211/1848/1503 1445/1847/1761
f 1368/1728/1650 1437/1839/1753 1446/1849/1762 1369/1730/1652
f 1437/1839/1753 1438/1840/1754 1447/1850/1763 1446/1849/1762
f 1438/1840/1754 1439/1841/1755 1448/1851/1764 1447/1850/1763
f 1439/1841/1755 1440/1842/1756 1449/1852/1765 1448/1851/1764
f 1440/1842/1756 1441/1843/1757 1450/1853/1766 1449/1852/1765
f 1441/1843/1757 1442/1844/1758 1451/1854/1767 1450/1853/1766
f 1442/1844/1758 1443/1845/1759 1452/1855/1768 1451/1854/1767
f 1443/1845/1759 1444/1846/1760 1453/1856/1769 1452/1855/1768
f 1444/1846/1760 1445/1847/1761 1454/1857/1770 1453/1856/1769
f 1445/1847/1761 1211/1848/1503 1221/1858/1513 1454/1857/1770
f 1369/1730/1652 1446/1849/1762 1455/1859/1771 1370/1732/1654
f 1446/1849/1762 1447/1850/1763 1456/1860/1772 1455/1859/1771
f 1447/1850/1763 1448/1851/1764 1457/1861/1773 1456/1860/1772
f 1448/1851/1764 1449/1852/1765 1458/1862/1774 1457/1861/1773
f 1449/1852/1765 1450/1853/1766 1459/1863/1775 1458/1862/1774
f 1450/1853/1766 1451/1854/1767 1460/1864/1776 1459/1863/1775
f 1451/1854/1767 1452/1855/1768 1461/1865/1777 1460/1864/1776
f 1452/1855/1768 1453/1856/1769 1462/1866/1778 1461/1865/1777
f 1453/1856/1769 1454/1857/1770 1463/1867/1779 1462/1866/1778
f 1454/1857/1770 1221/1858/1513 1231/1868/1523 1463/1867/1779
f 1370/1732/1654 1455/1859/1771 1464/1869/1780 1371/1734/1656
f 1455/1859/1771 1456/1860/1772 1465/1870/1781 1464/1869/1780
f 1456/1860/1772 1457/1861/1773 1466/1871/1782 1465/1870/1781
f 1457/1861/1773 1458/1862/1774 1467/1872/1783 1466/1871/1782
f 1458/1862/1774 1459/1863/1775 1468/1873/1784 1467/1872/1783
f 1459/1863/1775 1460/1864/1776 1469/1874/1785 1468/1873/1784
f 1460/1864/1776 1461/1865/1777 1470/1875/1786 1469/1874/1785
f 1461/1865/1777 1462/1866/1778 1471/1876/1787 1470/1875/1786
f 1462/1866/1778 1463/1867/1779 1472/1877/1788 1471/1876/1787
f 1463/1867/1779 1231/1868/1523 1241/1878/1533 1472/1877/1788
f 1371/1734/1656 1464/1869/1780 1473/1879/1789 1372/1736/1658
f 1464/1869/1780 1465/1870/1781 1474/1880/1790 1473/1879/1789
f 1465/1870/1781 1466/1871/1782 1475/1881/1791 1474/1880/1790
f 1466/1871/1782 1467/1872/1783 1476/1882/1792 1475/1881/1791
f 1467/1872/1783 1468/1873/1784 1477/1883/1793 1476/1882/1792
f 1468/1873/1784 1469/1874/1785 1478/1884/1794 1477/1883/1793
f 1469/1874/1785 1470/1875/1786 1479/1885/1795 1478/1884/1794
f 1470/1875/1786 1471/1876/1787 1480/1886/1796 1479/1885/1795
f 1471/1876/1787 1472/1877/1788 1481/1887/1797 1480/1886/1796
f 1472/1877/1788 1241/1878/1533 1251/1888/1543 1481/1887/1797
f 1372/1736/1658 1473/1879/1789 1482/1889/1798 1373/1738/1799
f 1473/1879/1789 1474/1880/1790 1483/1890/1800 1482/1889/1801
f 1474/1880/1790 1475/1881/1791 1484/1891/1802 1483/1890/1800
f 1475/1881/1791 1476/1882/1792 1485/1892/1803 1484/1891/1802
f 1476/1882/1792 1477/1883/1793 1486/1893/1804 1485/1892/1803
f 1477/1883/1793 1478/1884/1794 1487/1894/1805 1486/1893/1804
f 1478/1884/1794 1479/1885/1795 1488/1895/1806 1487/1894/1805
f 1479/1885/1795 1480/1886/1796 1489/1896/1807 1488/1895/1806
f 1480/1886/1796 1481/1887/1797 1490/1897/1808 1489/1896/1807
f 1481/1887/1797 1251/1888/1543 1261/1898/1555 1490/1897/1808
f 1373/1738/1799 1482/1889/1798 1491/1899/1809 1374/1740/1810
f 1482/1889/1801 1483/1890/1800 1492/1900/1811 1491/1899/1812
f 1483/1890/1800 1484/1891/1802 1493/1901/1813 1492/1900/1811
f 1484/1891/1802 1485/1892/1803 1494/1902/1814 1493/1901/1813
f 1485/1892/1803 1486/1893/1804 1495/1903/1815 1494/1902/1814
f 1486/1893/1804 1487/1894/1805 1496/1904/1816 1495/1903/1815
f 1487/1894/1805 1488/1895/1806 1497/1905/1817 1496/1904/1816
f 1488/1895/1806 1489/1896/1807 1498/1906/1818 1497/1905/1817
f 1489/1896/1807 1490/1897/1808 1499/1907/1819 1498/1906/1818
f 1490/1897/1808 1261/1898/1555 1271/1908/1567 1499/1907/1819
f 1374/1740/1810 1491/1899/1809 1500/1909/1820 1375/1742/1664
f 1491/1899/1812 1492/1900/1811 1501/1910/1821 1500/1909/1820
f 1492/1900/1811 1493/1901/1813 1502/1911/1822 1501/1910/1821
f 1493/1901/1813 1494/1902/1814 1503/1912/1823 1502/1911/1822
f 1494/1902/1814 1495/1903/1815 1504/1913/1824 1503/1912/1823
f 1495/1903/1815 1496/1904/1816 1505/1914/1825 1504/1913/1824
f 1496/1904/1816 1497/1905/1817 1506/1915/1826 1505/1914/1825
f 1497/1905/1817 1498/1906/1818 1507/1916/1827 1506/1915/1826
f 1498/1906/1818 1499/1907/1819 1508/1917/1828 1507/1916/1827
f 1499/1907/1819 1271/1908/1567 1281/1918/1577 1508/1917/1828
f 1375/1742/1664 1500/1909/1820 1509/1919/1829 1376/1744/1666
f 1500/1909/1820 1501/1910/1821 1510/1920/1830 1509/1919/1829
f 1501/1910/1821 1502/1911/1822 1511/1921/1831 1510/1920/1830
f 1502/1911/1822 1503/1912/1823 1512/1922/1832 1511/1921/1831
f 1503/1912/1823 1504/1913/1824 1513/1923/1833 1512/1922/1832
f 1504/1913/1824 1505/1914/1825 1514/1924/1834 1513/1923/1833
f 1505/1914/1825 1506/1915/1826 1515/1925/1835 1514/1924/1834
f 1506/1915/1826 1507/1916/1827 1516/1926/1836 1515/1925/1835
f 1507/1916/1827 1508/1917/1828 1517/1927/1837 1516/1926/1836
f 1508/1917/1828 1281/1918/1577 1291/1928/1587 1517/1927/1837
f 1376/1744/1666 1509/1919/1829 1518/1929/1838 1377/1746/1668
f 1509/1919/1829 1510/1920/1830 1519/1930/1839 1518/1929/1838
f 1510/1920/1830 1511/1921/1831 1520/1931/1840 1519/1930/1839
f 1511/1921/1831 1512/1922/1832 1521/1932/1841 1520/1931/1840
f 1512/1922/1832 1513/1923/1833 1522/1933/1842 1521/1932/1841
f 1513/1923/1833 1514/1924/1834 1523/1934/1843 1522/1933/1842
f 1514/1924/1834 1515/1925/1835 1524/1935/1844 1523/1934/1843
f 1515/1925/1835 1516/1926/1836 1525/1936/1845 1524/1935/1844
f 1516/1926/1836 1517/1927/1837 1526/1937/1846 1525/1936/1845
f 1517/1927/1837 1291/1928/1587 1301/1938/1597 1526/1937/1846
f 1377/1746/1668 1518/1929/1838 1527/1939/1847 1378/1748/1670
f 1518/1929/1838 1519/1930/1839 1528/1940/1848 1527/1939/1847
f 1519/1930/1839 1520/1931/1840 1529/1941/1849 1528/1940/1848
f 1520/1931/1840 1521/1932/1841 1530/1942/1850 1529/1941/1849
f 1521/1932/1841 1522/1933/1842 1531/1943/1851 1530/1942/1850
f 1522/1933/1842 1523/1934/1843 1532/1944/1852 1531/1943/1851
f 1523/1934/1843 1524/1935/1844 1533/1945/1853 1532/1944/1852
f 1524/1935/1844 1525/1936/1845 1534/1946/1854 1533/1945/1853
f 1525/1936/1845 1526/1937/1846 1535/1947/1855 1534/1946/1854
f 1526/1937/1846 1301/1938/1597 1311/1948/1607 1535/1947/1855
f 1378/1748/1670 1527/1939/1847 1536/1949/1856 1379/1750/1672
f 1527/1939/1847 1528/1940/1848 1537/1950/1857 1536/1949/1856
f 1528/1940/1848 1529/1941/1849 1538/1951/1858 1537/1950/1857
f 1529/1941/1849 1530/1942/1850 1539/1952/1859 1538/1951/1858
f 1530/1942/1850 1531/1943/1851 1540/1953/1860 1539/1952/1859
f 1531/1943/1851 1532/1944/1852 1541/1954/1861 1540/1953/1860
f 1532/1944/1852 1533/1945/1853 1542/1955/1862 1541/1954/1861
f 1533/1945/1853 1534/1946/1854 1543/1956/1863 1542/1955/1862
f 1534/1946/1854 1535/1947/1855 1544/1957/1864 1543/1956/1863
f 1535/1947/1855 1311/1948/1607 1321/1958/1617 1544/1957/1864
f 1379/1750/1672 1536/1949/1856 1545/1959/1865 1380/1752/1674
f 1536/1949/1856 1537/1950/1857 1546/1960/1866 1545/1959/1865
f 1537/1950/1857 1538/1951/1858 1547/1961/1867 1546/1960/1866
f 1538/1951/1858 1539/1952/1859 1548/1962/1868 1547/1961/1867
f 1539/1952/1859 1540/1953/1860 1549/1963/1869 1548/1962/1868
f 1540/1953/1860 1541/1954/1861 1550/1964/1870 1549/1963/1869
f 1541/1954/1861 1542/1955/1862 1551/1965/1871 1550/1964/1870
f 1542/1955/1862 1543/1956/1863 1552/1966/1872 1551/1965/1871
f 1543/1956/1863 1544/1957/1864 1553/1967/1873 1552/1966/1872
f 1544/1957/1864 1321/1958/1617 1331/1968/1627 1553/1967/1873
f 1380/1752/1674 1545/1959/1865 1554/1969/1874 1381/1754/1676
f 1545/1959/1865 1546/1960/1866 1555/1970/1875 1554/1969/1874
f 1546/1960/1866 1547/1961/1867 1556/1971/1876 1555/1970/1875
f 1547/1961/1867 1548/1962/1868 1557/1972/1877 1556/1971/1876
f 1548/1962/1868 1549/1963/1869 1558/1973/1878 1557/1972/1877
f 1549/1963/1869 1550/1964/1870 1559/1974/1879 1558/1973/1878
f 1550/1964/1870 1551/1965/1871 1560/1975/1880 1559/1974/1879
f 1551/1965/1871 1552/1966/1872 1561/1976/1881 1560/1975/1880
f 1552/1966/1872 1553/1967/1873 1562/1977/1882 1561/1976/1881
f 1553/1967/1873 1331/1968/1627 1341/1978/1637 1562/1977/1882
f 1381/1754/1676 1554/1969/1874 1383/1979/1699 1362/1756/1639
f 1554/1969/1874 1555/1970/1875 1384/1980/1701 1383/1979/1699
f 1555/1970/1875 1556/1971/1876 1385/1981/1703 1384/1980/1701
f 1556/1971/1876 1557/1972/1877 1386/1982/1705 1385/1981/1703
f 1557/1972/1877 1558/1973/1878 1387/1983/1707 1386/1982/1705
f 1558/1973/1878 1559/1974/1879 1388/1984/1709 1387/1983/1707
f 1559/1974/1879 1560/1975/1880 1389/1985/1711 1388/1984/1709
f 1560/1975/1880 1561/1976/1881 1390/1986/1713 1389/1985/1711
f 1561/1976/1881 1562/1977/1882 1391/1987/1715 1390/1986/1713
f 1562/1977/1882 1341/1978/1637 1151/1988/1453 1391/1987/1715
s 25
f 1563/1989/1883 1564/1990/1884 1584/1991/1885 1583/1992/1886
f 1564/1990/1884 1565/1993/1887 1585/1994/1888 1584/1991/1885
f 1565/1993/1887 1566/1995/1889 1586/1996/1890 1585/1994/1888
f 1566/1995/1889 1567/1997/1891 1587/1998/1892 1586/1996/1890
f 1567/1997/1891 1568/1999/1893 1588/2000/1894 1587/1998/1892
f 1568/1999/1893 1569/2001/1895 1589/2002/1896 1588/2000/1894
f 1569/2001/1895 1570/2003/1897 1590/2004/1898 1589/2002/1896
f 1570/2003/1897 1571/2005/1899 1591/2006/1900 1590/2004/1898
f 1571/2005/1899 1572/2007/1901 1592/2008/1902 1591/2006/1900
f 1572/2007/1901 1573/2009/1903 1593/2010/1904 1592/2008/1902
f 1573/2009/1903 1574/2011/1905 1594/2012/1906 1593/2010/1904
f 1574/2011/1905 1575/2013/1907 1595/2014/1908 1594/2012/1906
f 1575/2013/1907 1576/2015/1909 1596/2016/1910 1595/2014/1908
f 1576/2015/1909 1577/2017/1911 1597/2018/1912 1596/2016/1910
f 1577/2017/1911 1578/2019/1913 1598/2020/1914 1597/2018/1912
f 1578/2019/1913 1579/2021/1915 1599/2022/1916 1598/2020/1914
f 1579/2021/1915 1580/2023/1917 1600/2024/1918 1599/2022/1916
f 1580/2023/1917 1581/2025/1919 1601/2026/1920 1600/2024/1918
f 1581/2025/1919 1582/2027/1921 1602/2028/1922 1601/2026/1920
f 1582/2027/1921 1563/2029/1883 1583/2030/1886 1602/2028/1922
s 26
f 1564/2031/1923 1563/2032/1924 1603/2033/1925
f 1565/2034/1926 1564/2031/1923 1603/2033/1925
f 1566/2035/1927 1565/2034/1926 1603/2033/1925
f 1567/2036/1928 1566/2035/1927 1603/2033/1925
f 1568/2037/1929 1567/2036/1928 1603/2033/1925
f 1569/2038/1930 1568/2037/1929 1603/2033/1925
f 1570/2039/1931 1569/2038/1930 1603/2033/1925
f 1571/2040/1932 1570/2039/1931 1603/2033/1925
f 1572/2041/1933 1571/2040/1932 1603/2033/1925
f 1573/2042/1934 1572/2041/1933 1603/2033/1925
f 1574/2043/1935 1573/2042/1934 1603/2033/1925
f 1575/2044/1936 1574/2043/1935 1603/2033/1925
f 1576/2045/1937 1575/2044/1936 1603/2033/1925
f 1577/2046/1938 1576/2045/1937 1603/2033/1925
f 1578/2047/1939 1577/2046/1938 1603/2033/1925
f 1579/2048/1940 1578/2047/1939 1603/2033/1925
f 1580/2049/1941 1579/2048/1940 1603/2033/1925
f 1581/2050/1942 1580/2049/1941 1603/2033/1925
f 1582/2051/1943 1581/2050/1942 1603/2033/1925
f 1563/2032/1924 1582/2051/1943 1603/2033/1925
s 27
f 1583/2052/1944 1584/2053/1945 1604/2054/1946
f 1584/2053/1945 1585/2055/1947 1604/2054/1946
f 1585/2055/1947 1586/2056/1948 1604/2054/1946
f 1586/2056/1948 1587/2057/1949 1604/2054/1946
f 1587/2057/1949 1588/2058/1950 1604/2054/1946
f 1588/2058/1950 1589/2059/1951 1604/2054/1946
f 1589/2059/1951 1590/2060/1952 1604/2054/1946
f 1590/2060/1952 1591/2061/1953 1604/2054/1946
f 1591/2061/1953 1592/2062/1954 1604/2054/1946
f 1592/2062/1954 1593/2063/1955 1604/2054/1946
f 1593/2063/1955 1594/2064/1956 1604/2054/1946
f 1594/2064/1956 1595/2065/1957 1604/2054/1946
f 1595/2065/1957 1596/2066/1958 1604/2054/1946
f 1596/2066/1958 1597/2067/1959 1604/2054/1946
f 1597/2067/1959 1598/2068/1960 1604/2054/1946
f 1598/2068/1960 1599/2069/1961 1604/2054/1946
f 1599/2069/1961 1600/2070/1962 1604/2054/1946
f 1600/2070/1962 1601/2071/1963 1604/2054/1946
f 1601/2071/1963 1602/2072/1964 1604/2054/1946
f 1602/2072/1964 1583/2052/1944 1604/2054/1946
s 28
f 1605/2073/1965 1606/2074/1966 1626/2075/1967 1625/2076/1968
f 1606/2074/1966 1607/2077/1969 1627/2078/1970 1626/2075/1967
f 1607/2077/1969 1608/2079/1971 1628/2080/1972 1627/2078/1970
f 1608/2079/1971 1609/2081/1973 1629/2082/1974 1628/2080/1972
f 1609/2081/1973 1610/2083/1975 1630/2084/1976 1629/2082/1974
f 1610/2083/1975 1611/2085/1977 1631/2086/1978 1630/2084/1976
f 1611/2085/1977 1612/2087/1979 1632/2088/1980 1631/2086/1978
f 1612/2087/1979 1613/2089/1981 1633/2090/1982 1632/2088/1980
f 1613/2089/1981 1614/2091/1983 1634/2092/1984 1633/2090/1982
f 1614/2091/1983 1615/2093/1985 1635/2094/1986 1634/2092/1984
f 1615/2093/1985 1616/2095/1987 1636/2096/1988 1635/2094/1986
f 1616/2095/1987 1617/2097/1989 1637/2098/1990 1636/2096/1988
f 1617/2097/1989 1618/2099/1991 1638/2100/1992 1637/2098/1990
f 1618/2099/1991 1619/2101/1993 1639/2102/1994 1638/2100/1992
f 1619/2101/1993 1620/2103/1995 1640/2104/1996 1639/2102/1994
f 1620/2103/1995 1621/2105/1997 1641/2106/1998 1640/2104/1996
f 1621/2105/1997 1622/2107/1999 1642/2108/2000 1641/2106/1998
f 1622/2107/1999 1623/2109/2001 1643/2110/2002 1642/2108/2000
f 1623/2109/2001 1624/2111/2003 1644/2112/2004 1643/2110/2002
f 1624/2111/2003 1605/2113/1965 1625/2114/1968 1644/2112/2004
s 29
f 1606/2115/2005 1605/2116/2006 1645/2117/2007
f 1607/2118/2008 1606/2115/2005 1645/2117/2007
f 1608/2119/2009 1607/2118/2008 1645/2117/2007
f 1609/2120/2010 1608/2119/2009 1645/2117/2007
f 1610/2121/2011 1609/2120/2010 1645/2117/2007
f 1611/2122/2012 1610/2121/2011 1645/2117/2007
f 1612/2123/2013 1611/2122/2012 1645/2117/2007
f 1613/2124/2014 1612/2123/2013 1645/2117/2007
f 1614/2125/2015 1613/2124/2014 1645/2117/2007
f 1615/2126/2016 1614/2125/2015 1645/2117/2007
f 1616/2127/2017 1615/2126/2016 1645/2117/2007
f 1617/2128/2018 1616/2127/2017 1645/2117/2007
f 1618/2129/2019 1617/2128/2018 1645/2117/2007
f 1619/2130/2020 1618/2129/2019 1645/2117/2007
f 1620/2131/2021 1619/2130/2020 1645/2117/2007
f 1621/2132/2022 1620/2131/2021 1645/2117/2007
f 1622/2133/2023 1621/2132/2022 1645/2117/2007
f 1623/2134/2024 1622/2133/2023 1645/2117/2007
f 1624/2135/2025 1623/2134/2024 1645/2117/2007
f 1605/2116/2006 1624/2135/2025 1645/2117/2007
s 30
f 1625/2136/2026 1626/2137/2027 1646/2138/2028
f 1626/2137/2027 1627/2139/2029 1646/2138/2028
f 1627/2139/2029 1628/2140/2030 1646/2138/2028
f 1628/2140/2030 1629/2141/2031 1646/2138/2028
f 1629/2141/2031 1630/2142/2032 1646/2138/2028
f 1630/2142/2032 1631/2143/2033 1646/2138/2028
f 1631/2143/2033 1632/2144/2034 1646/2138/2028
f 1632/2144/2034 1633/2145/2035 1646/2138/2028
f 1633/2145/2035 1634/2146/2036 1646/2138/2028
f 1634/2146/2036 1635/2147/2037 1646/2138/2028
f 1635/2147/2037 1636/2148/2038 1646/2138/2028
f 1636/2148/2038 1637/2149/2039 1646/2138/2028
f 1637/2149/2039 1638/2150/2040 1646/2138/2028
f 1638/2150/2040 1639/2151/2041 1646/2138/2028
f 1639/2151/2041 1640/2152/2042 1646/2138/2028
f 1640/2152/2042 1641/2153/2043 1646/2138/2028
f 1641/2153/2043 1642/2154/2044 1646/2138/2028
f 1642/2154/2044 1643/2155/2045 1646/2138/2028
f 1643/2155/2045 1644/2156/2046 1646/2138/2028
f 1644/2156/2046 1625/2136/2026 1646/2138/2028
s 31
f 1647/2157/2047 1648/2158/2048 1668/2159/2049 1667/2160/2050
f 1648/2158/2048 1649/2161/2051 1669/2162/2052 1668/2159/2049
f 1649/2161/2051 1650/2163/2053 1670/2164/2054 1669/2162/2052
f 1650/2163/2053 1651/2165/2055 1671/2166/2056 1670/2164/2054
f 1651/2165/2055 1652/2167/2057 1672/2168/2058 1671/2166/2056
f 1652/2167/2057 1653/2169/2059 1673/2170/2060 1672/2168/2058
f 1653/2169/2059 1654/2171/2061 1674/2172/2062 1673/2170/2060
f 1654/2171/2061 1655/2173/2063 1675/2174/2064 1674/2172/2062
f 1655/2173/2063 1656/2175/2065 1676/2176/2066 1675/2174/2064
f 1656/2175/2065 1657/2177/2067 1677/2178/2068 1676/2176/2066
f 1657/2177/2067 1658/2179/2069 1678/2180/2070 1677/2178/2068
f 1658/2179/2069 1659/2181/2071 1679/2182/2072 1678/2180/2070
f 1659/2181/2071 1660/2183/2073 1680/2184/2074 1679/2182/2072
f 1660/2183/2073 1661/2185/2075 1681/2186/2076 1680/2184/2074
f 1661/2185/2075 1662/2187/2077 1682/2188/2078 1681/2186/2076
f 1662/2187/2077 1663/2189/2079 1683/2190/2080 1682/2188/2078
f 1663/2189/2079 1664/2191/2081 1684/2192/2082 1683/2190/2080
f 1664/2191/2081 1665/2193/2083 1685/2194/2084 1684/2192/2082
f 1665/2193/2083 1666/2195/2085 1686/2196/2086 1685/2194/2084
f 1666/2195/2085 1647/2197/2047 1667/2198/2050 1686/2196/2086
s 32
f 1648/2199/2087 1647/2200/2088 1687/2201/2089
f 1649/2202/2090 1648/2199/2087 1687/2201/2089
f 1650/2203/2091 1649/2202/2090 1687/2201/2089
f 1651/2204/2092 1650/2203/2091 1687/2201/2089
f 1652/2205/2093 1651/2204/2092 1687/2201/2089
f 1653/2206/2094 1652/2205/2093 1687/2201/2089
f 1654/2207/2095 1653/2206/2094 1687/2201/2089
f 1655/2208/2096 1654/2207/2095 1687/2201/2089
f 1656/2209/2097 1655/2208/2096 1687/2201/2089
f 1657/2210/2098 1656/2209/2097 1687/2201/2089
f 1658/2211/2099 1657/2210/2098 1687/2201/2089
f 1659/2212/2100 1658/2211/2099 1687/2201/2089
f 1660/2213/2101 1659/2212/2100 1687/2201/2089
f 1661/2214/2102 1660/2213/2101 1687/2201/2089
f 1662/2215/2103 1661/2214/2102 1687/2201/2089
f 1663/2216/2104 1662/2215/2103 1687/2201/2089
f 1664/2217/2105 1663/2216/2104 1687/2201/2089
f 1665/2218/2106 1664/2217/2105 1687/2201/2089
f 1666/2219/2107 1665/2218/2106 1687/2201/2089
f 1647/2200/2088 1666/2219/2107 1687/2201/2089
s 31
f 1667/2160/2050 1668/2159/2049 1698/2220/2108 1688/2221/2109
f 1688/2221/2109 1698/2220/2108 1699/2222/2110 1689/2223/2111
f 1689/2223/2111 1699/2222/2110 1700/2224/2112 1690/2225/2113
f 1690/2225/2113 1700/2224/2112 1701/2226/2114 1691/2227/2115
f 1691/2227/2115 1701/2226/2114 1702/2228/2116 1692/2229/2117
f 1692/2229/2117 1702/2228/2116 1703/2230/2118 1693/2231/2119
f 1693/2231/2119 1703/2230/2118 1704/2232/2120 1694/2233/2121
f 1694/2233/2121 1704/2232/2120 1705/2234/2122 1695/2235/2123
f 1695/2235/2123 1705/2234/2122 1706/2236/2124 1696/2237/2125
f 1696/2237/2125 1706/2236/2124 1707/2238/2126 1697/2239/2127
f 1668/2159/2049 1669/2162/2052 1708/2240/2128 1698/2220/2108
f 1698/2220/2108 1708/2240/2128 1709/2241/2129 1699/2222/2110
f 1699/2222/2110 1709/2241/2129 1710/2242/2130 1700/2224/2112
f 1700/2224/2112 1710/2242/2130 1711/2243/2131 1701/2226/2114
f 1701/2226/2114 1711/2243/2131 1712/2244/2132 1702/2228/2116
f 1702/2228/2116 1712/2244/2132 1713/2245/2133 1703/2230/2118
f 1703/2230/2118 1713/2245/2133 1714/2246/2134 1704/2232/2120
f 1704/2232/2120 1714/2246/2134 1715/2247/2135 1705/2234/2122
f 1705/2234/2122 1715/2247/2135 1716/2248/2136 1706/2236/2124
f 1706/2236/2124 1716/2248/2136 1717/2249/2137 1707/2238/2126
f 1669/2162/2052 1670/2164/2054 1718/2250/2138 1708/2240/2128
f 1708/2240/2128 1718/2250/2138 1719/2251/2139 1709/2241/2129
f 1709/2241/2129 1719/2251/2139 1720/2252/2140 1710/2242/2130
f 1710/2242/2130 1720/2252/2140 1721/2253/2141 1711/2243/2131
f 1711/2243/2131 1721/2253/2141 1722/2254/2142 1712/2244/2132
f 1712/2244/2132 1722/2254/2142 1723/2255/2143 1713/2245/2133
f 1713/2245/2133 1723/2255/2143 1724/2256/2144 1714/2246/2134
f 1714/2246/2134 1724/2256/2144 1725/2257/2145 1715/2247/2135
f 1715/2247/2135 1725/2257/2145 1726/2258/2146 1716/2248/2136
f 1716/2248/2136 1726/2258/2146 1727/2259/2147 1717/2249/2137
f 1670/2164/2054 1671/2166/2056 1728/2260/2148 1718/2250/2138
f 1718/2250/2138 1728/2260/2148 1729/2261/2149 1719/2251/2139
f 1719/2251/2139 1729/2261/2149 1730/2262/2150 1720/2252/2140
f 1720/2252/2140 1730/2262/2150 1731/2263/2151 1721/2253/2141
f 1721/2253/2141 1731/2263/2151 1732/2264/2152 1722/2254/2142
f 1722/2254/2142 1732/2264/2152 1733/2265/2153 1723/2255/2143
f 1723/2255/2143 1733/2265/2153 1734/2266/2154 1724/2256/2144
f 1724/2256/2144 1734/2266/2154 1735/2267/2155 1725/2257/2145
f 1725/2257/2145 1735/2267/2155 1736/2268/2156 1726/2258/2146
f 1726/2258/2146 1736/2268/2156 1737/2269/2157 1727/2259/2147
f 1671/2166/2056 1672/2168/2058 1738/2270/2158 1728/2260/2148
f 1728/2260/2148 1738/2270/2158 1739/2271/2159 1729/2261/2149
f 1729/2261/2149 1739/2271/2159 1740/2272/2160 1730/2262/2150
f 1730/2262/2150 1740/2272/2160 1741/2273/2161 1731/2263/2151
f 1731/2263/2151 1741/2273/2161 1742/2274/2162 1732/2264/2152
f 1732/2264/2152 1742/2274/2162 1743/2275/2163 1733/2265/2153
f 1733/2265/2153 1743/2275/2163 1744/2276/2164 1734/2266/2154
f 1734/2266/2154 1744/2276/2164 1745/2277/2165 1735/2267/2155
f 1735/2267/2155 1745/2277/2165 1746/2278/2166 1736/2268/2156
f 1736/2268/2156 1746/2278/2166 1747/2279/2167 1737/2269/2157
f 1672/2168/2058 1673/2170/2060 1748/2280/2168 1738/2270/2158
f 1738/2270/2158 1748/2280/2168 1749/2281/2169 1739/2271/2159
f 1739/2271/2159 1749/2281/2169 1750/2282/2170 1740/2272/2160
f 1740/2272/2160 1750/2282/2170 1751/2283/2171 1741/2273/2161
f 1741/2273/2161 1751/2283/2171 1752/2284/2172 1742/2274/2162
f 1742/2274/2162 1752/2284/2172 1753/2285/2173 1743/2275/2163
f 1743/2275/2163 1753/2285/2173 1754/2286/2174 1744/2276/2164
f 1744/2276/2164 1754/2286/2174 1755/2287/2175 1745/2277/2165
f 1745/2277/2165 1755/2287/2175 1756/2288/2176 1746/2278/2166
f 1746/2278/2166 1756/2288/2176 1757/2289/2177 1747/2279/2167
f 1673/2170/2060 1674/2172/2062 1758/2290/2178 1748/2280/2168
f 1748/2280/2168 1758/2290/2178 1759/2291/2179 1749/2281/2169
f 1749/2281/2169 1759/2291/2179 1760/2292/2180 1750/2282/2170
f 1750/2282/2170 1760/2292/2180 1761/2293/2181 1751/2283/2171
f 1751/2283/2171 1761/2293/2181 1762/2294/2182 1752/2284/2172
f 1752/2284/2172 1762/2294/2182 1763/2295/2183 1753/2285/2173
f 1753/2285/2173 1763/2295/2183 1764/2296/2184 1754/2286/2174
f 1754/2286/2174 1764/2296/2184 1765/2297/2185 1755/2287/2175
f 1755/2287/2175 1765/2297/2185 1766/2298/2186 1756/2288/2176
f 1756/2288/2176 1766/2298/2186 1767/2299/2187 1757/2289/2177
f 1674/2172/2062 1675/2174/2064 1768/2300/2188 1758/2290/2178
f 1758/2290/2178 1768/2300/2188 1769/2301/2189 1759/2291/2179
f 1759/2291/2179 1769/2301/2189 1770/2302/2190 1760/2292/2180
f 1760/2292/2180 1770/2302/2190 1771/2303/2191 1761/2293/2181
f 1761/2293/2181 1771/2303/2191 1772/2304/2192 1762/2294/2182
f 1762/2294/2182 1772/2304/2192 1773/2305/2193 1763/2295/2183
f 1763/2295/2183 1773/2305/2193 1774/2306/2194 1764/2296/2184
f 1764/2296/2184 1774/2306/2194 1775/2307/2195 1765/2297/2185
f 1765/2297/2185 1775/2307/2195 1776/2308/2196 1766/2298/2186
f 1766/2298/2186 1776/2308/2196 1777/2309/2197 1767/2299/2187
f 1675/2174/2064 1676/2176/2066 1778/2310/2198 1768/2300/2188
f 1768/2300/2188 1778/2310/2198 1779/2311/2199 1769/2301/2189
f 1769/2301/2189 1779/2311/2199 1780/2312/2200 1770/2302/2190
f 1770/2302/2190 1780/2312/2200 1781/2313/2201 1771/2303/2191
f 1771/2303/2191 1781/2313/2201 1782/2314/2202 1772/2304/2192
f 1772/2304/2192 1782/2314/2202 1783/2315/2203 1773/2305/2193
f 1773/2305/2193 1783/2315/2203 1784/2316/2204 1774/2306/2194
f 1774/2306/2194 1784/2316/2204 1785/2317/2205 1775/2307/2195
f 1775/2307/2195 1785/2317/2205 1786/2318/2206 1776/2308/2196
f 1776/2308/2196 1786/2318/2206 1787/2319/2207 1777/2309/2197
f 1676/2176/2066 1677/2178/2068 1788/2320/2208 1778/2310/2198
f 1778/2310/2198 1788/2320/2208 1789/2321/2209 1779/2311/2199
f 1779/2311/2199 1789/2321/2209 1790/2322/2210 1780/2312/2200
f 1780/2312/2200 1790/2322/2210 1791/2323/2211 1781/2313/2201
f 1781/2313/2201 1791/2323/2211 1792/2324/2212 1782/2314/2202
f 1782/2314/2202 1792/2324/2212 1793/2325/2213 1783/2315/2203
f 1783/2315/2203 1793/2325/2213 1794/2326/2214 1784/2316/2204
f 1784/2316/2204 1794/2326/2214 1795/2327/2215 1785/2317/2205
f 1785/2317/2205 1795/2327/2215 1796/2328/2216 1786/2318/2206
f 1786/2318/2206 1796/2328/2216 1797/2329/2217 1787/2319/2207
f 1677/2178/2068 1678/2180/2218 1798/2330/2219 1788/2320/2208
f 1788/2320/2208 1798/2330/2220 1799/2331/2221 1789/2321/2209
f 1789/2321/2209 1799/2331/2221 1800/2332/2222 1790/2322/2210
f 1790/2322/2210 1800/2332/2222 1801/2333/2223 1791/2323/2211
f 1791/2323/2211 1801/2333/2223 1802/2334/2224 1792/2324/2212
f 1792/2324/2212 1802/2334/2224 1803/2335/2225 1793/2325/2213
f 1793/2325/2213 1803/2335/2225 1804/2336/2226 1794/2326/2214
f 1794/2326/2214 1804/2336/2226 1805/2337/2227 1795/2327/2215
f 1795/2327/2215 1805/2337/2227 1806/2338/2228 1796/2328/2216
f 1796/2328/2216 1806/2338/2228 1807/2339/2229 1797/2329/2217
f 1678/2180/2218 1679/2182/2230 1808/2340/2231 1798/2330/2219
f 1798/2330/2220 1808/2340/2232 1809/2341/2233 1799/2331/2221
f 1799/2331/2221 1809/2341/2233 1810/2342/2234 1800/2332/2222
f 1800/2332/2222 1810/2342/2234 1811/2343/2235 1801/2333/2223
f 1801/2333/2223 1811/2343/2235 1812/2344/2236 1802/2334/2224
f 1802/2334/2224 1812/2344/2236 1813/2345/2237 1803/2335/2225
f 1803/2335/2225 1813/2345/2237 1814/2346/2238 1804/2336/2226
f 1804/2336/2226 1814/2346/2238 1815/2347/2239 1805/2337/2227
f 1805/2337/2227 1815/2347/2239 1816/2348/2240 1806/2338/2228
f 1806/2338/2228 1816/2348/2240 1817/2349/2241 1807/2339/2229
f 1679/2182/2230 1680/2184/2074 1818/2350/2242 1808/2340/2231
f 1808/2340/2232 1818/2350/2242 1819/2351/2243 1809/2341/2233
f 1809/2341/2233 1819/2351/2243 1820/2352/2244 1810/2342/2234
f 1810/2342/2234 1820/2352/2244 1821/2353/2245 1811/2343/2235
f 1811/2343/2235 1821/2353/2245 1822/2354/2246 1812/2344/2236
f 1812/2344/2236 1822/2354/2246 1823/2355/2247 1813/2345/2237
f 1813/2345/2237 1823/2355/2247 1824/2356/2248 1814/2346/2238
f 1814/2346/2238 1824/2356/2248 1825/2357/2249 1815/2347/2239
f 1815/2347/2239 1825/2357/2249 1826/2358/2250 1816/2348/2240
f 1816/2348/2240 1826/2358/2250 1827/2359/2251 1817/2349/2241
f 1680/2184/2074 1681/2186/2076 1828/2360/2252 1818/2350/2242
f 1818/2350/2242 1828/2360/2252 1829/2361/2253 1819/2351/2243
f 1819/2351/2243 1829/2361/2253 1830/2362/2254 1820/2352/2244
f 1820/2352/2244 1830/2362/2254 1831/2363/2255 1821/2353/2245
f 1821/2353/2245 1831/2363/2255 1832/2364/2256 1822/2354/2246
f 1822/2354/2246 1832/2364/2256 1833/2365/2257 1823/2355/2247
f 1823/2355/2247 1833/2365/2257 1834/2366/2258 1824/2356/2248
f 1824/2356/2248 1834/2366/2258 1835/2367/2259 1825/2357/2249
f 1825/2357/2249 1835/2367/2259 1836/2368/2260 1826/2358/2250
f 1826/2358/2250 1836/2368/2260 1837/2369/2261 1827/2359/2251
f 1681/2186/2076 1682/2188/2078 1838/2370/2262 1828/2360/2252
f 1828/2360/2252 1838/2370/2262 1839/2371/2263 1829/2361/2253
f 1829/2361/2253 1839/2371/2263 1840/2372/2264 1830/2362/2254
f 1830/2362/2254 1840/2372/2264 1841/2373/2265 1831/2363/2255
f 1831/2363/2255 1841/2373/2265 1842/2374/2266 1832/2364/2256
f 1832/2364/2256 1842/2374/2266 1843/2375/2267 1833/2365/2257
f 1833/2365/2257 1843/2375/2267 1844/2376/2268 1834/2366/2258
f 1834/2366/2258 1844/2376/2268 1845/2377/2269 1835/2367/2259
f 1835/2367/2259 1845/2377/2269 1846/2378/2270 1836/2368/2260
f 1836/2368/2260 1846/2378/2270 1847/2379/2271 1837/2369/2261
f 1682/2188/2078 1683/2190/2080 1848/2380/2272 1838/2370/2262
f 1838/2370/2262 1848/2380/2272 1849/2381/2273 1839/2371/2263
f 1839/2371/2263 1849/2381/2273 1850/2382/2274 1840/2372/2264
f 1840/2372/2264 1850/2382/2274 1851/2383/2275 1841/2373/2265
f 1841/2373/2265 1851/2383/2275 1852/2384/2276 1842/2374/2266
f 1842/2374/2266 1852/2384/2276 1853/2385/2277 1843/2375/2267
f 1843/2375/2267 1853/2385/2277 1854/2386/2278 1844/2376/2268
f 1844/2376/2268 1854/2386/2278 1855/2387/2279 1845/2377/2269
f 1845/2377/2269 1855/2387/2279 1856/2388/2280 1846/2378/2270
f 1846/2378/2270 1856/2388/2280 1857/2389/2281 1847/2379/2271
f 1683/2190/2080 1684/2192/2082 1858/2390/2282 1848/2380/2272
f 1848/2380/2272 1858/2390/2282 1859/2391/2283 1849/2381/2273
f 1849/2381/2273 1859/2391/2283 1860/2392/2284 1850/2382/2274
f 1850/2382/2274 1860/2392/2284 1861/2393/2285 1851/2383/2275
f 1851/2383/2275 1861/2393/2285 1862/2394/2286 1852/2384/2276
f 1852/2384/2276 1862/2394/2286 1863/2395/2287 1853/2385/2277
f 1853/2385/2277 1863/2395/2287 1864/2396/2288 1854/2386/2278
f 1854/2386/2278 1864/2396/2288 1865/2397/2289 1855/2387/2279
f 1855/2387/2279 1865/2397/2289 1866/2398/2290 1856/2388/2280
f 1856/2388/2280 1866/2398/2290 1867/2399/2291 1857/2389/2281
f 1684/2192/2082 1685/2194/2084 1868/2400/2292 1858/2390/2282
f 1858/2390/2282 1868/2400/2292 1869/2401/2293 1859/2391/2283
f 1859/2391/2283 1869/2401/2293 1870/2402/2294 1860/2392/2284
f 1860/2392/2284 1870/2402/2294 1871/2403/2295 1861/2393/2285
f 1861/2393/2285 1871/2403/2295 1872/2404/2296 1862/2394/2286
f 1862/2394/2286 1872/2404/2296 1873/2405/2297 1863/2395/2287
f 1863/2395/2287 1873/2405/2297 1874/2406/2298 1864/2396/2288
f 1864/2396/2288 1874/2406/2298 1875/2407/2299 1865/2397/2289
f 1865/2397/2289 1875/2407/2299 1876/2408/2300 1866/2398/2290
f 1866/2398/2290 1876/2408/2300 1877/2409/2301 1867/2399/2291
f 1685/2194/2084 1686/2196/2086 1878/2410/2302 1868/2400/2292
f 1868/2400/2292 1878/2410/2302 1879/2411/2303 1869/2401/2293
f 1869/2401/2293 1879/2411/2303 1880/2412/2304 1870/2402/2294
f 1870/2402/2294 1880/2412/2304 1881/2413/2305 1871/2403/2295
f 1871/2403/2295 1881/2413/2305 1882/2414/2306 1872/2404/2296
f 1872/2404/2296 1882/2414/2306 1883/2415/2307 1873/2405/2297
f 1873/2405/2297 1883/2415/2307 1884/2416/2308 1874/2406/2298
f 1874/2406/2298 1884/2416/2308 1885/2417/2309 1875/2407/2299
f 1875/2407/2299 1885/2417/2309 1886/2418/2310 1876/2408/2300
f 1876/2408/2300 1886/2418/2310 1887/2419/2311 1877/2409/2301
f 1686/2196/2086 1667/2198/2050 1688/2420/2109 1878/2410/2302
f 1878/2410/2302 1688/2420/2109 1689/2421/2111 1879/2411/2303
f 1879/2411/2303 1689/2421/2111 1690/2422/2113 1880/2412/2304
f 1880/2412/2304 1690/2422/2113 1691/2423/2115 1881/2413/2305
f 1881/2413/2305 1691/2423/2115 1692/2424/2117 1882/2414/2306
f 1882/2414/2306 1692/2424/2117 1693/2425/2119 1883/2415/2307
f 1883/2415/2307 1693/2425/2119 1694/2426/2121 1884/2416/2308
f 1884/2416/2308 1694/2426/2121 1695/2427/2123 1885/2417/2309
f 1885/2417/2309 1695/2427/2123 1696/2428/2125 1886/2418/2310
f 1886/2418/2310 1696/2428/2125 1697/2429/2127 1887/2419/2311
f 1888/2430/2312 1908/2431/2313 1909/2432/2314 1889/2433/2315
f 1889/2433/2315 1909/2432/2314 1910/2434/2316 1890/2435/2317
f 1890/2435/2317 1910/2434/2316 1911/2436/2318 1891/2437/2319
f 1891/2437/2319 1911/2436/2318 1912/2438/2320 1892/2439/2321
f 1892/2439/2321 1912/2438/2320 1913/2440/2322 1893/2441/2323
f 1893/2441/2323 1913/2440/2322 1914/2442/2324 1894/2443/2325
f 1894/2443/2325 1914/2442/2324 1915/2444/2326 1895/2445/2327
f 1895/2445/2327 1915/2444/2326 1916/2446/2328 1896/2447/2329
f 1896/2447/2329 1916/2446/2328 1917/2448/2330 1897/2449/2331
f 1897/2449/2331 1917/2448/2330 1918/2450/2332 1898/2451/2333
f 1898/2451/2333 1918/2450/2332 1919/2452/2334 1899/2453/2335
f 1899/2453/2335 1919/2452/2334 1920/2454/2336 1900/2455/2337
f 1900/2455/2337 1920/2454/2336 1921/2456/2338 1901/2457/2339
f 1901/2457/2339 1921/2456/2338 1922/2458/2340 1902/2459/2341
f 1902/2459/2341 1922/2458/2340 1923/2460/2342 1903/2461/2343
f 1903/2461/2343 1923/2460/2342 1924/2462/2344 1904/2463/2345
f 1904/2463/2345 1924/2462/2344 1925/2464/2346 1905/2465/2347
f 1905/2465/2347 1925/2464/2346 1926/2466/2348 1906/2467/2349
f 1906/2467/2349 1926/2466/2348 1927/2468/2350 1907/2469/2351
f 1907/2469/2351 1927/2468/2350 1908/2470/2313 1888/2471/2312
s 34
f 1889/2472/2352 1928/2473/2353 1888/2474/2354
f 1890/2475/2355 1928/2473/2353 1889/2472/2352
f 1891/2476/2356 1928/2473/2353 1890/2475/2355
f 1892/2477/2357 1928/2473/2353 1891/2476/2356
f 1893/2478/2358 1928/2473/2353 1892/2477/2357
f 1894/2479/2359 1928/2473/2353 1893/2478/2358
f 1895/2480/2360 1928/2473/2353 1894/2479/2359
f 1896/2481/2361 1928/2473/2353 1895/2480/2360
f 1897/2482/2362 1928/2473/2353 1896/2481/2361
f 1898/2483/2363 1928/2473/2353 1897/2482/2362
f 1899/2484/2364 1928/2473/2353 1898/2483/2363
f 1900/2485/2365 1928/2473/2353 1899/2484/2364
f 1901/2486/2366 1928/2473/2353 1900/2485/2365
f 1902/2487/2367 1928/2473/2353 1901/2486/2366
f 1903/2488/2368 1928/2473/2353 1902/2487/2367
f 1904/2489/2369 1928/2473/2353 1903/2488/2368
f 1905/2490/2370 1928/2473/2353 1904/2489/2369
f 1906/2491/2371 1928/2473/2353 1905/2490/2370
f 1907/2492/2372 1928/2473/2353 1906/2491/2371
f 1888/2474/2354 1928/2473/2353 1907/2492/2372
s 31
f 1908/2431/2313 1929/2493/2373 1938/2494/2374 1909/2432/2314
f 1929/2493/2373 1930/2495/2375 1939/2496/2376 1938/2494/2374
f 1930/2495/2375 1931/2497/2377 1940/2498/2378 1939/2496/2376
f 1931/2497/2377 1932/2499/2379 1941/2500/2380 1940/2498/2378
f 1932/2499/2379 1933/2501/2381 1942/2502/2382 1941/2500/2380
f 1933/2501/2381 1934/2503/2383 1943/2504/2384 1942/2502/2382
f 1934/2503/2383 1935/2505/2385 1944/2506/2386 1943/2504/2384
f 1935/2505/2385 1936/2507/2387 1945/2508/2388 1944/2506/2386
f 1936/2507/2387 1937/2509/2389 1946/2510/2390 1945/2508/2388
f 1937/2509/2389 1697/2511/2127 1707/2512/2126 1946/2510/2390
f 1909/2432/2314 1938/2494/2374 1947/2513/2391 1910/2434/2316
f 1938/2494/2374 1939/2496/2376 1948/2514/2392 1947/2513/2391
f 1939/2496/2376 1940/2498/2378 1949/2515/2393 1948/2514/2392
f 1940/2498/2378 1941/2500/2380 1950/2516/2394 1949/2515/2393
f 1941/2500/2380 1942/2502/2382 1951/2517/2395 1950/2516/2394
f 1942/2502/2382 1943/2504/2384 1952/2518/2396 1951/2517/2395
f 1943/2504/2384 1944/2506/2386 1953/2519/2397 1952/2518/2396
f 1944/2506/2386 1945/2508/2388 1954/2520/2398 1953/2519/2397
f 1945/2508/2388 1946/2510/2390 1955/2521/2399 1954/2520/2398
f 1946/2510/2390 1707/2512/2126 1717/2522/2137 1955/2521/2399
f 1910/2434/2316 1947/2513/2391 1956/2523/2400 1911/2436/2318
f 1947/2513/2391 1948/2514/2392 1957/2524/2401 1956/2523/2400
f 1948/2514/2392 1949/2515/2393 1958/2525/2402 1957/2524/2401
f 1949/2515/2393 1950/2516/2394 1959/2526/2403 1958/2525/2402
f 1950/2516/2394 1951/2517/2395 1960/2527/2404 1959/2526/2403
f 1951/2517/2395 1952/2518/2396 1961/2528/2405 1960/2527/2404
f 1952/2518/2396 1953/2519/2397 1962/2529/2406 1961/2528/2405
f 1953/2519/2397 1954/2520/2398 1963/2530/2407 1962/2529/2406
f 1954/2520/2398 1955/2521/2399 1964/2531/2408 1963/2530/2407
f 1955/2521/2399 1717/2522/2137 1727/2532/2147 1964/2531/2408
f 1911/2436/2318 1956/2523/2400 1965/2533/2409 1912/2438/2320
f 1956/2523/2400 1957/2524/2401 1966/2534/2410 1965/2533/2409
f 1957/2524/2401 1958/2525/2402 1967/2535/2411 1966/2534/2410
f 1958/2525/2402 1959/2526/2403 1968/2536/2412 1967/2535/2411
f 1959/2526/2403 1960/2527/2404 1969/2537/2413 1968/2536/2412
f 1960/2527/2404 1961/2528/2405 1970/2538/2414 1969/2537/2413
f 1961/2528/2405 1962/2529/2406 1971/2539/2415 1970/2538/2414
f 1962/2529/2406 1963/2530/2407 1972/2540/2416 1971/2539/2415
f 1963/2530/2407 1964/2531/2408 1973/2541/2417 1972/2540/2416
f 1964/2531/2408 1727/2532/2147 1737/2542/2157 1973/2541/2417
f 1912/2438/2320 1965/2533/2409 1974/2543/2418 1913/2440/2322
f 1965/2533/2409 1966/2534/2410 1975/2544/2419 1974/2543/2418
f 1966/2534/2410 1967/2535/2411 1976/2545/2420 1975/2544/2419
f 1967/2535/2411 1968/2536/2412 1977/2546/2421 1976/2545/2420
f 1968/2536/2412 1969/2537/2413 1978/2547/2422 1977/2546/2421
f 1969/2537/2413 1970/2538/2414 1979/2548/2423 1978/2547/2422
f 1970/2538/2414 1971/2539/2415 1980/2549/2424 1979/2548/2423
f 1971/2539/2415 1972/2540/2416 1981/2550/2425 1980/2549/2424
f 1972/2540/2416 1973/2541/2417 1982/2551/2426 1981/2550/2425
f 1973/2541/2417 1737/2542/2157 1747/2552/2167 1982/2551/2426
f 1913/2440/2322 1974/2543/2418 1983/2553/2427 1914/2442/2324
f 1974/2543/2418 1975/2544/2419 1984/2554/2428 1983/2553/2427
f 1975/2544/2419 1976/2545/2420 1985/2555/2429 1984/2554/2428
f 1976/2545/2420 1977/2546/2421 1986/2556/2430 1985/2555/2429
f 1977/2546/2421 1978/2547/2422 1987/2557/2431 1986/2556/2430
f 1978/2547/2422 1979/2548/2423 1988/2558/2432 1987/2557/2431
f 1979/2548/2423 1980/2549/2424 1989/2559/2433 1988/2558/2432
f 1980/2549/2424 1981/2550/2425 1990/2560/2434 1989/2559/2433
f 1981/2550/2425 1982/2551/2426 1991/2561/2435 1990/2560/2434
f 1982/2551/2426 1747/2552/2167 1757/2562/2177 1991/2561/2435
f 1914/2442/2324 1983/2553/2427 1992/2563/2436 1915/2444/2326
f 1983/2553/2427 1984/2554/2428 1993/2564/2437 1992/2563/2436
f 1984/2554/2428 1985/2555/2429 1994/2565/2438 1993/2564/2437
f 1985/2555/2429 1986/2556/2430 1995/2566/2439 1994/2565/2438
f 1986/2556/2430 1987/2557/2431 1996/2567/2440 1995/2566/2439
f 1987/2557/2431 1988/2558/2432 1997/2568/2441 1996/2567/2440
f 1988/2558/2432 1989/2559/2433 1998/2569/2442 1997/2568/2441
f 1989/2559/2433 1990/2560/2434 1999/2570/2443 1998/2569/2442
f 1990/2560/2434 1991/2561/2435 2000/2571/2444 1999/2570/2443
f 1991/2561/2435 1757/2562/2177 1767/2572/2187 2000/2571/2444
f 1915/2444/2326 1992/2563/2436 2001/2573/2445 1916/2446/2328
f 1992/2563/2436 1993/2564/2437 2002/2574/2446 2001/2573/2445
f 1993/2564/2437 1994/2565/2438 2003/2575/2447 2002/2574/2446
f 1994/2565/2438 1995/2566/2439 2004/2576/2448 2003/2575/2447
f 1995/2566/2439 1996/2567/2440 2005/2577/2449 2004/2576/2448
f 1996/2567/2440 1997/2568/2441 2006/2578/2450 2005/2577/2449
f 1997/2568/2441 1998/2569/2442 2007/2579/2451 2006/2578/2450
f 1998/2569/2442 1999/2570/2443 2008/2580/2452 2007/2579/2451
f 1999/2570/2443 2000/2571/2444 2009/2581/2453 2008/2580/2452
f 2000/2571/2444 1767/2572/2187 1777/2582/2197 2009/2581/2453
f 1916/2446/2328 2001/2573/2445 2010/2583/2454 1917/2448/2330
f 2001/2573/2445 2002/2574/2446 2011/2584/2455 2010/2583/2454
f 2002/2574/2446 2003/2575/2447 2012/2585/2456 2011/2584/2455
f 2003/2575/2447 2004/2576/2448 2013/2586/2457 2012/2585/2456
f 2004/2576/2448 2005/2577/2449 2014/2587/2458 2013/2586/2457
f 2005/2577/2449 2006/2578/2450 2015/2588/2459 2014/2587/2458
f 2006/2578/2450 2007/2579/2451 2016/2589/2460 2015/2588/2459
f 2007/2579/2451 2008/2580/2452 2017/2590/2461 2016/2589/2460
f 2008/2580/2452 2009/2581/2453 2018/2591/2462 2017/2590/2461
f 2009/2581/2453 1777/2582/2197 1787/2592/2207 2018/2591/2462
f 1917/2448/2330 2010/2583/2454 2019/2593/2463 1918/2450/2332
f 2010/2583/2454 2011/2584/2455 2020/2594/2464 2019/2593/2463
f 2011/2584/2455 2012/2585/2456 2021/2595/2465 2020/2594/2464
f 2012/2585/2456 2013/2586/2457 2022/2596/2466 2021/2595/2465
f 2013/2586/2457 2014/2587/2458 2023/2597/2467 2022/2596/2466
f 2014/2587/2458 2015/2588/2459 2024/2598/2468 2023/2597/2467
f 2015/2588/2459 2016/2589/2460 2025/2599/2469 2024/2598/2468
f 2016/2589/2460 2017/2590/2461 2026/2600/2470 2025/2599/2469
f 2017/2590/2461 2018/2591/2462 2027/2601/2471 2026/2600/2470
f 2018/2591/2462 1787/2592/2207 1797/2602/2217 2027/2601/2471
f 1918/2450/2332 2019/2593/2463 2028/2603/2472 1919/2452/2473
f 2019/2593/2463 2020/2594/2464 2029/2604/2474 2028/2603/2475
f 2020/2594/2464 2021/2595/2465 2030/2605/2476 2029/2604/2474
f 2021/2595/2465 2022/2596/2466 2031/2606/2477 2030/2605/2476
f 2022/2596/2466 2023/2597/2467 2032/2607/2478 2031/2606/2477
f 2023/2597/2467 2024/2598/2468 2033/2608/2479 2032/2607/2478
f 2024/2598/2468 2025/2599/2469 2034/2609/2480 2033/2608/2479
f 2025/2599/2469 2026/2600/2470 2035/2610/2481 2034/2609/2480
f 2026/2600/2470 2027/2601/2471 2036/2611/2482 2035/2610/2481
f 2027/2601/2471 1797/2602/2217 1807/2612/2229 2036/2611/2482
f 1919/2452/2473 2028/2603/2472 2037/2613/2483 1920/2454/2484
f 2028/2603/2475 2029/2604/2474 2038/2614/2485 2037/2613/2486
f 2029/2604/2474 2030/2605/2476 2039/2615/2487 2038/2614/2485
f 2030/2605/2476 2031/2606/2477 2040/2616/2488 2039/2615/2487
f 2031/2606/2477 2032/2607/2478 2041/2617/2489 2040/2616/2488
f 2032/2607/2478 2033/2608/2479 2042/2618/2490 2041/2617/2489
f 2033/2608/2479 2034/2609/2480 2043/2619/2491 2042/2618/2490
f 2034/2609/2480 2035/2610/2481 2044/2620/2492 2043/2619/2491
f 2035/2610/2481 2036/2611/2482 2045/2621/2493 2044/2620/2492
f 2036/2611/2482 1807/2612/2229 1817/2622/2241 2045/2621/2493
f 1920/2454/2484 2037/2613/2483 2046/2623/2494 1921/2456/2338
f 2037/2613/2486 2038/2614/2485 2047/2624/2495 2046/2623/2494
f 2038/2614/2485 2039/2615/2487 2048/2625/2496 2047/2624/2495
f 2039/2615/2487 2040/2616/2488 2049/2626/2497 2048/2625/2496
f 2040/2616/2488 2041/2617/2489 2050/2627/2498 2049/2626/2497
f 2041/2617/2489 2042/2618/2490 2051/2628/2499 2050/2627/2498
f 2042/2618/2490 2043/2619/2491 2052/2629/2500 2051/2628/2499
f 2043/2619/2491 2044/2620/2492 2053/2630/2501 2052/2629/2500
f 2044/2620/2492 2045/2621/2493 2054/2631/2502 2053/2630/2501
f 2045/2621/2493 1817/2622/2241 1827/2632/2251 2054/2631/2502
f 1921/2456/2338 2046/2623/2494 2055/2633/2503 1922/2458/2340
f 2046/2623/2494 2047/2624/2495 2056/2634/2504 2055/2633/2503
f 2047/2624/2495 2048/2625/2496 2057/2635/2505 2056/2634/2504
f 2048/2625/2496 2049/2626/2497 2058/2636/2506 2057/2635/2505
f 2049/2626/2497 2050/2627/2498 2059/2637/2507 2058/2636/2506
f 2050/2627/2498 2051/2628/2499 2060/2638/2508 2059/2637/2507
f 2051/2628/2499 2052/2629/2500 2061/2639/2509 2060/2638/2508
f 2052/2629/2500 2053/2630/2501 2062/2640/2510 2061/2639/2509
f 2053/2630/2501 2054/2631/2502 2063/2641/2511 2062/2640/2510
f 2054/2631/2502 1827/2632/2251 1837/2642/2261 2063/2641/2511
f 1922/2458/2340 2055/2633/2503 2064/2643/2512 1923/2460/2342
f 2055/2633/2503 2056/2634/2504 2065/2644/2513 2064/2643/2512
f 2056/2634/2504 2057/2635/2505 2066/2645/2514 2065/2644/2513
f 2057/2635/2505 2058/2636/2506 2067/2646/2515 2066/2645/2514
f 2058/2636/2506 2059/2637/2507 2068/2647/2516 2067/2646/2515
f 2059/2637/2507 2060/2638/2508 2069/2648/2517 2068/2647/2516
f 2060/2638/2508 2061/2639/2509 2070/2649/2518 2069/2648/2517
f 2061/2639/2509 2062/2640/2510 2071/2650/2519 2070/2649/2518
f 2062/2640/2510 2063/2641/2511 2072/2651/2520 2071/2650/2519
f 2063/2641/2511 1837/2642/2261 1847/2652/2271 2072/2651/2520
f 1923/2460/2342 2064/2643/2512 2073/2653/2521 1924/2462/2344
f 2064/2643/2512 2065/2644/2513 2074/2654/2522 2073/2653/2521
f 2065/2644/2513 2066/2645/2514 2075/2655/2523 2074/2654/2522
f 2066/2645/2514 2067/2646/2515 2076/2656/2524 2075/2655/2523
f 2067/2646/2515 2068/2647/2516 2077/2657/2525 2076/2656/2524
f 2068/2647/2516 2069/2648/2517 2078/2658/2526 2077/2657/2525
f 2069/2648/2517 2070/2649/2518 2079/2659/2527 2078/2658/2526
f 2070/2649/2518 2071/2650/2519 2080/2660/2528 2079/2659/2527
f 2071/2650/2519 2072/2651/2520 2081/2661/2529 2080/2660/2528
f 2072/2651/2520 1847/2652/2271 1857/2662/2281 2081/2661/2529
f 1924/2462/2344 2073/2653/2521 2082/2663/2530 1925/2464/2346
f 2073/2653/2521 2074/2654/2522 2083/2664/2531 2082/2663/2530
f 2074/2654/2522 2075/2655/2523 2084/2665/2532 2083/2664/2531
f 2075/2655/2523 2076/2656/2524 2085/2666/2533 2084/2665/2532
f 2076/2656/2524 2077/2657/2525 2086/2667/2534 2085/2666/2533
f 2077/2657/2525 2078/2658/2526 2087/2668/2535 2086/2667/2534
f 2078/2658/2526 2079/2659/2527 2088/2669/2536 2087/2668/2535
f 2079/2659/2527 2080/2660/2528 2089/2670/2537 2088/2669/2536
f 2080/2660/2528 2081/2661/2529 2090/2671/2538 2089/2670/2537
f 2081/2661/2529 1857/2662/2281 1867/2672/2291 2090/2671/2538
f 1925/2464/2346 2082/2663/2530 2091/2673/2539 1926/2466/2348
f 2082/2663/2530 2083/2664/2531 2092/2674/2540 2091/2673/2539
f 2083/2664/2531 2084/2665/2532 2093/2675/2541 2092/2674/2540
f 2084/2665/2532 2085/2666/2533 2094/2676/2542 2093/2675/2541
f 2085/2666/2533 2086/2667/2534 2095/2677/2543 2094/2676/2542
f 2086/2667/2534 2087/2668/2535 2096/2678/2544 2095/2677/2543
f 2087/2668/2535 2088/2669/2536 2097/2679/2545 2096/2678/2544
f 2088/2669/2536 2089/2670/2537 2098/2680/2546 2097/2679/2545
f 2089/2670/2537 2090/2671/2538 2099/2681/2547 2098/2680/2546
f 2090/2671/2538 1867/2672/2291 1877/2682/2301 2099/2681/2547
f 1926/2466/2348 2091/2673/2539 2100/2683/2548 1927/2468/2350
f 2091/2673/2539 2092/2674/2540 2101/2684/2549 2100/2683/2548
f 2092/2674/2540 2093/2675/2541 2102/2685/2550 2101/2684/2549
f 2093/2675/2541 2094/2676/2542 2103/2686/2551 2102/2685/2550
f 2094/2676/2542 2095/2677/2543 2104/2687/2552 2103/2686/2551
f 2095/2677/2543 2096/2678/2544 2105/2688/2553 2104/2687/2552
f 2096/2678/2544 2097/2679/2545 2106/2689/2554 2105/2688/2553
f 2097/2679/2545 2098/2680/2546 2107/2690/2555 2106/2689/2554
f 2098/2680/2546 2099/2681/2547 2108/2691/2556 2107/2690/2555
f 2099/2681/2547 1877/2682/2301 1887/2692/2311 2108/2691/2556
f 1927/2468/2350 2100/2683/2548 1929/2693/2373 1908/2470/2313
f 2100/2683/2548 2101/2684/2549 1930/2694/2375 1929/2693/2373
f 2101/2684/2549 2102/2685/2550 1931/2695/2377 1930/2694/2375
f 2102/2685/2550 2103/2686/2551 1932/2696/2379 1931/2695/2377
f 2103/2686/2551 2104/2687/2552 1933/2697/2381 1932/2696/2379
f 2104/2687/2552 2105/2688/2553 1934/2698/2383 1933/2697/2381
f 2105/2688/2553 2106/2689/2554 1935/2699/2385 1934/2698/2383
f 2106/2689/2554 2107/2690/2555 1936/2700/2387 1935/2699/2385
f 2107/2690/2555 2108/2691/2556 1937/2701/2389 1936/2700/2387
f 2108/2691/2556 1887/2692/2311 1697/2702/2127 1937/2701/2389
s 35
f 2109/2703/2557 2110/2704/2558 2130/2705/2559 2129/2706/2560
f 2110/2704/2558 2111/2707/2561 2131/2708/2562 2130/2705/2559
f 2111/2707/2561 2112/2709/2563 2132/2710/2564 2131/2708/2562
f 2112/2709/2563 2113/2711/2565 2133/2712/2566 2132/2710/2564
f 2113/2711/2565 2114/2713/2567 2134/2714/2568 2133/2712/2566
f 2114/2713/2567 2115/2715/2569 2135/2716/2570 2134/2714/2568
f 2115/2715/2569 2116/2717/2571 2136/2718/2572 2135/2716/2570
f 2116/2717/2571 2117/2719/2573 2137/2720/2574 2136/2718/2572
f 2117/2719/2573 2118/2721/2575 2138/2722/2576 2137/2720/2574
f 2118/2721/2575 2119/2723/2577 2139/2724/2578 2138/2722/2576
f 2119/2723/2577 2120/2725/2579 2140/2726/2580 2139/2724/2578
f 2120/2725/2579 2121/2727/2581 2141/2728/2582 2140/2726/2580
f 2121/2727/2581 2122/2729/2583 2142/2730/2584 2141/2728/2582
f 2122/2729/2583 2123/2731/2585 2143/2732/2586 2142/2730/2584
f 2123/2731/2585 2124/2733/2587 2144/2734/2588 2143/2732/2586
f 2124/2733/2587 2125/2735/2589 2145/2736/2590 2144/2734/2588
f 2125/2735/2589 2126/2737/2591 2146/2738/2592 2145/2736/2590
f 2126/2737/2591 2127/2739/2593 2147/2740/2594 2146/2738/2592
f 2127/2739/2593 2128/2741/2595 2148/2742/2596 2147/2740/2594
f 2128/2741/2595 2109/2743/2557 2129/2744/2560 2148/2742/2596
s 36
f 2110/2745/2597 2109/2746/2598 2149/2747/2599
f 2111/2748/2600 2110/2745/2597 2149/2747/2599
f 2112/2749/2601 2111/2748/2600 2149/2747/2599
f 2113/2750/2602 2112/2749/2601 2149/2747/2599
f 2114/2751/2603 2113/2750/2602 2149/2747/2599
f 2115/2752/2604 2114/2751/2603 2149/2747/2599
f 2116/2753/2605 2115/2752/2604 2149/2747/2599
f 2117/2754/2606 2116/2753/2605 2149/2747/2599
f 2118/2755/2607 2117/2754/2606 2149/2747/2599
f 2119/2756/2608 2118/2755/2607 2149/2747/2599
f 2120/2757/2609 2119/2756/2608 2149/2747/2599
f 2121/2758/2610 2120/2757/2609 2149/2747/2599
f 2122/2759/2611 2121/2758/2610 2149/2747/2599
f 2123/2760/2612 2122/2759/2611 2149/2747/2599
f 2124/2761/2613 2123/2760/2612 2149/2747/2599
f 2125/2762/2614 2124/2761/2613 2149/2747/2599
f 2126/2763/2615 2125/2762/2614 2149/2747/2599
f 2127/2764/2616 2126/2763/2615 2149/2747/2599
f 2128/2765/2617 2127/2764/2616 2149/2747/2599
f 2109/2746/2598 2128/2765/2617 2149/2747/2599
s 37
f 2129/2766/2618 2130/2767/2619 2150/2768/2620
f 2130/2767/2619 2131/2769/2621 2150/2768/2620
f 2131/2769/2621 2132/2770/2622 2150/2768/2620
f 2132/2770/2622 2133/2771/2623 2150/2768/2620
f 2133/2771/2623 2134/2772/2624 2150/2768/2620
f 2134/2772/2624 2135/2773/2625 2150/2768/2620
f 2135/2773/2625 2136/2774/2626 2150/2768/2620
f 2136/2774/2626 2137/2775/2627 2150/2768/2620
f 2137/2775/2627 2138/2776/2628 2150/2768/2620
f 2138/2776/2628 2139/2777/2629 2150/2768/2620
f 2139/2777/2629 2140/2778/2630 2150/2768/2620
f 2140/2778/2630 2141/2779/2631 2150/2768/2620
f 2141/2779/2631 2142/2780/2632 2150/2768/2620
f 2142/2780/2632 2143/2781/2633 2150/2768/2620
f 2143/2781/2633 2144/2782/2634 2150/2768/2620
f 2144/2782/2634 2145/2783/2635 2150/2768/2620
f 2145/2783/2635 2146/2784/2636 2150/2768/2620
f 2146/2784/2636 2147/2785/2637 2150/2768/2620
f 2147/2785/2637 2148/2786/2638 2150/2768/2620
f 2148/2786/2638 2129/2766/2618 2150/2768/2620
s 38
f 2151/2787/2639 2152/2788/2640 2172/2789/2641 2171/2790/2642
f 2152/2788/2640 2153/2791/2643 2173/2792/2644 2172/2789/2641
f 2153/2791/2643 2154/2793/2645 2174/2794/2646 2173/2792/2644
f 2154/2793/2645 2155/2795/2647 2175/2796/2648 2174/2794/2646
f 2155/2795/2647 2156/2797/2649 2176/2798/2650 2175/2796/2648
f 2156/2797/2649 2157/2799/2651 2177/2800/2652 2176/2798/2650
f 2157/2799/2651 2158/2801/2653 2178/2802/2654 2177/2800/2652
f 2158/2801/2653 2159/2803/2655 2179/2804/2656 2178/2802/2654
f 2159/2803/2655 2160/2805/2657 2180/2806/2658 2179/2804/2656
f 2160/2805/2657 2161/2807/2659 2181/2808/2660 2180/2806/2658
f 2161/2807/2659 2162/2809/2661 2182/2810/2662 2181/2808/2660
f 2162/2809/2661 2163/2811/2663 2183/2812/2664 2182/2810/2662
f 2163/2811/2663 2164/2813/2665 2184/2814/2666 2183/2812/2664
f 2164/2813/2665 2165/2815/2667 2185/2816/2668 2184/2814/2666
f 2165/2815/2667 2166/2817/2669 2186/2818/2670 2185/2816/2668
f 2166/2817/2669 2167/2819/2671 2187/2820/2672 2186/2818/2670
f 2167/2819/2671 2168/2821/2673 2188/2822/2674 2187/2820/2672
f 2168/2821/2673 2169/2823/2675 2189/2824/2676 2188/2822/2674
f 2169/2823/2675 2170/2825/2677 2190/2826/2678 2189/2824/2676
f 2170/2825/2677 2151/2827/2639 2171/2828/2642 2190/2826/2678
s 39
f 2152/2829/2679 2151/2830/2680 2191/2831/2681
f 2153/2832/2682 2152/2829/2679 2191/2831/2681
f 2154/2833/2683 2153/2832/2682 2191/2831/2681
f 2155/2834/2684 2154/2833/2683 2191/2831/2681
f 2156/2835/2685 2155/2834/2684 2191/2831/2681
f 2157/2836/2686 2156/2835/2685 2191/2831/2681
f 2158/2837/2687 2157/2836/2686 2191/2831/2681
f 2159/2838/2688 2158/2837/2687 2191/2831/2681
f 2160/2839/2689 2159/2838/2688 2191/2831/2681
f 2161/2840/2690 2160/2839/2689 2191/2831/2681
f 2162/2841/2691 2161/2840/2690 2191/2831/2681
f 2163/2842/2692 2162/2841/2691 2191/2831/2681
f 2164/2843/2693 2163/2842/2692 2191/2831/2681
f 2165/2844/2694 2164/2843/2693 2191/2831/2681
f 2166/2845/2695 2165/2844/2694 2191/2831/2681
f 2167/2846/2696 2166/2845/2695 2191/2831/2681
f 2168/2847/2697 2167/2846/2696 2191/2831/2681
f 2169/2848/2698 2168/2847/2697 2191/2831/2681
f 2170/2849/2699 2169/2848/2698 2191/2831/2681
f 2151/2830/2680 2170/2849/2699 2191/2831/2681
s 40
f 2171/2850/2700 2172/2851/2701 2192/2852/2702
f 2172/2851/2701 2173/2853/2703 2192/2852/2702
f 2173/2853/2703 2174/2854/2704 2192/2852/2702
f 2174/2854/2704 2175/2855/2705 2192/2852/2702
f 2175/2855/2705 2176/2856/2706 2192/2852/2702
f 2176/2856/2706 2177/2857/2707 2192/2852/2702
f 2177/2857/2707 2178/2858/2708 2192/2852/2702
f 2178/2858/2708 2179/2859/2709 2192/2852/2702
f 2179/2859/2709 2180/2860/2710 2192/2852/2702
f 2180/2860/2710 2181/2861/2711 2192/2852/2702
f 2181/2861/2711 2182/2862/2712 2192/2852/2702
f 2182/2862/2712 2183/2863/2713 2192/2852/2702
f 2183/2863/2713 2184/2864/2714 2192/2852/2702
f 2184/2864/2714 2185/2865/2715 2192/2852/2702
f 2185/2865/2715 2186/2866/2716 2192/2852/2702
f 2186/2866/2716 2187/2867/2717 2192/2852/2702
f 2187/2867/2717 2188/2868/2718 2192/2852/2702
f 2188/2868/2718 2189/2869/2719 2192/2852/2702
f 2189/2869/2719 2190/2870/2720 2192/2852/2702
f 2190/2870/2720 2171/2850/2700 2192/2852/2702
