# This file uses centimeters as units for non-parametric coordinates.

mtllib Tire.mtl
g default
v -4.137949 19.916927 -20.802876
v 0.000000 19.153301 -21.210434
v -8.116879 19.916927 -19.595879
v 4.137949 19.153301 -20.802876
v -11.783881 19.916927 -17.635830
v 8.116879 19.153301 -19.595879
v -14.998035 19.916927 -14.998042
v 11.783881 19.153301 -17.635830
v -17.635824 19.916927 -11.783890
v 14.998035 19.153301 -14.998043
v -19.595879 19.916927 -8.116881
v 17.635824 19.153299 -11.783887
v -20.802874 19.916927 -4.137952
v 19.595879 19.153301 -8.116883
v -21.210426 19.916927 -0.000002
v 20.802874 19.153299 -4.137951
v -20.802874 19.916927 4.137946
v 21.210426 19.153301 -0.000003
v -19.595879 19.916927 8.116879
v 20.802874 19.153301 4.137944
v -17.635824 19.916927 11.783881
v 19.595879 19.153301 8.116879
v -14.998035 19.916929 14.998033
v 17.635824 19.153301 11.783880
v -11.783881 19.916927 17.635822
v 14.998035 19.153299 14.998034
v -8.116879 19.916925 19.595877
v 11.783881 19.153301 17.635822
v -4.137949 19.916925 20.802870
v 8.116879 19.153299 19.595875
v 0.000000 19.916927 21.210423
v 4.137949 19.153299 20.802868
v 4.137949 19.916925 20.802870
v 0.000000 19.153301 21.210423
v 8.116879 19.916925 19.595877
v -4.137949 19.153299 20.802868
v 11.783881 19.916927 17.635822
v -8.116879 19.153299 19.595875
v 14.998035 19.916929 14.998033
v -11.783881 19.153301 17.635822
v 17.635824 19.916927 11.783881
v -14.998035 19.153299 14.998034
v 19.595879 19.916927 8.116879
v -17.635824 19.153301 11.783880
v 20.802874 19.916927 4.137946
v -19.595879 19.153301 8.116879
v 21.210426 19.916927 -0.000002
v -20.802874 19.153301 4.137944
v 20.802874 19.916927 -4.137952
v -21.210426 19.153301 -0.000003
v 19.595879 19.916927 -8.116881
v -20.802874 19.153299 -4.137951
v 17.635824 19.916927 -11.783890
v -19.595879 19.153301 -8.116883
v 14.998035 19.916927 -14.998042
v -17.635824 19.153299 -11.783887
v 11.783881 19.916927 -17.635830
v -14.998035 19.153301 -14.998043
v 8.116879 19.916927 -19.595879
v -11.783881 19.153301 -17.635830
v 0.000000 19.916927 -21.210434
v -8.116879 19.153301 -19.595879
v 4.137949 19.916927 -20.802876
v -4.137949 19.153301 -20.802876
v 0.000000 20.492970 -23.080105
v -4.502704 20.492970 -22.636623
v -8.832373 20.492970 -21.323233
v -12.822617 20.492970 -19.190401
v -16.320093 20.492970 -16.320097
v -19.190399 20.492970 -12.822619
v -21.323229 20.492970 -8.832373
v -22.636621 20.492970 -4.502705
v -23.080101 20.492970 -0.000001
v -22.636621 20.492970 4.502704
v -21.323229 20.492970 8.832372
v -19.190399 20.492968 12.822616
v -16.320093 20.492970 16.320091
v -12.822617 20.492968 19.190399
v -8.832373 20.492970 21.323227
v -4.502704 20.492970 22.636616
v 0.000000 20.492970 23.080097
v 4.502704 20.492970 22.636616
v 8.832373 20.492970 21.323227
v 12.822617 20.492968 19.190399
v 16.320093 20.492970 16.320091
v 19.190399 20.492968 12.822616
v 21.323229 20.492970 8.832372
v 22.636621 20.492970 4.502704
v 23.080101 20.492970 -0.000001
v 22.636621 20.492970 -4.502705
v 21.323229 20.492970 -8.832373
v 19.190399 20.492970 -12.822619
v 16.320093 20.492970 -16.320097
v 12.822617 20.492970 -19.190401
v 8.832373 20.492970 -21.323233
v 4.502704 20.492970 -22.636623
v 31.121639 21.811399 12.891008
v 33.038563 21.811401 6.571778
v -33.038563 21.811401 6.571778
v -31.121639 21.811399 12.891008
v 33.685829 21.811401 -0.000002
v -28.008741 21.811403 18.714842
v 33.038563 21.811401 -6.571780
v -23.819477 21.811399 23.819475
v 31.121639 21.811401 -12.891010
v -18.714844 21.811401 28.008736
v 28.008741 21.811401 -18.714844
v -12.891009 21.811401 31.121639
v 0.000000 21.811401 -33.685833
v -6.571780 21.811401 -33.038563
v 23.819477 21.811401 -23.819477
v -6.571780 21.811401 33.038555
v -12.891009 21.811401 -31.121643
v 18.714844 21.811401 -28.008743
v 0.000000 21.811401 33.685829
v -18.714844 21.811401 -28.008743
v 12.891009 21.811401 -31.121643
v 6.571780 21.811401 33.038555
v -23.819477 21.811401 -23.819477
v 6.571780 21.811401 -33.038563
v 12.891009 21.811401 31.121639
v -28.008741 21.811401 -18.714844
v 18.714844 21.811401 28.008736
v -31.121639 21.811401 -12.891010
v 23.819477 21.811399 23.819475
v -33.038563 21.811401 -6.571780
v 28.008741 21.811403 18.714842
v -33.685829 21.811401 -0.000002
v 28.718645 23.400337 11.895653
v -30.487555 23.400337 6.064349
v 0.000000 23.400337 -31.084846
v 30.487555 23.400337 6.064349
v -28.718645 23.400337 11.895653
v 31.084841 23.400337 -0.000002
v -25.846096 23.400339 17.269810
v 30.487555 23.400337 -6.064353
v -21.980301 23.400339 21.980299
v 28.718645 23.400337 -11.895657
v -17.269812 23.400335 25.846092
v 25.846096 23.400337 -17.269821
v -11.895656 23.400335 28.718643
v -6.064352 23.400337 -30.487560
v 21.980301 23.400337 -21.980305
v -6.064352 23.400337 30.487553
v -11.895656 23.400337 -28.718647
v 17.269812 23.400337 -25.846100
v 0.000000 23.400337 31.084839
v -17.269812 23.400337 -25.846100
v 11.895656 23.400337 -28.718647
v 6.064352 23.400337 30.487553
v -21.980301 23.400337 -21.980305
v 6.064352 23.400337 -30.487560
v 11.895656 23.400335 28.718643
v -25.846096 23.400337 -17.269821
v 17.269812 23.400335 25.846092
v -28.718645 23.400337 -11.895657
v 21.980301 23.400339 21.980299
v -30.487555 23.400337 -6.064353
v 25.846096 23.400339 17.269810
v -31.084841 23.400337 -0.000002
v 0.000000 11.809799 -34.337734
v -6.698960 11.809799 -33.677948
v -13.140485 11.809799 -31.723930
v -19.077024 11.809799 -28.550785
v -24.280445 11.809798 -24.280445
v -28.550783 11.809798 -19.077026
v -31.723925 11.809797 -13.140488
v -33.677944 11.809797 -6.698962
v -34.337738 11.809796 -0.000003
v -33.677944 11.809795 6.698957
v -31.723925 11.809796 13.140483
v -28.550783 11.809793 19.077024
v -24.280445 11.809793 24.280443
v -19.077024 11.809793 28.550777
v -13.140485 11.809793 31.723927
v -6.698960 11.809792 33.677940
v 0.000000 11.809795 34.337734
v 6.698960 11.809792 33.677940
v 13.140485 11.809793 31.723927
v 19.077024 11.809793 28.550777
v 24.280445 11.809793 24.280443
v 28.550783 11.809793 19.077024
v 31.723925 11.809796 13.140483
v 33.677944 11.809795 6.698957
v 34.337738 11.809796 -0.000003
v 33.677944 11.809797 -6.698962
v 31.723925 11.809797 -13.140488
v 28.550783 11.809798 -19.077026
v 24.280445 11.809798 -24.280445
v 19.077024 11.809799 -28.550785
v 13.140485 11.809799 -31.723930
v 6.698960 11.809799 -33.677948
v 24.255436 23.400337 10.046931
v -25.749434 23.400337 5.121877
v 0.000000 23.400337 -26.253902
v 25.749434 23.400337 5.121877
v -24.255436 23.400337 10.046931
v 26.253901 23.400337 -0.000002
v -21.829319 23.400339 14.585882
v 25.749434 23.400337 -5.121882
v -18.564310 23.400339 18.564306
v 24.255436 23.400337 -10.046935
v -14.585885 23.400335 21.829317
v 21.829319 23.400337 -14.585888
v -10.046933 23.400337 24.255436
v -5.121882 23.400337 -25.749439
v 18.564310 23.400337 -18.564312
v -5.121882 23.400335 25.749428
v -10.046933 23.400337 -24.255444
v 14.585885 23.400337 -21.829319
v 0.000000 23.400339 26.253895
v -14.585885 23.400337 -21.829319
v 10.046933 23.400337 -24.255444
v 5.121882 23.400335 25.749428
v -18.564310 23.400337 -18.564312
v 5.121882 23.400337 -25.749439
v 10.046933 23.400337 24.255436
v -21.829319 23.400337 -14.585888
v 14.585885 23.400335 21.829317
v -24.255436 23.400337 -10.046935
v 18.564310 23.400339 18.564306
v -25.749434 23.400337 -5.121882
v 21.829319 23.400339 14.585882
v -26.253901 23.400337 -0.000002
v 33.482441 19.562607 6.660071
v -31.539764 19.562607 13.064203
v 34.138401 19.562607 -0.000001
v -28.385044 19.562605 18.966280
v 33.482441 19.562607 -6.660074
v -24.139494 19.562605 24.139490
v 31.539764 19.562607 -13.064204
v -18.966280 19.562607 28.385042
v 28.385044 19.562607 -18.966280
v -13.064202 19.562609 31.539762
v -6.660072 19.562607 -33.482445
v 24.139494 19.562607 -24.139500
v -6.660072 19.562607 33.482437
v -13.064202 19.562607 -31.539776
v 18.966280 19.562607 -28.385042
v 0.000000 19.562607 34.138401
v -18.966280 19.562607 -28.385042
v 13.064202 19.562607 -31.539776
v 6.660072 19.562607 33.482437
v -24.139494 19.562607 -24.139500
v 6.660072 19.562607 -33.482445
v 13.064202 19.562609 31.539762
v -28.385044 19.562607 -18.966280
v 18.966280 19.562607 28.385042
v -31.539764 19.562607 -13.064204
v 24.139494 19.562605 24.139490
v -33.482441 19.562607 -6.660074
v 28.385044 19.562605 18.966280
v -34.138401 19.562607 -0.000001
v 31.539764 19.562607 13.064203
v -33.482441 19.562607 6.660071
v 0.000000 19.562607 -34.138401
v 28.118498 23.619587 5.593115
v -26.487041 23.619587 10.971292
v 28.669373 23.619587 -0.000001
v -23.837709 23.619587 15.927848
v 28.118498 23.619587 -5.593115
v -20.272305 23.619589 20.272305
v 26.487041 23.619587 -10.971292
v -15.927848 23.619587 23.837708
v 23.837709 23.619587 -15.927851
v -10.971293 23.619587 26.487038
v -5.593117 23.619587 -28.118498
v 20.272305 23.619587 -20.272306
v -5.593117 23.619589 28.118494
v -10.971293 23.619587 -26.487047
v 15.927848 23.619587 -23.837708
v 0.000000 23.619587 28.669371
v -15.927848 23.619587 -23.837708
v 10.971293 23.619587 -26.487047
v 5.593117 23.619589 28.118494
v -20.272305 23.619587 -20.272306
v 5.593117 23.619587 -28.118498
v 10.971293 23.619587 26.487038
v -23.837709 23.619587 -15.927851
v 15.927848 23.619587 23.837708
v -26.487041 23.619587 -10.971292
v 20.272305 23.619589 20.272305
v -28.118498 23.619587 -5.593115
v 23.837709 23.619587 15.927848
v -28.669373 23.619587 -0.000001
v 26.487041 23.619587 10.971292
v -28.118498 23.619587 5.593115
v 0.000000 23.619587 -28.669374
v -0.000000 11.809799 -32.867371
v 6.412104 11.809799 -32.235825
v 12.577794 11.809799 -30.365479
v 18.260128 11.809798 -27.328217
v 23.240732 11.809798 -23.240738
v 27.328209 11.809797 -18.260132
v 30.365479 11.809797 -12.577803
v 32.235821 11.809797 -6.412108
v 32.867355 11.809796 -0.000003
v 32.235821 11.809795 6.412098
v 30.365479 11.809795 12.577793
v 27.328209 11.809795 18.260120
v 23.240732 11.809795 23.240726
v 18.260128 11.809795 27.328209
v 12.577794 11.809795 30.365479
v 6.412104 11.809792 32.235817
v -0.000000 11.809792 32.867355
v -6.412104 11.809792 32.235817
v -12.577794 11.809795 30.365479
v -18.260128 11.809795 27.328209
v -23.240732 11.809795 23.240726
v -27.328209 11.809795 18.260120
v -30.365479 11.809795 12.577793
v -32.235821 11.809795 6.412098
v -32.867355 11.809796 -0.000003
v -32.235821 11.809797 -6.412108
v -30.365479 11.809797 -12.577803
v -27.328209 11.809797 -18.260132
v -23.240732 11.809798 -23.240738
v -18.260128 11.809798 -27.328217
v -12.577794 11.809799 -30.365479
v -6.412104 11.809799 -32.235825
v -4.137949 3.702669 -20.802876
v 0.000000 4.466295 -21.210432
v -8.116879 3.702668 -19.595879
v 4.137949 4.466295 -20.802874
v -11.783881 3.702668 -17.635830
v 8.116879 4.466295 -19.595879
v -14.998035 3.702668 -14.998044
v 11.783881 4.466295 -17.635828
v -17.635824 3.702667 -11.783890
v 14.998035 4.466295 -14.998043
v -19.595879 3.702667 -8.116884
v 17.635824 4.466295 -11.783890
v -20.802874 3.702666 -4.137952
v 19.595879 4.466294 -8.116884
v -21.210426 3.702665 -0.000004
v 20.802874 4.466293 -4.137952
v -20.802874 3.702665 4.137944
v 21.210426 4.466292 -0.000003
v -19.595879 3.702664 8.116877
v 20.802874 4.466292 4.137945
v -17.635824 3.702663 11.783879
v 19.595879 4.466292 8.116879
v -14.998035 3.702663 14.998033
v 17.635824 4.466290 11.783878
v -11.783881 3.702663 17.635822
v 14.998035 4.466291 14.998034
v -8.116879 3.702662 19.595877
v 11.783881 4.466290 17.635822
v -4.137949 3.702662 20.802868
v 8.116879 4.466290 19.595875
v 0.000000 3.702663 21.210423
v 4.137949 4.466290 20.802868
v 4.137949 3.702662 20.802868
v 0.000000 4.466290 21.210423
v 8.116879 3.702662 19.595877
v -4.137949 4.466290 20.802868
v 11.783881 3.702663 17.635822
v -8.116879 4.466290 19.595875
v 14.998035 3.702663 14.998033
v -11.783881 4.466290 17.635822
v 17.635824 3.702663 11.783879
v -14.998035 4.466291 14.998034
v 19.595879 3.702664 8.116877
v -17.635824 4.466290 11.783878
v 20.802874 3.702665 4.137944
v -19.595879 4.466292 8.116879
v 21.210426 3.702665 -0.000004
v -20.802874 4.466292 4.137945
v 20.802874 3.702666 -4.137952
v -21.210426 4.466292 -0.000003
v 19.595879 3.702667 -8.116884
v -20.802874 4.466293 -4.137952
v 17.635824 3.702667 -11.783890
v -19.595879 4.466294 -8.116884
v 14.998035 3.702668 -14.998044
v -17.635824 4.466295 -11.783890
v 11.783881 3.702668 -17.635830
v -14.998035 4.466295 -14.998043
v 8.116879 3.702668 -19.595879
v -11.783881 4.466295 -17.635828
v 0.000000 3.702669 -21.210434
v -8.116879 4.466295 -19.595879
v 4.137949 3.702669 -20.802876
v -4.137949 4.466295 -20.802874
v 0.000000 3.126625 -23.080105
v -4.502704 3.126627 -22.636623
v -8.832373 3.126625 -21.323235
v -12.822617 3.126625 -19.190401
v -16.320093 3.126625 -16.320097
v -19.190399 3.126624 -12.822619
v -21.323229 3.126624 -8.832375
v -22.636621 3.126623 -4.502706
v -23.080101 3.126622 -0.000004
v -22.636621 3.126622 4.502701
v -21.323229 3.126620 8.832369
v -19.190399 3.126620 12.822615
v -16.320093 3.126621 16.320091
v -12.822617 3.126619 19.190399
v -8.832373 3.126619 21.323227
v -4.502704 3.126619 22.636616
v 0.000000 3.126619 23.080097
v 4.502704 3.126619 22.636616
v 8.832373 3.126619 21.323227
v 12.822617 3.126619 19.190399
v 16.320093 3.126621 16.320091
v 19.190399 3.126620 12.822615
v 21.323229 3.126620 8.832369
v 22.636621 3.126622 4.502701
v 23.080101 3.126622 -0.000004
v 22.636621 3.126623 -4.502706
v 21.323229 3.126624 -8.832375
v 19.190399 3.126624 -12.822619
v 16.320093 3.126625 -16.320097
v 12.822617 3.126625 -19.190401
v 8.832373 3.126625 -21.323235
v 4.502704 3.126627 -22.636623
v 31.121639 1.808189 12.891004
v 33.038563 1.808191 6.571777
v -33.038563 1.808191 6.571777
v -31.121639 1.808189 12.891004
v 33.685829 1.808191 -0.000004
v -28.008741 1.808189 18.714840
v 33.038563 1.808193 -6.571783
v -23.819477 1.808187 23.819469
v 31.121639 1.808193 -12.891014
v -18.714844 1.808187 28.008736
v 28.008741 1.808193 -18.714848
v -12.891009 1.808186 31.121637
v 0.000000 1.808197 -33.685833
v -6.571780 1.808197 -33.038563
v 23.819477 1.808195 -23.819477
v -6.571780 1.808186 33.038551
v -12.891009 1.808195 -31.121639
v 18.714844 1.808195 -28.008743
v 0.000000 1.808186 33.685829
v -18.714844 1.808195 -28.008743
v 12.891009 1.808195 -31.121639
v 6.571780 1.808186 33.038551
v -23.819477 1.808195 -23.819477
v 6.571780 1.808197 -33.038563
v 12.891009 1.808186 31.121637
v -28.008741 1.808193 -18.714848
v 18.714844 1.808187 28.008736
v -31.121639 1.808193 -12.891014
v 23.819477 1.808187 23.819469
v -33.038563 1.808193 -6.571783
v 28.008741 1.808189 18.714840
v -33.685829 1.808191 -0.000004
v 28.718645 0.219254 11.895652
v -30.487555 0.219254 6.064348
v 0.000000 0.219259 -31.084846
v 30.487555 0.219254 6.064348
v -28.718645 0.219254 11.895652
v 31.084841 0.219255 -0.000004
v -25.846096 0.219254 17.269810
v 30.487555 0.219256 -6.064353
v -21.980301 0.219252 21.980293
v 28.718645 0.219257 -11.895658
v -17.269812 0.219252 25.846096
v 25.846096 0.219257 -17.269821
v -11.895656 0.219252 28.718645
v -6.064352 0.219259 -30.487560
v 21.980301 0.219259 -21.980305
v -6.064352 0.219250 30.487551
v -11.895656 0.219259 -28.718643
v 17.269812 0.219259 -25.846100
v 0.000000 0.219250 31.084837
v -17.269812 0.219259 -25.846100
v 11.895656 0.219259 -28.718643
v 6.064352 0.219250 30.487551
v -21.980301 0.219259 -21.980305
v 6.064352 0.219259 -30.487560
v 11.895656 0.219252 28.718645
v -25.846096 0.219257 -17.269821
v 17.269812 0.219252 25.846096
v -28.718645 0.219257 -11.895658
v 21.980301 0.219252 21.980293
v -30.487555 0.219256 -6.064353
v 25.846096 0.219254 17.269810
v -31.084841 0.219255 -0.000004
v 24.255436 0.219254 10.046929
v -25.749434 0.219254 5.121878
v 0.000000 0.219259 -26.253902
v 25.749434 0.219254 5.121878
v -24.255436 0.219254 10.046929
v 26.253901 0.219255 -0.000004
v -21.829319 0.219254 14.585879
v 25.749434 0.219256 -5.121884
v -18.564310 0.219252 18.564301
v 24.255436 0.219256 -10.046936
v -14.585885 0.219254 21.829315
v 21.829319 0.219257 -14.585890
v -10.046933 0.219254 24.255432
v -5.121882 0.219259 -25.749439
v 18.564310 0.219257 -18.564316
v -5.121882 0.219252 25.749432
v -10.046933 0.219259 -24.255444
v 14.585885 0.219259 -21.829321
v 0.000000 0.219252 26.253899
v -14.585885 0.219259 -21.829321
v 10.046933 0.219259 -24.255444
v 5.121882 0.219252 25.749432
v -18.564310 0.219257 -18.564316
v 5.121882 0.219259 -25.749439
v 10.046933 0.219254 24.255432
v -21.829319 0.219257 -14.585890
v 14.585885 0.219254 21.829315
v -24.255436 0.219256 -10.046936
v 18.564310 0.219252 18.564301
v -25.749434 0.219256 -5.121884
v 21.829319 0.219254 14.585879
v -26.253901 0.219255 -0.000004
v 33.482441 4.056984 6.660070
v -31.539764 4.056983 13.064201
v 34.138401 4.056985 -0.000003
v -28.385044 4.056982 18.966282
v 33.482441 4.056987 -6.660075
v -24.139494 4.056982 24.139492
v 31.539764 4.056988 -13.064205
v -18.966280 4.056980 28.385042
v 28.385044 4.056988 -18.966282
v -13.064202 4.056982 31.539762
v -6.660072 4.056992 -33.482445
v 24.139494 4.056988 -24.139502
v -6.660072 4.056980 33.482437
v -13.064202 4.056990 -31.539772
v 18.966280 4.056990 -28.385044
v 0.000000 4.056980 34.138401
v -18.966280 4.056990 -28.385044
v 13.064202 4.056990 -31.539772
v 6.660072 4.056980 33.482437
v -24.139494 4.056988 -24.139502
v 6.660072 4.056992 -33.482445
v 13.064202 4.056982 31.539762
v -28.385044 4.056988 -18.966282
v 18.966280 4.056980 28.385042
v -31.539764 4.056988 -13.064205
v 24.139494 4.056982 24.139492
v -33.482441 4.056987 -6.660075
v 28.385044 4.056982 18.966282
v -34.138401 4.056985 -0.000003
v 31.539764 4.056983 13.064201
v -33.482441 4.056984 6.660070
v 0.000000 4.056992 -34.138401
v 28.118498 0.000004 5.593114
v -26.487041 0.000003 10.971289
v 28.669373 0.000005 -0.000004
v -23.837709 0.000003 15.927845
v 28.118498 0.000007 -5.593119
v -20.272305 0.000002 20.272301
v 26.487041 0.000007 -10.971296
v -15.927848 0.000002 23.837708
v 23.837709 0.000008 -15.927855
v -10.971293 0.000000 26.487036
v -5.593117 0.000010 -28.118496
v 20.272305 0.000008 -20.272310
v -5.593117 0.000000 28.118492
v -10.971293 0.000010 -26.487047
v 15.927848 0.000008 -23.837711
v 0.000000 0.000000 28.669369
v -15.927848 0.000008 -23.837711
v 10.971293 0.000010 -26.487047
v 5.593117 0.000000 28.118492
v -20.272305 0.000008 -20.272310
v 5.593117 0.000010 -28.118496
v 10.971293 0.000000 26.487036
v -23.837709 0.000008 -15.927855
v 15.927848 0.000002 23.837708
v -26.487041 0.000007 -10.971296
v 20.272305 0.000002 20.272301
v -28.118498 0.000007 -5.593119
v 23.837709 0.000003 15.927845
v -28.669373 0.000005 -0.000004
v 26.487041 0.000003 10.971289
v -28.118498 0.000004 5.593114
v 0.000000 0.000010 -28.669373
v 21.944698 2.065313 9.089789
v -23.296368 2.065314 4.633932
v 0.000000 2.065317 -23.752781
v 23.296368 2.065314 4.633932
v -21.944698 2.065313 9.089789
v 23.752775 2.065314 -0.000004
v -19.749710 2.065313 13.196334
v 23.296368 2.065315 -4.633937
v -16.795746 2.065313 16.795744
v 21.944698 2.065316 -9.089795
v -13.196334 2.065311 19.749706
v 19.749710 2.065317 -13.196337
v -9.089794 2.065311 21.944695
v -4.633936 2.065317 -23.296375
v 16.795746 2.065317 -16.795752
v -4.633936 2.065311 23.296364
v -9.089794 2.065317 -21.944710
v 13.196334 2.065317 -19.749706
v 0.000000 2.065311 23.752773
v -13.196334 2.065317 -19.749706
v 9.089794 2.065317 -21.944710
v 4.633936 2.065311 23.296364
v -16.795746 2.065317 -16.795752
v 4.633936 2.065317 -23.296375
v 9.089794 2.065311 21.944695
v -19.749710 2.065317 -13.196337
v 13.196334 2.065311 19.749706
v -21.944698 2.065316 -9.089795
v 16.795746 2.065313 16.795744
v -23.296368 2.065315 -4.633937
v 19.749710 2.065313 13.196334
v -23.752775 2.065314 -0.000004
v 23.635143 4.743569 -0.000003
v -4.610988 4.743567 23.181000
v -21.836025 4.743571 -9.044782
v 16.712570 4.743572 -16.712582
v 13.130983 4.743567 19.651905
v -21.836025 4.743567 9.044777
v 0.000000 4.743574 -23.635149
v -4.610988 4.743572 -23.181005
v 23.181004 4.743569 4.610989
v -9.044779 4.743567 21.836025
v -19.651907 4.743572 -13.130987
v 19.651907 4.743572 -13.130987
v 9.044779 4.743567 21.836025
v -23.181004 4.743569 4.610989
v 4.610988 4.743572 -23.181005
v 21.836025 4.743567 9.044777
v -13.130983 4.743567 19.651905
v -16.712570 4.743572 -16.712582
v 21.836025 4.743571 -9.044782
v 4.610988 4.743567 23.181000
v -23.635143 4.743569 -0.000003
v 9.044779 4.743572 -21.836025
v 19.651907 4.743567 13.130981
v -16.712570 4.743567 16.712570
v -13.130983 4.743573 -19.651901
v 23.181004 4.743570 -4.610990
v 0.000000 4.743567 23.635143
v -23.181004 4.743570 -4.610990
v 13.130983 4.743573 -19.651901
v 16.712570 4.743567 16.712570
v -19.651907 4.743567 13.130981
v -9.044779 4.743572 -21.836025
v 21.944698 21.554279 9.089788
v -23.296368 21.554279 4.633933
v 0.000000 21.554277 -23.752777
v 23.296368 21.554279 4.633933
v -21.944698 21.554279 9.089788
v 23.752775 21.554279 -0.000003
v -19.749710 21.554277 13.196332
v 23.296368 21.554277 -4.633936
v -16.795746 21.554277 16.795744
v 21.944698 21.554279 -9.089794
v -13.196334 21.554279 19.749706
v 19.749710 21.554277 -13.196336
v -9.089794 21.554281 21.944695
v -4.633936 21.554277 -23.296371
v 16.795746 21.554279 -16.795753
v -4.633936 21.554281 23.296364
v -9.089794 21.554277 -21.944706
v 13.196334 21.554279 -19.749706
v 0.000000 21.554279 23.752773
v -13.196334 21.554279 -19.749706
v 9.089794 21.554277 -21.944706
v 4.633936 21.554281 23.296364
v -16.795746 21.554279 -16.795753
v 4.633936 21.554277 -23.296371
v 9.089794 21.554281 21.944695
v -19.749710 21.554277 -13.196336
v 13.196334 21.554279 19.749706
v -21.944698 21.554279 -9.089794
v 16.795746 21.554277 16.795744
v -23.296368 21.554277 -4.633936
v 19.749710 21.554277 13.196332
v -23.752775 21.554279 -0.000003
v 32.275356 5.453270 -0.000003
v 27.367809 2.657845 -0.000004
v 26.841944 2.657845 5.339190
v 31.655195 5.453270 6.296604
v -6.296610 5.453266 31.655193
v -5.339195 2.657841 26.841942
v -10.473207 2.657841 25.284552
v -12.351245 5.453266 29.818541
v -29.818541 5.453272 -12.351252
v -25.284559 2.657847 -10.473213
v -22.755501 2.657848 -15.204742
v -26.835978 5.453274 -17.931234
v 22.822124 5.453274 -22.822132
v 19.351963 2.657848 -19.351971
v 22.755501 2.657848 -15.204742
v 26.835978 5.453274 -17.931234
v 17.931229 5.453266 26.835978
v 15.204741 2.657841 22.755495
v 10.473207 2.657841 25.284552
v 12.351245 5.453266 29.818541
v -29.818541 5.453268 12.351244
v -25.284559 2.657844 10.473206
v -26.841944 2.657845 5.339190
v -31.655195 5.453270 6.296604
v -0.000000 5.453274 -32.275368
v 0.000000 2.657850 -27.367819
v 5.339194 2.657850 -26.841944
v 6.296610 5.453274 -31.655193
v -6.296610 5.453274 -31.655193
v -5.339194 2.657850 -26.841944
v 25.284559 2.657844 10.473206
v 29.818541 5.453268 12.351244
v -15.204741 2.657841 22.755495
v -17.931229 5.453266 26.835978
v -19.351963 2.657848 -19.351971
v -22.822124 5.453274 -22.822132
v 25.284559 2.657847 -10.473213
v 29.818541 5.453272 -12.351252
v 5.339195 2.657841 26.841942
v 6.296610 5.453266 31.655193
v -27.367809 2.657845 -0.000004
v -32.275356 5.453270 -0.000003
v 10.473208 2.657852 -25.284565
v 12.351245 5.453276 -29.818541
v 22.755501 2.657843 15.204737
v 26.835978 5.453268 17.931223
v -19.351963 2.657843 19.351957
v -22.822124 5.453268 22.822119
v -15.204741 2.657848 -22.755505
v -17.931229 5.453274 -26.835983
v 26.841944 2.657846 -5.339197
v 31.655195 5.453272 -6.296615
v 0.000000 2.657841 27.367805
v -0.000000 5.453266 32.275352
v -26.841944 2.657846 -5.339197
v -31.655195 5.453272 -6.296615
v 15.204741 2.657848 -22.755505
v 17.931229 5.453274 -26.835983
v 19.351963 2.657843 19.351957
v 22.822124 5.453268 22.822119
v -22.755501 2.657843 15.204737
v -26.835978 5.453268 17.931223
v -10.473208 2.657852 -25.284565
v -12.351245 5.453276 -29.818541
v 23.635143 18.876022 -0.000001
v -4.610988 18.876022 23.181002
v -21.836025 18.876022 -9.044779
v 16.712570 18.876022 -16.712580
v 13.130983 18.876020 19.651905
v -21.836025 18.876022 9.044780
v 0.000000 18.876022 -23.635151
v -4.610988 18.876022 -23.181004
v 23.181004 18.876022 4.610990
v -9.044779 18.876022 21.836025
v -19.651907 18.876022 -13.130988
v 19.651907 18.876022 -13.130988
v 9.044779 18.876022 21.836025
v -23.181004 18.876022 4.610990
v 4.610988 18.876022 -23.181004
v 21.836025 18.876022 9.044780
v -13.130983 18.876020 19.651905
v -16.712570 18.876022 -16.712580
v 21.836025 18.876022 -9.044779
v 4.610988 18.876022 23.181002
v -23.635143 18.876022 -0.000001
v 9.044779 18.876022 -21.836025
v 19.651907 18.876022 13.130983
v -16.712570 18.876024 16.712570
v -13.130983 18.876022 -19.651901
v 23.181004 18.876022 -4.610989
v 0.000000 18.876022 23.635145
v -23.181004 18.876022 -4.610989
v 13.130983 18.876022 -19.651901
v 16.712570 18.876024 16.712570
v -19.651907 18.876022 13.130983
v -9.044779 18.876022 -21.836025
v -5.804149 3.765806 -29.179428
v -11.385248 3.765808 -27.486427
v -27.486420 3.765800 11.385247
v -24.737123 3.765799 16.528814
v 16.528818 3.765799 24.737122
v 21.037195 3.765800 21.037189
v 21.037195 3.765806 -21.037205
v 16.528818 3.765806 -24.737129
v -27.486420 3.765804 -11.385257
v -29.179426 3.765803 -5.804152
v -5.804149 3.765797 29.179419
v -0.000000 3.765797 29.751081
v 29.751083 3.765802 -0.000004
v 29.179426 3.765803 -5.804152
v -16.528818 3.765806 -24.737129
v -21.037195 3.765800 21.037189
v 24.737123 3.765799 16.528814
v 11.385248 3.765808 -27.486427
v -29.751083 3.765802 -0.000004
v 5.804149 3.765797 29.179419
v 27.486420 3.765804 -11.385257
v -21.037195 3.765806 -21.037205
v -16.528818 3.765799 24.737122
v 27.486420 3.765800 11.385247
v 5.804149 3.765806 -29.179428
v -29.179426 3.765801 5.804142
v 11.385247 3.765799 27.486416
v 24.737123 3.765805 -16.528820
v -24.737123 3.765805 -16.528820
v -11.385247 3.765799 27.486416
v 29.179426 3.765801 5.804142
v -0.000000 3.765806 -29.751099
v 32.275356 18.166323 -0.000002
v 27.367809 20.961746 -0.000001
v 26.841944 20.961746 5.339191
v 31.655195 18.166321 6.296605
v -6.296610 18.166325 31.655193
v -5.339195 20.961746 26.841944
v -10.473207 20.961746 25.284555
v -12.351245 18.166321 29.818541
v -29.818541 18.166321 -12.351248
v -25.284559 20.961746 -10.473211
v -22.755501 20.961746 -15.204741
v -26.835978 18.166323 -17.931232
v 22.822124 18.166323 -22.822128
v 19.351963 20.961746 -19.351969
v 22.755501 20.961746 -15.204741
v 26.835978 18.166323 -17.931232
v 17.931229 18.166321 26.835978
v 15.204741 20.961746 22.755497
v 10.473207 20.961746 25.284555
v 12.351245 18.166321 29.818541
v -29.818541 18.166323 12.351246
v -25.284559 20.961746 10.473208
v -26.841944 20.961746 5.339191
v -31.655195 18.166321 6.296605
v -0.000000 18.166323 -32.275368
v 0.000000 20.961746 -27.367819
v 5.339194 20.961746 -26.841944
v 6.296610 18.166323 -31.655193
v -6.296610 18.166323 -31.655193
v -5.339194 20.961746 -26.841944
v 25.284559 20.961746 10.473208
v 29.818541 18.166323 12.351246
v -15.204741 20.961746 22.755497
v -17.931229 18.166321 26.835978
v -19.351963 20.961746 -19.351969
v -22.822124 18.166323 -22.822128
v 25.284559 20.961746 -10.473211
v 29.818541 18.166321 -12.351248
v 5.339195 20.961746 26.841944
v 6.296610 18.166325 31.655193
v -27.367809 20.961746 -0.000001
v -32.275356 18.166323 -0.000002
v 10.473208 20.961746 -25.284565
v 12.351245 18.166321 -29.818541
v 22.755501 20.961744 15.204738
v 26.835978 18.166323 17.931223
v -19.351963 20.961748 19.351959
v -22.822124 18.166323 22.822121
v -15.204741 20.961746 -22.755503
v -17.931229 18.166323 -26.835983
v 26.841944 20.961746 -5.339194
v 31.655195 18.166323 -6.296614
v 0.000000 20.961746 27.367807
v -0.000000 18.166321 32.275352
v -26.841944 20.961746 -5.339194
v -31.655195 18.166323 -6.296614
v 15.204741 20.961746 -22.755503
v 17.931229 18.166323 -26.835983
v 19.351963 20.961748 19.351959
v 22.822124 18.166323 22.822121
v -22.755501 20.961744 15.204738
v -26.835978 18.166323 17.931223
v -10.473208 20.961746 -25.284565
v -12.351245 18.166321 -29.818541
v -5.804149 19.853790 -29.179432
v -11.385248 19.853790 -27.486427
v -27.486420 19.853790 11.385248
v -24.737123 19.853792 16.528814
v 16.528818 19.853792 24.737118
v 21.037195 19.853790 21.037189
v 21.037195 19.853790 -21.037205
v 16.528818 19.853790 -24.737131
v -27.486420 19.853790 -11.385258
v -29.179426 19.853790 -5.804152
v -5.804149 19.853790 29.179420
v -0.000000 19.853790 29.751083
v 29.751083 19.853790 -0.000002
v 29.179426 19.853790 -5.804152
v -16.528818 19.853790 -24.737131
v -21.037195 19.853790 21.037189
v 24.737123 19.853792 16.528814
v 11.385248 19.853790 -27.486427
v -29.751083 19.853790 -0.000002
v 5.804149 19.853790 29.179420
v 27.486420 19.853790 -11.385258
v -21.037195 19.853790 -21.037205
v -16.528818 19.853792 24.737118
v 27.486420 19.853790 11.385248
v 5.804149 19.853790 -29.179432
v -29.179426 19.853790 5.804142
v 11.385247 19.853790 27.486416
v 24.737123 19.853790 -16.528820
v -24.737123 19.853790 -16.528820
v -11.385247 19.853790 27.486416
v 29.179426 19.853790 5.804142
v -0.000000 19.853790 -29.751097
vt 0.564372 0.013733
vt 0.595139 0.010357
vt 0.810007 0.107863
vt 0.580378 0.127136
vt 0.419509 0.553802
vt 0.580378 0.129269
vt 0.327942 0.802993
vt 0.358275 0.205316
vt 0.004883 0.528807
vt 0.342910 0.205316
vt 0.054638 0.578798
vt 0.066342 0.136373
vt 0.342910 0.117157
vt 0.568761 0.129269
vt 0.420245 0.784745
vt 0.296816 0.197797
vt 0.568761 0.127136
vt 0.204872 0.770036
vt 0.143167 0.170844
vt 0.270243 0.578798
vt 0.469264 0.528807
vt 0.835747 0.127059
vt 0.158532 0.124139
vt 0.419735 0.189109
vt 0.327546 0.124139
vt 0.235356 0.205316
vt 0.835751 0.129191
vt 0.097072 0.170844
vt 0.127953 0.799616
vt 0.718209 0.004883
vt 0.533604 0.004883
vt 0.204626 0.224532
vt 0.824143 0.129243
vt 0.824136 0.127111
vt 0.798403 0.107863
vt 0.481780 0.778227
vt 0.626824 0.127136
vt 0.404861 0.799616
vt 0.327546 0.224532
vt 0.626824 0.129269
vt 0.220488 0.528807
vt 0.296816 0.152579
vt 0.112437 0.217549
vt 0.219991 0.189109
vt 0.251023 0.778227
vt 0.266086 0.124139
vt 0.297175 0.770036
vt 0.798403 0.105731
vt 0.296816 0.117157
vt 0.235356 0.117157
vt 0.158720 0.784745
vt 0.615217 0.129269
vt 0.964350 0.035123
vt 0.319998 0.578798
vt 0.615217 0.127136
vt 0.143167 0.224532
vt 0.557142 0.127136
vt 0.465830 0.170844
vt 0.557142 0.129269
vt 0.404370 0.170844
vt 0.237073 0.578798
vt 0.810007 0.105731
vt 0.066418 0.791262
vt 0.158532 0.170844
vt 0.545524 0.129269
vt 0.748977 0.022087
vt 0.595139 0.028605
vt 0.281791 0.791262
vt 0.220256 0.770036
vt 0.266086 0.152579
vt 0.158720 0.791262
vt 0.436094 0.553802
vt 0.705759 0.108047
vt 0.825896 0.028605
vt 0.174104 0.770036
vt 0.452679 0.553802
vt 0.420245 0.778227
vt 0.251023 0.808467
vt 0.545524 0.127136
vt 0.081707 0.124139
vt 0.451012 0.778227
vt 0.451012 0.791262
vt 0.173897 0.189109
vt 0.564372 0.022087
vt 0.766100 0.127136
vt 0.204626 0.143892
vt 0.766100 0.129269
vt 0.979733 0.013733
vt 0.754493 0.129269
vt 0.841280 0.035123
vt 0.754493 0.127136
vt 0.342910 0.152579
vt 0.708068 0.127137
vt 0.733593 0.022087
vt 0.404370 0.124139
vt 0.435100 0.136373
vt 0.708068 0.129269
vt 0.219991 0.136373
vt 0.189261 0.189109
vt 0.466396 0.784745
vt 0.481194 0.189109
vt 0.170733 0.528807
vt 0.066342 0.189109
vt 0.795128 0.022087
vt 0.872047 0.035123
vt 0.694137 0.108047
vt 0.035613 0.217549
vt 0.219991 0.217549
vt 0.404370 0.217549
vt 0.327546 0.197797
vt 0.189261 0.197797
vt 0.733593 0.004883
vt 0.696461 0.129269
vt 0.450465 0.117157
vt 0.694137 0.105915
vt 0.050977 0.189109
vt 0.696461 0.127136
vt 0.603607 0.129269
vt 0.887431 0.035123
vt 0.603607 0.127136
vt 0.404370 0.224532
vt 0.303413 0.553802
vt 0.702826 0.035123
vt 0.081707 0.224532
vt 0.533907 0.127136
vt 0.051034 0.778227
vt 0.533907 0.129269
vt 0.319998 0.553802
vt 0.087808 0.578798
vt 0.050977 0.205316
vt 0.522291 0.129269
vt 0.485849 0.553802
vt 0.522291 0.127136
vt 0.250721 0.124139
vt 0.718209 0.013733
vt 0.502434 0.553802
vt 0.979733 0.004883
vt 0.270243 0.553802
vt 0.189261 0.217549
vt 0.564372 0.010357
vt 0.158532 0.205316
vt 0.251023 0.802993
vt 0.591994 0.127136
vt 0.404370 0.189109
vt 0.591994 0.129269
vt 0.810512 0.004883
vt 0.020248 0.189109
vt 0.902815 0.004883
vt 0.650034 0.127136
vt 0.650034 0.129269
vt 0.204872 0.808467
vt 0.872047 0.043314
vt 0.638430 0.129269
vt 0.266407 0.770036
vt 0.535604 0.553802
vt 0.204872 0.791262
vt 0.235639 0.778227
vt 0.641291 0.022087
vt 0.358275 0.136373
vt 0.638430 0.127136
vt 0.948966 0.013733
vt 0.887431 0.043314
vt 0.731282 0.127137
vt 0.327942 0.808467
vt 0.297175 0.778227
vt 0.435100 0.117157
vt 0.995117 0.022087
vt 0.481194 0.217549
vt 0.481194 0.224532
vt 0.336583 0.578798
vt 0.051034 0.784745
vt 0.220256 0.778227
vt 0.220256 0.791262
vt 0.518220 0.004883
vt 0.731282 0.129269
vt 0.312181 0.170844
vt 0.719675 0.129269
vt 0.235356 0.136373
vt 0.250721 0.136373
vt 0.004883 0.778227
vt 0.705759 0.105914
vt 0.933582 0.028605
vt 0.435100 0.197797
vt 0.719675 0.127137
vt 0.684851 0.129269
vt 0.684851 0.127136
vt 0.533604 0.035123
vt 0.742888 0.129269
vt 0.402924 0.528807
vt 0.004883 0.784745
vt 0.702826 0.043314
vt 0.435100 0.170844
vt 0.020267 0.778227
vt 0.358710 0.799616
vt 0.960939 0.107863
vt 0.281451 0.205316
vt 0.856663 0.004883
vt 0.035613 0.136373
vt 0.286828 0.553802
vt 0.342910 0.217549
vt 0.358710 0.802993
vt 0.742888 0.127136
vt 0.451012 0.799616
vt 0.661638 0.127136
vt 0.081802 0.784745
vt 0.964350 0.043314
vt 0.112569 0.802993
vt 0.661638 0.129269
vt 0.127802 0.152579
vt 0.656674 0.035123
vt 0.050977 0.136373
vt 0.465830 0.205316
vt 0.902815 0.035123
vt 0.718209 0.022087
vt 0.777707 0.127137
vt 0.564372 0.035123
vt 0.777707 0.129269
vt 0.296816 0.189109
vt 0.465830 0.143892
vt 0.187318 0.522161
vt 0.450465 0.197797
vt 0.812532 0.129271
vt 0.610523 0.028605
vt 0.533604 0.043314
vt 0.436094 0.578798
vt 0.812529 0.127139
vt 0.548988 0.013733
vt 0.035650 0.802993
vt 0.266086 0.143892
vt 0.510678 0.129269
vt 0.237073 0.553802
vt 0.097072 0.117157
vt 0.733593 0.013733
vt 0.918198 0.004883
vt 0.051034 0.799616
vt 0.949296 0.107863
vt 0.112569 0.808467
vt 0.481780 0.770036
vt 0.266086 0.170844
vt 0.112437 0.124139
vt 0.625907 0.022087
vt 0.204626 0.205316
vt 0.420245 0.770036
vt 0.173897 0.170844
vt 0.389005 0.152579
vt 0.250721 0.117157
vt 0.312181 0.143892
vt 0.251023 0.791262
vt 0.579755 0.022087
vt 0.465830 0.136373
vt 0.170733 0.522161
vt 0.510678 0.127136
vt 0.312558 0.791262
vt 0.158532 0.136373
vt 0.673243 0.129269
vt 0.419735 0.124139
vt 0.949296 0.105731
vt 0.327546 0.205316
vt 0.872047 0.028605
vt 0.673243 0.127136
vt 0.800922 0.129269
vt 0.127802 0.217549
vt 0.465830 0.189109
vt 0.497163 0.799616
vt 0.373640 0.143892
vt 0.481194 0.197797
vt 0.250721 0.170844
vt 0.789314 0.129269
vt 0.789314 0.127137
vt 0.748977 0.013733
vt 0.389477 0.784745
vt 0.174104 0.784745
vt 0.235639 0.791262
vt 0.386339 0.578798
vt 0.081707 0.152579
vt 0.404370 0.117157
vt 0.702826 0.028605
vt 0.050977 0.117157
vt 0.519019 0.578798
vt 0.281451 0.136373
vt 0.189261 0.224532
vt 0.800922 0.127137
vt 0.502837 0.013733
vt 0.174104 0.778227
vt 0.858967 0.129190
vt 0.847358 0.129190
vt 0.404861 0.802993
vt 0.297175 0.799616
vt 0.104393 0.578798
vt 0.641291 0.035123
vt 0.435100 0.217549
vt 0.420245 0.802993
vt 0.020267 0.784745
vt 0.687442 0.035123
vt 0.847358 0.127058
vt 0.154148 0.528807
vt 0.858967 0.127059
vt 0.220256 0.799616
vt 0.189261 0.205316
vt 0.281451 0.217549
vt 0.035650 0.808467
vt 0.902815 0.022087
vt 0.450465 0.189109
vt 0.870576 0.129191
vt 0.870576 0.127059
vt 0.389005 0.217549
vt 0.303413 0.528807
vt 0.189488 0.808467
vt 0.960939 0.105731
vt 0.856323 0.107863
vt 0.795128 0.013733
vt 0.844749 0.107863
vt 0.251023 0.799616
vt 0.779745 0.004883
vt 0.497163 0.808467
vt 0.353168 0.553802
vt 0.004883 0.117157
vt 0.844749 0.105731
vt 0.795128 0.035123
vt 0.081707 0.197797
vt 0.004883 0.808467
vt 0.450465 0.217549
vt 0.452679 0.578798
vt 0.203903 0.528807
vt 0.020248 0.224532
vt 0.964350 0.028605
vt 0.856323 0.105731
vt 0.752083 0.107863
vt 0.485849 0.578798
vt 0.066342 0.143892
vt 0.740519 0.107863
vt 0.841280 0.028605
vt 0.112437 0.224532
vt 0.204626 0.136373
vt 0.672058 0.013733
vt 0.740519 0.105731
vt 0.281791 0.802993
vt 0.120978 0.578798
vt 0.189261 0.124139
vt 0.343326 0.808467
vt 0.297175 0.802993
vt 0.386339 0.553802
vt 0.672058 0.004883
vt 0.672058 0.028605
vt 0.219991 0.224532
vt 0.533604 0.028605
vt 0.856663 0.013733
vt 0.035613 0.170844
vt 0.389005 0.224532
vt 0.481780 0.808467
vt 0.451012 0.802993
vt 0.752083 0.105731
vt 0.358710 0.778227
vt 0.174104 0.799616
vt 0.496559 0.217549
vt 0.158532 0.117157
vt 0.647530 0.107863
vt 0.050977 0.197797
vt 0.435628 0.808467
vt 0.635880 0.107863
vt 0.635880 0.105731
vt 0.647530 0.105731
vt 0.250721 0.152579
vt 0.219991 0.143892
vt 0.204626 0.152579
vt 0.051034 0.802993
vt 0.435628 0.770036
vt 0.902815 0.013733
vt 0.902720 0.107863
vt 0.948966 0.004883
vt 0.887431 0.028605
vt 0.327546 0.189109
vt 0.020267 0.799616
vt 0.143167 0.197797
vt 0.891099 0.107863
vt 0.891099 0.105731
vt 0.066342 0.170844
vt 0.902720 0.105731
vt 0.564372 0.043314
vt 0.733593 0.010357
vt 0.481194 0.124139
vt 0.035613 0.117157
vt 0.097185 0.778227
vt 0.786802 0.107863
vt 0.786802 0.105731
vt 0.173897 0.117157
vt 0.266407 0.784745
vt 0.779745 0.028605
vt 0.995117 0.035123
vt 0.682499 0.107863
vt 0.281451 0.224532
vt 0.702826 0.010357
vt 0.342910 0.143892
vt 0.081802 0.799616
vt 0.127953 0.791262
vt 0.358275 0.152579
vt 0.143167 0.217549
vt 0.097072 0.152579
vt 0.374093 0.802993
vt 0.682499 0.105731
vt 0.937647 0.107863
vt 0.937647 0.105731
vt 0.995117 0.043314
vt 0.235356 0.143892
vt 0.435628 0.791262
vt 0.833175 0.107863
vt 0.595139 0.043314
vt 0.020248 0.205316
vt 0.327546 0.117157
vt 0.404861 0.808467
vt 0.795128 0.004883
vt 0.266086 0.136373
vt 0.825896 0.043314
vt 0.833175 0.105731
vt 0.535604 0.578798
vt 0.728947 0.107863
vt 0.112569 0.770036
vt 0.312181 0.217549
vt 0.204626 0.197797
vt 0.728947 0.105731
vt 0.127802 0.124139
vt 0.624242 0.107863
vt 0.066418 0.802993
vt 0.624242 0.105731
vt 0.097072 0.217549
vt 0.810512 0.013733
vt 0.450465 0.170844
vt 0.856663 0.022087
vt 0.143337 0.808467
vt 0.879494 0.107863
vt 0.021468 0.553802
vt 0.342910 0.136373
vt 0.158532 0.152579
vt 0.879494 0.105731
vt 0.948966 0.022087
vt 0.327942 0.784745
vt 0.502837 0.022087
vt 0.358710 0.808467
vt 0.775218 0.107863
vt 0.420245 0.791262
vt 0.004883 0.217549
vt 0.775218 0.105731
vt 0.670847 0.107863
vt 0.625907 0.035123
vt 0.358275 0.224532
vt 0.687442 0.043314
vt 0.189261 0.136373
vt 0.004883 0.578798
vt 0.137563 0.528807
vt 0.281451 0.170844
vt 0.004883 0.802993
vt 0.235356 0.224532
vt 0.004883 0.152579
vt 0.173897 0.205316
vt 0.066342 0.224532
vt 0.670847 0.105731
vt 0.081707 0.189109
vt 0.918198 0.022087
vt 0.925998 0.107863
vt 0.564372 0.028605
vt 0.143167 0.152579
vt 0.925998 0.105731
vt 0.358275 0.143892
vt 0.821596 0.107863
vt 0.435628 0.799616
vt 0.821596 0.105731
vt 0.733593 0.028605
vt 0.303413 0.522161
vt 0.281451 0.143892
vt 0.237073 0.528807
vt 0.579755 0.035123
vt 0.158720 0.770036
vt 0.373640 0.189109
vt 0.717362 0.107863
vt 0.158720 0.808467
vt 0.112569 0.778227
vt 0.518220 0.013733
vt 0.020248 0.197797
vt 0.466396 0.770036
vt 0.038053 0.553802
vt 0.187318 0.578798
vt 0.717362 0.105731
vt 0.369754 0.553802
vt 0.656674 0.010357
vt 0.373640 0.205316
vt 0.610523 0.043314
vt 0.296816 0.205316
vt 0.984191 0.107863
vt 0.435628 0.778227
vt 0.358710 0.791262
vt 0.020248 0.170844
vt 0.081802 0.802993
vt 0.173897 0.143892
vt 0.081707 0.170844
vt 0.020248 0.136373
vt 0.810512 0.035123
vt 0.336583 0.528807
vt 0.519019 0.553802
vt 0.972572 0.107863
vt 0.979733 0.022087
vt 0.502434 0.528807
vt 0.266407 0.802993
vt 0.972572 0.105731
vt 0.595139 0.013733
vt 0.748977 0.028605
vt 0.266086 0.197797
vt 0.420245 0.808467
vt 0.327942 0.799616
vt 0.496559 0.143892
vt 0.358275 0.170844
vt 0.389477 0.770036
vt 0.984191 0.105731
vt 0.672058 0.010357
vt 0.867903 0.107863
vt 0.867903 0.105731
vt 0.763647 0.107863
vt 0.038053 0.528807
vt 0.312181 0.189109
vt 0.763647 0.105731
vt 0.579755 0.004883
vt 0.374093 0.770036
vt 0.641291 0.010357
vt 0.112569 0.784745
vt 0.466396 0.791262
vt 0.112437 0.197797
vt 0.097185 0.808467
vt 0.297175 0.791262
vt 0.450465 0.205316
vt 0.035613 0.124139
vt 0.097072 0.143892
vt 0.250721 0.189109
vt 0.641291 0.028605
vt 0.518220 0.022087
vt 0.020267 0.808467
vt 0.481194 0.117157
vt 0.687442 0.028605
vt 0.204626 0.189109
vt 0.659188 0.107863
vt 0.369754 0.528807
vt 0.051034 0.791262
vt 0.373640 0.117157
vt 0.419509 0.528807
vt 0.659188 0.105731
vt 0.004883 0.143892
vt 0.173897 0.136373
vt 0.419735 0.224532
vt 0.795128 0.028605
vt 0.097072 0.124139
vt 0.914354 0.107863
vt 0.914354 0.105731
vt 0.021468 0.578798
vt 0.050977 0.170844
vt 0.281791 0.808467
vt 0.933582 0.004883
vt 0.327546 0.217549
vt 0.174104 0.791262
vt 0.127802 0.117157
vt 0.143167 0.124139
vt 0.995117 0.010357
vt 0.066342 0.205316
vt 0.187318 0.553802
vt 0.420245 0.799616
vt 0.220488 0.578798
vt 0.112437 0.152579
vt 0.035613 0.143892
vt 0.296816 0.136373
vt 0.158532 0.143892
vt 0.404370 0.152579
vt 0.127802 0.205316
vt 0.154148 0.553802
vt 0.097185 0.799616
vt 0.419735 0.136373
vt 0.548988 0.022087
vt 0.625907 0.043314
vt 0.610523 0.013733
vt 0.066418 0.770036
vt 0.204872 0.778227
vt 0.496559 0.224532
vt 0.402924 0.553802
vt 0.004883 0.791262
vt 0.112569 0.799616
vt 0.004883 0.124139
vt 0.404370 0.197797
vt 0.882184 0.129191
vt 0.004883 0.553802
vt 0.266407 0.808467
vt 0.496559 0.205316
vt 0.882184 0.127060
vt 0.373640 0.136373
vt 0.419735 0.170844
vt 0.097072 0.224532
vt 0.054638 0.553802
vt 0.220256 0.808467
vt 0.389477 0.778227
vt 0.466396 0.799616
vt 0.612622 0.107863
vt 0.266086 0.189109
vt 0.373640 0.224532
vt 0.097185 0.802993
vt 0.856663 0.043314
vt 0.872047 0.013733
vt 0.612622 0.105731
vt 0.902815 0.043314
vt 0.764361 0.013733
vt 0.373640 0.217549
vt 0.251023 0.770036
vt 0.481194 0.205316
vt 0.748977 0.035123
vt 0.143337 0.784745
vt 0.270243 0.528807
vt 0.389005 0.143892
vt 0.342910 0.189109
vt 0.466396 0.778227
vt 0.481780 0.791262
vt 0.127802 0.136373
vt 0.436094 0.528807
vt 0.266086 0.224532
vt 0.979733 0.035123
vt 0.250721 0.224532
vt 0.250721 0.205316
vt 0.702826 0.022087
vt 0.020267 0.791262
vt 0.035650 0.784745
vt 0.143167 0.189109
vt 0.286828 0.578798
vt 0.856663 0.035123
vt 0.020248 0.217549
vt 0.050977 0.224532
vt 0.450465 0.136373
vt 0.481780 0.784745
vt 0.948966 0.035123
vt 0.035650 0.778227
vt 0.127802 0.197797
vt 0.810512 0.010357
vt 0.810512 0.028605
vt 0.502837 0.010357
vt 0.389005 0.205316
vt 0.250721 0.143892
vt 0.270243 0.522161
vt 0.872047 0.004883
vt 0.004883 0.224532
vt 0.810512 0.043314
vt 0.071223 0.578798
vt 0.748977 0.010357
vt 0.189488 0.770036
vt 0.266407 0.778227
vt 0.203903 0.553802
vt 0.071223 0.528807
vt 0.251023 0.784745
vt 0.672058 0.022087
vt 0.389477 0.791262
vt 0.154148 0.578798
vt 0.203903 0.578798
vt 0.250721 0.217549
vt 0.035650 0.770036
vt 0.312181 0.124139
vt 0.250721 0.197797
vt 0.748977 0.004883
vt 0.296816 0.217549
vt 0.918198 0.035123
vt 0.066342 0.217549
vt 0.081802 0.791262
vt 0.979733 0.043314
vt 0.964350 0.013733
vt 0.158720 0.778227
vt 0.535604 0.528807
vt 0.235356 0.152579
vt 0.625907 0.028605
vt 0.435100 0.152579
vt 0.373640 0.197797
vt 0.266086 0.217549
vt 0.353168 0.578798
vt 0.087808 0.553802
vt 0.219991 0.197797
vt 0.481780 0.799616
vt 0.143337 0.799616
vt 0.656674 0.028605
vt 0.841280 0.043314
vt 0.204626 0.117157
vt 0.127953 0.802993
vt 0.656674 0.022087
vt 0.173897 0.217549
vt 0.235639 0.808467
vt 0.312181 0.224532
vt 0.071223 0.553802
vt 0.374093 0.784745
vt 0.465830 0.224532
vt 0.312558 0.802993
vt 0.066342 0.152579
vt 0.481194 0.152579
vt 0.253658 0.553802
vt 0.327942 0.770036
vt 0.120978 0.553802
vt 0.020248 0.117157
vt 0.389005 0.117157
vt 0.219991 0.152579
vt 0.004883 0.799616
vt 0.343326 0.784745
vt 0.342910 0.197797
vt 0.035613 0.197797
vt 0.465830 0.117157
vt 0.266407 0.791262
vt 0.419735 0.152579
vt 0.358275 0.117157
vt 0.004883 0.170844
vt 0.502837 0.043314
vt 0.389477 0.799616
vt 0.469264 0.578798
vt 0.485849 0.528807
vt 0.235356 0.197797
vt 0.281791 0.770036
vt 0.404861 0.784745
vt 0.189488 0.784745
vt 0.035613 0.152579
vt 0.066342 0.197797
vt 0.764361 0.010357
vt 0.312558 0.808467
vt 0.303413 0.578798
vt 0.764361 0.022087
vt 0.995117 0.004883
vt 0.502837 0.035123
vt 0.887431 0.010357
vt 0.081707 0.205316
vt 0.718209 0.010357
vt 0.327546 0.170844
vt 0.021468 0.528807
vt 0.097185 0.770036
vt 0.733593 0.035123
vt 0.127802 0.189109
vt 0.020248 0.152579
vt 0.419735 0.143892
vt 0.104393 0.553802
vt 0.253658 0.528807
vt 0.004883 0.205316
vt 0.143167 0.117157
vt 0.081707 0.117157
vt 0.856663 0.028605
vt 0.319998 0.528807
vt 0.066342 0.124139
vt 0.342910 0.124139
vt 0.097072 0.205316
vt 0.035650 0.799616
vt 0.374093 0.799616
vt 0.564372 0.004883
vt 0.518220 0.035123
vt 0.281451 0.197797
vt 0.281451 0.117157
vt 0.595139 0.004883
vt 0.312181 0.205316
vt 0.497163 0.784745
vt 0.050977 0.152579
vt 0.496559 0.189109
vt 0.343326 0.799616
vt 0.389005 0.189109
vt 0.687442 0.010357
vt 0.779745 0.022087
vt 0.342910 0.224532
vt 0.281451 0.152579
vt 0.066418 0.778227
vt 0.733593 0.043314
vt 0.548988 0.035123
vt 0.127953 0.808467
vt 0.327942 0.778227
vt 0.050977 0.143892
vt 0.948966 0.043314
vt 0.189488 0.799616
vt 0.189488 0.778227
vt 0.097185 0.784745
vt 0.948966 0.028605
vt 0.342910 0.170844
vt 0.389005 0.124139
vt 0.358275 0.217549
vt 0.143337 0.770036
vt 0.219991 0.170844
vt 0.702826 0.013733
vt 0.918198 0.013733
vt 0.964350 0.004883
vt 0.518220 0.043314
vt 0.373640 0.170844
vt 0.902815 0.028605
vt 0.051034 0.808467
vt 0.081802 0.770036
vt 0.281791 0.784745
vt 0.137563 0.578798
vt 0.137563 0.553802
vt 0.327942 0.791262
vt 0.450465 0.124139
vt 0.373640 0.124139
vt 0.887431 0.004883
vt 0.281451 0.124139
vt 0.296816 0.224532
vt 0.918198 0.028605
vt 0.451012 0.784745
vt 0.595139 0.022087
vt 0.502837 0.004883
vt 0.404370 0.143892
vt 0.143337 0.778227
vt 0.548988 0.043314
vt 0.496559 0.136373
vt 0.825896 0.022087
vt 0.004883 0.770036
vt 0.066418 0.784745
vt 0.296816 0.124139
vt 0.856663 0.010357
vt 0.497163 0.778227
vt 0.281791 0.778227
vt 0.548988 0.010357
vt 0.435628 0.802993
vt 0.327546 0.136373
vt 0.097072 0.197797
vt 0.235356 0.189109
vt 0.435100 0.189109
vt 0.933582 0.013733
vt 0.266407 0.799616
vt 0.995117 0.028605
vt 0.143167 0.205316
vt 0.312181 0.136373
vt 0.170733 0.578798
vt 0.502837 0.028605
vt 0.948966 0.010357
vt 0.127802 0.170844
vt 0.518220 0.010357
vt 0.004883 0.197797
vt 0.964350 0.010357
vt 0.502434 0.578798
vt 0.979733 0.028605
vt 0.127953 0.770036
vt 0.004883 0.136373
vt 0.979733 0.010357
vt 0.358275 0.197797
vt 0.404370 0.136373
vt 0.235639 0.799616
vt 0.641291 0.043314
vt 0.173897 0.224532
vt 0.187318 0.528807
vt 0.610523 0.022087
vt 0.641291 0.013733
vt 0.687442 0.022087
vt 0.687442 0.013733
vt 0.296816 0.143892
vt 0.038053 0.578798
vt 0.496559 0.152579
vt 0.127802 0.224532
vt 0.389005 0.197797
vt 0.097185 0.791262
vt 0.450465 0.152579
vt 0.020248 0.124139
vt 0.143337 0.802993
vt 0.435100 0.124139
vt 0.795128 0.043314
vt 0.204872 0.784745
vt 0.020248 0.143892
vt 0.718209 0.035123
vt 0.497163 0.791262
vt 0.419509 0.578798
vt 0.081707 0.136373
vt 0.087808 0.528807
vt 0.097072 0.136373
vt 0.235356 0.217549
vt 0.872047 0.010357
vt 0.687442 0.004883
vt 0.327546 0.143892
vt 0.189261 0.143892
vt 0.312558 0.770036
vt 0.312181 0.117157
vt 0.336583 0.553802
vt 0.358275 0.189109
vt 0.435100 0.224532
vt 0.097072 0.189109
vt 0.779745 0.010357
vt 0.795128 0.010357
vt 0.189261 0.170844
vt 0.173897 0.124139
vt 0.518220 0.028605
vt 0.404861 0.770036
vt 0.579755 0.010357
vt 0.081802 0.778227
vt 0.204626 0.217549
vt 0.112437 0.205316
vt 0.825896 0.013733
vt 0.297175 0.784745
vt 0.933582 0.022087
vt 0.035613 0.224532
vt 0.112569 0.791262
vt 0.220256 0.784745
vt 0.050977 0.217549
vt 0.548988 0.028605
vt 0.174104 0.802993
vt 0.450465 0.224532
vt 0.402924 0.578798
vt 0.419735 0.197797
vt 0.995117 0.013733
vt 0.764361 0.035123
vt 0.343326 0.770036
vt 0.672058 0.035123
vt 0.481194 0.170844
vt 0.419735 0.117157
vt 0.358710 0.770036
vt 0.281451 0.189109
vt 0.158720 0.802993
vt 0.369754 0.578798
vt 0.158532 0.189109
vt 0.281791 0.799616
vt 0.112437 0.143892
vt 0.641291 0.004883
vt 0.933582 0.010357
vt 0.496559 0.124139
vt 0.312558 0.778227
vt 0.841280 0.013733
vt 0.204872 0.799616
vt 0.718209 0.043314
vt 0.887431 0.013733
vt 0.964350 0.022087
vt 0.579755 0.013733
vt 0.887431 0.022087
vt 0.081707 0.217549
vt 0.481780 0.802993
vt 0.496559 0.117157
vt 0.296816 0.170844
vt 0.158532 0.197797
vt 0.579755 0.028605
vt 0.127953 0.778227
vt 0.435100 0.143892
vt 0.004883 0.189109
vt 0.174104 0.808467
vt 0.496559 0.170844
vt 0.579755 0.043314
vt 0.066418 0.799616
vt 0.020267 0.770036
vt 0.779745 0.013733
vt 0.112437 0.170844
vt 0.404370 0.205316
vt 0.266086 0.117157
vt 0.389005 0.170844
vt 0.189261 0.117157
vt 0.610523 0.004883
vt 0.779745 0.035123
vt 0.158720 0.799616
vt 0.219991 0.124139
vt 0.297175 0.808467
vt 0.235356 0.124139
vt 0.066418 0.808467
vt 0.143337 0.791262
vt 0.158532 0.217549
vt 0.189488 0.791262
vt 0.825896 0.010357
vt 0.127802 0.143892
vt 0.235356 0.170844
vt 0.841280 0.010357
vt 0.189488 0.802993
vt 0.656674 0.004883
vt 0.533604 0.013733
vt 0.764361 0.004883
vt 0.312181 0.197797
vt 0.419735 0.217549
vt 0.286828 0.522161
vt 0.327546 0.152579
vt 0.235639 0.784745
vt 0.872047 0.022087
vt 0.450465 0.143892
vt 0.625907 0.013733
vt 0.343326 0.802993
vt 0.286828 0.528807
vt 0.481194 0.136373
vt 0.825896 0.004883
vt 0.235639 0.802993
vt 0.466396 0.802993
vt 0.158532 0.224532
vt 0.170733 0.553802
vt 0.173897 0.152579
vt 0.465830 0.197797
vt 0.386339 0.528807
vt 0.595139 0.035123
vt 0.519019 0.528807
vt 0.051034 0.770036
vt 0.533604 0.010357
vt 0.104393 0.528807
vt 0.656674 0.013733
vt 0.312558 0.784745
vt 0.841280 0.004883
vt 0.825896 0.035123
vt 0.810512 0.022087
vt 0.353168 0.528807
vt 0.189261 0.152579
vt 0.035650 0.791262
vt 0.358275 0.124139
vt 0.389477 0.802993
vt 0.451012 0.770036
vt 0.718209 0.028605
vt 0.548988 0.004883
vt 0.419735 0.205316
vt 0.497163 0.770036
vt 0.451012 0.808467
vt 0.373640 0.152579
vt 0.112437 0.117157
vt 0.452679 0.522161
vt 0.496559 0.197797
vt 0.374093 0.808467
vt 0.702826 0.004883
vt 0.343326 0.778227
vt 0.469264 0.553802
vt 0.933582 0.035123
vt 0.343326 0.791262
vt 0.481194 0.143892
vt 0.465830 0.217549
vt 0.035613 0.189109
vt 0.081802 0.808467
vt 0.235639 0.770036
vt 0.112437 0.136373
vt 0.435100 0.205316
vt 0.219991 0.205316
vt 0.466396 0.808467
vt 0.066342 0.117157
vt 0.389477 0.808467
vt 0.374093 0.778227
vt 0.374093 0.791262
vt 0.143167 0.136373
vt 0.435628 0.784745
vt 0.143167 0.143892
vt 0.035613 0.205316
vt 0.841280 0.022087
vt 0.220488 0.553802
vt 0.610523 0.010357
vt 0.625907 0.004883
vt 0.112437 0.189109
vt 0.127953 0.784745
vt 0.050977 0.124139
vt 0.081707 0.143892
vt 0.533604 0.022087
vt 0.902815 0.010357
vt 0.918198 0.010357
vt 0.204626 0.170844
vt 0.764361 0.028605
vt 0.452679 0.528807
vt 0.219991 0.117157
vt 0.204872 0.802993
vt 0.358710 0.784745
vt 0.173897 0.197797
vt 0.312181 0.152579
vt 0.220256 0.802993
vt 0.404861 0.778227
vt 0.404861 0.791262
vt 0.469264 0.522161
vt 0.312558 0.799616
vt 0.253658 0.578798
vt 0.610523 0.035123
vt 0.497163 0.802993
vt 0.625907 0.010357
vt 0.054638 0.528807
vt 0.120978 0.528807
vt 0.020267 0.802993
vt 0.465830 0.124139
vt 0.389005 0.136373
vt 0.465830 0.152579
vt 0.266086 0.205316
vt 0.204626 0.124139
vt 0.220488 0.585443
vt 0.319998 0.585443
vt 0.237073 0.585443
vt 0.187318 0.585443
vt 0.402924 0.522161
vt 0.286828 0.585443
vt 0.419509 0.522161
vt 0.220488 0.522161
vt 0.502434 0.522161
vt 0.672058 0.043314
vt 0.038053 0.522161
vt 0.519019 0.585443
vt 0.452679 0.585443
vt 0.656674 0.043314
vt 0.469264 0.585443
vt 0.071223 0.522161
vt 0.535604 0.522161
vt 0.104393 0.522161
vt 0.353168 0.522161
vt 0.120978 0.585443
vt 0.203903 0.522161
vt 0.779745 0.043314
vt 0.170733 0.585443
vt 0.502434 0.585443
vt 0.120978 0.522161
vt 0.419509 0.585443
vt 0.402924 0.585443
vt 0.137563 0.522161
vt 0.071223 0.585443
vt 0.386339 0.522161
vt 0.436094 0.522161
vt 0.270243 0.585443
vt 0.748977 0.043314
vt 0.336583 0.522161
vt 0.203903 0.585443
vt 0.038053 0.585443
vt 0.519019 0.522161
vt 0.369754 0.522161
vt 0.353168 0.585443
vt 0.004883 0.522161
vt 0.303413 0.585443
vt 0.104393 0.585443
vt 0.253658 0.522161
vt 0.485849 0.522161
vt 0.154148 0.585443
vt 0.021468 0.522161
vt 0.087808 0.585443
vt 0.054638 0.522161
vt 0.004883 0.585443
vt 0.137563 0.585443
vt 0.154148 0.522161
vt 0.319998 0.522161
vt 0.336583 0.585443
vt 0.436094 0.585443
vt 0.369754 0.585443
vt 0.386339 0.585443
vt 0.237073 0.522161
vt 0.087808 0.522161
vt 0.021468 0.585443
vt 0.764361 0.043314
vt 0.054638 0.585443
vt 0.485849 0.585443
vt 0.535604 0.585443
vt 0.918198 0.043314
vt 0.253658 0.585443
vt 0.933582 0.043314
vn -0.121031 0.784300 0.608462
vn -0.057443 0.955670 0.288782
vn -0.112677 0.955670 0.272027
vn -0.237410 0.784299 0.573159
vn -0.923880 -0.000000 0.382683
vn -0.923880 -0.000000 0.382683
vn -0.831470 0.000000 0.555570
vn -0.831470 0.000000 0.555570
vn 0.121031 0.784300 0.608462
vn 0.057443 0.955670 0.288782
vn 0.000000 0.955670 0.294440
vn 0.000000 0.784299 0.620383
vn -0.608463 0.784299 0.121031
vn -0.288783 0.955670 0.057443
vn -0.294440 0.955670 -0.000000
vn -0.620383 0.784299 -0.000000
vn -0.237410 0.784299 -0.573159
vn -0.112677 0.955670 -0.272028
vn -0.057442 0.955670 -0.288783
vn -0.121031 0.784299 -0.608462
vn 0.707107 0.000000 0.707107
vn 0.707107 0.000000 0.707107
vn 0.831470 0.000000 0.555570
vn 0.831470 0.000000 0.555570
vn 0.573159 0.784299 -0.237410
vn 0.272028 0.955670 -0.112678
vn 0.288783 0.955670 -0.057442
vn 0.608463 0.784299 -0.121031
vn -0.923880 0.000000 -0.382683
vn -0.923880 0.000000 -0.382683
vn -0.980785 0.000000 -0.195090
vn -0.980785 0.000000 -0.195090
vn -0.515830 0.784299 0.344666
vn -0.244818 0.955670 0.163582
vn -0.272028 0.955670 0.112678
vn -0.573160 0.784299 0.237410
vn 0.000000 0.111323 0.993784
vn 0.000000 -0.000000 1.000000
vn 0.195091 -0.000000 0.980785
vn 0.193878 0.111323 0.974689
vn -0.707107 0.000000 0.707107
vn -0.707107 0.000000 0.707107
vn -0.555570 0.000000 0.831470
vn -0.555570 0.000000 0.831470
vn -0.573160 0.784299 0.237410
vn -0.272028 0.955670 0.112678
vn -0.288783 0.955670 0.057443
vn -0.608463 0.784299 0.121031
vn -0.515830 0.784299 -0.344666
vn -0.244818 0.955670 -0.163582
vn -0.208201 0.955670 -0.208201
vn -0.438677 0.784299 -0.438677
vn 0.608463 0.784299 0.121031
vn 0.288783 0.955670 0.057443
vn 0.272028 0.955670 0.112678
vn 0.573159 0.784299 0.237410
vn 0.923880 0.000000 -0.382683
vn 0.923880 0.000000 -0.382683
vn 0.831469 -0.000000 -0.555571
vn 0.831469 -0.000000 -0.555571
vn 0.195090 -0.000000 -0.980785
vn 0.195090 -0.000000 -0.980785
vn 0.000000 -0.000000 -1.000000
vn 0.000000 -0.000000 -1.000000
vn 0.096326 -0.869605 0.484261
vn 0.188949 -0.869605 0.456164
vn 0.331353 -0.500274 0.799957
vn 0.168923 -0.500274 0.849229
vn -0.980785 0.000000 -0.195090
vn -0.980785 0.000000 -0.195090
vn -1.000000 0.000000 -0.000000
vn -1.000000 -0.000000 0.000000
vn 0.552117 0.111323 0.826302
vn 0.555570 -0.000000 0.831470
vn 0.707107 -0.000000 0.707107
vn 0.702712 0.111323 0.702712
vn -0.552117 0.111323 0.826302
vn -0.555570 -0.000000 0.831470
vn -0.382683 -0.000000 0.923880
vn -0.380305 0.111323 0.918137
vn -0.333832 0.940291 0.066403
vn 0.005541 0.999984 -0.001102
vn 0.005220 0.999984 -0.002162
vn -0.314463 0.940291 0.130255
vn -0.283009 0.940291 -0.189100
vn 0.004698 0.999984 0.003139
vn 0.005220 0.999984 0.002162
vn -0.314463 0.940291 -0.130255
vn 0.193878 0.111323 -0.974689
vn 0.380305 0.111324 -0.918137
vn 0.382684 0.000000 -0.923879
vn 0.195090 0.000000 -0.980785
vn 0.573159 0.784299 0.237410
vn 0.671019 0.687372 0.277945
vn 0.712350 0.687372 0.141696
vn 0.608463 0.784299 0.121031
vn -0.043478 -0.993525 0.104966
vn 0.082217 -0.976648 -0.198490
vn 0.119361 -0.976648 -0.178636
vn -0.063121 -0.993525 0.094467
vn -0.080337 -0.993525 -0.080337
vn 0.151918 -0.976648 0.151918
vn 0.119361 -0.976648 0.178637
vn -0.063120 -0.993525 -0.094466
vn -0.168922 -0.500274 -0.849230
vn -0.195090 0.000000 -0.980785
vn 0.000000 -0.000000 -1.000000
vn 0.000000 -0.500274 -0.865867
vn -0.719942 -0.500274 0.481050
vn -0.831470 -0.000000 0.555570
vn -0.923880 -0.000000 0.382683
vn -0.799957 -0.500274 0.331353
vn 0.000000 -0.500274 0.865867
vn 0.000000 -0.000000 1.000000
vn -0.195091 -0.000000 0.980785
vn -0.168923 -0.500274 0.849230
vn -0.113614 -0.993525 0.000000
vn 0.214844 -0.976648 0.000000
vn 0.210717 -0.976648 0.041914
vn -0.111431 -0.993525 -0.022165
vn -0.111431 -0.993525 -0.022165
vn 0.210717 -0.976648 0.041914
vn 0.198490 -0.976648 0.082217
vn -0.104965 -0.993525 -0.043478
vn 0.041914 -0.976648 0.210716
vn 0.001707 -0.999962 0.008583
vn 0.000000 -0.999962 0.008751
vn 0.000000 -0.976648 0.214845
vn -0.094466 -0.993525 -0.063120
vn 0.178637 -0.976648 0.119361
vn 0.151918 -0.976648 0.151918
vn -0.080337 -0.993525 -0.080337
vn 0.094466 -0.993525 -0.063120
vn -0.178637 -0.976648 0.119361
vn -0.198490 -0.976648 0.082217
vn 0.104965 -0.993525 -0.043478
vn -0.214844 -0.976648 0.000000
vn -0.008751 -0.999962 -0.000000
vn -0.008583 -0.999962 -0.001707
vn -0.210716 -0.976648 -0.041914
vn -0.151918 -0.976648 0.151918
vn -0.006188 -0.999962 0.006188
vn -0.007276 -0.999962 0.004862
vn -0.178637 -0.976648 0.119361
vn 0.168923 -0.500274 0.849229
vn 0.195091 -0.000000 0.980785
vn 0.000000 -0.000000 1.000000
vn 0.000000 -0.500274 0.865867
vn -0.178637 -0.976648 0.119361
vn -0.007276 -0.999962 0.004862
vn -0.008085 -0.999962 0.003349
vn -0.198490 -0.976648 0.082217
vn -0.198490 -0.976648 -0.082217
vn -0.008085 -0.999962 -0.003349
vn -0.007276 -0.999962 -0.004862
vn -0.178637 -0.976648 -0.119361
vn 0.849230 -0.500274 0.168922
vn 0.980785 -0.000000 0.195090
vn 0.923880 -0.000000 0.382683
vn 0.799957 -0.500274 0.331353
vn -0.515830 0.784299 0.344666
vn -0.438677 0.784299 0.438677
vn -0.208201 0.955670 0.208201
vn -0.244818 0.955670 0.163582
vn -0.163582 0.955670 0.244818
vn -0.344667 0.784299 0.515830
vn -0.237410 0.784299 0.573159
vn -0.112677 0.955670 0.272027
vn -0.438677 0.784299 0.438677
vn -0.513575 0.687373 0.513575
vn -0.403514 0.687372 0.603901
vn -0.344667 0.784299 0.515830
vn -0.344667 0.784299 0.515830
vn -0.403514 0.687372 0.603901
vn -0.277945 0.687373 0.671018
vn -0.237410 0.784299 0.573159
vn 0.237410 0.784299 0.573159
vn 0.277945 0.687373 0.671018
vn 0.403514 0.687372 0.603901
vn 0.344666 0.784299 0.515830
vn -0.237410 0.784299 -0.573159
vn -0.277945 0.687373 -0.671018
vn -0.403513 0.687373 -0.603901
vn -0.344666 0.784299 -0.515830
vn 0.237410 0.784299 -0.573159
vn 0.277945 0.687372 -0.671018
vn 0.141695 0.687373 -0.712349
vn 0.121031 0.784299 -0.608462
vn 0.000000 0.784299 0.620383
vn 0.000000 0.687373 0.726305
vn 0.141695 0.687373 0.712349
vn 0.121031 0.784300 0.608462
vn -0.573160 0.784299 0.237410
vn -0.671019 0.687372 0.277945
vn -0.603901 0.687373 0.403513
vn -0.515830 0.784299 0.344666
vn 0.438677 0.784299 -0.438677
vn 0.513575 0.687373 -0.513575
vn 0.403514 0.687373 -0.603901
vn 0.344666 0.784299 -0.515830
vn -0.382683 0.000000 0.923880
vn -0.382683 0.000000 0.923880
vn -0.195091 0.000000 0.980785
vn -0.195091 0.000000 0.980785
vn 0.515830 0.784299 -0.344666
vn 0.603901 0.687373 -0.403513
vn 0.513575 0.687373 -0.513575
vn 0.438677 0.784299 -0.438677
vn 0.573159 0.784299 -0.237410
vn 0.671019 0.687372 -0.277945
vn 0.603901 0.687373 -0.403513
vn 0.515830 0.784299 -0.344666
vn -0.573159 0.784299 -0.237410
vn -0.671019 0.687372 -0.277945
vn -0.712350 0.687372 -0.141696
vn -0.608463 0.784299 -0.121031
vn -0.980785 -0.000000 0.195090
vn -0.980785 -0.000000 0.195090
vn -0.923880 -0.000000 0.382683
vn -0.923880 -0.000000 0.382683
vn -0.707107 -0.000000 -0.707107
vn -0.707107 -0.000000 -0.707107
vn -0.831469 -0.000000 -0.555571
vn -0.831469 -0.000000 -0.555571
vn 0.555570 -0.000000 -0.831469
vn 0.555570 -0.000000 -0.831469
vn 0.382683 -0.000000 -0.923880
vn 0.382683 -0.000000 -0.923880
vn -0.831469 -0.000000 -0.555571
vn -0.831469 -0.000000 -0.555571
vn -0.923880 0.000000 -0.382683
vn -0.923880 0.000000 -0.382683
vn 0.000000 -0.000000 -1.000000
vn 0.000000 -0.000000 -1.000000
vn -0.195090 -0.000000 -0.980785
vn -0.195090 -0.000000 -0.980785
vn 0.831469 -0.000000 -0.555571
vn 0.831469 -0.000000 -0.555571
vn 0.707107 -0.000000 -0.707107
vn 0.707107 -0.000000 -0.707107
vn -0.438677 0.784299 -0.438677
vn -0.208201 0.955670 -0.208201
vn -0.163582 0.955670 -0.244818
vn -0.344666 0.784299 -0.515830
vn 0.608463 0.784299 -0.121031
vn 0.288783 0.955670 -0.057442
vn 0.294440 0.955670 -0.000000
vn 0.620383 0.784299 -0.000000
vn 0.121031 0.784299 -0.608462
vn 0.057443 0.955670 -0.288783
vn 0.112677 0.955670 -0.272028
vn 0.237410 0.784299 -0.573159
vn -0.573159 0.784299 -0.237410
vn -0.272028 0.955670 -0.112678
vn -0.244818 0.955670 -0.163582
vn -0.515830 0.784299 -0.344666
vn -0.555570 -0.000000 -0.831469
vn -0.555570 -0.000000 -0.831469
vn -0.707107 -0.000000 -0.707107
vn -0.707107 -0.000000 -0.707107
vn -0.438677 0.784299 -0.438677
vn -0.513575 0.687373 -0.513575
vn -0.603901 0.687373 -0.403513
vn -0.515830 0.784299 -0.344666
vn 0.344666 0.784299 0.515830
vn 0.403514 0.687372 0.603901
vn 0.513575 0.687373 0.513575
vn 0.438677 0.784299 0.438677
vn 0.382683 -0.000000 -0.923880
vn 0.382683 -0.000000 -0.923880
vn 0.195090 -0.000000 -0.980785
vn 0.195090 -0.000000 -0.980785
vn 0.980785 0.000000 -0.195090
vn 0.980785 0.000000 -0.195090
vn 0.923880 0.000000 -0.382683
vn 0.923880 0.000000 -0.382683
vn -0.344666 0.784299 -0.515830
vn -0.403513 0.687373 -0.603901
vn -0.513575 0.687373 -0.513575
vn -0.438677 0.784299 -0.438677
vn 0.993784 0.111323 -0.000000
vn 1.000000 -0.000000 -0.000000
vn 0.980785 0.000000 -0.195091
vn 0.974689 0.111323 -0.193878
vn -0.000000 0.784299 -0.620383
vn -0.000000 0.687373 -0.726305
vn -0.141695 0.687373 -0.712349
vn -0.121031 0.784299 -0.608462
vn -0.005220 0.999984 0.002162
vn -0.301851 0.945121 0.125031
vn -0.271659 0.945121 0.181516
vn -0.004698 0.999984 0.003139
vn 0.831470 0.000000 0.555570
vn 0.923880 -0.000000 0.382683
vn 0.923880 -0.000000 0.382683
vn 0.831470 0.000000 0.555570
vn -0.195091 0.000000 0.980785
vn 0.000000 0.000000 1.000000
vn 0.000000 0.000000 1.000000
vn -0.195091 0.000000 0.980785
vn -0.195090 -0.000000 -0.980785
vn -0.382683 -0.000000 -0.923880
vn -0.382683 -0.000000 -0.923880
vn -0.195090 -0.000000 -0.980785
vn 0.555570 -0.000000 -0.831469
vn 0.555570 -0.000000 -0.831469
vn 0.707107 -0.000000 -0.707107
vn 0.707107 -0.000000 -0.707107
vn 1.000000 0.000000 -0.000000
vn 1.000000 -0.000000 0.000000
vn 0.980785 -0.000000 0.195090
vn 0.980785 -0.000000 0.195090
vn 0.555570 0.000000 0.831470
vn 0.555570 0.000000 0.831470
vn 0.382683 0.000000 0.923880
vn 0.382683 0.000000 0.923880
vn 0.001102 0.999984 0.005541
vn 0.063740 0.945121 0.320444
vn 0.125031 0.945121 0.301851
vn 0.002162 0.999984 0.005220
vn 0.125031 0.945121 0.301851
vn 0.199500 0.853363 0.481635
vn 0.289628 0.853363 0.433459
vn 0.181517 0.945121 0.271659
vn 0.003139 0.999984 -0.004697
vn 0.181517 0.945121 -0.271659
vn 0.125031 0.945121 -0.301851
vn 0.002162 0.999984 -0.005220
vn 0.231027 0.945121 -0.231027
vn 0.368627 0.853363 -0.368627
vn 0.289628 0.853363 -0.433460
vn 0.181517 0.945121 -0.271659
vn 0.320443 0.945121 -0.063740
vn 0.511300 0.853363 -0.101704
vn 0.481634 0.853363 -0.199500
vn 0.301851 0.945121 -0.125031
vn 0.005220 0.999984 0.002162
vn 0.301851 0.945121 0.125031
vn 0.320443 0.945121 0.063740
vn 0.005541 0.999984 0.001102
vn -0.003139 0.999984 0.004698
vn -0.181517 0.945121 0.271659
vn -0.125031 0.945121 0.301851
vn -0.002162 0.999984 0.005220
vn 0.000000 0.940291 -0.340372
vn -0.000000 0.999984 0.005650
vn 0.001102 0.999984 0.005541
vn -0.066403 0.940291 -0.333832
vn -0.130255 0.940291 0.314463
vn 0.002162 0.999984 -0.005220
vn 0.001102 0.999984 -0.005541
vn -0.066403 0.940291 0.333832
vn 0.333832 0.940291 -0.066403
vn -0.005541 0.999984 0.001102
vn -0.005220 0.999984 0.002162
vn 0.314463 0.940291 -0.130255
vn 0.380305 0.111323 0.918137
vn 0.382683 0.000000 0.923880
vn 0.555570 -0.000000 0.831470
vn 0.552117 0.111323 0.826302
vn -0.826302 0.111323 0.552117
vn -0.831470 -0.000000 0.555570
vn -0.707107 0.000000 0.707107
vn -0.702712 0.111323 0.702712
vn -0.003995 0.999984 -0.003995
vn -0.231027 0.945121 -0.231027
vn -0.271659 0.945121 -0.181517
vn -0.004698 0.999984 -0.003139
vn -0.375161 0.197297 0.905720
vn -0.380305 0.111323 0.918137
vn -0.193878 0.111323 0.974689
vn -0.191256 0.197297 0.961507
vn -0.693208 0.197297 -0.693208
vn -0.702712 0.111323 -0.702712
vn -0.826302 0.111323 -0.552117
vn -0.815126 0.197297 -0.544650
vn 0.693208 0.197297 -0.693208
vn 0.702712 0.111323 -0.702712
vn 0.552117 0.111323 -0.826301
vn 0.544650 0.197297 -0.815126
vn 0.961507 0.197296 -0.191256
vn 0.974689 0.111323 -0.193878
vn 0.918137 0.111323 -0.380305
vn 0.905720 0.197297 -0.375161
vn 0.815126 0.197296 0.544650
vn 0.826302 0.111323 0.552117
vn 0.918137 0.111323 0.380305
vn 0.905720 0.197297 0.375161
vn -0.191256 0.197297 0.961507
vn -0.193878 0.111323 0.974689
vn 0.000000 0.111323 0.993784
vn 0.000000 0.197296 0.980344
vn -0.314463 0.940291 -0.130255
vn 0.005220 0.999984 0.002162
vn 0.005541 0.999984 0.001102
vn -0.333832 0.940291 -0.066403
vn 0.003995 0.999984 -0.003995
vn 0.231027 0.945121 -0.231027
vn 0.181517 0.945121 -0.271659
vn 0.003139 0.999984 -0.004697
vn 0.005650 0.999984 0.000000
vn 0.326721 0.945121 0.000000
vn 0.320443 0.945121 -0.063740
vn 0.005541 0.999984 -0.001102
vn -0.231027 0.945121 0.231027
vn -0.368627 0.853363 0.368627
vn -0.289628 0.853363 0.433460
vn -0.181517 0.945121 0.271659
vn 0.181517 0.945121 -0.271659
vn 0.289628 0.853363 -0.433460
vn 0.199500 0.853363 -0.481635
vn 0.125031 0.945121 -0.301851
vn -0.326721 0.945121 0.000000
vn -0.521317 0.853363 0.000000
vn -0.511300 0.853363 0.101704
vn -0.320443 0.945121 0.063740
vn -0.066403 0.940291 -0.333832
vn 0.001102 0.999984 0.005541
vn 0.002162 0.999984 0.005220
vn -0.130255 0.940291 -0.314463
vn 0.283009 0.940291 -0.189100
vn -0.004698 0.999984 0.003139
vn -0.003995 0.999984 0.003995
vn 0.240679 0.940291 -0.240679
vn 0.552117 0.111323 -0.826301
vn 0.555570 0.000000 -0.831470
vn 0.382684 0.000000 -0.923879
vn 0.380305 0.111324 -0.918137
vn 0.403514 0.687372 0.603901
vn 0.189101 0.940291 0.283009
vn 0.240679 0.940291 0.240679
vn 0.513575 0.687373 0.513575
vn 0.712350 0.687372 0.141696
vn 0.333832 0.940291 0.066403
vn 0.340372 0.940291 0.000000
vn 0.726305 0.687372 -0.000000
vn -0.726305 0.687372 -0.000000
vn -0.340372 0.940291 0.000000
vn -0.333832 0.940291 0.066403
vn -0.712350 0.687372 0.141696
vn -0.277945 0.687373 0.671018
vn -0.130255 0.940291 0.314463
vn -0.066403 0.940291 0.333832
vn -0.141695 0.687373 0.712349
vn -0.403513 0.687373 -0.603901
vn -0.189100 0.940291 -0.283009
vn -0.240679 0.940291 -0.240679
vn -0.513575 0.687373 -0.513575
vn 0.198490 -0.976648 0.082217
vn 0.008085 -0.999962 0.003349
vn 0.007276 -0.999962 0.004862
vn 0.178637 -0.976648 0.119361
vn 0.000000 -0.976648 0.214845
vn 0.000000 -0.999962 0.008751
vn -0.001707 -0.999962 0.008583
vn -0.041914 -0.976648 0.210716
vn 0.082217 -0.976648 -0.198490
vn 0.003349 -0.999962 -0.008084
vn 0.004862 -0.999962 -0.007276
vn 0.119361 -0.976648 -0.178636
vn -0.119361 -0.976648 0.178637
vn -0.004862 -0.999962 0.007276
vn -0.006188 -0.999962 0.006188
vn -0.151918 -0.976648 0.151918
vn -0.849230 -0.500274 0.168922
vn -0.980785 -0.000000 0.195090
vn -1.000000 -0.000000 -0.000000
vn -0.865867 -0.500274 -0.000000
vn -0.041914 -0.976648 -0.210716
vn -0.001707 -0.999962 -0.008583
vn 0.000000 -0.999962 -0.008751
vn 0.000000 -0.976648 -0.214844
vn 0.331353 -0.500274 0.799957
vn 0.382683 -0.000000 0.923880
vn 0.195091 -0.000000 0.980785
vn 0.168923 -0.500274 0.849229
vn 0.121031 0.784299 -0.608462
vn -0.000000 0.784299 -0.620383
vn -0.000000 0.955670 -0.294440
vn 0.057443 0.955670 -0.288783
vn -0.573159 0.784299 -0.237410
vn -0.608463 0.784299 -0.121031
vn -0.288783 0.955670 -0.057442
vn -0.272028 0.955670 -0.112678
vn 0.063120 -0.993525 -0.094466
vn -0.119361 -0.976648 0.178637
vn -0.151918 -0.976648 0.151918
vn 0.080337 -0.993525 -0.080337
vn -0.043478 -0.993525 -0.104965
vn 0.082217 -0.976648 0.198491
vn 0.041914 -0.976648 0.210716
vn -0.022165 -0.993525 -0.111431
vn 0.000000 -0.976648 -0.214844
vn 0.000000 -0.999962 -0.008751
vn 0.001707 -0.999962 -0.008583
vn 0.041914 -0.976648 -0.210716
vn -0.063120 -0.993525 -0.094466
vn 0.119361 -0.976648 0.178637
vn 0.082217 -0.976648 0.198491
vn -0.043478 -0.993525 -0.104965
vn 0.178637 -0.976648 -0.119361
vn 0.007276 -0.999962 -0.004862
vn 0.008085 -0.999962 -0.003349
vn 0.198490 -0.976648 -0.082217
vn -0.799957 -0.500274 -0.331353
vn -0.923880 0.000000 -0.382684
vn -0.831470 0.000000 -0.555570
vn -0.719942 -0.500274 -0.481050
vn 0.612261 -0.500274 -0.612260
vn 0.707107 0.000000 -0.707107
vn 0.831470 0.000000 -0.555570
vn 0.719942 -0.500274 -0.481050
vn 0.799957 -0.500274 0.331353
vn 0.923880 -0.000000 0.382683
vn 0.831470 -0.000000 0.555570
vn 0.719942 -0.500274 0.481050
vn -0.237410 0.784299 0.573159
vn -0.277945 0.687373 0.671018
vn -0.141695 0.687373 0.712349
vn -0.121031 0.784300 0.608462
vn -0.119361 -0.976648 -0.178636
vn -0.004862 -0.999962 -0.007276
vn -0.003349 -0.999962 -0.008084
vn -0.082217 -0.976648 -0.198490
vn 0.189100 0.940291 -0.283009
vn -0.003139 0.999984 0.004698
vn -0.002162 0.999984 0.005220
vn 0.130255 0.940291 -0.314463
vn -0.189100 0.940291 -0.283009
vn 0.003139 0.999984 0.004698
vn 0.003995 0.999984 0.003995
vn -0.240679 0.940291 -0.240679
vn -0.066403 0.940291 0.333832
vn 0.001102 0.999984 -0.005541
vn 0.000000 0.999984 -0.005650
vn 0.000000 0.940291 0.340372
vn -0.004698 0.999984 0.003139
vn -0.271659 0.945121 0.181516
vn -0.231027 0.945121 0.231027
vn -0.003995 0.999984 0.003995
vn 0.320443 0.945121 0.063740
vn 0.511300 0.853363 0.101704
vn 0.521317 0.853363 0.000000
vn 0.326721 0.945121 0.000000
vn -0.000000 0.945121 -0.326722
vn -0.000000 0.853363 -0.521318
vn -0.101704 0.853363 -0.511301
vn -0.063740 0.945121 -0.320444
vn -0.125031 0.945121 -0.301851
vn -0.199500 0.853363 -0.481635
vn -0.289628 0.853363 -0.433459
vn -0.181517 0.945121 -0.271659
vn 0.125031 0.945121 -0.301851
vn 0.199500 0.853363 -0.481635
vn 0.101704 0.853363 -0.511301
vn 0.063740 0.945121 -0.320444
vn 0.231027 0.945121 0.231027
vn 0.368627 0.853363 0.368627
vn 0.433459 0.853363 0.289628
vn 0.271659 0.945121 0.181516
vn -0.980785 -0.000000 0.195090
vn -0.980785 -0.000000 0.195090
vn -1.000000 -0.000000 0.000000
vn -1.000000 0.000000 -0.000000
vn -0.003139 0.999984 -0.004697
vn -0.181517 0.945121 -0.271659
vn -0.231027 0.945121 -0.231027
vn -0.003995 0.999984 -0.003995
vn -0.707107 0.000000 0.707107
vn -0.707107 0.000000 0.707107
vn -0.831470 0.000000 0.555570
vn -0.831470 0.000000 0.555570
vn 0.004698 0.999984 -0.003139
vn 0.271659 0.945121 -0.181517
vn 0.231027 0.945121 -0.231027
vn 0.003995 0.999984 -0.003995
vn -0.918137 0.111323 -0.380305
vn -0.923880 0.000000 -0.382683
vn -0.980785 0.000000 -0.195091
vn -0.974689 0.111323 -0.193878
vn -0.063740 0.945121 -0.320444
vn -0.101704 0.853363 -0.511301
vn -0.199500 0.853363 -0.481635
vn -0.125031 0.945121 -0.301851
vn -0.320443 0.945121 -0.063740
vn -0.511300 0.853363 -0.101704
vn -0.521317 0.853363 0.000000
vn -0.326721 0.945121 0.000000
vn -0.181517 0.945121 -0.271659
vn -0.289628 0.853363 -0.433459
vn -0.368627 0.853363 -0.368627
vn -0.231027 0.945121 -0.231027
vn 0.003139 0.999984 0.004698
vn 0.181517 0.945121 0.271659
vn 0.231027 0.945121 0.231027
vn 0.003995 0.999984 0.003995
vn 0.314463 0.940291 -0.130255
vn -0.005220 0.999984 0.002162
vn -0.004698 0.999984 0.003139
vn 0.283009 0.940291 -0.189100
vn -0.603901 0.687373 -0.403513
vn -0.283009 0.940291 -0.189100
vn -0.314463 0.940291 -0.130255
vn -0.671019 0.687372 -0.277945
vn 0.671019 0.687372 -0.277945
vn 0.314463 0.940291 -0.130255
vn 0.283009 0.940291 -0.189100
vn 0.603901 0.687373 -0.403513
vn -0.277945 0.687373 -0.671018
vn -0.130255 0.940291 -0.314463
vn -0.189100 0.940291 -0.283009
vn -0.403513 0.687373 -0.603901
vn -0.141695 0.687373 -0.712349
vn -0.066403 0.940291 -0.333832
vn -0.130255 0.940291 -0.314463
vn -0.277945 0.687373 -0.671018
vn -0.974689 0.111323 0.193878
vn -0.980785 -0.000000 0.195091
vn -0.923880 -0.000000 0.382683
vn -0.918137 0.111323 0.380305
vn 0.826302 0.111323 0.552117
vn 0.831470 0.000000 0.555570
vn 0.923880 -0.000000 0.382683
vn 0.918137 0.111323 0.380305
vn -0.974689 0.111323 0.193878
vn -0.993784 0.111323 -0.000000
vn -1.000000 0.000000 -0.000000
vn -0.980785 -0.000000 0.195091
vn 0.000000 0.197296 -0.980344
vn 0.000000 0.111323 -0.993784
vn -0.193878 0.111323 -0.974689
vn -0.191256 0.197297 -0.961507
vn -0.193878 0.111323 0.974689
vn -0.380305 0.111323 0.918137
vn -0.382683 -0.000000 0.923880
vn -0.195091 -0.000000 0.980785
vn -0.544650 0.197298 -0.815126
vn -0.552117 0.111323 -0.826301
vn -0.702712 0.111323 -0.702712
vn -0.693208 0.197297 -0.693208
vn -0.961507 0.197296 -0.191256
vn -0.974689 0.111323 -0.193878
vn -0.993784 0.111323 -0.000000
vn -0.980344 0.197296 -0.000000
vn 0.189101 0.940291 0.283009
vn -0.003139 0.999984 -0.004697
vn -0.003995 0.999984 -0.003995
vn 0.240679 0.940291 0.240679
vn -0.974689 0.111323 -0.193878
vn -0.980785 0.000000 -0.195091
vn -1.000000 0.000000 -0.000000
vn -0.993784 0.111323 -0.000000
vn -0.111431 -0.993525 0.022165
vn 0.210716 -0.976648 -0.041914
vn 0.214844 -0.976648 0.000000
vn -0.113614 -0.993525 0.000000
vn 0.000000 -0.993525 -0.113614
vn 0.000000 -0.976648 0.214845
vn -0.041914 -0.976648 0.210716
vn 0.022165 -0.993525 -0.111431
vn -0.022165 -0.993525 0.111431
vn 0.041914 -0.976648 -0.210716
vn 0.082217 -0.976648 -0.198490
vn -0.043478 -0.993525 0.104966
vn -0.481050 -0.500274 -0.719942
vn -0.555570 0.000000 -0.831470
vn -0.382683 0.000000 -0.923880
vn -0.331353 -0.500274 -0.799957
vn 0.080337 -0.993525 0.080337
vn -0.151918 -0.976648 -0.151918
vn -0.119361 -0.976648 -0.178636
vn 0.063121 -0.993525 0.094467
vn 0.094466 -0.993525 0.063120
vn -0.178637 -0.976648 -0.119361
vn -0.151918 -0.976648 -0.151918
vn 0.080337 -0.993525 0.080337
vn -0.344667 0.784299 0.515830
vn -0.163582 0.955670 0.244818
vn -0.208201 0.955670 0.208201
vn -0.438677 0.784299 0.438677
vn -0.104966 -0.993525 0.043478
vn 0.198490 -0.976648 -0.082217
vn 0.210716 -0.976648 -0.041914
vn -0.111431 -0.993525 0.022165
vn -0.000000 -0.993525 0.113614
vn 0.000000 -0.976648 -0.214844
vn 0.041914 -0.976648 -0.210716
vn -0.022165 -0.993525 0.111431
vn -0.344666 0.784299 -0.515830
vn -0.163582 0.955670 -0.244818
vn -0.112677 0.955670 -0.272028
vn -0.237410 0.784299 -0.573159
vn 0.104966 -0.993525 0.043478
vn -0.198490 -0.976648 -0.082217
vn -0.178637 -0.976648 -0.119361
vn 0.094466 -0.993525 0.063120
vn -0.082217 -0.976648 0.198491
vn -0.003349 -0.999962 0.008085
vn -0.004862 -0.999962 0.007276
vn -0.119361 -0.976648 0.178637
vn -0.210716 -0.976648 0.041914
vn -0.008583 -0.999962 0.001707
vn -0.008751 -0.999962 -0.000000
vn -0.214844 -0.976648 0.000000
vn 0.331353 -0.500274 -0.799957
vn 0.382683 0.000000 -0.923880
vn 0.555570 0.000000 -0.831470
vn 0.481050 -0.500274 -0.719942
vn -0.620383 0.784299 -0.000000
vn -0.294440 0.955670 -0.000000
vn -0.288783 0.955670 -0.057442
vn -0.608463 0.784299 -0.121031
vn 0.849230 -0.500274 -0.168922
vn 0.980785 0.000000 -0.195090
vn 1.000000 -0.000000 -0.000000
vn 0.865867 -0.500274 -0.000000
vn 0.612261 -0.500274 0.612260
vn 0.707107 0.000000 0.707107
vn 0.555570 -0.000000 0.831470
vn 0.481050 -0.500274 0.719943
vn -0.331353 -0.500274 0.799957
vn -0.382683 -0.000000 0.923880
vn -0.555570 -0.000000 0.831470
vn -0.481050 -0.500274 0.719943
vn 0.980785 -0.000000 0.195090
vn 0.980785 -0.000000 0.195090
vn 0.923880 -0.000000 0.382683
vn 0.923880 -0.000000 0.382683
vn -0.865867 -0.500274 -0.000000
vn -1.000000 -0.000000 -0.000000
vn -0.980785 0.000000 -0.195090
vn -0.849230 -0.500274 -0.168922
vn 0.515830 0.784299 0.344666
vn 0.244818 0.955670 0.163582
vn 0.208201 0.955670 0.208201
vn 0.438677 0.784299 0.438677
vn 0.344666 0.784299 -0.515830
vn 0.163582 0.955670 -0.244819
vn 0.208201 0.955670 -0.208201
vn 0.438677 0.784299 -0.438677
vn 0.438677 0.784299 0.438677
vn 0.208201 0.955670 0.208201
vn 0.163582 0.955670 0.244818
vn 0.344666 0.784299 0.515830
vn 0.344666 0.784299 0.515830
vn 0.163582 0.955670 0.244818
vn 0.112677 0.955670 0.272027
vn 0.237410 0.784299 0.573159
vn 0.141695 0.687373 0.712349
vn 0.066403 0.940291 0.333832
vn 0.130255 0.940291 0.314463
vn 0.277945 0.687373 0.671018
vn 0.141695 0.687373 -0.712349
vn 0.066403 0.940291 -0.333832
vn 0.000000 0.940291 -0.340372
vn -0.000000 0.687373 -0.726305
vn -0.552117 0.111323 -0.826301
vn -0.380305 0.111324 -0.918137
vn -0.382684 -0.000000 -0.923879
vn -0.555570 -0.000000 -0.831470
vn 0.130255 0.940291 -0.314463
vn -0.002162 0.999984 0.005220
vn -0.001102 0.999984 0.005541
vn 0.066403 0.940291 -0.333832
vn -0.314463 0.940291 0.130255
vn 0.005220 0.999984 -0.002162
vn 0.004698 0.999984 -0.003139
vn -0.283009 0.940291 0.189100
vn -0.301851 0.945121 -0.125031
vn -0.481634 0.853363 -0.199500
vn -0.511300 0.853363 -0.101704
vn -0.320443 0.945121 -0.063740
vn 0.271659 0.945121 -0.181517
vn 0.433460 0.853363 -0.289628
vn 0.368627 0.853363 -0.368627
vn 0.231027 0.945121 -0.231027
vn -0.002162 0.999984 0.005220
vn -0.125031 0.945121 0.301851
vn -0.063740 0.945121 0.320444
vn -0.001102 0.999984 0.005541
vn 0.544650 0.197296 0.815126
vn 0.552117 0.111323 0.826302
vn 0.702712 0.111323 0.702712
vn 0.693208 0.197296 0.693208
vn 0.961507 0.197296 0.191256
vn 0.974689 0.111323 0.193878
vn 0.993784 0.111323 -0.000000
vn 0.980344 0.197296 -0.000000
vn 0.375161 0.197298 -0.905719
vn 0.380305 0.111324 -0.918137
vn 0.193878 0.111323 -0.974689
vn 0.191256 0.197297 -0.961507
vn 0.066403 0.940291 0.333832
vn -0.001102 0.999984 -0.005541
vn -0.002162 0.999984 -0.005220
vn 0.130255 0.940291 0.314463
vn 0.905720 0.197297 -0.375161
vn 0.918137 0.111323 -0.380305
vn 0.826302 0.111323 -0.552117
vn 0.815126 0.197297 -0.544650
vn -0.125031 0.945121 0.301851
vn -0.199500 0.853363 0.481635
vn -0.101704 0.853363 0.511301
vn -0.063740 0.945121 0.320444
vn 0.980785 0.000000 -0.195090
vn 0.980785 0.000000 -0.195090
vn 1.000000 -0.000000 0.000000
vn 1.000000 0.000000 -0.000000
vn 0.003995 0.999984 0.003995
vn 0.231027 0.945121 0.231027
vn 0.271659 0.945121 0.181516
vn 0.004698 0.999984 0.003139
vn -0.000000 0.945121 0.326721
vn 0.000000 0.853363 0.521317
vn 0.101704 0.853363 0.511301
vn 0.063740 0.945121 0.320444
vn 0.002162 0.999984 -0.005220
vn 0.125031 0.945121 -0.301851
vn 0.063740 0.945121 -0.320444
vn 0.001102 0.999984 -0.005541
vn 0.002162 0.999984 0.005220
vn 0.125031 0.945121 0.301851
vn 0.181517 0.945121 0.271659
vn 0.003139 0.999984 0.004698
vn -0.231027 0.945121 -0.231027
vn -0.368627 0.853363 -0.368627
vn -0.433460 0.853363 -0.289628
vn -0.271659 0.945121 -0.181517
vn 0.195091 0.000000 0.980785
vn 0.195091 0.000000 0.980785
vn 0.000000 0.000000 1.000000
vn 0.000000 0.000000 1.000000
vn 0.181517 0.945121 0.271659
vn 0.289628 0.853363 0.433459
vn 0.368627 0.853363 0.368627
vn 0.231027 0.945121 0.231027
vn -0.555570 -0.000000 -0.831469
vn -0.555570 -0.000000 -0.831469
vn -0.382683 -0.000000 -0.923880
vn -0.382683 -0.000000 -0.923880
vn 0.271659 0.945121 0.181516
vn 0.433459 0.853363 0.289628
vn 0.481634 0.853363 0.199500
vn 0.301851 0.945121 0.125031
vn -0.004698 0.999984 -0.003139
vn -0.271659 0.945121 -0.181517
vn -0.301851 0.945121 -0.125031
vn -0.005220 0.999984 -0.002162
vn -0.001102 0.999984 -0.005541
vn -0.063740 0.945121 -0.320444
vn -0.125031 0.945121 -0.301851
vn -0.002162 0.999984 -0.005220
vn 0.382683 0.000000 0.923880
vn 0.382683 0.000000 0.923880
vn 0.195091 0.000000 0.980785
vn 0.195091 0.000000 0.980785
vn -0.003995 0.999984 0.003995
vn -0.231027 0.945121 0.231027
vn -0.181517 0.945121 0.271659
vn -0.003139 0.999984 0.004698
vn -0.382683 0.000000 0.923880
vn -0.382683 0.000000 0.923880
vn -0.555570 0.000000 0.831470
vn -0.555570 0.000000 0.831470
vn -0.320443 0.945121 0.063740
vn -0.511300 0.853363 0.101704
vn -0.481634 0.853363 0.199500
vn -0.301851 0.945121 0.125031
vn 0.326721 0.945121 0.000000
vn 0.521317 0.853363 0.000000
vn 0.511300 0.853363 -0.101704
vn 0.320443 0.945121 -0.063740
vn -0.001102 0.999984 0.005541
vn -0.063740 0.945121 0.320444
vn -0.000000 0.945121 0.326721
vn -0.000000 0.999984 0.005650
vn 0.707107 0.000000 0.707107
vn 0.707107 0.000000 0.707107
vn 0.555570 0.000000 0.831470
vn 0.555570 0.000000 0.831470
vn 0.301851 0.945121 -0.125031
vn 0.481634 0.853363 -0.199500
vn 0.433460 0.853363 -0.289628
vn 0.271659 0.945121 -0.181517
vn -0.005541 0.999984 -0.001102
vn -0.320443 0.945121 -0.063740
vn -0.326721 0.945121 0.000000
vn -0.005650 0.999984 0.000000
vn 0.005541 0.999984 0.001102
vn 0.320443 0.945121 0.063740
vn 0.326721 0.945121 0.000000
vn 0.005650 0.999984 0.000000
vn 0.000000 0.999984 -0.005650
vn -0.000000 0.945121 -0.326722
vn -0.063740 0.945121 -0.320444
vn -0.001102 0.999984 -0.005541
vn -0.905720 0.197297 -0.375161
vn -0.918137 0.111323 -0.380305
vn -0.974689 0.111323 -0.193878
vn -0.961507 0.197296 -0.191256
vn 0.544650 0.197297 -0.815126
vn 0.552117 0.111323 -0.826301
vn 0.380305 0.111324 -0.918137
vn 0.375161 0.197298 -0.905719
vn 0.191256 0.197297 0.961507
vn 0.193878 0.111323 0.974689
vn 0.380305 0.111323 0.918137
vn 0.375161 0.197297 0.905720
vn -0.815126 0.197297 -0.544650
vn -0.826302 0.111323 -0.552117
vn -0.918137 0.111323 -0.380305
vn -0.905720 0.197297 -0.375161
vn 0.193878 0.111323 0.974689
vn 0.195091 -0.000000 0.980785
vn 0.382683 0.000000 0.923880
vn 0.380305 0.111323 0.918137
vn 0.974689 0.111323 -0.193878
vn 0.980785 0.000000 -0.195091
vn 0.923880 0.000000 -0.382683
vn 0.918137 0.111323 -0.380305
vn -0.193878 0.111323 0.974689
vn -0.195091 -0.000000 0.980785
vn 0.000000 -0.000000 1.000000
vn 0.000000 0.111323 0.993784
vn -0.141695 0.687373 0.712349
vn -0.066403 0.940291 0.333832
vn 0.000000 0.940291 0.340372
vn 0.000000 0.687373 0.726305
vn 0.277945 0.687372 -0.671018
vn 0.130255 0.940291 -0.314463
vn 0.066403 0.940291 -0.333832
vn 0.141695 0.687373 -0.712349
vn -0.513575 0.687373 -0.513575
vn -0.240679 0.940291 -0.240679
vn -0.283009 0.940291 -0.189100
vn -0.603901 0.687373 -0.403513
vn 0.603901 0.687373 -0.403513
vn 0.283009 0.940291 -0.189100
vn 0.240679 0.940291 -0.240679
vn 0.513575 0.687373 -0.513575
vn -0.301851 0.945121 0.125031
vn -0.481634 0.853363 0.199500
vn -0.433459 0.853363 0.289628
vn -0.271659 0.945121 0.181516
vn 0.240679 0.940291 -0.240679
vn -0.003995 0.999984 0.003995
vn -0.003139 0.999984 0.004698
vn 0.189100 0.940291 -0.283009
vn 0.340372 0.940291 0.000000
vn -0.005650 0.999984 0.000000
vn -0.005541 0.999984 0.001102
vn 0.333832 0.940291 -0.066403
vn -0.005220 0.999984 -0.002162
vn -0.301851 0.945121 -0.125031
vn -0.320443 0.945121 -0.063740
vn -0.005541 0.999984 -0.001102
vn 0.980344 0.197296 -0.000000
vn 0.993784 0.111323 -0.000000
vn 0.974689 0.111323 -0.193878
vn 0.961507 0.197296 -0.191256
vn 0.905720 0.197297 0.375161
vn 0.918137 0.111323 0.380305
vn 0.974689 0.111323 0.193878
vn 0.961507 0.197296 0.191256
vn -0.552117 0.111323 -0.826301
vn -0.555570 -0.000000 -0.831470
vn -0.707107 0.000000 -0.707107
vn -0.702712 0.111323 -0.702712
vn 0.603901 0.687373 0.403513
vn 0.283009 0.940291 0.189100
vn 0.314463 0.940291 0.130255
vn 0.671019 0.687372 0.277945
vn -0.005541 0.999984 0.001102
vn -0.320443 0.945121 0.063740
vn -0.301851 0.945121 0.125031
vn -0.005220 0.999984 0.002162
vn 0.004698 0.999984 0.003139
vn 0.271659 0.945121 0.181516
vn 0.301851 0.945121 0.125031
vn 0.005220 0.999984 0.002162
vn 0.001102 0.999984 -0.005541
vn 0.063740 0.945121 -0.320444
vn -0.000000 0.945121 -0.326722
vn 0.000000 0.999984 -0.005650
vn 0.726305 0.687372 -0.000000
vn 0.340372 0.940291 0.000000
vn 0.333832 0.940291 -0.066403
vn 0.712350 0.687372 -0.141696
vn -0.000000 0.687373 -0.726305
vn 0.000000 0.940291 -0.340372
vn -0.066403 0.940291 -0.333832
vn -0.141695 0.687373 -0.712349
vn -0.513575 0.687373 0.513575
vn -0.240679 0.940291 0.240679
vn -0.189101 0.940291 0.283009
vn -0.403514 0.687372 0.603901
vn -0.603901 0.687373 0.403513
vn -0.283009 0.940291 0.189100
vn -0.240679 0.940291 0.240679
vn -0.513575 0.687373 0.513575
vn -0.702712 0.111323 -0.702712
vn -0.707107 0.000000 -0.707107
vn -0.831470 0.000000 -0.555570
vn -0.826302 0.111323 -0.552117
vn -0.815126 0.197296 0.544650
vn -0.826302 0.111323 0.552117
vn -0.702712 0.111323 0.702712
vn -0.693208 0.197296 0.693208
vn 0.000000 0.940291 0.340372
vn 0.000000 0.999984 -0.005650
vn -0.001102 0.999984 -0.005541
vn 0.066403 0.940291 0.333832
vn 0.693208 0.197296 0.693208
vn 0.702712 0.111323 0.702712
vn 0.826302 0.111323 0.552117
vn 0.815126 0.197296 0.544650
vn 0.000000 0.197296 0.980344
vn 0.000000 0.111323 0.993784
vn 0.193878 0.111323 0.974689
vn 0.191256 0.197297 0.961507
vn -0.544650 0.197296 0.815126
vn -0.552117 0.111323 0.826302
vn -0.380305 0.111323 0.918137
vn -0.375161 0.197297 0.905720
vn -0.191256 0.197297 -0.961507
vn -0.193878 0.111323 -0.974689
vn -0.380305 0.111324 -0.918137
vn -0.375161 0.197298 -0.905719
vn -0.826302 0.111323 -0.552117
vn -0.831470 0.000000 -0.555570
vn -0.923880 0.000000 -0.382683
vn -0.918137 0.111323 -0.380305
vn 0.000000 0.111323 -0.993784
vn 0.000000 0.000000 -1.000000
vn -0.195090 0.000000 -0.980785
vn -0.193878 0.111323 -0.974689
vn -0.382684 -0.000000 -0.923879
vn -0.380305 0.111324 -0.918137
vn -0.193878 0.111323 -0.974689
vn -0.195090 0.000000 -0.980785
vn 0.513575 0.687373 -0.513575
vn 0.240679 0.940291 -0.240679
vn 0.189100 0.940291 -0.283009
vn 0.403514 0.687373 -0.603901
vn -0.671019 0.687372 -0.277945
vn -0.314463 0.940291 -0.130255
vn -0.333832 0.940291 -0.066403
vn -0.712350 0.687372 -0.141696
vn -0.712350 0.687372 -0.141696
vn -0.333832 0.940291 -0.066403
vn -0.340372 0.940291 0.000000
vn -0.726305 0.687372 -0.000000
vn -0.130255 0.940291 -0.314463
vn 0.002162 0.999984 0.005220
vn 0.003139 0.999984 0.004698
vn -0.189100 0.940291 -0.283009
vn 0.063740 0.945121 -0.320444
vn 0.101704 0.853363 -0.511301
vn -0.000000 0.853363 -0.521318
vn -0.000000 0.945121 -0.326722
vn -0.181517 0.945121 0.271659
vn -0.289628 0.853363 0.433460
vn -0.199500 0.853363 0.481635
vn -0.125031 0.945121 0.301851
vn -0.005650 0.999984 0.000000
vn -0.326721 0.945121 0.000000
vn -0.320443 0.945121 0.063740
vn -0.005541 0.999984 0.001102
vn 0.826302 0.111323 -0.552117
vn 0.831470 -0.000000 -0.555570
vn 0.707107 -0.000000 -0.707107
vn 0.702712 0.111323 -0.702712
vn 0.191256 0.197297 -0.961507
vn 0.193878 0.111323 -0.974689
vn 0.000000 0.111323 -0.993784
vn 0.000000 0.197296 -0.980344
vn -0.712350 0.687372 0.141696
vn -0.333832 0.940291 0.066403
vn -0.314463 0.940291 0.130255
vn -0.671019 0.687372 0.277945
vn 0.815126 0.197297 -0.544650
vn 0.826302 0.111323 -0.552117
vn 0.702712 0.111323 -0.702712
vn 0.693208 0.197297 -0.693208
vn -0.905720 0.197297 0.375161
vn -0.918137 0.111323 0.380305
vn -0.826302 0.111323 0.552117
vn -0.815126 0.197296 0.544650
vn -0.961507 0.197296 0.191256
vn -0.974689 0.111323 0.193878
vn -0.918137 0.111323 0.380305
vn -0.905720 0.197297 0.375161
vn 0.130255 0.940291 0.314463
vn -0.002162 0.999984 -0.005220
vn -0.003139 0.999984 -0.004697
vn 0.189101 0.940291 0.283009
vn -0.671019 0.687372 0.277945
vn -0.314463 0.940291 0.130255
vn -0.283009 0.940291 0.189100
vn -0.603901 0.687373 0.403513
vn -0.271659 0.945121 0.181516
vn -0.433459 0.853363 0.289628
vn -0.368627 0.853363 0.368627
vn -0.231027 0.945121 0.231027
vn 0.063740 0.945121 0.320444
vn 0.101704 0.853363 0.511301
vn 0.199500 0.853363 0.481635
vn 0.125031 0.945121 0.301851
vn 0.240679 0.940291 0.240679
vn -0.003995 0.999984 -0.003995
vn -0.004698 0.999984 -0.003139
vn 0.283009 0.940291 0.189100
vn 0.277945 0.687373 0.671018
vn 0.130255 0.940291 0.314463
vn 0.189101 0.940291 0.283009
vn 0.403514 0.687372 0.603901
vn -0.189101 0.940291 0.283009
vn 0.003139 0.999984 -0.004697
vn 0.002162 0.999984 -0.005220
vn -0.130255 0.940291 0.314463
vn 0.513575 0.687373 0.513575
vn 0.240679 0.940291 0.240679
vn 0.283009 0.940291 0.189100
vn 0.603901 0.687373 0.403513
vn -0.002162 0.999984 -0.005220
vn -0.125031 0.945121 -0.301851
vn -0.181517 0.945121 -0.271659
vn -0.003139 0.999984 -0.004697
vn 0.573159 0.784299 -0.237410
vn 0.515830 0.784299 -0.344666
vn 0.244819 0.955670 -0.163582
vn 0.272028 0.955670 -0.112678
vn 0.237410 0.784299 -0.573159
vn 0.112677 0.955670 -0.272028
vn 0.163582 0.955670 -0.244819
vn 0.344666 0.784299 -0.515830
vn 0.005541 0.999984 -0.001102
vn 0.320443 0.945121 -0.063740
vn 0.301851 0.945121 -0.125031
vn 0.005220 0.999984 -0.002162
vn 0.000000 0.687373 0.726305
vn 0.000000 0.940291 0.340372
vn 0.066403 0.940291 0.333832
vn 0.141695 0.687373 0.712349
vn 0.403514 0.687373 -0.603901
vn 0.189100 0.940291 -0.283009
vn 0.130255 0.940291 -0.314463
vn 0.277945 0.687372 -0.671018
vn 0.671019 0.687372 0.277945
vn 0.314463 0.940291 0.130255
vn 0.333832 0.940291 0.066403
vn 0.712350 0.687372 0.141696
vn 0.712350 0.687372 -0.141696
vn 0.333832 0.940291 -0.066403
vn 0.314463 0.940291 -0.130255
vn 0.671019 0.687372 -0.277945
vn -0.403514 0.687372 0.603901
vn -0.189101 0.940291 0.283009
vn -0.130255 0.940291 0.314463
vn -0.277945 0.687373 0.671018
vn 0.066403 0.940291 -0.333832
vn -0.001102 0.999984 0.005541
vn -0.000000 0.999984 0.005650
vn 0.000000 0.940291 -0.340372
vn 0.283009 0.940291 0.189100
vn -0.004698 0.999984 -0.003139
vn -0.005220 0.999984 -0.002162
vn 0.314463 0.940291 0.130255
vn -0.271659 0.945121 -0.181517
vn -0.433460 0.853363 -0.289628
vn -0.481634 0.853363 -0.199500
vn -0.301851 0.945121 -0.125031
vn -0.063740 0.945121 0.320444
vn -0.101704 0.853363 0.511301
vn 0.000000 0.853363 0.521317
vn -0.000000 0.945121 0.326721
vn 0.301851 0.945121 0.125031
vn 0.481634 0.853363 0.199500
vn 0.511300 0.853363 0.101704
vn 0.320443 0.945121 0.063740
vn 0.005220 0.999984 -0.002162
vn 0.301851 0.945121 -0.125031
vn 0.271659 0.945121 -0.181517
vn 0.004698 0.999984 -0.003139
vn -0.000000 0.999984 0.005650
vn -0.000000 0.945121 0.326721
vn 0.063740 0.945121 0.320444
vn 0.001102 0.999984 0.005541
vn -0.340372 0.940291 0.000000
vn 0.005650 0.999984 0.000000
vn 0.005541 0.999984 -0.001102
vn -0.333832 0.940291 0.066403
vn 0.314463 0.940291 0.130255
vn -0.005220 0.999984 -0.002162
vn -0.005541 0.999984 -0.001102
vn 0.333832 0.940291 0.066403
vn 0.702712 0.111323 0.702712
vn 0.707107 -0.000000 0.707107
vn 0.831470 0.000000 0.555570
vn 0.826302 0.111323 0.552117
vn -0.375161 0.197298 -0.905719
vn -0.380305 0.111324 -0.918137
vn -0.552117 0.111323 -0.826301
vn -0.544650 0.197298 -0.815126
vn -0.980344 0.197296 -0.000000
vn -0.993784 0.111323 -0.000000
vn -0.974689 0.111323 0.193878
vn -0.961507 0.197296 0.191256
vn -0.240679 0.940291 -0.240679
vn 0.003995 0.999984 0.003995
vn 0.004698 0.999984 0.003139
vn -0.283009 0.940291 -0.189100
vn -0.693208 0.197296 0.693208
vn -0.702712 0.111323 0.702712
vn -0.552117 0.111323 0.826302
vn -0.544650 0.197296 0.815126
vn 0.375161 0.197297 0.905720
vn 0.380305 0.111323 0.918137
vn 0.552117 0.111323 0.826302
vn 0.544650 0.197296 0.815126
vn 0.193878 0.111323 -0.974689
vn 0.195090 0.000000 -0.980785
vn 0.000000 0.000000 -1.000000
vn 0.000000 0.111323 -0.993784
vn -0.552117 0.111323 0.826302
vn -0.702712 0.111323 0.702712
vn -0.707107 0.000000 0.707107
vn -0.555570 -0.000000 0.831470
vn 0.918137 0.111323 -0.380305
vn 0.923880 0.000000 -0.382683
vn 0.831470 -0.000000 -0.555570
vn 0.826302 0.111323 -0.552117
vn 0.333832 0.940291 0.066403
vn -0.005541 0.999984 -0.001102
vn -0.005650 0.999984 0.000000
vn 0.340372 0.940291 0.000000
vn -0.283009 0.940291 0.189100
vn 0.004698 0.999984 -0.003139
vn 0.003995 0.999984 -0.003995
vn -0.240679 0.940291 0.240679
vn -0.240679 0.940291 0.240679
vn 0.003995 0.999984 -0.003995
vn 0.003139 0.999984 -0.004697
vn -0.189101 0.940291 0.283009
vn -0.333832 0.940291 -0.066403
vn 0.005541 0.999984 0.001102
vn 0.005650 0.999984 0.000000
vn -0.340372 0.940291 0.000000
vn -0.918137 0.111323 0.380305
vn -0.923880 -0.000000 0.382683
vn -0.831470 -0.000000 0.555570
vn -0.826302 0.111323 0.552117
vn -0.719942 -0.500274 -0.481050
vn -0.831470 0.000000 -0.555570
vn -0.707107 0.000000 -0.707107
vn -0.612261 -0.500274 -0.612260
vn -0.612261 -0.500274 -0.612260
vn -0.707107 0.000000 -0.707107
vn -0.555570 0.000000 -0.831470
vn -0.481050 -0.500274 -0.719942
vn 0.000000 -0.869605 -0.493748
vn -0.096326 -0.869605 -0.484261
vn -0.168922 -0.500274 -0.849230
vn 0.000000 -0.500274 -0.865867
vn -0.082217 -0.976648 -0.198490
vn -0.003349 -0.999962 -0.008084
vn -0.001707 -0.999962 -0.008583
vn -0.041914 -0.976648 -0.210716
vn 0.006188 -0.999962 0.006188
vn 0.007276 -0.999962 0.004862
vn -0.410536 -0.869605 -0.274312
vn -0.349133 -0.869605 -0.349133
vn -0.274312 -0.869605 -0.410536
vn -0.349133 -0.869605 -0.349133
vn -0.612261 -0.500274 -0.612260
vn -0.481050 -0.500274 -0.719942
vn 0.410536 -0.869605 -0.274312
vn 0.349133 -0.869605 -0.349133
vn 0.612261 -0.500274 -0.612260
vn 0.719942 -0.500274 -0.481050
vn 0.484261 -0.869605 -0.096325
vn 0.456164 -0.869605 -0.188949
vn 0.799957 -0.500274 -0.331353
vn 0.849230 -0.500274 -0.168922
vn 0.210716 -0.976648 -0.041914
vn 0.008583 -0.999962 -0.001707
vn 0.008751 -0.999962 -0.000000
vn 0.214844 -0.976648 0.000000
vn 0.006188 -0.999962 -0.006188
vn 0.004862 -0.999962 -0.007276
vn -0.274312 -0.869605 0.410537
vn -0.349133 -0.869605 0.349132
vn -0.000000 0.955670 -0.294440
vn -0.000000 0.784299 -0.620383
vn -0.121031 0.784299 -0.608462
vn -0.057442 0.955670 -0.288783
vn -0.006188 -0.999962 -0.006188
vn -0.007276 -0.999962 -0.004862
vn 0.410537 -0.869605 0.274312
vn 0.349133 -0.869605 0.349132
vn -0.331353 -0.500274 -0.799957
vn -0.382683 0.000000 -0.923880
vn -0.195090 0.000000 -0.980785
vn -0.168922 -0.500274 -0.849230
vn -0.799957 -0.500274 0.331353
vn -0.923880 -0.000000 0.382683
vn -0.980785 -0.000000 0.195090
vn -0.849230 -0.500274 0.168922
vn 0.481050 -0.500274 0.719943
vn 0.555570 -0.000000 0.831470
vn 0.382683 -0.000000 0.923880
vn 0.331353 -0.500274 0.799957
vn -0.022165 -0.993525 -0.111431
vn 0.041914 -0.976648 0.210716
vn 0.000000 -0.976648 0.214845
vn 0.000000 -0.993525 -0.113614
vn 0.000000 -0.869605 0.493748
vn 0.096326 -0.869605 0.484261
vn 0.168923 -0.500274 0.849229
vn 0.000000 -0.500274 0.865867
vn -0.001707 -0.999962 0.008583
vn 0.000000 -0.999962 0.008751
vn 0.000000 -0.869605 -0.493748
vn 0.096326 -0.869605 -0.484261
vn -0.151918 -0.976648 -0.151918
vn -0.006188 -0.999962 -0.006188
vn -0.004862 -0.999962 -0.007276
vn -0.119361 -0.976648 -0.178636
vn 0.111431 -0.993525 -0.022165
vn -0.210716 -0.976648 0.041914
vn -0.214844 -0.976648 0.000000
vn 0.113614 -0.993525 0.000000
vn 0.104965 -0.993525 -0.043478
vn -0.198490 -0.976648 0.082217
vn -0.210716 -0.976648 0.041914
vn 0.111431 -0.993525 -0.022165
vn -0.274312 -0.869605 0.410537
vn -0.188949 -0.869605 0.456164
vn -0.331353 -0.500274 0.799957
vn -0.481050 -0.500274 0.719943
vn -0.003349 -0.999962 0.008085
vn -0.001707 -0.999962 0.008583
vn 0.096326 -0.869605 -0.484261
vn 0.188949 -0.869605 -0.456164
vn 0.003349 -0.999962 -0.008084
vn 0.001707 -0.999962 -0.008583
vn -0.096326 -0.869605 0.484261
vn -0.188949 -0.869605 0.456164
vn 0.214844 -0.976648 0.000000
vn 0.008751 -0.999962 -0.000000
vn 0.008583 -0.999962 0.001707
vn 0.210717 -0.976648 0.041914
vn 0.151918 -0.976648 -0.151918
vn 0.006188 -0.999962 -0.006188
vn 0.007276 -0.999962 -0.004862
vn 0.178637 -0.976648 -0.119361
vn 0.113614 -0.993525 0.000000
vn -0.214844 -0.976648 0.000000
vn -0.210716 -0.976648 -0.041914
vn 0.111431 -0.993525 0.022165
vn 0.041914 -0.976648 -0.210716
vn 0.001707 -0.999962 -0.008583
vn 0.003349 -0.999962 -0.008084
vn 0.082217 -0.976648 -0.198490
vn 0.168922 -0.500274 -0.849230
vn 0.195090 0.000000 -0.980785
vn 0.382683 0.000000 -0.923880
vn 0.331353 -0.500274 -0.799957
vn 0.000000 -0.500274 -0.865867
vn 0.000000 -0.000000 -1.000000
vn 0.195090 0.000000 -0.980785
vn 0.168922 -0.500274 -0.849230
vn 0.007276 -0.999962 -0.004862
vn 0.006188 -0.999962 -0.006188
vn -0.349133 -0.869605 0.349132
vn -0.410537 -0.869605 0.274312
vn 0.121031 0.784300 0.608462
vn 0.237410 0.784299 0.573159
vn 0.112677 0.955670 0.272027
vn 0.057443 0.955670 0.288782
vn 0.244819 0.955670 -0.163582
vn 0.515830 0.784299 -0.344666
vn 0.438677 0.784299 -0.438677
vn 0.208201 0.955670 -0.208201
vn 0.043478 -0.993525 0.104966
vn -0.082217 -0.976648 -0.198490
vn -0.041914 -0.976648 -0.210716
vn 0.022165 -0.993525 0.111431
vn -0.094466 -0.993525 0.063120
vn 0.178637 -0.976648 -0.119361
vn 0.198490 -0.976648 -0.082217
vn -0.104966 -0.993525 0.043478
vn 0.022165 -0.993525 -0.111431
vn -0.041914 -0.976648 0.210716
vn -0.082217 -0.976648 0.198491
vn 0.043478 -0.993525 -0.104965
vn 0.008583 -0.999962 -0.001707
vn 0.008085 -0.999962 -0.003349
vn -0.456164 -0.869605 0.188949
vn -0.484261 -0.869605 0.096325
vn 0.719942 -0.500274 0.481050
vn 0.831470 -0.000000 0.555570
vn 0.707107 0.000000 0.707107
vn 0.612261 -0.500274 0.612260
vn 0.274312 -0.869605 0.410537
vn 0.349133 -0.869605 0.349132
vn 0.612261 -0.500274 0.612260
vn 0.481050 -0.500274 0.719943
vn 0.001707 -0.999962 -0.008583
vn 0.000000 -0.999962 -0.008751
vn 0.000000 -0.869605 0.493748
vn -0.096326 -0.869605 0.484261
vn -0.007276 -0.999962 0.004862
vn -0.006188 -0.999962 0.006188
vn 0.349133 -0.869605 -0.349133
vn 0.410536 -0.869605 -0.274312
vn 0.119361 -0.976648 -0.178636
vn 0.004862 -0.999962 -0.007276
vn 0.006188 -0.999962 -0.006188
vn 0.151918 -0.976648 -0.151918
vn 0.288783 0.955670 0.057443
vn 0.608463 0.784299 0.121031
vn 0.620383 0.784299 -0.000000
vn 0.294440 0.955670 -0.000000
vn -0.481050 -0.500274 0.719943
vn -0.555570 -0.000000 0.831470
vn -0.707107 0.000000 0.707107
vn -0.612261 -0.500274 0.612260
vn -0.057443 0.955670 0.288782
vn -0.121031 0.784300 0.608462
vn 0.000000 0.784299 0.620383
vn 0.000000 0.955670 0.294440
vn 0.119361 -0.976648 0.178637
vn 0.004862 -0.999962 0.007276
vn 0.003349 -0.999962 0.008085
vn 0.082217 -0.976648 0.198491
vn 0.000000 -0.999962 0.008751
vn 0.001707 -0.999962 0.008583
vn -0.096326 -0.869605 -0.484261
vn 0.000000 -0.869605 -0.493748
vn -0.456164 -0.869605 0.188949
vn -0.410537 -0.869605 0.274312
vn -0.719942 -0.500274 0.481050
vn -0.799957 -0.500274 0.331353
vn 0.799957 -0.500274 -0.331353
vn 0.923880 0.000000 -0.382684
vn 0.980785 0.000000 -0.195090
vn 0.849230 -0.500274 -0.168922
vn 0.481050 -0.500274 -0.719942
vn 0.555570 0.000000 -0.831470
vn 0.707107 0.000000 -0.707107
vn 0.612261 -0.500274 -0.612260
vn 0.082217 -0.976648 0.198491
vn 0.003349 -0.999962 0.008085
vn 0.001707 -0.999962 0.008583
vn 0.041914 -0.976648 0.210716
vn 0.022165 -0.993525 0.111431
vn -0.041914 -0.976648 -0.210716
vn 0.000000 -0.976648 -0.214844
vn -0.000000 -0.993525 0.113614
vn -0.104965 -0.993525 -0.043478
vn 0.198490 -0.976648 0.082217
vn 0.178637 -0.976648 0.119361
vn -0.094466 -0.993525 -0.063120
vn 0.151918 -0.976648 0.151918
vn 0.006188 -0.999962 0.006188
vn 0.004862 -0.999962 0.007276
vn 0.119361 -0.976648 0.178637
vn 0.210717 -0.976648 0.041914
vn 0.008583 -0.999962 0.001707
vn 0.008085 -0.999962 0.003349
vn 0.198490 -0.976648 0.082217
vn 0.244818 0.955670 0.163582
vn 0.515830 0.784299 0.344666
vn 0.573159 0.784299 0.237410
vn 0.272028 0.955670 0.112678
vn 0.274312 -0.869605 -0.410536
vn 0.188949 -0.869605 -0.456164
vn 0.331353 -0.500274 -0.799957
vn 0.481050 -0.500274 -0.719942
vn 0.080337 -0.993525 -0.080337
vn -0.151918 -0.976648 0.151918
vn -0.178637 -0.976648 0.119361
vn 0.094466 -0.993525 -0.063120
vn 0.702712 0.111323 -0.702712
vn 0.707107 -0.000000 -0.707107
vn 0.555570 0.000000 -0.831470
vn 0.552117 0.111323 -0.826301
vn 0.195090 -0.000000 -0.980785
vn 0.000000 -0.000000 -1.000000
vn 0.000000 -0.000000 -1.000000
vn 0.195090 -0.000000 -0.980785
vn -1.000000 -0.000000 0.000000
vn -0.980785 -0.000000 0.195090
vn -0.980785 -0.000000 0.195090
vn -1.000000 0.000000 -0.000000
vn 0.382683 0.000000 0.923880
vn 0.555570 0.000000 0.831470
vn 0.555570 0.000000 0.831470
vn 0.382683 0.000000 0.923880
vn 0.831469 -0.000000 -0.555570
vn 0.707107 -0.000000 -0.707107
vn 0.707107 -0.000000 -0.707107
vn 0.831469 -0.000000 -0.555570
vn -0.707107 -0.000000 -0.707107
vn -0.831469 -0.000000 -0.555570
vn -0.831469 -0.000000 -0.555570
vn -0.707107 -0.000000 -0.707107
vn -0.555570 0.000000 0.831470
vn -0.382683 0.000000 0.923880
vn -0.382683 0.000000 0.923880
vn -0.555570 0.000000 0.831470
vn 0.980785 -0.000000 0.195090
vn 1.000000 -0.000000 0.000000
vn 1.000000 0.000000 -0.000000
vn 0.980785 -0.000000 0.195090
vn 0.000000 -0.000000 -1.000000
vn -0.195090 -0.000000 -0.980785
vn -0.195090 -0.000000 -0.980785
vn 0.000000 -0.000000 -1.000000
vn -0.980785 -0.000000 0.195090
vn -0.923880 -0.000000 0.382683
vn -0.923880 -0.000000 0.382683
vn -0.980785 -0.000000 0.195090
vn 0.555570 0.000000 0.831470
vn 0.707106 0.000000 0.707107
vn 0.707106 0.000000 0.707107
vn 0.555570 0.000000 0.831470
vn 0.707107 -0.000000 -0.707107
vn 0.555570 -0.000000 -0.831469
vn 0.555570 -0.000000 -0.831469
vn 0.707107 -0.000000 -0.707107
vn -0.831469 -0.000000 -0.555570
vn -0.923880 0.000000 -0.382683
vn -0.923880 0.000000 -0.382683
vn -0.831469 -0.000000 -0.555570
vn -0.382683 0.000000 0.923880
vn -0.195091 0.000000 0.980785
vn -0.195091 0.000000 0.980785
vn -0.382683 0.000000 0.923880
vn 1.000000 -0.000000 0.000000
vn 0.980785 0.000000 -0.195090
vn 0.980785 0.000000 -0.195090
vn 1.000000 0.000000 -0.000000
vn -0.195090 -0.000000 -0.980785
vn -0.382683 -0.000000 -0.923880
vn -0.382683 -0.000000 -0.923880
vn -0.195090 -0.000000 -0.980785
vn -0.923880 -0.000000 0.382683
vn -0.831470 0.000000 0.555570
vn -0.831470 0.000000 0.555570
vn -0.923880 -0.000000 0.382683
vn 0.707106 0.000000 0.707107
vn 0.831470 0.000000 0.555570
vn 0.831470 0.000000 0.555570
vn 0.707106 0.000000 0.707107
vn 0.555570 -0.000000 -0.831469
vn 0.382683 -0.000000 -0.923880
vn 0.382683 -0.000000 -0.923880
vn 0.555570 -0.000000 -0.831469
vn -0.923880 0.000000 -0.382683
vn -0.980785 0.000000 -0.195090
vn -0.980785 0.000000 -0.195090
vn -0.923880 0.000000 -0.382683
vn 0.000000 0.000000 1.000000
vn 0.195091 0.000000 0.980785
vn 0.195091 0.000000 0.980785
vn 0.000000 0.000000 1.000000
vn -0.195091 0.000000 0.980785
vn 0.000000 0.000000 1.000000
vn 0.000000 0.000000 1.000000
vn -0.195091 0.000000 0.980785
vn 0.980785 0.000000 -0.195090
vn 0.923880 0.000000 -0.382683
vn 0.923880 0.000000 -0.382683
vn 0.980785 0.000000 -0.195090
vn -0.382683 -0.000000 -0.923880
vn -0.555570 -0.000000 -0.831469
vn -0.555570 -0.000000 -0.831469
vn -0.382683 -0.000000 -0.923880
vn -0.831470 0.000000 0.555570
vn -0.707106 0.000000 0.707107
vn -0.707106 0.000000 0.707107
vn -0.831470 0.000000 0.555570
vn 0.831470 0.000000 0.555570
vn 0.923880 -0.000000 0.382683
vn 0.923880 -0.000000 0.382683
vn 0.831470 0.000000 0.555570
vn 0.382683 -0.000000 -0.923880
vn 0.195090 -0.000000 -0.980785
vn 0.195090 -0.000000 -0.980785
vn 0.382683 -0.000000 -0.923880
vn -0.980785 0.000000 -0.195090
vn -1.000000 -0.000000 0.000000
vn -1.000000 0.000000 -0.000000
vn -0.980785 0.000000 -0.195090
vn 0.195091 0.000000 0.980785
vn 0.382683 0.000000 0.923880
vn 0.382683 0.000000 0.923880
vn 0.195091 0.000000 0.980785
vn 0.923880 0.000000 -0.382683
vn 0.831469 -0.000000 -0.555570
vn 0.831469 -0.000000 -0.555570
vn 0.923880 0.000000 -0.382683
vn -0.555570 -0.000000 -0.831469
vn -0.707107 -0.000000 -0.707107
vn -0.707107 -0.000000 -0.707107
vn -0.555570 -0.000000 -0.831469
vn -0.707106 0.000000 0.707107
vn -0.555570 0.000000 0.831470
vn -0.555570 0.000000 0.831470
vn -0.707106 0.000000 0.707107
vn 0.923880 -0.000000 0.382683
vn 0.980785 -0.000000 0.195090
vn 0.980785 -0.000000 0.195090
vn 0.923880 -0.000000 0.382683
vn -0.326721 -0.945121 -0.000000
vn -0.320443 -0.945121 0.063740
vn -0.511300 -0.853363 0.101704
vn -0.521317 -0.853363 -0.000000
vn 0.271659 -0.945121 0.181516
vn 0.301851 -0.945121 0.125031
vn 0.481634 -0.853363 0.199499
vn 0.433459 -0.853363 0.289628
vn -0.320443 -0.945121 -0.063740
vn -0.326721 -0.945121 -0.000000
vn -0.521317 -0.853363 -0.000000
vn -0.511300 -0.853363 -0.101704
vn 0.231027 -0.945121 0.231027
vn 0.271659 -0.945121 0.181516
vn 0.433459 -0.853363 0.289628
vn 0.368627 -0.853363 0.368627
vn -0.301851 -0.945121 -0.125031
vn -0.320443 -0.945121 -0.063740
vn -0.511300 -0.853363 -0.101704
vn -0.481634 -0.853363 -0.199500
vn 0.181517 -0.945121 0.271658
vn 0.231027 -0.945121 0.231027
vn 0.368627 -0.853363 0.368627
vn 0.289629 -0.853363 0.433459
vn -0.271659 -0.945121 -0.181517
vn -0.301851 -0.945121 -0.125031
vn -0.481634 -0.853363 -0.199500
vn -0.433459 -0.853363 -0.289628
vn 0.125031 -0.945121 0.301851
vn 0.181517 -0.945121 0.271658
vn 0.289629 -0.853363 0.433459
vn 0.199500 -0.853363 0.481635
vn 0.063740 -0.945121 -0.320444
vn -0.000000 -0.945121 -0.326721
vn -0.000000 -0.853363 -0.521318
vn 0.101704 -0.853363 -0.511301
vn -0.231027 -0.945121 -0.231027
vn -0.271659 -0.945121 -0.181517
vn -0.433459 -0.853363 -0.289628
vn -0.368627 -0.853363 -0.368627
vn 0.063740 -0.945121 0.320444
vn 0.125031 -0.945121 0.301851
vn 0.199500 -0.853363 0.481635
vn 0.101704 -0.853363 0.511301
vn 0.125031 -0.945121 -0.301851
vn 0.063740 -0.945121 -0.320444
vn 0.101704 -0.853363 -0.511301
vn 0.199500 -0.853363 -0.481635
vn -0.181517 -0.945121 -0.271659
vn -0.231027 -0.945121 -0.231027
vn -0.368627 -0.853363 -0.368627
vn -0.289628 -0.853363 -0.433460
vn 0.000000 -0.945121 0.326721
vn 0.063740 -0.945121 0.320444
vn 0.101704 -0.853363 0.511301
vn 0.000000 -0.853363 0.521317
vn 0.181517 -0.945121 -0.271659
vn 0.125031 -0.945121 -0.301851
vn 0.199500 -0.853363 -0.481635
vn 0.289628 -0.853363 -0.433460
vn -0.125031 -0.945121 -0.301851
vn -0.181517 -0.945121 -0.271659
vn -0.289628 -0.853363 -0.433460
vn -0.199500 -0.853363 -0.481635
vn -0.063740 -0.945121 0.320444
vn 0.000000 -0.945121 0.326721
vn 0.000000 -0.853363 0.521317
vn -0.101704 -0.853363 0.511301
vn 0.231027 -0.945121 -0.231027
vn 0.181517 -0.945121 -0.271659
vn 0.289628 -0.853363 -0.433460
vn 0.368627 -0.853363 -0.368627
vn -0.063740 -0.945121 -0.320444
vn -0.125031 -0.945121 -0.301851
vn -0.199500 -0.853363 -0.481635
vn -0.101704 -0.853363 -0.511301
vn -0.125031 -0.945121 0.301851
vn -0.063740 -0.945121 0.320444
vn -0.101704 -0.853363 0.511301
vn -0.199500 -0.853363 0.481635
vn 0.271659 -0.945121 -0.181517
vn 0.231027 -0.945121 -0.231027
vn 0.368627 -0.853363 -0.368627
vn 0.433460 -0.853363 -0.289628
vn -0.000000 -0.945121 -0.326721
vn -0.063740 -0.945121 -0.320444
vn -0.101704 -0.853363 -0.511301
vn -0.000000 -0.853363 -0.521318
vn -0.181517 -0.945121 0.271659
vn -0.125031 -0.945121 0.301851
vn -0.199500 -0.853363 0.481635
vn -0.289629 -0.853363 0.433459
vn 0.301851 -0.945121 -0.125031
vn 0.271659 -0.945121 -0.181517
vn 0.433460 -0.853363 -0.289628
vn 0.481634 -0.853363 -0.199500
vn -0.231027 -0.945121 0.231027
vn -0.181517 -0.945121 0.271659
vn -0.289629 -0.853363 0.433459
vn -0.368627 -0.853363 0.368627
vn 0.320443 -0.945121 -0.063740
vn 0.301851 -0.945121 -0.125031
vn 0.481634 -0.853363 -0.199500
vn 0.511300 -0.853363 -0.101704
vn -0.271659 -0.945121 0.181516
vn -0.231027 -0.945121 0.231027
vn -0.368627 -0.853363 0.368627
vn -0.433459 -0.853363 0.289628
vn 0.326721 -0.945121 -0.000000
vn 0.320443 -0.945121 -0.063740
vn 0.511300 -0.853363 -0.101704
vn 0.521317 -0.853363 -0.000000
vn -0.301851 -0.945121 0.125031
vn -0.271659 -0.945121 0.181516
vn -0.433459 -0.853363 0.289628
vn -0.481635 -0.853363 0.199500
vn 0.320443 -0.945121 0.063740
vn 0.326721 -0.945121 -0.000000
vn 0.521317 -0.853363 -0.000000
vn 0.511300 -0.853363 0.101704
vn 0.301851 -0.945121 0.125031
vn 0.320443 -0.945121 0.063740
vn 0.511300 -0.853363 0.101704
vn 0.481634 -0.853363 0.199499
vn -0.320443 -0.945121 0.063740
vn -0.301851 -0.945121 0.125031
vn -0.481635 -0.853363 0.199500
vn -0.511300 -0.853363 0.101704
vn -0.005541 -0.999984 0.001102
vn -0.005220 -0.999984 0.002162
vn -0.301851 -0.945121 0.125031
vn -0.320443 -0.945121 0.063740
vn 0.005220 -0.999984 0.002162
vn 0.005541 -0.999984 0.001102
vn 0.320443 -0.945121 0.063740
vn 0.301851 -0.945121 0.125031
vn 0.005541 -0.999984 0.001102
vn 0.005650 -0.999984 -0.000000
vn 0.326721 -0.945121 -0.000000
vn 0.320443 -0.945121 0.063740
vn -0.005220 -0.999984 0.002162
vn -0.004698 -0.999984 0.003139
vn -0.271659 -0.945121 0.181516
vn -0.301851 -0.945121 0.125031
vn 0.005650 -0.999984 -0.000000
vn 0.005541 -0.999984 -0.001102
vn 0.320443 -0.945121 -0.063740
vn 0.326721 -0.945121 -0.000000
vn -0.004698 -0.999984 0.003139
vn -0.003995 -0.999984 0.003995
vn -0.231027 -0.945121 0.231027
vn -0.271659 -0.945121 0.181516
vn 0.005541 -0.999984 -0.001102
vn 0.005220 -0.999984 -0.002162
vn 0.301851 -0.945121 -0.125031
vn 0.320443 -0.945121 -0.063740
vn -0.003995 -0.999984 0.003995
vn -0.003139 -0.999984 0.004697
vn -0.181517 -0.945121 0.271659
vn -0.231027 -0.945121 0.231027
vn 0.005220 -0.999984 -0.002162
vn 0.004698 -0.999984 -0.003139
vn 0.271659 -0.945121 -0.181517
vn 0.301851 -0.945121 -0.125031
vn -0.003139 -0.999984 0.004697
vn -0.002162 -0.999984 0.005219
vn -0.125031 -0.945121 0.301851
vn -0.181517 -0.945121 0.271659
vn 0.000000 -0.999984 -0.005650
vn -0.001102 -0.999984 -0.005541
vn -0.063740 -0.945121 -0.320444
vn -0.000000 -0.945121 -0.326721
vn 0.004698 -0.999984 -0.003139
vn 0.003995 -0.999984 -0.003995
vn 0.231027 -0.945121 -0.231027
vn 0.271659 -0.945121 -0.181517
vn -0.002162 -0.999984 0.005219
vn -0.001102 -0.999984 0.005541
vn -0.063740 -0.945121 0.320444
vn -0.125031 -0.945121 0.301851
vn -0.001102 -0.999984 -0.005541
vn -0.002162 -0.999984 -0.005220
vn -0.125031 -0.945121 -0.301851
vn -0.063740 -0.945121 -0.320444
vn 0.003995 -0.999984 -0.003995
vn 0.003139 -0.999984 -0.004698
vn 0.181517 -0.945121 -0.271659
vn 0.231027 -0.945121 -0.231027
vn -0.001102 -0.999984 0.005541
vn -0.000000 -0.999984 0.005650
vn 0.000000 -0.945121 0.326721
vn -0.063740 -0.945121 0.320444
vn -0.002162 -0.999984 -0.005220
vn -0.003139 -0.999984 -0.004698
vn -0.181517 -0.945121 -0.271659
vn -0.125031 -0.945121 -0.301851
vn 0.003139 -0.999984 -0.004698
vn 0.002162 -0.999984 -0.005220
vn 0.125031 -0.945121 -0.301851
vn 0.181517 -0.945121 -0.271659
vn -0.000000 -0.999984 0.005650
vn 0.001102 -0.999984 0.005541
vn 0.063740 -0.945121 0.320444
vn 0.000000 -0.945121 0.326721
vn -0.003139 -0.999984 -0.004698
vn -0.003995 -0.999984 -0.003995
vn -0.231027 -0.945121 -0.231027
vn -0.181517 -0.945121 -0.271659
vn 0.002162 -0.999984 -0.005220
vn 0.001102 -0.999984 -0.005541
vn 0.063740 -0.945121 -0.320444
vn 0.125031 -0.945121 -0.301851
vn 0.001102 -0.999984 0.005541
vn 0.002162 -0.999984 0.005219
vn 0.125031 -0.945121 0.301851
vn 0.063740 -0.945121 0.320444
vn -0.003995 -0.999984 -0.003995
vn -0.004698 -0.999984 -0.003139
vn -0.271659 -0.945121 -0.181517
vn -0.231027 -0.945121 -0.231027
vn 0.001102 -0.999984 -0.005541
vn 0.000000 -0.999984 -0.005650
vn -0.000000 -0.945121 -0.326721
vn 0.063740 -0.945121 -0.320444
vn 0.002162 -0.999984 0.005219
vn 0.003139 -0.999984 0.004697
vn 0.181517 -0.945121 0.271658
vn 0.125031 -0.945121 0.301851
vn -0.004698 -0.999984 -0.003139
vn -0.005220 -0.999984 -0.002162
vn -0.301851 -0.945121 -0.125031
vn -0.271659 -0.945121 -0.181517
vn 0.003139 -0.999984 0.004697
vn 0.003995 -0.999984 0.003995
vn 0.231027 -0.945121 0.231027
vn 0.181517 -0.945121 0.271658
vn -0.005220 -0.999984 -0.002162
vn -0.005541 -0.999984 -0.001102
vn -0.320443 -0.945121 -0.063740
vn -0.301851 -0.945121 -0.125031
vn 0.003995 -0.999984 0.003995
vn 0.004698 -0.999984 0.003139
vn 0.271659 -0.945121 0.181516
vn 0.231027 -0.945121 0.231027
vn -0.005541 -0.999984 -0.001102
vn -0.005650 -0.999984 -0.000000
vn -0.326721 -0.945121 -0.000000
vn -0.320443 -0.945121 -0.063740
vn 0.004698 -0.999984 0.003139
vn 0.005220 -0.999984 0.002162
vn 0.301851 -0.945121 0.125031
vn 0.271659 -0.945121 0.181516
vn -0.005650 -0.999984 -0.000000
vn -0.005541 -0.999984 0.001102
vn -0.320443 -0.945121 0.063740
vn -0.326721 -0.945121 -0.000000
vn 0.726306 -0.687372 -0.000000
vn 0.712350 -0.687372 -0.141696
vn 0.333832 -0.940291 -0.066404
vn 0.340372 -0.940291 -0.000000
vn -0.603900 -0.687373 -0.403513
vn -0.671019 -0.687372 -0.277945
vn -0.314463 -0.940291 -0.130255
vn -0.283009 -0.940291 -0.189101
vn 0.712350 -0.687372 0.141695
vn 0.726306 -0.687372 -0.000000
vn 0.340372 -0.940291 -0.000000
vn 0.333832 -0.940291 0.066403
vn -0.513575 -0.687372 -0.513575
vn -0.603900 -0.687373 -0.403513
vn -0.283009 -0.940291 -0.189101
vn -0.240679 -0.940291 -0.240680
vn 0.671019 -0.687372 0.277945
vn 0.712350 -0.687372 0.141695
vn 0.333832 -0.940291 0.066403
vn 0.314463 -0.940291 0.130254
vn -0.403514 -0.687372 -0.603901
vn -0.513575 -0.687372 -0.513575
vn -0.240679 -0.940291 -0.240680
vn -0.189101 -0.940291 -0.283009
vn 0.603901 -0.687373 0.403513
vn 0.671019 -0.687372 0.277945
vn 0.314463 -0.940291 0.130254
vn 0.283009 -0.940291 0.189100
vn -0.277945 -0.687372 -0.671019
vn -0.403514 -0.687372 -0.603901
vn -0.189101 -0.940291 -0.283009
vn -0.130255 -0.940291 -0.314463
vn -0.141695 -0.687373 0.712349
vn 0.000000 -0.687373 0.726305
vn 0.000000 -0.940291 0.340372
vn -0.066403 -0.940291 0.333832
vn 0.513575 -0.687373 0.513575
vn 0.603901 -0.687373 0.403513
vn 0.283009 -0.940291 0.189100
vn 0.240679 -0.940291 0.240679
vn -0.141695 -0.687372 -0.712349
vn -0.277945 -0.687372 -0.671019
vn -0.130255 -0.940291 -0.314463
vn -0.066403 -0.940291 -0.333832
vn -0.277945 -0.687373 0.671018
vn -0.141695 -0.687373 0.712349
vn -0.066403 -0.940291 0.333832
vn -0.130255 -0.940291 0.314462
vn 0.403514 -0.687372 0.603900
vn 0.513575 -0.687373 0.513575
vn 0.240679 -0.940291 0.240679
vn 0.189101 -0.940291 0.283009
vn -0.000000 -0.687373 -0.726305
vn -0.141695 -0.687372 -0.712349
vn -0.066403 -0.940291 -0.333832
vn 0.000000 -0.940291 -0.340372
vn -0.403514 -0.687373 0.603900
vn -0.277945 -0.687373 0.671018
vn -0.130255 -0.940291 0.314462
vn -0.189101 -0.940291 0.283009
vn 0.277945 -0.687373 0.671018
vn 0.403514 -0.687372 0.603900
vn 0.189101 -0.940291 0.283009
vn 0.130255 -0.940291 0.314462
vn 0.141695 -0.687372 -0.712349
vn -0.000000 -0.687373 -0.726305
vn 0.000000 -0.940291 -0.340372
vn 0.066403 -0.940291 -0.333832
vn -0.513575 -0.687373 0.513575
vn -0.403514 -0.687373 0.603900
vn -0.189101 -0.940291 0.283009
vn -0.240679 -0.940291 0.240679
vn 0.141695 -0.687373 0.712349
vn 0.277945 -0.687373 0.671018
vn 0.130255 -0.940291 0.314462
vn 0.066403 -0.940291 0.333832
vn 0.277945 -0.687372 -0.671019
vn 0.141695 -0.687372 -0.712349
vn 0.066403 -0.940291 -0.333832
vn 0.130255 -0.940291 -0.314463
vn -0.603901 -0.687373 0.403513
vn -0.513575 -0.687373 0.513575
vn -0.240679 -0.940291 0.240679
vn -0.283009 -0.940291 0.189100
vn 0.000000 -0.687373 0.726305
vn 0.141695 -0.687373 0.712349
vn 0.066403 -0.940291 0.333832
vn 0.000000 -0.940291 0.340372
vn 0.403513 -0.687372 -0.603901
vn 0.277945 -0.687372 -0.671019
vn 0.130255 -0.940291 -0.314463
vn 0.189101 -0.940291 -0.283009
vn -0.671019 -0.687372 0.277945
vn -0.603901 -0.687373 0.403513
vn -0.283009 -0.940291 0.189100
vn -0.314463 -0.940291 0.130254
vn 0.513575 -0.687372 -0.513575
vn 0.403513 -0.687372 -0.603901
vn 0.189101 -0.940291 -0.283009
vn 0.240679 -0.940291 -0.240680
vn -0.712350 -0.687372 0.141695
vn -0.671019 -0.687372 0.277945
vn -0.314463 -0.940291 0.130254
vn -0.333832 -0.940291 0.066403
vn 0.603901 -0.687373 -0.403513
vn 0.513575 -0.687372 -0.513575
vn 0.240679 -0.940291 -0.240680
vn 0.283009 -0.940291 -0.189101
vn -0.726306 -0.687372 -0.000000
vn -0.712350 -0.687372 0.141695
vn -0.333832 -0.940291 0.066403
vn -0.340372 -0.940291 -0.000000
vn 0.671019 -0.687372 -0.277945
vn 0.603901 -0.687373 -0.403513
vn 0.283009 -0.940291 -0.189101
vn 0.314463 -0.940291 -0.130255
vn -0.712350 -0.687372 -0.141696
vn -0.726306 -0.687372 -0.000000
vn -0.340372 -0.940291 -0.000000
vn -0.333832 -0.940291 -0.066404
vn -0.671019 -0.687372 -0.277945
vn -0.712350 -0.687372 -0.141696
vn -0.333832 -0.940291 -0.066404
vn -0.314463 -0.940291 -0.130255
vn 0.712350 -0.687372 -0.141696
vn 0.671019 -0.687372 -0.277945
vn 0.314463 -0.940291 -0.130255
vn 0.333832 -0.940291 -0.066404
vn -0.980344 -0.197296 -0.000000
vn -0.961507 -0.197296 0.191256
vn -0.974689 -0.111323 0.193878
vn -0.993784 -0.111323 -0.000000
vn 0.815126 -0.197297 0.544650
vn 0.905720 -0.197297 0.375161
vn 0.918137 -0.111323 0.380305
vn 0.826302 -0.111323 0.552117
vn -0.961507 -0.197296 -0.191256
vn -0.980344 -0.197296 -0.000000
vn -0.993784 -0.111323 -0.000000
vn -0.974689 -0.111323 -0.193878
vn 0.693208 -0.197297 0.693208
vn 0.815126 -0.197297 0.544650
vn 0.826302 -0.111323 0.552117
vn 0.702712 -0.111323 0.702712
vn -0.905720 -0.197296 -0.375161
vn -0.961507 -0.197296 -0.191256
vn -0.974689 -0.111323 -0.193878
vn -0.918137 -0.111323 -0.380305
vn 0.544650 -0.197297 0.815126
vn 0.693208 -0.197297 0.693208
vn 0.702712 -0.111323 0.702712
vn 0.552117 -0.111323 0.826301
vn -0.815126 -0.197296 -0.544650
vn -0.905720 -0.197296 -0.375161
vn -0.918137 -0.111323 -0.380305
vn -0.826302 -0.111323 -0.552117
vn 0.375161 -0.197297 0.905720
vn 0.544650 -0.197297 0.815126
vn 0.552117 -0.111323 0.826301
vn 0.380305 -0.111323 0.918137
vn 0.191256 -0.197297 -0.961507
vn -0.000000 -0.197296 -0.980344
vn -0.000000 -0.111323 -0.993784
vn 0.193878 -0.111323 -0.974689
vn -0.693208 -0.197297 -0.693208
vn -0.815126 -0.197296 -0.544650
vn -0.826302 -0.111323 -0.552117
vn -0.702711 -0.111323 -0.702712
vn 0.191256 -0.197297 0.961507
vn 0.375161 -0.197297 0.905720
vn 0.380305 -0.111323 0.918137
vn 0.193878 -0.111323 0.974689
vn 0.375161 -0.197298 -0.905719
vn 0.191256 -0.197297 -0.961507
vn 0.193878 -0.111323 -0.974689
vn 0.380305 -0.111324 -0.918137
vn -0.544650 -0.197297 -0.815126
vn -0.693208 -0.197297 -0.693208
vn -0.702711 -0.111323 -0.702712
vn -0.552117 -0.111323 -0.826301
vn 0.000000 -0.197296 0.980344
vn 0.191256 -0.197297 0.961507
vn 0.193878 -0.111323 0.974689
vn 0.000000 -0.111323 0.993784
vn 0.544650 -0.197297 -0.815126
vn 0.375161 -0.197298 -0.905719
vn 0.380305 -0.111324 -0.918137
vn 0.552117 -0.111323 -0.826301
vn -0.375161 -0.197298 -0.905719
vn -0.544650 -0.197297 -0.815126
vn -0.552117 -0.111323 -0.826301
vn -0.380305 -0.111324 -0.918137
vn -0.191256 -0.197297 0.961507
vn 0.000000 -0.197296 0.980344
vn 0.000000 -0.111323 0.993784
vn -0.193878 -0.111323 0.974689
vn 0.693208 -0.197297 -0.693208
vn 0.544650 -0.197297 -0.815126
vn 0.552117 -0.111323 -0.826301
vn 0.702712 -0.111323 -0.702712
vn -0.191256 -0.197297 -0.961507
vn -0.375161 -0.197298 -0.905719
vn -0.380305 -0.111324 -0.918137
vn -0.193878 -0.111323 -0.974689
vn -0.375161 -0.197297 0.905720
vn -0.191256 -0.197297 0.961507
vn -0.193878 -0.111323 0.974689
vn -0.380305 -0.111323 0.918137
vn 0.815126 -0.197296 -0.544650
vn 0.693208 -0.197297 -0.693208
vn 0.702712 -0.111323 -0.702712
vn 0.826302 -0.111323 -0.552117
vn -0.000000 -0.197296 -0.980344
vn -0.191256 -0.197297 -0.961507
vn -0.193878 -0.111323 -0.974689
vn -0.000000 -0.111323 -0.993784
vn -0.544650 -0.197297 0.815126
vn -0.375161 -0.197297 0.905720
vn -0.380305 -0.111323 0.918137
vn -0.552117 -0.111323 0.826301
vn 0.905720 -0.197296 -0.375161
vn 0.815126 -0.197296 -0.544650
vn 0.826302 -0.111323 -0.552117
vn 0.918137 -0.111323 -0.380305
vn -0.693208 -0.197297 0.693208
vn -0.544650 -0.197297 0.815126
vn -0.552117 -0.111323 0.826301
vn -0.702711 -0.111323 0.702712
vn 0.961507 -0.197296 -0.191256
vn 0.905720 -0.197296 -0.375161
vn 0.918137 -0.111323 -0.380305
vn 0.974689 -0.111323 -0.193878
vn -0.815126 -0.197297 0.544650
vn -0.693208 -0.197297 0.693208
vn -0.702711 -0.111323 0.702712
vn -0.826301 -0.111323 0.552117
vn 0.980344 -0.197296 -0.000000
vn 0.961507 -0.197296 -0.191256
vn 0.974689 -0.111323 -0.193878
vn 0.993784 -0.111323 -0.000000
vn -0.905720 -0.197297 0.375161
vn -0.815126 -0.197297 0.544650
vn -0.826301 -0.111323 0.552117
vn -0.918137 -0.111323 0.380305
vn 0.961507 -0.197296 0.191256
vn 0.980344 -0.197296 -0.000000
vn 0.993784 -0.111323 -0.000000
vn 0.974689 -0.111323 0.193878
vn 0.905720 -0.197297 0.375161
vn 0.961507 -0.197296 0.191256
vn 0.974689 -0.111323 0.193878
vn 0.918137 -0.111323 0.380305
vn -0.961507 -0.197296 0.191256
vn -0.905720 -0.197297 0.375161
vn -0.918137 -0.111323 0.380305
vn -0.974689 -0.111323 0.193878
vn 0.340372 -0.940291 -0.000000
vn 0.333832 -0.940291 -0.066404
vn -0.005541 -0.999984 0.001102
vn -0.005650 -0.999984 -0.000000
vn -0.283009 -0.940291 -0.189101
vn -0.314463 -0.940291 -0.130255
vn 0.005220 -0.999984 0.002162
vn 0.004698 -0.999984 0.003139
vn 0.333832 -0.940291 0.066403
vn 0.340372 -0.940291 -0.000000
vn -0.005650 -0.999984 -0.000000
vn -0.005541 -0.999984 -0.001102
vn -0.240679 -0.940291 -0.240680
vn -0.283009 -0.940291 -0.189101
vn 0.004698 -0.999984 0.003139
vn 0.003995 -0.999984 0.003995
vn 0.314463 -0.940291 0.130254
vn 0.333832 -0.940291 0.066403
vn -0.005541 -0.999984 -0.001102
vn -0.005220 -0.999984 -0.002162
vn -0.189101 -0.940291 -0.283009
vn -0.240679 -0.940291 -0.240680
vn 0.003995 -0.999984 0.003995
vn 0.003139 -0.999984 0.004697
vn 0.283009 -0.940291 0.189100
vn 0.314463 -0.940291 0.130254
vn -0.005220 -0.999984 -0.002162
vn -0.004698 -0.999984 -0.003139
vn -0.130255 -0.940291 -0.314463
vn -0.189101 -0.940291 -0.283009
vn 0.003139 -0.999984 0.004697
vn 0.002162 -0.999984 0.005219
vn -0.066403 -0.940291 0.333832
vn 0.000000 -0.940291 0.340372
vn 0.000000 -0.999984 -0.005650
vn 0.001102 -0.999984 -0.005541
vn 0.240679 -0.940291 0.240679
vn 0.283009 -0.940291 0.189100
vn -0.004698 -0.999984 -0.003139
vn -0.003995 -0.999984 -0.003995
vn -0.066403 -0.940291 -0.333832
vn -0.130255 -0.940291 -0.314463
vn 0.002162 -0.999984 0.005219
vn 0.001102 -0.999984 0.005541
vn -0.130255 -0.940291 0.314462
vn -0.066403 -0.940291 0.333832
vn 0.001102 -0.999984 -0.005541
vn 0.002162 -0.999984 -0.005220
vn 0.189101 -0.940291 0.283009
vn 0.240679 -0.940291 0.240679
vn -0.003995 -0.999984 -0.003995
vn -0.003139 -0.999984 -0.004698
vn 0.000000 -0.940291 -0.340372
vn -0.066403 -0.940291 -0.333832
vn 0.001102 -0.999984 0.005541
vn -0.000000 -0.999984 0.005650
vn -0.189101 -0.940291 0.283009
vn -0.130255 -0.940291 0.314462
vn 0.002162 -0.999984 -0.005220
vn 0.003139 -0.999984 -0.004698
vn 0.130255 -0.940291 0.314462
vn 0.189101 -0.940291 0.283009
vn -0.003139 -0.999984 -0.004698
vn -0.002162 -0.999984 -0.005220
vn 0.066403 -0.940291 -0.333832
vn 0.000000 -0.940291 -0.340372
vn -0.000000 -0.999984 0.005650
vn -0.001102 -0.999984 0.005541
vn -0.240679 -0.940291 0.240679
vn -0.189101 -0.940291 0.283009
vn 0.003139 -0.999984 -0.004698
vn 0.003995 -0.999984 -0.003995
vn 0.066403 -0.940291 0.333832
vn 0.130255 -0.940291 0.314462
vn -0.002162 -0.999984 -0.005220
vn -0.001102 -0.999984 -0.005541
vn 0.130255 -0.940291 -0.314463
vn 0.066403 -0.940291 -0.333832
vn -0.001102 -0.999984 0.005541
vn -0.002162 -0.999984 0.005219
vn -0.283009 -0.940291 0.189100
vn -0.240679 -0.940291 0.240679
vn 0.003995 -0.999984 -0.003995
vn 0.004698 -0.999984 -0.003139
vn 0.000000 -0.940291 0.340372
vn 0.066403 -0.940291 0.333832
vn -0.001102 -0.999984 -0.005541
vn 0.000000 -0.999984 -0.005650
vn 0.189101 -0.940291 -0.283009
vn 0.130255 -0.940291 -0.314463
vn -0.002162 -0.999984 0.005219
vn -0.003139 -0.999984 0.004697
vn -0.314463 -0.940291 0.130254
vn -0.283009 -0.940291 0.189100
vn 0.004698 -0.999984 -0.003139
vn 0.005220 -0.999984 -0.002162
vn 0.240679 -0.940291 -0.240680
vn 0.189101 -0.940291 -0.283009
vn -0.003139 -0.999984 0.004697
vn -0.003995 -0.999984 0.003995
vn -0.333832 -0.940291 0.066403
vn -0.314463 -0.940291 0.130254
vn 0.005220 -0.999984 -0.002162
vn 0.005541 -0.999984 -0.001102
vn 0.283009 -0.940291 -0.189101
vn 0.240679 -0.940291 -0.240680
vn -0.003995 -0.999984 0.003995
vn -0.004698 -0.999984 0.003139
vn -0.340372 -0.940291 -0.000000
vn -0.333832 -0.940291 0.066403
vn 0.005541 -0.999984 -0.001102
vn 0.005650 -0.999984 -0.000000
vn 0.314463 -0.940291 -0.130255
vn 0.283009 -0.940291 -0.189101
vn -0.004698 -0.999984 0.003139
vn -0.005220 -0.999984 0.002162
vn -0.333832 -0.940291 -0.066404
vn -0.340372 -0.940291 -0.000000
vn 0.005650 -0.999984 -0.000000
vn 0.005541 -0.999984 0.001102
vn -0.314463 -0.940291 -0.130255
vn -0.333832 -0.940291 -0.066404
vn 0.005541 -0.999984 0.001102
vn 0.005220 -0.999984 0.002162
vn 0.333832 -0.940291 -0.066404
vn 0.314463 -0.940291 -0.130255
vn -0.005220 -0.999984 0.002162
vn -0.005541 -0.999984 0.001102
vn 0.555570 0.000000 -0.831470
vn 0.707107 -0.000000 -0.707107
vn 0.702712 -0.111323 -0.702712
vn 0.552117 -0.111323 -0.826301
vn -0.382684 -0.000000 -0.923879
vn -0.195090 0.000000 -0.980785
vn -0.193878 -0.111323 -0.974689
vn -0.380305 -0.111324 -0.918137
vn -0.195091 -0.000000 0.980785
vn -0.382683 -0.000000 0.923880
vn -0.380305 -0.111323 0.918137
vn -0.193878 -0.111323 0.974689
vn 0.702712 -0.111323 -0.702712
vn 0.707107 -0.000000 -0.707107
vn 0.831470 -0.000000 -0.555570
vn 0.826302 -0.111323 -0.552117
vn -0.193878 -0.111323 -0.974689
vn -0.195090 0.000000 -0.980785
vn 0.000000 0.000000 -1.000000
vn -0.000000 -0.111323 -0.993784
vn -0.380305 -0.111323 0.918137
vn -0.382683 -0.000000 0.923880
vn -0.555570 -0.000000 0.831470
vn -0.552117 -0.111323 0.826301
vn 0.826302 -0.111323 -0.552117
vn 0.831470 -0.000000 -0.555570
vn 0.923880 0.000000 -0.382683
vn 0.918137 -0.111323 -0.380305
vn -0.552117 -0.111323 0.826301
vn -0.555570 -0.000000 0.831470
vn -0.707107 0.000000 0.707107
vn -0.702711 -0.111323 0.702712
vn 0.918137 -0.111323 -0.380305
vn 0.923880 0.000000 -0.382683
vn 0.980785 0.000000 -0.195091
vn 0.974689 -0.111323 -0.193878
vn -0.702711 -0.111323 0.702712
vn -0.707107 0.000000 0.707107
vn -0.831470 -0.000000 0.555570
vn -0.826301 -0.111323 0.552117
vn 0.974689 -0.111323 -0.193878
vn 0.980785 0.000000 -0.195091
vn 1.000000 -0.000000 -0.000000
vn 0.993784 -0.111323 -0.000000
vn -0.826301 -0.111323 0.552117
vn -0.831470 -0.000000 0.555570
vn -0.923880 -0.000000 0.382683
vn -0.918137 -0.111323 0.380305
vn 0.993784 -0.111323 -0.000000
vn 1.000000 -0.000000 -0.000000
vn 0.980785 -0.000000 0.195091
vn 0.974689 -0.111323 0.193878
vn -0.918137 -0.111323 0.380305
vn -0.923880 -0.000000 0.382683
vn -0.980785 -0.000000 0.195091
vn -0.974689 -0.111323 0.193878
vn 0.974689 -0.111323 0.193878
vn 0.980785 -0.000000 0.195091
vn 0.923880 -0.000000 0.382683
vn 0.918137 -0.111323 0.380305
vn -0.974689 -0.111323 0.193878
vn -0.980785 -0.000000 0.195091
vn -1.000000 0.000000 -0.000000
vn -0.993784 -0.111323 -0.000000
vn 0.918137 -0.111323 0.380305
vn 0.923880 -0.000000 0.382683
vn 0.831470 0.000000 0.555570
vn 0.826302 -0.111323 0.552117
vn -0.993784 -0.111323 -0.000000
vn -1.000000 0.000000 -0.000000
vn -0.980785 0.000000 -0.195091
vn -0.974689 -0.111323 -0.193878
vn 0.826302 -0.111323 0.552117
vn 0.831470 0.000000 0.555570
vn 0.707107 -0.000000 0.707107
vn 0.702712 -0.111323 0.702712
vn -0.974689 -0.111323 -0.193878
vn -0.980785 0.000000 -0.195091
vn -0.923880 0.000000 -0.382683
vn -0.918137 -0.111323 -0.380305
vn 0.702712 -0.111323 0.702712
vn 0.707107 -0.000000 0.707107
vn 0.555570 -0.000000 0.831470
vn 0.552117 -0.111323 0.826301
vn -0.918137 -0.111323 -0.380305
vn -0.923880 0.000000 -0.382683
vn -0.831470 0.000000 -0.555570
vn -0.826302 -0.111323 -0.552117
vn 0.552117 -0.111323 0.826301
vn 0.555570 -0.000000 0.831470
vn 0.382683 0.000000 0.923880
vn 0.380305 -0.111323 0.918137
vn -0.000000 -0.111323 -0.993784
vn 0.000000 0.000000 -1.000000
vn 0.195090 0.000000 -0.980785
vn 0.193878 -0.111323 -0.974689
vn -0.826302 -0.111323 -0.552117
vn -0.831470 0.000000 -0.555570
vn -0.707107 0.000000 -0.707107
vn -0.702711 -0.111323 -0.702712
vn 0.380305 -0.111323 0.918137
vn 0.382683 0.000000 0.923880
vn 0.195091 -0.000000 0.980785
vn 0.193878 -0.111323 0.974689
vn 0.193878 -0.111323 -0.974689
vn 0.195090 0.000000 -0.980785
vn 0.382684 0.000000 -0.923879
vn 0.380305 -0.111324 -0.918137
vn -0.702711 -0.111323 -0.702712
vn -0.707107 0.000000 -0.707107
vn -0.555570 -0.000000 -0.831470
vn -0.552117 -0.111323 -0.826301
vn 0.193878 -0.111323 0.974689
vn 0.195091 -0.000000 0.980785
vn 0.000000 -0.000000 1.000000
vn 0.000000 -0.111323 0.993784
vn 0.380305 -0.111324 -0.918137
vn 0.382684 0.000000 -0.923879
vn 0.555570 0.000000 -0.831470
vn 0.552117 -0.111323 -0.826301
vn -0.552117 -0.111323 -0.826301
vn -0.555570 -0.000000 -0.831470
vn -0.382684 -0.000000 -0.923879
vn -0.380305 -0.111324 -0.918137
vn 0.000000 -0.111323 0.993784
vn 0.000000 -0.000000 1.000000
vn -0.195091 -0.000000 0.980785
vn -0.193878 -0.111323 0.974689
vn 0.608463 -0.784299 -0.121031
vn 0.573159 -0.784299 -0.237410
vn 0.671019 -0.687372 -0.277945
vn 0.712350 -0.687372 -0.141696
vn -0.573159 -0.784299 -0.237410
vn -0.608463 -0.784299 -0.121031
vn -0.712350 -0.687372 -0.141696
vn -0.671019 -0.687372 -0.277945
vn -0.608463 -0.784299 -0.121031
vn -0.620383 -0.784299 -0.000000
vn -0.726306 -0.687372 -0.000000
vn -0.712350 -0.687372 -0.141696
vn 0.573159 -0.784299 -0.237410
vn 0.515829 -0.784299 -0.344666
vn 0.603901 -0.687373 -0.403513
vn 0.671019 -0.687372 -0.277945
vn -0.620383 -0.784299 -0.000000
vn -0.608463 -0.784299 0.121031
vn -0.712350 -0.687372 0.141695
vn -0.726306 -0.687372 -0.000000
vn 0.515829 -0.784299 -0.344666
vn 0.438677 -0.784299 -0.438677
vn 0.513575 -0.687372 -0.513575
vn 0.603901 -0.687373 -0.403513
vn -0.608463 -0.784299 0.121031
vn -0.573159 -0.784299 0.237410
vn -0.671019 -0.687372 0.277945
vn -0.712350 -0.687372 0.141695
vn 0.438677 -0.784299 -0.438677
vn 0.344666 -0.784299 -0.515830
vn 0.403513 -0.687372 -0.603901
vn 0.513575 -0.687372 -0.513575
vn -0.573159 -0.784299 0.237410
vn -0.515830 -0.784299 0.344666
vn -0.603901 -0.687373 0.403513
vn -0.671019 -0.687372 0.277945
vn 0.344666 -0.784299 -0.515830
vn 0.237410 -0.784299 -0.573159
vn 0.277945 -0.687372 -0.671019
vn 0.403513 -0.687372 -0.603901
vn 0.000000 -0.784299 0.620383
vn 0.121031 -0.784300 0.608462
vn 0.141695 -0.687373 0.712349
vn 0.000000 -0.687373 0.726305
vn -0.515830 -0.784299 0.344666
vn -0.438677 -0.784299 0.438677
vn -0.513575 -0.687373 0.513575
vn -0.603901 -0.687373 0.403513
vn 0.237410 -0.784299 -0.573159
vn 0.121031 -0.784299 -0.608462
vn 0.141695 -0.687372 -0.712349
vn 0.277945 -0.687372 -0.671019
vn 0.121031 -0.784300 0.608462
vn 0.237410 -0.784299 0.573159
vn 0.277945 -0.687373 0.671018
vn 0.141695 -0.687373 0.712349
vn -0.438677 -0.784299 0.438677
vn -0.344667 -0.784299 0.515830
vn -0.403514 -0.687373 0.603900
vn -0.513575 -0.687373 0.513575
vn 0.121031 -0.784299 -0.608462
vn -0.000000 -0.784299 -0.620383
vn -0.000000 -0.687373 -0.726305
vn 0.141695 -0.687372 -0.712349
vn 0.237410 -0.784299 0.573159
vn 0.344666 -0.784299 0.515830
vn 0.403514 -0.687372 0.603900
vn 0.277945 -0.687373 0.671018
vn -0.344667 -0.784299 0.515830
vn -0.237410 -0.784299 0.573159
vn -0.277945 -0.687373 0.671018
vn -0.403514 -0.687373 0.603900
vn -0.000000 -0.784299 -0.620383
vn -0.121031 -0.784299 -0.608462
vn -0.141695 -0.687372 -0.712349
vn -0.000000 -0.687373 -0.726305
vn 0.344666 -0.784299 0.515830
vn 0.438677 -0.784299 0.438677
vn 0.513575 -0.687373 0.513575
vn 0.403514 -0.687372 0.603900
vn -0.237410 -0.784299 0.573159
vn -0.121031 -0.784300 0.608462
vn -0.141695 -0.687373 0.712349
vn -0.277945 -0.687373 0.671018
vn -0.121031 -0.784299 -0.608462
vn -0.237410 -0.784299 -0.573159
vn -0.277945 -0.687372 -0.671019
vn -0.141695 -0.687372 -0.712349
vn 0.438677 -0.784299 0.438677
vn 0.515830 -0.784299 0.344666
vn 0.603901 -0.687373 0.403513
vn 0.513575 -0.687373 0.513575
vn -0.121031 -0.784300 0.608462
vn 0.000000 -0.784299 0.620383
vn 0.000000 -0.687373 0.726305
vn -0.141695 -0.687373 0.712349
vn -0.237410 -0.784299 -0.573159
vn -0.344666 -0.784299 -0.515830
vn -0.403514 -0.687372 -0.603901
vn -0.277945 -0.687372 -0.671019
vn 0.515830 -0.784299 0.344666
vn 0.573159 -0.784299 0.237410
vn 0.671019 -0.687372 0.277945
vn 0.603901 -0.687373 0.403513
vn -0.344666 -0.784299 -0.515830
vn -0.438677 -0.784299 -0.438677
vn -0.513575 -0.687372 -0.513575
vn -0.403514 -0.687372 -0.603901
vn 0.573159 -0.784299 0.237410
vn 0.608463 -0.784299 0.121031
vn 0.712350 -0.687372 0.141695
vn 0.671019 -0.687372 0.277945
vn -0.438677 -0.784299 -0.438677
vn -0.515829 -0.784299 -0.344666
vn -0.603900 -0.687373 -0.403513
vn -0.513575 -0.687372 -0.513575
vn 0.608463 -0.784299 0.121031
vn 0.620383 -0.784299 -0.000000
vn 0.726306 -0.687372 -0.000000
vn 0.712350 -0.687372 0.141695
vn -0.515829 -0.784299 -0.344666
vn -0.573159 -0.784299 -0.237410
vn -0.671019 -0.687372 -0.277945
vn -0.603900 -0.687373 -0.403513
vn 0.620383 -0.784299 -0.000000
vn 0.608463 -0.784299 -0.121031
vn 0.712350 -0.687372 -0.141696
vn 0.726306 -0.687372 -0.000000
vn -0.163582 -0.955670 0.244818
vn -0.112677 -0.955670 0.272027
vn -0.237410 -0.784299 0.573159
vn -0.344667 -0.784299 0.515830
vn 0.244818 -0.955670 -0.163582
vn 0.208201 -0.955670 -0.208201
vn 0.438677 -0.784299 -0.438677
vn 0.515829 -0.784299 -0.344666
vn -0.208201 -0.955670 0.208201
vn -0.163582 -0.955670 0.244818
vn -0.344667 -0.784299 0.515830
vn -0.438677 -0.784299 0.438677
vn 0.272028 -0.955670 -0.112678
vn 0.244818 -0.955670 -0.163582
vn 0.515829 -0.784299 -0.344666
vn 0.573159 -0.784299 -0.237410
vn -0.163582 -0.955670 -0.244819
vn -0.208201 -0.955670 -0.208201
vn -0.438677 -0.784299 -0.438677
vn -0.344666 -0.784299 -0.515830
vn 0.057443 -0.955670 0.288782
vn 0.112677 -0.955670 0.272027
vn 0.237410 -0.784299 0.573159
vn 0.121031 -0.784300 0.608462
vn -0.112677 -0.955670 -0.272028
vn -0.163582 -0.955670 -0.244819
vn -0.344666 -0.784299 -0.515830
vn -0.237410 -0.784299 -0.573159
vn 0.000000 -0.955670 0.294440
vn 0.057443 -0.955670 0.288782
vn 0.121031 -0.784300 0.608462
vn 0.000000 -0.784299 0.620383
vn -0.244819 -0.955670 0.163582
vn -0.208201 -0.955670 0.208201
vn -0.438677 -0.784299 0.438677
vn -0.515830 -0.784299 0.344666
vn 0.288783 -0.955670 -0.057443
vn 0.272028 -0.955670 -0.112678
vn 0.573159 -0.784299 -0.237410
vn 0.608463 -0.784299 -0.121031
vn -0.272028 -0.955670 0.112677
vn -0.244819 -0.955670 0.163582
vn -0.515830 -0.784299 0.344666
vn -0.573159 -0.784299 0.237410
vn 0.294440 -0.955670 -0.000000
vn 0.288783 -0.955670 -0.057443
vn 0.608463 -0.784299 -0.121031
vn 0.620383 -0.784299 -0.000000
vn -0.057442 -0.955670 -0.288783
vn -0.112677 -0.955670 -0.272028
vn -0.237410 -0.784299 -0.573159
vn -0.121031 -0.784299 -0.608462
vn -0.000000 -0.955670 -0.294440
vn -0.057442 -0.955670 -0.288783
vn -0.121031 -0.784299 -0.608462
vn -0.000000 -0.784299 -0.620383
vn -0.288783 -0.955670 0.057442
vn -0.272028 -0.955670 0.112677
vn -0.573159 -0.784299 0.237410
vn -0.608463 -0.784299 0.121031
vn 0.288783 -0.955670 0.057442
vn 0.294440 -0.955670 -0.000000
vn 0.620383 -0.784299 -0.000000
vn 0.608463 -0.784299 0.121031
vn -0.294440 -0.955670 -0.000000
vn -0.288783 -0.955670 0.057442
vn -0.608463 -0.784299 0.121031
vn -0.620383 -0.784299 -0.000000
vn 0.272028 -0.955670 0.112677
vn 0.288783 -0.955670 0.057442
vn 0.608463 -0.784299 0.121031
vn 0.573159 -0.784299 0.237410
vn 0.057442 -0.955670 -0.288783
vn -0.000000 -0.955670 -0.294440
vn -0.000000 -0.784299 -0.620383
vn 0.121031 -0.784299 -0.608462
vn 0.112677 -0.955670 -0.272028
vn 0.057442 -0.955670 -0.288783
vn 0.121031 -0.784299 -0.608462
vn 0.237410 -0.784299 -0.573159
vn -0.288783 -0.955670 -0.057443
vn -0.294440 -0.955670 -0.000000
vn -0.620383 -0.784299 -0.000000
vn -0.608463 -0.784299 -0.121031
vn 0.244819 -0.955670 0.163582
vn 0.272028 -0.955670 0.112677
vn 0.573159 -0.784299 0.237410
vn 0.515830 -0.784299 0.344666
vn -0.272028 -0.955670 -0.112678
vn -0.288783 -0.955670 -0.057443
vn -0.608463 -0.784299 -0.121031
vn -0.573159 -0.784299 -0.237410
vn 0.208201 -0.955670 0.208201
vn 0.244819 -0.955670 0.163582
vn 0.515830 -0.784299 0.344666
vn 0.438677 -0.784299 0.438677
vn -0.057443 -0.955670 0.288782
vn 0.000000 -0.955670 0.294440
vn 0.000000 -0.784299 0.620383
vn -0.121031 -0.784300 0.608462
vn 0.163582 -0.955670 -0.244819
vn 0.112677 -0.955670 -0.272028
vn 0.237410 -0.784299 -0.573159
vn 0.344666 -0.784299 -0.515830
vn -0.112677 -0.955670 0.272027
vn -0.057443 -0.955670 0.288782
vn -0.121031 -0.784300 0.608462
vn -0.237410 -0.784299 0.573159
vn 0.208201 -0.955670 -0.208201
vn 0.163582 -0.955670 -0.244819
vn 0.344666 -0.784299 -0.515830
vn 0.438677 -0.784299 -0.438677
vn -0.244818 -0.955670 -0.163582
vn -0.272028 -0.955670 -0.112678
vn -0.573159 -0.784299 -0.237410
vn -0.515829 -0.784299 -0.344666
vn 0.163582 -0.955670 0.244818
vn 0.208201 -0.955670 0.208201
vn 0.438677 -0.784299 0.438677
vn 0.344666 -0.784299 0.515830
vn -0.208201 -0.955670 -0.208201
vn -0.244818 -0.955670 -0.163582
vn -0.515829 -0.784299 -0.344666
vn -0.438677 -0.784299 -0.438677
vn 0.112677 -0.955670 0.272027
vn 0.163582 -0.955670 0.244818
vn 0.344666 -0.784299 0.515830
vn 0.237410 -0.784299 0.573159
vn -0.849230 0.500274 0.168922
vn -0.865867 0.500274 0.000000
vn -1.000000 -0.000000 -0.000000
vn -0.980785 -0.000000 0.195090
vn -0.000000 0.500274 -0.865867
vn 0.168922 0.500274 -0.849230
vn 0.195090 0.000000 -0.980785
vn 0.000000 -0.000000 -1.000000
vn 0.849230 0.500274 0.168922
vn 0.799957 0.500274 0.331353
vn 0.923880 -0.000000 0.382683
vn 0.980785 -0.000000 0.195090
vn -0.481050 0.500274 0.719943
vn -0.612261 0.500274 0.612260
vn -0.707107 0.000000 0.707107
vn -0.555570 -0.000000 0.831470
vn -0.612261 0.500274 -0.612260
vn -0.481050 0.500274 -0.719942
vn -0.555570 0.000000 -0.831470
vn -0.707107 0.000000 -0.707107
vn 0.719942 0.500274 -0.481050
vn 0.799957 0.500274 -0.331353
vn 0.923880 0.000000 -0.382684
vn 0.831470 0.000000 -0.555570
vn 0.168923 0.500274 0.849230
vn 0.000000 0.500274 0.865867
vn 0.000000 -0.000000 1.000000
vn 0.195091 -0.000000 0.980785
vn -0.000000 0.976648 -0.214844
vn 0.041914 0.976648 -0.210716
vn 0.001707 0.999962 -0.008583
vn -0.000000 0.999962 -0.008751
vn -0.000000 0.976648 0.214845
vn -0.041914 0.976648 0.210717
vn -0.001707 0.999962 0.008583
vn -0.000000 0.999962 0.008751
vn -0.210716 0.976648 -0.041914
vn -0.198490 0.976648 -0.082217
vn -0.008085 0.999962 -0.003349
vn -0.008583 0.999962 -0.001707
vn 0.119361 0.976648 -0.178636
vn 0.151918 0.976648 -0.151918
vn 0.006188 0.999962 -0.006188
vn 0.004862 0.999962 -0.007276
vn 0.151918 0.976648 0.151918
vn 0.119361 0.976648 0.178637
vn 0.004862 0.999962 0.007276
vn 0.006188 0.999962 0.006188
vn -0.178637 0.976648 0.119362
vn -0.198491 0.976648 0.082218
vn -0.008085 0.999962 0.003349
vn -0.007276 0.999962 0.004862
vn -0.041914 0.976648 -0.210716
vn -0.000000 0.976648 -0.214844
vn -0.000000 0.999962 -0.008751
vn -0.001707 0.999962 -0.008583
vn -0.082217 0.976648 -0.198490
vn -0.041914 0.976648 -0.210716
vn -0.001707 0.999962 -0.008583
vn -0.003349 0.999962 -0.008084
vn -0.119361 0.976648 0.178637
vn -0.151918 0.976648 0.151918
vn -0.006188 0.999962 0.006188
vn -0.004862 0.999962 0.007276
vn -0.151918 0.976648 -0.151918
vn -0.119361 0.976649 -0.178636
vn -0.004862 0.999962 -0.007276
vn -0.006188 0.999962 -0.006188
vn 0.198490 0.976648 -0.082217
vn 0.210716 0.976648 -0.041914
vn 0.008583 0.999962 -0.001707
vn 0.008085 0.999962 -0.003349
vn 0.041914 0.976648 0.210717
vn -0.000000 0.976648 0.214845
vn -0.000000 0.999962 0.008751
vn 0.001707 0.999962 0.008583
vn -0.214844 0.976648 0.000000
vn -0.210716 0.976648 -0.041914
vn -0.008583 0.999962 -0.001707
vn -0.008751 0.999962 0.000000
vn 0.082217 0.976648 -0.198490
vn 0.119361 0.976648 -0.178636
vn 0.004862 0.999962 -0.007276
vn 0.003349 0.999962 -0.008084
vn 0.178637 0.976648 0.119362
vn 0.151918 0.976648 0.151918
vn 0.006188 0.999962 0.006188
vn 0.007276 0.999962 0.004862
vn -0.151918 0.976648 0.151918
vn -0.178637 0.976648 0.119362
vn -0.007276 0.999962 0.004862
vn -0.006188 0.999962 0.006188
vn -0.119361 0.976649 -0.178636
vn -0.082217 0.976648 -0.198490
vn -0.003349 0.999962 -0.008084
vn -0.004862 0.999962 -0.007276
vn -0.198490 -0.976648 0.082217
vn -0.008085 -0.999962 0.003349
vn -0.008583 -0.999962 0.001707
vn -0.210716 -0.976648 0.041914
vn 0.214844 0.976648 0.000000
vn 0.210717 0.976648 0.041914
vn 0.008583 0.999962 0.001707
vn 0.008751 0.999962 0.000000
vn -0.041914 0.976648 0.210717
vn -0.082218 0.976648 0.198491
vn -0.003349 0.999962 0.008085
vn -0.001707 0.999962 0.008583
vn -0.198490 0.976648 -0.082217
vn -0.178637 0.976648 -0.119361
vn -0.007277 0.999962 -0.004862
vn -0.008085 0.999962 -0.003349
vn 0.151918 0.976648 -0.151918
vn 0.178637 0.976648 -0.119361
vn 0.007276 0.999962 -0.004862
vn 0.006188 0.999962 -0.006188
vn 0.119361 0.976648 0.178637
vn 0.082218 0.976648 0.198491
vn 0.003349 0.999962 0.008085
vn 0.004862 0.999962 0.007276
vn -0.198491 0.976648 0.082218
vn -0.210717 0.976648 0.041914
vn -0.008583 0.999962 0.001707
vn -0.008085 0.999962 0.003349
vn 0.198491 0.976648 0.082218
vn 0.178637 0.976648 0.119362
vn 0.007276 0.999962 0.004862
vn 0.008085 0.999962 0.003349
vn 0.331353 0.500274 0.799957
vn 0.168923 0.500274 0.849230
vn 0.195091 -0.000000 0.980785
vn 0.382683 -0.000000 0.923880
vn 0.799957 0.500274 -0.331353
vn 0.849230 0.500274 -0.168922
vn 0.980785 0.000000 -0.195090
vn 0.923880 0.000000 -0.382684
vn -0.481050 0.500274 -0.719942
vn -0.331353 0.500274 -0.799957
vn -0.382683 0.000000 -0.923880
vn -0.555570 0.000000 -0.831470
vn -0.612261 0.500274 0.612260
vn -0.719942 0.500274 0.481050
vn -0.831470 -0.000000 0.555570
vn -0.707107 0.000000 0.707107
vn 0.799957 0.500274 0.331353
vn 0.719942 0.500274 0.481050
vn 0.831470 -0.000000 0.555570
vn 0.923880 -0.000000 0.382683
vn 0.168922 0.500274 -0.849230
vn 0.331353 0.500274 -0.799957
vn 0.382683 0.000000 -0.923880
vn 0.195090 0.000000 -0.980785
vn -0.865867 0.500274 0.000000
vn -0.849230 0.500274 -0.168922
vn -0.980785 0.000000 -0.195090
vn -1.000000 -0.000000 -0.000000
vn 0.481050 0.500274 0.719943
vn 0.331353 0.500274 0.799957
vn 0.382683 -0.000000 0.923880
vn 0.555570 -0.000000 0.831470
vn 0.612261 0.500274 -0.612260
vn 0.719942 0.500274 -0.481050
vn 0.831470 0.000000 -0.555570
vn 0.707107 0.000000 -0.707107
vn -0.719942 0.500274 -0.481050
vn -0.612261 0.500274 -0.612260
vn -0.707107 0.000000 -0.707107
vn -0.831470 0.000000 -0.555570
vn -0.331353 0.500274 0.799957
vn -0.481050 0.500274 0.719943
vn -0.555570 -0.000000 0.831470
vn -0.382683 -0.000000 0.923880
vn 0.865867 0.500274 0.000000
vn 0.849230 0.500274 0.168922
vn 0.980785 -0.000000 0.195090
vn 1.000000 -0.000000 -0.000000
vn -0.168922 0.500274 -0.849230
vn -0.000000 0.500274 -0.865867
vn 0.000000 -0.000000 -1.000000
vn -0.195090 0.000000 -0.980785
vn -0.799957 0.500274 0.331353
vn -0.849230 0.500274 0.168922
vn -0.980785 -0.000000 0.195090
vn -0.923880 -0.000000 0.382683
vn 0.612261 0.500274 0.612260
vn 0.481050 0.500274 0.719943
vn 0.555570 -0.000000 0.831470
vn 0.707107 0.000000 0.707107
vn 0.481050 0.500274 -0.719942
vn 0.612261 0.500274 -0.612260
vn 0.707107 0.000000 -0.707107
vn 0.555570 0.000000 -0.831470
vn -0.799957 0.500274 -0.331353
vn -0.719942 0.500274 -0.481050
vn -0.831470 0.000000 -0.555570
vn -0.923880 0.000000 -0.382684
vn -0.168923 0.500274 0.849229
vn -0.331353 0.500274 0.799957
vn -0.382683 -0.000000 0.923880
vn -0.195091 -0.000000 0.980785
vn 0.849230 0.500274 -0.168922
vn 0.865867 0.500274 0.000000
vn 1.000000 -0.000000 -0.000000
vn 0.980785 0.000000 -0.195090
vn -0.331353 0.500274 -0.799957
vn -0.168922 0.500274 -0.849230
vn -0.195090 0.000000 -0.980785
vn -0.382683 0.000000 -0.923880
vn -0.719942 0.500274 0.481050
vn -0.799957 0.500274 0.331353
vn -0.923880 -0.000000 0.382683
vn -0.831470 -0.000000 0.555570
vn 0.719942 0.500274 0.481050
vn 0.612261 0.500274 0.612260
vn 0.707107 0.000000 0.707107
vn 0.831470 -0.000000 0.555570
vn 0.331353 0.500274 -0.799957
vn 0.481050 0.500274 -0.719942
vn 0.555570 0.000000 -0.831470
vn 0.382683 0.000000 -0.923880
vn -0.849230 0.500274 -0.168922
vn -0.799957 0.500274 -0.331353
vn -0.923880 0.000000 -0.382684
vn -0.980785 0.000000 -0.195090
vn 0.000000 0.500274 0.865867
vn -0.168923 0.500274 0.849229
vn -0.195091 -0.000000 0.980785
vn 0.000000 -0.000000 1.000000
vn 0.041914 0.976648 -0.210716
vn 0.082217 0.976648 -0.198490
vn 0.003349 0.999962 -0.008084
vn 0.001707 0.999962 -0.008583
vn -0.210717 0.976648 0.041914
vn -0.214844 0.976648 0.000000
vn -0.008751 0.999962 0.000000
vn -0.008583 0.999962 0.001707
vn 0.082218 0.976648 0.198491
vn 0.041914 0.976648 0.210717
vn 0.001707 0.999962 0.008583
vn 0.003349 0.999962 0.008085
vn 0.178637 0.976648 -0.119361
vn 0.198490 0.976648 -0.082217
vn 0.008085 0.999962 -0.003349
vn 0.007276 0.999962 -0.004862
vn -0.178637 0.976648 -0.119361
vn -0.151918 0.976648 -0.151918
vn -0.006188 0.999962 -0.006188
vn -0.007277 0.999962 -0.004862
vn -0.082218 0.976648 0.198491
vn -0.119361 0.976648 0.178637
vn -0.004862 0.999962 0.007276
vn -0.003349 0.999962 0.008085
vn 0.210717 0.976648 0.041914
vn 0.198491 0.976648 0.082218
vn 0.008085 0.999962 0.003349
vn 0.008583 0.999962 0.001707
vn -0.113614 0.993525 0.000000
vn -0.111431 0.993525 -0.022165
vn 0.210717 0.976648 0.041914
vn 0.214844 0.976648 0.000000
vn 0.022165 0.993525 -0.111431
vn 0.043478 0.993525 -0.104965
vn -0.082218 0.976648 0.198491
vn -0.041914 0.976648 0.210717
vn 0.104966 0.993525 0.043478
vn 0.094466 0.993525 0.063121
vn -0.178637 0.976648 -0.119361
vn -0.198490 0.976648 -0.082217
vn -0.080337 0.993525 0.080337
vn -0.094466 0.993525 0.063121
vn 0.178637 0.976648 -0.119361
vn 0.151918 0.976648 -0.151918
vn -0.063120 0.993525 -0.094466
vn -0.043478 0.993525 -0.104965
vn 0.082218 0.976648 0.198491
vn 0.119361 0.976648 0.178637
vn 0.104965 0.993525 -0.043478
vn 0.111431 0.993525 -0.022165
vn -0.210717 0.976648 0.041914
vn -0.198491 0.976648 0.082218
vn -0.000000 0.993525 0.113614
vn -0.022165 0.993525 0.111431
vn 0.041914 0.976648 -0.210716
vn -0.000000 0.976648 -0.214844
vn 0.022165 0.993525 0.111431
vn -0.000000 0.993525 0.113614
vn -0.000000 0.976648 -0.214844
vn -0.041914 0.976648 -0.210716
vn -0.111431 0.993525 -0.022165
vn -0.104965 0.993525 -0.043478
vn 0.198491 0.976648 0.082218
vn 0.210717 0.976648 0.041914
vn 0.043478 0.993525 -0.104965
vn 0.063120 0.993525 -0.094466
vn -0.119361 0.976648 0.178637
vn -0.082218 0.976648 0.198491
vn 0.094466 0.993525 0.063121
vn 0.080337 0.993525 0.080337
vn -0.151918 0.976648 -0.151918
vn -0.178637 0.976648 -0.119361
vn -0.094466 0.993525 0.063121
vn -0.104966 0.993525 0.043478
vn 0.198490 0.976648 -0.082217
vn 0.178637 0.976648 -0.119361
vn -0.043478 0.993525 -0.104965
vn -0.022165 0.993525 -0.111431
vn 0.041914 0.976648 0.210717
vn 0.082218 0.976648 0.198491
vn 0.111431 0.993525 -0.022165
vn 0.113614 0.993525 0.000000
vn -0.214844 0.976648 0.000000
vn -0.210717 0.976648 0.041914
vn -0.022165 0.993525 0.111431
vn -0.043478 0.993525 0.104966
vn 0.082217 0.976648 -0.198490
vn 0.041914 0.976648 -0.210716
vn -0.104965 0.993525 -0.043478
vn -0.094466 0.993525 -0.063120
vn 0.178637 0.976648 0.119362
vn 0.198491 0.976648 0.082218
vn 0.063120 0.993525 -0.094466
vn 0.080337 0.993525 -0.080337
vn -0.151918 0.976648 0.151918
vn -0.119361 0.976648 0.178637
vn 0.080337 0.993525 0.080337
vn 0.063121 0.993525 0.094467
vn -0.119361 0.976649 -0.178636
vn -0.151918 0.976648 -0.151918
vn -0.104966 0.993525 0.043478
vn -0.111431 0.993525 0.022165
vn 0.210716 0.976648 -0.041914
vn 0.198490 0.976648 -0.082217
vn -0.022165 0.993525 -0.111431
vn 0.000000 0.993525 -0.113614
vn -0.000000 0.976648 0.214845
vn 0.041914 0.976648 0.210717
vn 0.113614 0.993525 0.000000
vn 0.111431 0.993525 0.022165
vn -0.210716 0.976648 -0.041914
vn -0.214844 0.976648 0.000000
vn -0.043478 0.993525 0.104966
vn -0.063121 0.993525 0.094467
vn 0.119361 0.976648 -0.178636
vn 0.082217 0.976648 -0.198490
vn -0.094466 0.993525 -0.063120
vn -0.080337 0.993525 -0.080337
vn 0.151918 0.976648 0.151918
vn 0.178637 0.976648 0.119362
vn 0.080337 0.993525 -0.080337
vn 0.094466 0.993525 -0.063120
vn -0.178637 0.976648 0.119362
vn -0.151918 0.976648 0.151918
vn 0.063121 0.993525 0.094467
vn 0.043478 0.993525 0.104966
vn -0.082217 0.976648 -0.198490
vn -0.119361 0.976649 -0.178636
vn -0.111431 0.993525 0.022165
vn -0.113614 0.993525 0.000000
vn 0.214844 0.976648 0.000000
vn 0.210716 0.976648 -0.041914
vn 0.000000 0.993525 -0.113614
vn 0.022165 0.993525 -0.111431
vn -0.041914 0.976648 0.210717
vn -0.000000 0.976648 0.214845
vn 0.111431 0.993525 0.022165
vn 0.104966 0.993525 0.043478
vn -0.198490 0.976648 -0.082217
vn -0.210716 0.976648 -0.041914
vn -0.063121 0.993525 0.094467
vn -0.080337 0.993525 0.080337
vn 0.151918 0.976648 -0.151918
vn 0.119361 0.976648 -0.178636
vn -0.080337 0.993525 -0.080337
vn -0.063120 0.993525 -0.094466
vn 0.119361 0.976648 0.178637
vn 0.151918 0.976648 0.151918
vn 0.094466 0.993525 -0.063120
vn 0.104965 0.993525 -0.043478
vn -0.198491 0.976648 0.082218
vn -0.178637 0.976648 0.119362
vn 0.043478 0.993525 0.104966
vn 0.022165 0.993525 0.111431
vn -0.041914 0.976648 -0.210716
vn -0.082217 0.976648 -0.198490
vn 0.918137 0.111323 0.380305
vn 0.923880 -0.000000 0.382683
vn 0.980785 -0.000000 0.195091
vn 0.974689 0.111323 0.193878
vn 0.974689 0.111323 0.193878
vn 0.980785 -0.000000 0.195091
vn 1.000000 -0.000000 -0.000000
vn 0.993784 0.111323 -0.000000
vn -0.515830 0.784299 -0.344666
vn -0.603901 0.687373 -0.403513
vn -0.671019 0.687372 -0.277945
vn -0.573159 0.784299 -0.237410
vn 0.438677 0.784299 0.438677
vn 0.513575 0.687373 0.513575
vn 0.603901 0.687373 0.403513
vn 0.515830 0.784299 0.344666
vn 0.121031 0.784299 -0.608462
vn 0.141695 0.687373 -0.712349
vn -0.000000 0.687373 -0.726305
vn -0.000000 0.784299 -0.620383
vn 0.121031 0.784300 0.608462
vn 0.141695 0.687373 0.712349
vn 0.277945 0.687373 0.671018
vn 0.237410 0.784299 0.573159
vn 0.608463 0.784299 0.121031
vn 0.712350 0.687372 0.141696
vn 0.726305 0.687372 -0.000000
vn 0.620383 0.784299 -0.000000
vn -0.121031 0.784299 -0.608462
vn -0.141695 0.687373 -0.712349
vn -0.277945 0.687373 -0.671018
vn -0.237410 0.784299 -0.573159
vn -0.515830 0.784299 0.344666
vn -0.603901 0.687373 0.403513
vn -0.513575 0.687373 0.513575
vn -0.438677 0.784299 0.438677
vn 0.344666 0.784299 -0.515830
vn 0.403514 0.687373 -0.603901
vn 0.277945 0.687372 -0.671018
vn 0.237410 0.784299 -0.573159
vn 0.608463 0.784299 -0.121031
vn 0.712350 0.687372 -0.141696
vn 0.671019 0.687372 -0.277945
vn 0.573159 0.784299 -0.237410
vn -0.608463 0.784299 0.121031
vn -0.712350 0.687372 0.141696
vn -0.671019 0.687372 0.277945
vn -0.573160 0.784299 0.237410
vn -0.620383 0.784299 -0.000000
vn -0.726305 0.687372 -0.000000
vn -0.712350 0.687372 0.141696
vn -0.608463 0.784299 0.121031
vn -0.608463 0.784299 -0.121031
vn -0.712350 0.687372 -0.141696
vn -0.726305 0.687372 -0.000000
vn -0.620383 0.784299 -0.000000
vn 0.515830 0.784299 0.344666
vn 0.603901 0.687373 0.403513
vn 0.671019 0.687372 0.277945
vn 0.573159 0.784299 0.237410
vn 0.620383 0.784299 -0.000000
vn 0.726305 0.687372 -0.000000
vn 0.712350 0.687372 -0.141696
vn 0.608463 0.784299 -0.121031
vn -0.121031 0.784300 0.608462
vn -0.141695 0.687373 0.712349
vn 0.000000 0.687373 0.726305
vn 0.000000 0.784299 0.620383
vn 0.004862 -0.999962 0.007276
vn 0.006188 -0.999962 0.006188
vn -0.349133 -0.869605 -0.349133
vn -0.274312 -0.869605 -0.410536
vn -0.410537 -0.869605 0.274312
vn -0.349133 -0.869605 0.349132
vn -0.612261 -0.500274 0.612260
vn -0.719942 -0.500274 0.481050
vn 0.456164 -0.869605 0.188949
vn 0.484261 -0.869605 0.096325
vn 0.849230 -0.500274 0.168922
vn 0.799957 -0.500274 0.331353
vn -0.008085 -0.999962 -0.003349
vn -0.008583 -0.999962 -0.001707
vn 0.484261 -0.869605 0.096325
vn 0.456164 -0.869605 0.188949
vn 0.008085 -0.999962 -0.003349
vn 0.007276 -0.999962 -0.004862
vn -0.410537 -0.869605 0.274312
vn -0.456164 -0.869605 0.188949
vn -0.410536 -0.869605 -0.274312
vn -0.456164 -0.869605 -0.188949
vn -0.799957 -0.500274 -0.331353
vn -0.719942 -0.500274 -0.481050
vn 0.111431 -0.993525 0.022165
vn -0.210716 -0.976648 -0.041914
vn -0.198490 -0.976648 -0.082217
vn 0.104966 -0.993525 0.043478
vn -0.849230 -0.500274 -0.168922
vn -0.980785 0.000000 -0.195090
vn -0.923880 0.000000 -0.382684
vn -0.799957 -0.500274 -0.331353
vn 0.043478 -0.993525 -0.104965
vn -0.082217 -0.976648 0.198491
vn -0.119361 -0.976648 0.178637
vn 0.063120 -0.993525 -0.094466
vn 0.719942 -0.500274 -0.481050
vn 0.831470 0.000000 -0.555570
vn 0.923880 0.000000 -0.382684
vn 0.799957 -0.500274 -0.331353
vn -0.210716 -0.976648 -0.041914
vn -0.008583 -0.999962 -0.001707
vn -0.008085 -0.999962 -0.003349
vn -0.198490 -0.976648 -0.082217
vn 0.198490 -0.976648 -0.082217
vn 0.008085 -0.999962 -0.003349
vn 0.008583 -0.999962 -0.001707
vn 0.210716 -0.976648 -0.041914
vn 0.007276 -0.999962 0.004862
vn 0.008085 -0.999962 0.003349
vn -0.456164 -0.869605 -0.188949
vn -0.410536 -0.869605 -0.274312
vn 0.493748 -0.869605 -0.000000
vn 0.484261 -0.869605 -0.096325
vn 0.849230 -0.500274 -0.168922
vn 0.865867 -0.500274 -0.000000
vn -0.612261 -0.500274 0.612260
vn -0.707107 0.000000 0.707107
vn -0.831470 -0.000000 0.555570
vn -0.719942 -0.500274 0.481050
vn 0.000000 -0.999962 -0.008751
vn -0.001707 -0.999962 -0.008583
vn 0.096326 -0.869605 0.484261
vn 0.000000 -0.869605 0.493748
vn 0.188949 -0.869605 -0.456164
vn 0.096326 -0.869605 -0.484261
vn 0.168922 -0.500274 -0.849230
vn 0.331353 -0.500274 -0.799957
vn -0.493748 -0.869605 -0.000000
vn -0.484261 -0.869605 0.096325
vn -0.849230 -0.500274 0.168922
vn -0.865867 -0.500274 -0.000000
vn -0.168923 -0.500274 0.849230
vn -0.195091 -0.000000 0.980785
vn -0.382683 -0.000000 0.923880
vn -0.331353 -0.500274 0.799957
vn -0.080337 -0.993525 0.080337
vn 0.151918 -0.976648 -0.151918
vn 0.178637 -0.976648 -0.119361
vn -0.094466 -0.993525 0.063120
vn -0.063121 -0.993525 0.094467
vn 0.119361 -0.976648 -0.178636
vn 0.151918 -0.976648 -0.151918
vn -0.080337 -0.993525 0.080337
vn -0.178637 -0.976648 -0.119361
vn -0.007276 -0.999962 -0.004862
vn -0.006188 -0.999962 -0.006188
vn -0.151918 -0.976648 -0.151918
vn 0.063121 -0.993525 0.094467
vn -0.119361 -0.976648 -0.178636
vn -0.082217 -0.976648 -0.198490
vn 0.043478 -0.993525 0.104966
vn -0.041914 -0.976648 0.210716
vn -0.001707 -0.999962 0.008583
vn -0.003349 -0.999962 0.008085
vn -0.082217 -0.976648 0.198491
vn 0.178637 -0.976648 0.119361
vn 0.007276 -0.999962 0.004862
vn 0.006188 -0.999962 0.006188
vn 0.151918 -0.976648 0.151918
vn 0.865867 -0.500274 -0.000000
vn 1.000000 -0.000000 -0.000000
vn 0.980785 -0.000000 0.195090
vn 0.849230 -0.500274 0.168922
vn 0.096326 0.869605 0.484261
vn 0.168923 0.500274 0.849230
vn 0.331353 0.500274 0.799957
vn 0.188949 0.869605 0.456164
vn 0.456164 0.869605 -0.188949
vn 0.799957 0.500274 -0.331353
vn 0.719942 0.500274 -0.481050
vn 0.410537 0.869605 -0.274312
vn -0.274312 0.869605 -0.410536
vn -0.481050 0.500274 -0.719942
vn -0.612261 0.500274 -0.612260
vn -0.349133 0.869605 -0.349133
vn -0.349133 0.869605 0.349133
vn -0.612261 0.500274 0.612260
vn -0.481050 0.500274 0.719943
vn -0.274311 0.869605 0.410537
vn 0.456164 0.869605 0.188949
vn 0.799957 0.500274 0.331353
vn 0.849230 0.500274 0.168922
vn 0.484261 0.869605 0.096326
vn 0.096326 0.869605 -0.484261
vn 0.168922 0.500274 -0.849230
vn -0.000000 0.500274 -0.865867
vn -0.000000 0.869605 -0.493748
vn -0.493748 0.869605 0.000000
vn -0.865867 0.500274 0.000000
vn -0.849230 0.500274 0.168922
vn -0.484261 0.869605 0.096326
vn 0.188949 0.869605 0.456164
vn 0.331353 0.500274 0.799957
vn 0.481050 0.500274 0.719943
vn 0.274311 0.869605 0.410537
vn 0.410537 0.869605 -0.274312
vn 0.719942 0.500274 -0.481050
vn 0.612261 0.500274 -0.612260
vn 0.349133 0.869605 -0.349133
vn -0.349133 0.869605 -0.349133
vn -0.612261 0.500274 -0.612260
vn -0.719942 0.500274 -0.481050
vn -0.410537 0.869605 -0.274312
vn -0.274311 0.869605 0.410537
vn -0.481050 0.500274 0.719943
vn -0.331353 0.500274 0.799957
vn -0.188949 0.869605 0.456164
vn 0.484261 0.869605 0.096326
vn 0.849230 0.500274 0.168922
vn 0.865867 0.500274 0.000000
vn 0.493748 0.869605 0.000000
vn -0.000000 0.869605 -0.493748
vn -0.000000 0.500274 -0.865867
vn -0.168922 0.500274 -0.849230
vn -0.096326 0.869605 -0.484261
vn -0.484261 0.869605 0.096326
vn -0.849230 0.500274 0.168922
vn -0.799957 0.500274 0.331353
vn -0.456164 0.869605 0.188949
vn 0.274311 0.869605 0.410537
vn 0.481050 0.500274 0.719943
vn 0.612261 0.500274 0.612260
vn 0.349133 0.869605 0.349133
vn 0.349133 0.869605 -0.349133
vn 0.612261 0.500274 -0.612260
vn 0.481050 0.500274 -0.719942
vn 0.274312 0.869605 -0.410536
vn -0.410537 0.869605 -0.274312
vn -0.719942 0.500274 -0.481050
vn -0.799957 0.500274 -0.331353
vn -0.456164 0.869605 -0.188949
vn -0.188949 0.869605 0.456164
vn -0.331353 0.500274 0.799957
vn -0.168923 0.500274 0.849229
vn -0.096326 0.869605 0.484261
vn 0.493748 0.869605 0.000000
vn 0.865867 0.500274 0.000000
vn 0.849230 0.500274 -0.168922
vn 0.484261 0.869605 -0.096325
vn -0.096326 0.869605 -0.484261
vn -0.168922 0.500274 -0.849230
vn -0.331353 0.500274 -0.799957
vn -0.188949 0.869605 -0.456164
vn -0.456164 0.869605 0.188949
vn -0.799957 0.500274 0.331353
vn -0.719942 0.500274 0.481050
vn -0.410536 0.869605 0.274312
vn 0.349133 0.869605 0.349133
vn 0.612261 0.500274 0.612260
vn 0.719942 0.500274 0.481050
vn 0.410536 0.869605 0.274312
vn 0.274312 0.869605 -0.410536
vn 0.481050 0.500274 -0.719942
vn 0.331353 0.500274 -0.799957
vn 0.188949 0.869605 -0.456164
vn -0.456164 0.869605 -0.188949
vn -0.799957 0.500274 -0.331353
vn -0.849230 0.500274 -0.168922
vn -0.484261 0.869605 -0.096325
vn 0.000000 0.869605 0.493748
vn 0.000000 0.500274 0.865867
vn 0.168923 0.500274 0.849230
vn 0.096326 0.869605 0.484261
vn -0.096326 0.869605 0.484261
vn -0.168923 0.500274 0.849229
vn 0.000000 0.500274 0.865867
vn 0.000000 0.869605 0.493748
vn 0.484261 0.869605 -0.096325
vn 0.849230 0.500274 -0.168922
vn 0.799957 0.500274 -0.331353
vn 0.456164 0.869605 -0.188949
vn -0.188949 0.869605 -0.456164
vn -0.331353 0.500274 -0.799957
vn -0.481050 0.500274 -0.719942
vn -0.274312 0.869605 -0.410536
vn -0.410536 0.869605 0.274312
vn -0.719942 0.500274 0.481050
vn -0.612261 0.500274 0.612260
vn -0.349133 0.869605 0.349133
vn 0.410536 0.869605 0.274312
vn 0.719942 0.500274 0.481050
vn 0.799957 0.500274 0.331353
vn 0.456164 0.869605 0.188949
vn 0.188949 0.869605 -0.456164
vn 0.331353 0.500274 -0.799957
vn 0.168922 0.500274 -0.849230
vn 0.096326 0.869605 -0.484261
vn -0.484261 0.869605 -0.096325
vn -0.849230 0.500274 -0.168922
vn -0.865867 0.500274 0.000000
vn -0.493748 0.869605 0.000000
vn 0.210716 0.976648 -0.041914
vn 0.214844 0.976648 0.000000
vn 0.008751 0.999962 0.000000
vn 0.008583 0.999962 -0.001707
vn 0.008583 0.999962 0.001707
vn -0.484261 0.869605 -0.096325
vn -0.493748 0.869605 0.000000
vn 0.008751 0.999962 0.000000
vn -0.003349 0.999962 0.008085
vn 0.188949 0.869605 -0.456164
vn 0.096326 0.869605 -0.484261
vn -0.001707 0.999962 0.008583
vn -0.007277 0.999962 -0.004862
vn 0.410536 0.869605 0.274312
vn 0.456164 0.869605 0.188949
vn -0.008085 0.999962 -0.003349
vn 0.007276 0.999962 -0.004862
vn -0.410536 0.869605 0.274312
vn -0.349133 0.869605 0.349133
vn 0.006188 0.999962 -0.006188
vn 0.003349 0.999962 0.008085
vn -0.188949 0.869605 -0.456164
vn -0.274312 0.869605 -0.410536
vn 0.004862 0.999962 0.007276
vn -0.008583 0.999962 0.001707
vn 0.484261 0.869605 -0.096325
vn 0.456164 0.869605 -0.188949
vn -0.008085 0.999962 0.003349
vn 0.001707 0.999962 -0.008583
vn -0.096326 0.869605 0.484261
vn 0.000000 0.869605 0.493748
vn -0.000000 0.999962 -0.008751
vn -0.000000 0.999962 -0.008751
vn 0.000000 0.869605 0.493748
vn 0.096326 0.869605 0.484261
vn -0.001707 0.999962 -0.008583
vn 0.008085 0.999962 0.003349
vn -0.456164 0.869605 -0.188949
vn -0.484261 0.869605 -0.096325
vn 0.008583 0.999962 0.001707
vn -0.004862 0.999962 0.007276
vn 0.274312 0.869605 -0.410536
vn 0.188949 0.869605 -0.456164
vn -0.003349 0.999962 0.008085
vn -0.006188 0.999962 -0.006188
vn 0.349133 0.869605 0.349133
vn 0.410536 0.869605 0.274312
vn -0.007277 0.999962 -0.004862
vn 0.008085 0.999962 -0.003349
vn -0.456164 0.869605 0.188949
vn -0.410536 0.869605 0.274312
vn 0.007276 0.999962 -0.004862
vn 0.001707 0.999962 0.008583
vn -0.096326 0.869605 -0.484261
vn -0.188949 0.869605 -0.456164
vn 0.003349 0.999962 0.008085
vn -0.008751 0.999962 0.000000
vn 0.493748 0.869605 0.000000
vn 0.484261 0.869605 -0.096325
vn -0.008583 0.999962 0.001707
vn 0.003349 0.999962 -0.008084
vn -0.188949 0.869605 0.456164
vn -0.096326 0.869605 0.484261
vn 0.001707 0.999962 -0.008583
vn 0.007276 0.999962 0.004862
vn -0.410537 0.869605 -0.274312
vn -0.456164 0.869605 -0.188949
vn 0.008085 0.999962 0.003349
vn -0.006188 0.999962 0.006188
vn 0.349133 0.869605 -0.349133
vn 0.274312 0.869605 -0.410536
vn -0.004862 0.999962 0.007276
vn -0.004862 0.999962 -0.007276
vn 0.274311 0.869605 0.410537
vn 0.349133 0.869605 0.349133
vn -0.006188 0.999962 -0.006188
vn 0.008583 0.999962 -0.001707
vn -0.484261 0.869605 0.096326
vn -0.456164 0.869605 0.188949
vn 0.008085 0.999962 -0.003349
vn -0.000000 0.999962 0.008751
vn -0.000000 0.869605 -0.493748
vn -0.096326 0.869605 -0.484261
vn 0.001707 0.999962 0.008583
vn -0.008583 0.999962 -0.001707
vn 0.484261 0.869605 0.096326
vn 0.493748 0.869605 0.000000
vn -0.008751 0.999962 0.000000
vn 0.004862 0.999962 -0.007276
vn -0.274311 0.869605 0.410537
vn -0.188949 0.869605 0.456164
vn 0.003349 0.999962 -0.008084
vn 0.006188 0.999962 0.006188
vn -0.349133 0.869605 -0.349133
vn -0.410537 0.869605 -0.274312
vn 0.007276 0.999962 0.004862
vn -0.007276 0.999962 0.004862
vn 0.410537 0.869605 -0.274312
vn 0.349133 0.869605 -0.349133
vn -0.006188 0.999962 0.006188
vn -0.003349 0.999962 -0.008084
vn 0.188949 0.869605 0.456164
vn 0.274311 0.869605 0.410537
vn -0.004862 0.999962 -0.007276
vn 0.008751 0.999962 0.000000
vn -0.493748 0.869605 0.000000
vn -0.484261 0.869605 0.096326
vn 0.008583 0.999962 -0.001707
vn -0.001707 0.999962 0.008583
vn 0.096326 0.869605 -0.484261
vn -0.000000 0.869605 -0.493748
vn -0.000000 0.999962 0.008751
vn -0.008085 0.999962 -0.003349
vn 0.456164 0.869605 0.188949
vn 0.484261 0.869605 0.096326
vn -0.008583 0.999962 -0.001707
vn 0.006188 0.999962 -0.006188
vn -0.349133 0.869605 0.349133
vn -0.274311 0.869605 0.410537
vn 0.004862 0.999962 -0.007276
vn 0.004862 0.999962 0.007276
vn -0.274312 0.869605 -0.410536
vn -0.349133 0.869605 -0.349133
vn 0.006188 0.999962 0.006188
vn -0.008085 0.999962 0.003349
vn 0.456164 0.869605 -0.188949
vn 0.410537 0.869605 -0.274312
vn -0.007276 0.999962 0.004862
vn -0.001707 0.999962 -0.008583
vn 0.096326 0.869605 0.484261
vn 0.188949 0.869605 0.456164
vn -0.003349 0.999962 -0.008084
vn -0.003349 -0.999962 -0.008084
vn -0.004862 -0.999962 -0.007276
vn 0.274312 -0.869605 0.410537
vn 0.188949 -0.869605 0.456164
vn -0.008583 -0.999962 -0.001707
vn -0.008751 -0.999962 -0.000000
vn 0.493748 -0.869605 -0.000000
vn 0.484261 -0.869605 0.096325
vn -0.006188 -0.999962 0.006188
vn -0.004862 -0.999962 0.007276
vn 0.274312 -0.869605 -0.410536
vn 0.349133 -0.869605 -0.349133
vn 0.001707 -0.999962 0.008583
vn 0.003349 -0.999962 0.008085
vn -0.188949 -0.869605 -0.456164
vn -0.096326 -0.869605 -0.484261
vn 0.008085 -0.999962 0.003349
vn 0.008583 -0.999962 0.001707
vn -0.484261 -0.869605 -0.096325
vn -0.456164 -0.869605 -0.188949
vn 0.003349 -0.999962 0.008085
vn 0.004862 -0.999962 0.007276
vn -0.274312 -0.869605 -0.410536
vn -0.188949 -0.869605 -0.456164
vn -0.008085 -0.999962 0.003349
vn -0.007276 -0.999962 0.004862
vn 0.410536 -0.869605 -0.274312
vn 0.456164 -0.869605 -0.188949
vn -0.001707 -0.999962 -0.008583
vn -0.003349 -0.999962 -0.008084
vn 0.188949 -0.869605 0.456164
vn 0.096326 -0.869605 0.484261
vn 0.008751 -0.999962 -0.000000
vn 0.008583 -0.999962 -0.001707
vn -0.484261 -0.869605 0.096325
vn -0.493748 -0.869605 -0.000000
vn 0.004862 -0.999962 -0.007276
vn 0.003349 -0.999962 -0.008084
vn -0.188949 -0.869605 0.456164
vn -0.274312 -0.869605 0.410537
vn -0.004862 -0.999962 -0.007276
vn -0.006188 -0.999962 -0.006188
vn 0.349133 -0.869605 0.349132
vn 0.274312 -0.869605 0.410537
vn -0.008751 -0.999962 -0.000000
vn -0.008583 -0.999962 0.001707
vn 0.484261 -0.869605 -0.096325
vn 0.493748 -0.869605 -0.000000
vn -0.004862 -0.999962 0.007276
vn -0.003349 -0.999962 0.008085
vn 0.188949 -0.869605 -0.456164
vn 0.274312 -0.869605 -0.410536
vn -0.008583 -0.999962 0.001707
vn -0.008085 -0.999962 0.003349
vn 0.456164 -0.869605 -0.188949
vn 0.484261 -0.869605 -0.096325
vn -0.007276 -0.999962 -0.004862
vn -0.008085 -0.999962 -0.003349
vn 0.456164 -0.869605 0.188949
vn 0.410537 -0.869605 0.274312
vn 0.008583 -0.999962 0.001707
vn 0.008751 -0.999962 -0.000000
vn -0.493748 -0.869605 -0.000000
vn -0.484261 -0.869605 -0.096325
vn -0.484261 -0.869605 -0.096325
vn -0.493748 -0.869605 -0.000000
vn -0.865867 -0.500274 -0.000000
vn -0.849230 -0.500274 -0.168922
vn 0.410537 -0.869605 0.274312
vn 0.456164 -0.869605 0.188949
vn 0.799957 -0.500274 0.331353
vn 0.719942 -0.500274 0.481050
vn -0.188949 -0.869605 -0.456164
vn -0.274312 -0.869605 -0.410536
vn -0.481050 -0.500274 -0.719942
vn -0.331353 -0.500274 -0.799957
vn -0.096326 -0.869605 0.484261
vn 0.000000 -0.869605 0.493748
vn 0.000000 -0.500274 0.865867
vn -0.168923 -0.500274 0.849230
vn -0.456164 -0.869605 -0.188949
vn -0.484261 -0.869605 -0.096325
vn -0.849230 -0.500274 -0.168922
vn -0.799957 -0.500274 -0.331353
vn 0.349133 -0.869605 0.349132
vn 0.410537 -0.869605 0.274312
vn 0.719942 -0.500274 0.481050
vn 0.612261 -0.500274 0.612260
vn -0.096326 -0.869605 -0.484261
vn -0.188949 -0.869605 -0.456164
vn -0.331353 -0.500274 -0.799957
vn -0.168922 -0.500274 -0.849230
vn -0.188949 -0.869605 0.456164
vn -0.096326 -0.869605 0.484261
vn -0.168923 -0.500274 0.849230
vn -0.331353 -0.500274 0.799957
vn 0.349133 -0.869605 -0.349133
vn 0.274312 -0.869605 -0.410536
vn 0.481050 -0.500274 -0.719942
vn 0.612261 -0.500274 -0.612260
vn -0.484261 -0.869605 0.096325
vn -0.456164 -0.869605 0.188949
vn -0.799957 -0.500274 0.331353
vn -0.849230 -0.500274 0.168922
vn 0.484261 -0.869605 0.096325
vn 0.493748 -0.869605 -0.000000
vn 0.865867 -0.500274 -0.000000
vn 0.849230 -0.500274 0.168922
vn -0.349133 -0.869605 -0.349133
vn -0.410536 -0.869605 -0.274312
vn -0.719942 -0.500274 -0.481050
vn -0.612261 -0.500274 -0.612260
vn 0.188949 -0.869605 0.456164
vn 0.274312 -0.869605 0.410537
vn 0.481050 -0.500274 0.719943
vn 0.331353 -0.500274 0.799957
vn 0.096326 -0.869605 -0.484261
vn 0.000000 -0.869605 -0.493748
vn 0.000000 -0.500274 -0.865867
vn 0.168922 -0.500274 -0.849230
vn -0.349133 -0.869605 0.349132
vn -0.274312 -0.869605 0.410537
vn -0.481050 -0.500274 0.719943
vn -0.612261 -0.500274 0.612260
vn 0.456164 -0.869605 -0.188949
vn 0.410536 -0.869605 -0.274312
vn 0.719942 -0.500274 -0.481050
vn 0.799957 -0.500274 -0.331353
s off
g Car_Tire_01
usemtl Car_Tire_01SG
f 96/822/1 63/174/2 59/31/3 95/976/4
f 14/4/5 51/6/6 53/14/7 12/17/8
f 66/829/9 1/137/10 61/720/11 65/559/12
f 90/1023/13 49/936/14 47/1024/15 89/1048/16
f 83/724/17 35/30/18 33/112/19 82/380/20
f 58/22/21 7/27/22 9/33/23 56/34/24
f 75/949/25 19/980/26 17/197/27 74/804/28
f 22/37/29 43/40/30 45/52/31 20/55/32
f 92/876/33 53/520/34 51/748/35 91/2/36
f 240/610/37 177/138/38 178/691/39 243/733/40
f 10/57/41 55/59/42 57/65/43 8/79/44
f 91/2/45 51/748/46 49/936/47 90/1023/48
f 86/513/49 41/343/50 39/861/51 85/755/52
f 72/722/53 13/789/54 11/148/55 71/1030/56
f 46/85/57 19/87/58 21/89/59 44/91/60
f 36/93/61 29/97/62 31/113/63 34/117/64
f 865/266/65 866/971/66 864/263/67 829/101/68
f 20/55/69 45/52/70 47/118/71 18/120/72
f 248/41/73 180/1022/74 181/647/75 250/324/76
f 232/738/77 174/128/78 175/122/79 234/307/80
f 200/836/81 261/223/82 263/67/83 202/794/84
f 223/650/85 284/344/86 286/677/87 193/681/88
f 245/726/89 242/517/90 191/480/91 192/431/92
f 71/1030/93 668/368/94 670/912/95 72/722/96
f 6/883/97 758/107/98 765/886/99 8/628/100
f 26/281/101 766/139/102 741/878/103 28/32/104
f 840/811/105 304/948/106 305/267/107 854/531/108
f 816/457/109 294/494/110 295/28/111 838/869/112
f 825/924/113 289/705/114 290/491/115 828/147/116
f 18/843/117 737/262/118 745/397/119 20/56/120
f 20/56/121 745/397/122 752/944/123 22/968/124
f 756/859/125 839/26/126 853/620/127 763/654/128
f 24/834/129 759/682/130 766/139/131 26/281/132
f 44/39/133 767/555/134 742/200/135 46/757/136
f 757/605/137 841/485/138 855/637/139 764/306/140
f 760/418/141 847/749/142 861/258/143 767/555/144
f 829/101/145 320/896/146 289/926/147 825/752/148
f 767/555/149 861/258/150 822/10/151 742/200/152
f 739/109/153 810/932/154 811/991/155 747/955/156
f 856/754/157 314/934/158 315/60/159 809/144/160
f 92/876/161 93/140/162 55/744/163 53/520/164
f 57/990/165 94/807/166 95/976/167 59/31/168
f 93/140/169 655/1/170 658/227/171 94/807/172
f 94/807/173 658/227/174 661/952/175 95/976/176
f 67/824/177 657/664/178 660/161/179 68/820/180
f 83/724/181 665/135/182 667/775/183 84/392/184
f 79/870/185 653/930/186 656/604/187 80/716/188
f 65/559/189 643/892/190 654/88/191 66/829/192
f 91/2/193 650/504/194 652/914/195 92/876/196
f 77/634/197 649/426/198 651/311/199 78/871/200
f 6/125/201 59/127/202 63/131/203 4/133/204
f 76/946/205 647/880/206 649/426/207 77/634/208
f 75/949/209 645/909/210 647/880/211 76/946/212
f 87/484/213 641/978/214 644/837/215 88/522/216
f 16/143/217 49/145/218 51/6/219 14/4/220
f 26/149/221 39/150/222 41/153/223 24/160/224
f 40/163/225 25/175/226 27/177/227 38/184/228
f 24/160/229 41/153/230 43/40/231 22/37/232
f 34/117/233 31/113/234 33/185/235 32/186/236
f 44/91/237 21/89/238 23/188/239 42/202/240
f 85/755/241 39/861/242 37/999/243 84/392/244
f 74/804/245 17/197/246 15/640/247 73/860/248
f 80/716/249 29/953/250 27/314/251 79/870/252
f 87/484/253 43/951/254 41/343/255 86/513/256
f 28/204/257 37/208/258 39/150/259 26/149/260
f 85/755/261 669/839/262 671/335/263 86/513/264
f 68/820/265 660/161/266 663/813/267 69/906/268
f 38/184/269 27/177/270 29/97/271 36/93/272
f 48/215/273 17/217/274 19/87/275 46/85/276
f 84/392/277 667/775/278 669/839/279 85/755/280
f 227/449/281 185/785/282 186/693/283 229/1050/284
f 81/644/285 659/270/286 662/233/287 82/380/288
f 258/332/289 133/90/290 135/981/291 260/74/292
f 9/33/293 11/222/294 54/226/295 56/34/296
f 63/131/297 61/230/298 2/252/299 4/133/300
f 33/185/301 35/255/302 30/260/303 32/186/304
f 25/175/305 40/163/306 42/202/307 23/188/308
f 15/268/309 50/269/310 52/282/311 13/261/312
f 5/286/313 60/295/314 62/297/315 3/285/316
f 275/467/317 150/728/318 153/853/319 278/989/320
f 153/853/321 121/911/322 123/191/323 155/123/324
f 271/887/325 146/761/326 149/187/327 274/346/328
f 143/216/329 111/379/330 114/798/331 146/761/332
f 136/1046/333 103/486/334 105/407/335 138/973/336
f 286/677/337 129/210/338 132/290/339 257/532/340
f 264/547/341 139/319/342 141/937/343 266/388/344
f 211/66/345 272/505/346 275/467/347 214/94/348
f 213/1029/349 274/346/350 277/874/351 216/533/352
f 194/428/353 287/737/354 258/332/355 197/1021/356
f 246/470/357 179/231/358 180/1022/359 248/41/360
f 228/983/361 172/316/362 173/866/363 230/497/364
f 276/182/365 151/1002/366 154/660/367 279/792/368
f 108/468/369 234/307/370 237/963/371 112/956/372
f 119/1043/373 244/21/374 247/1034/375 122/996/376
f 111/1072/377 236/648/378 239/1049/379 114/1104/380
f 103/1081/381 229/1050/382 231/977/383 105/1074/384
f 127/220/385 252/835/386 254/102/387 97/251/388
f 112/956/389 237/963/390 240/610/391 115/639/392
f 193/681/393 286/677/394 257/532/395 196/158/396
f 268/460/397 143/216/398 146/761/399 271/887/400
f 259/668/401 134/444/402 136/1046/403 261/223/404
f 137/496/405 104/642/406 106/850/407 139/319/408
f 146/761/409 114/798/410 117/224/411 149/187/412
f 160/105/413 128/152/414 99/600/415 130/626/416
f 214/94/417 275/467/418 278/989/419 217/214/420
f 199/800/421 260/74/422 262/635/423 201/982/424
f 239/1049/425 190/592/426 191/480/427 242/517/428
f 660/161/429 212/435/430 215/882/431 663/813/432
f 670/912/433 222/915/434 224/959/435 672/601/436
f 646/961/437 198/241/438 200/836/439 648/575/440
f 661/952/441 213/1029/442 216/533/443 664/477/444
f 667/775/445 219/621/446 221/838/447 669/839/448
f 752/944/449 831/141/450 845/454/451 759/682/452
f 763/654/453 853/620/454 806/1055/455 738/671/456
f 758/107/457 843/1020/458 857/130/459 765/886/460
f 753/659/461 833/487/462 847/749/463 760/418/464
f 852/1025/465 296/931/466 297/821/467 801/729/468
f 744/168/469 830/607/470 826/587/471 743/355/472
f 864/263/473 319/58/474 320/896/475 829/101/476
f 80/716/477 81/644/478 31/658/479 29/953/480
f 87/484/481 88/522/482 45/905/483 43/951/484
f 40/791/485 753/659/486 760/418/487 42/684/488
f 30/345/489 749/108/490 756/859/491 32/452/492
f 743/441/493 826/734/494 827/408/495 751/627/496
f 28/32/497 741/878/498 749/108/499 30/345/500
f 748/916/501 815/723/502 837/741/503 755/425/504
f 832/902/505 299/64/506 300/244/507 846/83/508
f 848/518/509 309/176/510 310/725/511 862/372/512
f 809/144/513 315/60/514 316/590/515 812/24/516
f 95/976/517 661/952/518 664/477/519 96/822/520
f 761/322/521 849/528/522 863/212/523 768/1005/524
f 203/104/525 264/547/526 266/388/527 205/756/528
f 219/621/529 280/277/530 282/536/531 221/838/532
f 216/533/533 277/874/534 288/819/535 195/437/536
f 260/74/537 135/981/538 137/496/539 262/635/540
f 132/290/541 98/833/542 101/574/543 134/444/544
f 131/389/545 109/403/546 110/663/547 142/618/548
f 145/53/549 113/206/550 116/765/551 148/631/552
f 149/187/553 117/224/554 120/778/555 152/745/556
f 157/294/557 125/446/558 127/1066/559 159/895/560
f 49/145/561 16/143/562 18/120/563 47/118/564
f 273/769/565 148/631/566 151/1002/567 276/182/568
f 55/59/569 10/57/570 12/17/571 53/14/572
f 265/921/573 140/471/574 143/216/575 268/460/576
f 249/616/577 167/72/578 168/5/579 251/542/580
f 142/618/581 110/663/582 113/206/583 145/53/584
f 158/119/585 126/162/586 128/152/587 160/105/588
f 148/631/589 116/765/590 119/1122/591 151/1002/592
f 280/277/593 155/123/594 157/294/595 282/536/596
f 197/1021/597 258/332/598 260/74/599 199/800/600
f 671/335/601 223/650/602 193/681/603 641/978/604
f 645/909/605 197/1021/606 199/800/607 647/880/608
f 665/135/609 217/214/610 219/621/611 667/775/612
f 662/233/613 214/94/614 217/214/615 665/135/616
f 255/972/617 170/342/618 171/483/619 226/539/620
f 252/835/621 182/561/622 183/969/623 254/102/624
f 255/972/625 253/189/626 169/579/627 170/342/628
f 109/1073/629 256/666/630 235/974/631 110/1093/632
f 237/963/633 234/307/634 175/122/635 176/199/636
f 116/1100/637 241/709/638 244/21/639 119/1043/640
f 126/1063/641 251/542/642 253/189/643 128/1061/644
f 212/435/645 273/769/646 276/182/647 215/882/648
f 251/542/649 168/5/650 169/579/651 253/189/652
f 16/333/653 762/43/654 737/262/655 18/843/656
f 34/619/657 763/654/658 738/671/659 36/617/660
f 4/325/661 751/627/662 758/107/663 6/883/664
f 817/537/665 302/1032/666 303/774/667 820/44/668
f 58/868/669 754/291/670 761/322/671 60/889/672
f 56/546/673 747/955/674 754/291/675 58/868/676
f 94/807/677 57/990/678 55/744/679 93/140/680
f 14/591/681 755/425/682 762/43/683 16/333/684
f 2/641/685 743/441/686 751/627/687 4/325/688
f 84/392/689 37/999/690 35/30/691 83/724/692
f 54/121/693 739/109/694 747/955/695 56/546/696
f 746/300/697 807/196/698 833/487/699 753/659/700
f 750/772/701 823/8/702 841/485/703 757/605/704
f 808/899/705 307/450/706 308/919/707 834/218/708
f 89/1048/709 47/1024/710 45/905/711 88/522/712
f 824/867/713 312/510/714 313/779/715 842/473/716
f 836/812/717 317/192/718 318/427/719 850/303/720
f 844/1006/721 291/348/722 292/552/723 858/116/724
f 13/261/725 52/282/726 54/226/727 11/222/728
f 801/729/729 297/821/730 298/19/731 804/624/732
f 70/1031/733 9/234/734 7/554/735 69/906/736
f 78/871/737 25/411/738 23/146/739 77/634/740
f 69/906/741 7/554/742 5/370/743 68/820/744
f 68/820/745 5/370/746 3/777/747 67/824/748
f 654/88/749 206/500/750 209/913/751 657/664/752
f 656/604/753 208/719/754 211/66/755 659/270/756
f 241/709/757 238/501/758 163/136/759 164/132/760
f 205/756/761 266/388/762 269/1033/763 208/719/764
f 202/794/765 263/67/766 265/921/767 204/249/768
f 156/213/769 124/603/770 126/162/771 158/119/772
f 140/471/773 107/927/774 111/379/775 143/216/776
f 266/388/777 141/937/778 144/893/779 269/1033/780
f 123/1064/781 248/41/782 250/324/783 125/1077/784
f 98/1107/785 225/296/786 227/449/787 101/1084/788
f 117/1067/789 242/517/790 245/726/791 120/1102/792
f 206/500/793 267/826/794 270/326/795 209/913/796
f 105/1074/797 231/977/798 233/857/799 107/1114/800
f 141/937/801 108/1078/802 112/1116/803 144/893/804
f 17/217/805 48/215/806 50/269/807 15/268/808
f 282/536/809 157/294/810 159/895/811 284/344/812
f 147/608/813 115/1089/814 118/760/815 150/728/816
f 274/346/817 149/187/818 152/745/819 277/874/820
f 278/989/821 153/853/822 155/123/823 280/277/824
f 151/1002/825 119/1122/826 122/1120/827 154/660/828
f 1/304/829 64/305/830 2/588/831 61/584/832
f 155/123/833 123/191/834 125/446/835 157/294/836
f 37/208/837 28/204/838 30/260/839 35/255/840
f 159/895/841 127/1066/842 97/1070/843 129/210/844
f 279/792/845 154/660/846 156/213/847 281/780/848
f 267/826/849 142/618/850 145/53/851 270/326/852
f 3/285/853 62/297/854 64/305/855 1/304/856
f 262/635/857 137/496/858 139/319/859 264/547/860
f 59/127/861 6/125/862 8/79/863 57/65/864
f 130/626/865 99/600/866 100/678/867 133/90/868
f 134/444/869 101/574/870 103/486/871 136/1046/872
f 269/1033/873 144/893/874 147/608/875 272/505/876
f 7/27/877 58/22/878 60/295/879 5/286/880
f 138/973/881 105/407/882 107/927/883 140/471/884
f 283/371/885 158/119/886 160/105/887 285/259/888
f 257/532/889 132/290/890 134/444/891 259/668/892
f 288/815/893 131/389/894 142/618/895 267/826/896
f 124/1087/897 249/616/898 251/542/899 126/1063/900
f 114/1104/901 239/1049/902 242/517/903 117/1067/904
f 118/1099/905 243/733/906 246/470/907 121/1113/908
f 122/996/909 247/1034/910 249/616/911 124/1087/912
f 243/733/913 178/691/914 179/231/915 246/470/916
f 229/1050/917 186/693/918 187/732/919 231/977/920
f 237/963/921 176/199/922 177/138/923 240/610/924
f 664/477/925 216/533/926 195/437/927 643/283/928
f 653/930/929 205/756/930 208/719/931 656/604/932
f 669/839/933 221/838/934 223/650/935 671/335/936
f 647/880/937 199/800/938 201/982/939 649/426/940
f 133/90/941 100/678/942 102/413/943 135/981/944
f 201/982/945 262/635/946 264/547/947 203/104/948
f 224/959/949 285/259/950 287/737/951 194/428/952
f 281/780/953 156/213/954 158/119/955 283/371/956
f 101/1084/957 227/449/958 229/1050/959 103/1081/960
f 97/251/961 254/102/962 225/296/963 98/1107/964
f 241/709/965 164/132/966 165/1001/967 244/21/968
f 666/776/969 218/458/970 220/302/971 668/368/972
f 287/737/973 130/626/974 133/90/975 258/332/976
f 284/344/977 159/895/978 129/210/979 286/677/980
f 277/874/981 152/745/982 131/721/983 288/819/984
f 672/601/985 224/959/986 194/428/987 642/347/988
f 659/270/989 211/66/990 214/94/991 662/233/992
f 655/1/993 207/84/994 210/573/995 658/227/996
f 652/914/997 204/249/998 207/84/999 655/1/1000
f 244/21/1001 165/1001/1002 166/76/1003 247/1034/1004
f 102/1075/1005 228/983/1006 230/497/1007 104/1090/1008
f 195/167/1009 288/815/1010 267/826/1011 206/500/1012
f 125/1077/1013 250/324/1014 252/835/1015 127/220/1016
f 115/639/1017 240/610/1018 243/733/1019 118/1099/1020
f 106/1108/1021 232/738/1022 234/307/1023 108/468/1024
f 110/1093/1025 235/974/1026 238/501/1027 113/1065/1028
f 247/1034/1029 166/76/1030 167/72/1031 249/616/1032
f 256/666/1033 161/155/1034 162/498/1035 235/974/1036
f 163/136/1037 238/501/1038 235/974/1039 162/498/1040
f 649/426/1041 201/982/1042 203/104/1043 651/311/1044
f 641/978/1045 193/681/1046 196/158/1047 644/837/1048
f 644/837/1049 196/158/1050 198/241/1051 646/961/1052
f 217/214/1053 278/989/1054 280/277/1055 219/621/1056
f 152/745/1057 120/778/1058 109/706/1059 131/721/1060
f 139/319/1061 106/850/1062 108/1078/1063 141/937/1064
f 285/259/1065 160/105/1066 130/626/1067 287/737/1068
f 233/857/1069 188/673/1070 189/685/1071 236/648/1072
f 120/1102/1073 245/726/1074 256/9/1075 109/1096/1076
f 648/575/1077 200/836/1078 202/794/1079 650/504/1080
f 107/1114/1081 233/857/1082 236/648/1083 111/1072/1084
f 100/1094/1085 226/539/1086 228/983/1087 102/1075/1088
f 99/1086/1089 255/972/1090 226/539/1091 100/1094/1092
f 209/913/1093 270/326/1094 273/769/1095 212/435/1096
f 650/504/1097 202/794/1098 204/249/1099 652/914/1100
f 135/981/1101 102/413/1102 104/642/1103 137/496/1104
f 150/728/1105 118/760/1106 121/911/1107 153/853/1108
f 215/882/1109 276/182/1110 279/792/1111 218/458/1112
f 657/664/1113 209/913/1114 212/435/1115 660/161/1116
f 210/573/1117 271/887/1118 274/346/1119 213/1029/1120
f 663/813/1121 215/882/1122 218/458/1123 666/776/1124
f 270/326/1125 145/53/1126 148/631/1127 273/769/1128
f 75/949/1129 76/946/1130 21/965/1131 19/980/1132
f 79/870/1133 27/314/1134 25/411/1135 78/871/1136
f 261/223/1137 136/1046/1138 138/973/1139 263/67/1140
f 643/892/1141 195/167/1142 206/500/1143 654/88/1144
f 651/311/1145 203/104/1146 205/756/1147 653/930/1148
f 668/368/1149 220/302/1150 222/915/1151 670/912/1152
f 642/347/1153 194/428/1154 197/1021/1155 645/909/1156
f 658/227/1157 210/573/1158 213/1029/1159 661/952/1160
f 208/719/1161 269/1033/1162 272/505/1163 211/66/1164
f 218/458/1165 279/792/1166 281/780/1167 220/302/1168
f 154/660/1169 122/1120/1170 124/603/1171 156/213/1172
f 144/893/1173 112/1116/1174 115/1089/1175 147/608/1176
f 129/210/1177 97/1070/1178 98/833/1179 132/290/1180
f 263/67/1181 138/973/1182 140/471/1183 265/921/1184
f 272/505/1185 147/608/1186 150/728/1187 275/467/1188
f 198/241/1189 259/668/1190 261/223/1191 200/836/1192
f 220/302/1193 281/780/1194 283/371/1195 222/915/1196
f 250/324/1197 181/647/1198 182/561/1199 252/835/1200
f 113/1065/1201 238/501/1202 241/709/1203 116/1100/1204
f 128/1061/1205 253/189/1206 255/972/1207 99/1086/1208
f 221/838/1209 282/536/1210 284/344/1211 223/650/1212
f 104/1090/1213 230/497/1214 232/738/1215 106/1108/1216
f 121/1113/1217 246/470/1218 248/41/1219 123/1064/1220
f 245/726/1221 192/431/1222 161/585/1223 256/9/1224
f 232/738/1225 230/497/1226 173/866/1227 174/128/1228
f 231/977/1229 187/732/1230 188/673/1231 233/857/1232
f 222/915/1233 283/371/1234 285/259/1235 224/959/1236
f 204/249/1237 265/921/1238 268/460/1239 207/84/1240
f 207/84/1241 268/460/1242 271/887/1243 210/573/1244
f 196/158/1245 257/532/1246 259/668/1247 198/241/1248
f 226/539/1249 171/483/1250 172/316/1251 228/983/1252
f 846/83/1253 300/244/1254 301/872/1255 860/99/1256
f 860/99/1257 301/872/1258 302/1032/1259 817/537/1260
f 876/657/1261 884/710/1262 840/811/1263 854/531/1264
f 768/1005/1265 863/212/1266 830/607/1267 744/168/1268
f 859/299/1269 845/454/1270 881/1038/1271 870/111/1272
f 869/419/1273 870/111/1274 860/99/1275 817/537/1276
f 868/110/1277 880/954/1278 848/518/1279 862/372/1280
f 890/830/1281 867/699/1282 821/612/1283 824/867/1284
f 762/43/1285 851/879/1286 802/569/1287 737/262/1288
f 814/560/1289 857/130/1290 872/358/1291 871/715/1292
f 31/658/1293 81/644/1294 82/380/1295 33/112/1296
f 835/1010/1297 811/991/1298 893/891/1299 886/183/1300
f 820/44/1301 303/774/1302 304/948/1303 840/811/1304
f 838/869/1305 295/28/1306 296/931/1307 852/1025/1308
f 850/303/1309 318/427/1310 319/58/1311 864/263/1312
f 32/452/1313 756/859/1314 763/654/1315 34/619/1316
f 896/997/1317 865/266/1318 829/101/1319 825/752/1320
f 806/1055/1321 853/620/1322 876/657/1323 875/506/1324
f 754/291/1325 835/1010/1326 849/528/1327 761/322/1328
f 48/445/1329 750/772/1330 757/605/1331 50/598/1332
f 46/757/1333 742/200/1334 750/772/1335 48/445/1336
f 872/358/1337 882/700/1338 844/1006/1339 858/116/1340
f 807/196/1341 806/1055/1342 875/506/1343 894/746/1344
f 843/1020/1345 827/408/1346 889/478/1347 882/700/1348
f 737/262/1349 802/569/1350 803/816/1351 745/397/1352
f 740/661/1353 814/560/1354 815/723/1355 748/916/1356
f 50/598/1357 757/605/1358 764/306/1359 52/349/1360
f 751/627/1361 827/408/1362 843/1020/1363 758/107/1364
f 805/597/1365 306/239/1366 307/450/1367 808/899/1368
f 854/531/1369 305/267/1370 306/239/1371 805/597/1372
f 815/723/1373 814/560/1374 871/715/1375 892/320/1376
f 66/829/1377 67/824/1378 3/777/1379 1/137/1380
f 21/965/1381 76/946/1382 77/634/1383 23/146/1384
f 62/687/1385 768/1005/1386 744/168/1387 64/169/1388
f 12/124/1389 748/916/1390 755/425/1391 14/591/1392
f 36/617/1393 738/671/1394 746/300/1395 38/391/1396
f 851/879/1397 837/741/1398 885/810/1399 878/525/1400
f 812/24/1401 316/590/1402 317/192/1403 836/812/1404
f 879/221/1405 886/183/1406 836/812/1407 850/303/1408
f 827/408/1409 826/734/1410 896/823/1411 889/478/1412
f 861/258/1413 847/749/1414 880/954/1415 868/110/1416
f 765/886/1417 857/130/1418 814/560/1419 740/661/1420
f 13/789/1421 72/722/1422 73/860/1423 15/640/1424
f 858/116/1425 292/552/1426 293/377/1427 813/103/1428
f 63/174/1429 96/822/1430 65/636/1431 61/795/1432
f 741/878/1433 818/242/1434 819/1011/1435 749/108/1436
f 853/620/1437 839/26/1438 884/710/1439 876/657/1440
f 885/810/1441 892/320/1442 816/457/1443 838/869/1444
f 821/612/1445 311/770/1446 312/510/1447 824/867/1448
f 834/218/1449 308/919/1450 309/176/1451 848/518/1452
f 749/108/1453 819/1011/1454 839/26/1455 756/859/1456
f 64/169/1457 744/168/1458 743/355/1459 2/578/1460
f 22/968/1461 752/944/1462 759/682/1463 24/834/1464
f 766/139/1465 859/299/1466 818/242/1467 741/878/1468
f 745/397/1469 803/816/1470 831/141/1471 752/944/1472
f 9/234/1473 70/1031/1474 71/1030/1475 11/148/1476
f 887/16/1477 894/746/1478 808/899/1479 834/218/1480
f 42/684/1481 760/418/1482 767/555/1483 44/39/1484
f 236/648/1485 189/685/1486 190/592/1487 239/1049/1488
f 356/3/1489 354/35/1490 351/48/1491 349/62/1492
f 338/73/1493 336/106/1494 369/115/1495 367/181/1496
f 382/195/1497 380/236/1498 325/257/1499 323/309/1500
f 364/310/1501 362/312/1502 343/318/1503 341/327/1504
f 346/328/1505 344/331/1506 361/336/1507 359/352/1508
f 328/357/1509 326/360/1510 379/361/1511 377/362/1512
f 372/369/1513 370/375/1514 335/376/1515 333/378/1516
f 354/35/1517 352/384/1518 353/385/1519 351/48/1520
f 336/106/1521 334/390/1522 371/400/1523 369/115/1524
f 380/236/1525 378/401/1526 327/402/1527 325/257/1528
f 362/312/1529 360/406/1530 345/414/1531 343/318/1532
f 344/331/1533 342/416/1534 363/420/1535 361/336/1536
f 326/360/1537 324/422/1538 383/424/1539 379/361/1540
f 370/375/1541 368/430/1542 337/434/1543 335/376/1544
f 352/384/1545 350/439/1546 355/442/1547 353/385/1548
f 334/390/1549 332/443/1550 373/456/1551 371/400/1552
f 378/401/1553 376/459/1554 329/462/1555 327/402/1556
f 360/406/1557 358/464/1558 347/466/1559 345/414/1560
f 342/416/1561 340/474/1562 365/482/1563 363/420/1564
f 322/488/1565 384/499/1566 321/503/1567 381/512/1568
f 324/422/1569 322/596/1570 381/602/1571 383/424/1572
f 368/430/1573 366/514/1574 339/515/1575 337/434/1576
f 350/439/1577 348/516/1578 357/519/1579 355/442/1580
f 332/443/1581 330/538/1582 375/543/1583 373/456/1584
f 376/459/1585 374/549/1586 331/550/1587 329/462/1588
f 358/464/1589 356/3/1590 349/62/1591 347/466/1592
f 340/474/1593 338/73/1594 367/181/1595 365/482/1596
f 384/499/1597 382/195/1598 323/309/1599 321/503/1600
f 366/514/1601 364/310/1602 341/327/1603 339/515/1604
f 348/516/1605 346/328/1606 359/352/1607 357/519/1608
f 330/538/1609 328/357/1610 377/362/1611 375/543/1612
f 374/549/1613 372/369/1614 333/378/1615 331/550/1616
f 480/1015/1617 450/353/1618 419/898/1619 448/521/1620
f 479/284/1621 449/665/1622 417/472/1623 447/75/1624
f 478/594/1625 480/1015/1626 448/521/1627 446/511/1628
f 477/767/1629 479/284/1630 447/75/1631 445/645/1632
f 476/1041/1633 478/594/1634 446/511/1635 444/875/1636
f 475/577/1637 477/767/1638 445/645/1639 443/18/1640
f 474/77/1641 476/1041/1642 444/875/1643 442/243/1644
f 473/172/1645 475/577/1646 443/18/1647 441/69/1648
f 472/193/1649 451/180/1650 429/801/1651 440/929/1652
f 471/489/1653 474/77/1654 442/243/1655 439/367/1656
f 470/157/1657 473/172/1658 441/69/1659 438/1008/1660
f 469/632/1661 472/193/1662 440/929/1663 437/655/1664
f 468/81/1665 471/489/1666 439/367/1667 436/988/1668
f 467/45/1669 470/157/1670 438/1008/1671 435/606/1672
f 466/126/1673 469/632/1674 437/655/1675 434/975/1676
f 465/613/1677 468/81/1678 436/988/1679 433/479/1680
f 464/646/1681 467/45/1682 435/606/1683 432/154/1684
f 463/759/1685 466/126/1686 434/975/1687 431/576/1688
f 462/36/1689 465/613/1690 433/479/1691 430/238/1692
f 461/806/1693 464/646/1694 432/154/1695 428/711/1696
f 460/877/1697 463/759/1698 431/576/1699 427/782/1700
f 451/805/1701 462/36/1702 430/238/1703 429/992/1704
f 459/165/1705 461/806/1706 428/711/1707 426/47/1708
f 458/383/1709 460/877/1710 427/782/1711 425/727/1712
f 457/908/1713 459/165/1714 426/47/1715 424/864/1716
f 456/476/1717 458/383/1718 425/727/1719 423/417/1720
f 455/763/1721 457/908/1722 424/864/1723 422/692/1724
f 454/922/1725 456/476/1726 423/417/1727 421/827/1728
f 453/1000/1729 455/763/1730 422/692/1731 420/894/1732
f 452/797/1733 454/922/1734 421/827/1735 418/773/1736
f 449/665/1737 452/797/1738 418/773/1739 417/472/1740
f 450/353/1741 453/1000/1742 420/894/1743 419/898/1744
f 575/1037/1745 546/698/1746 453/1000/1747 450/353/1748
f 574/51/1749 545/609/1750 452/797/1751 449/665/1752
f 545/609/1753 547/1026/1754 454/922/1755 452/797/1756
f 546/698/1757 548/436/1758 455/763/1759 453/1000/1760
f 547/1026/1761 549/523/1762 456/476/1763 454/922/1764
f 548/436/1765 550/979/1766 457/908/1767 455/763/1768
f 549/523/1769 551/768/1770 458/383/1771 456/476/1772
f 550/979/1773 552/881/1774 459/165/1775 457/908/1776
f 551/768/1777 553/205/1778 460/877/1779 458/383/1780
f 552/881/1781 554/783/1782 461/806/1783 459/165/1784
f 576/750/1785 555/630/1786 462/36/1787 451/805/1788
f 553/205/1789 556/802/1790 463/759/1791 460/877/1792
f 554/783/1793 557/387/1794 464/646/1795 461/806/1796
f 555/630/1797 558/100/1798 465/613/1799 462/36/1800
f 556/802/1801 559/171/1802 466/126/1803 463/759/1804
f 557/387/1805 560/649/1806 467/45/1807 464/646/1808
f 558/100/1809 561/793/1810 468/81/1811 465/613/1812
f 559/171/1813 562/623/1814 469/632/1815 466/126/1816
f 560/649/1817 563/958/1818 470/157/1819 467/45/1820
f 561/793/1821 564/1018/1822 471/489/1823 468/81/1824
f 562/623/1825 565/293/1826 472/193/1827 469/632/1828
f 563/958/1829 566/885/1830 473/172/1831 470/157/1832
f 564/1018/1833 567/15/1834 474/77/1835 471/489/1836
f 565/293/1837 576/190/1838 451/180/1839 472/193/1840
f 566/885/1841 568/851/1842 475/577/1843 473/172/1844
f 567/15/1845 569/712/1846 476/1041/1847 474/77/1848
f 568/851/1849 570/713/1850 477/767/1851 475/577/1852
f 569/712/1853 571/271/1854 478/594/1855 476/1041/1856
f 570/713/1857 572/272/1858 479/284/1859 477/767/1860
f 571/271/1861 573/686/1862 480/1015/1863 478/594/1864
f 572/272/1865 574/51/1866 449/665/1867 479/284/1868
f 573/686/1869 575/1037/1870 450/353/1871 480/1015/1872
f 608/743/1873 578/194/1874 482/490/1875 512/1016/1876
f 607/354/1877 577/938/1878 481/71/1879 511/556/1880
f 606/707/1881 608/743/1882 512/1016/1883 510/651/1884
f 605/766/1885 607/354/1886 511/556/1887 509/945/1888
f 604/38/1889 606/707/1890 510/651/1891 508/1042/1892
f 603/910/1893 605/766/1894 509/945/1895 507/156/1896
f 602/562/1897 604/38/1898 508/1042/1899 506/440/1900
f 601/298/1901 603/910/1902 507/156/1903 505/173/1904
f 600/373/1905 579/697/1906 483/580/1907 504/622/1908
f 599/465/1909 602/562/1910 506/440/1911 503/405/1912
f 598/832/1913 601/298/1914 505/173/1915 502/273/1916
f 597/742/1917 600/373/1918 504/622/1919 501/985/1920
f 596/203/1921 599/465/1922 503/405/1923 500/82/1924
f 595/313/1925 598/832/1926 502/273/1927 499/248/1928
f 594/235/1929 597/742/1930 501/985/1931 498/540/1932
f 593/595/1933 596/203/1934 500/82/1935 497/524/1936
f 592/814/1937 595/313/1938 499/248/1939 496/702/1940
f 591/928/1941 594/235/1942 498/540/1943 495/63/1944
f 590/675/1945 593/595/1946 497/524/1947 494/614/1948
f 589/903/1949 592/814/1950 496/702/1951 493/68/1952
f 588/394/1953 591/928/1954 495/63/1955 492/662/1956
f 579/264/1957 590/675/1958 494/614/1959 483/854/1960
f 587/288/1961 589/903/1962 493/68/1963 491/527/1964
f 586/571/1965 588/394/1966 492/662/1967 490/845/1968
f 585/1044/1969 587/288/1970 491/527/1971 489/253/1972
f 584/581/1973 586/571/1974 490/845/1975 488/884/1976
f 583/508/1977 585/1044/1978 489/253/1979 487/786/1980
f 582/29/1981 584/581/1982 488/884/1983 486/395/1984
f 581/753/1985 583/508/1986 487/786/1987 485/1003/1988
f 580/676/1989 582/29/1990 486/395/1991 484/943/1992
f 577/938/1993 580/676/1994 484/943/1995 481/71/1996
f 578/194/1997 581/753/1998 485/1003/1999 482/490/2000
f 448/1083/2001 419/1112/2002 543/274/2003 541/890/2004
f 447/1060/2005 417/1079/2006 542/818/2007 540/481/2008
f 446/1082/2009 448/1083/2010 541/890/2011 539/855/2012
f 445/1091/2013 447/1060/2014 540/481/2015 538/653/2016
f 444/1110/2017 446/1082/2018 539/855/2019 537/225/2020
f 443/1057/2021 445/1091/2022 538/653/2023 536/563/2024
f 442/1069/2025 444/1110/2026 537/225/2027 535/323/2028
f 441/1059/2029 443/1057/2030 536/563/2031 534/61/2032
f 440/1115/2033 429/1105/2034 544/448/2035 533/551/2036
f 439/1071/2037 442/1069/2038 535/323/2039 532/708/2040
f 438/1121/2041 441/1059/2042 534/61/2043 531/1045/2044
f 437/1092/2045 440/1115/2046 533/551/2047 530/841/2048
f 436/1118/2049 439/1071/2050 532/708/2051 529/329/2052
f 435/1088/2053 438/1121/2054 531/1045/2055 528/20/2056
f 434/1117/2057 437/1092/2058 530/841/2059 527/11/2060
f 433/1080/2061 436/1118/2062 529/329/2063 526/825/2064
f 432/1062/2065 435/1088/2066 528/20/2067 525/625/2068
f 431/1085/2069 434/1117/2070 527/11/2071 524/643/2072
f 430/1068/2073 433/1080/2074 526/825/2075 523/279/2076
f 428/1097/2077 432/1062/2078 525/625/2079 522/718/2080
f 427/1103/2081 431/1085/2082 524/643/2083 521/129/2084
f 429/1119/2085 430/1068/2086 523/279/2087 544/415/2088
f 426/1058/2089 428/1097/2090 522/718/2091 520/54/2092
f 425/1098/2093 427/1103/2094 521/129/2095 519/289/2096
f 424/1109/2097 426/1058/2098 520/54/2099 518/170/2100
f 423/1076/2101 425/1098/2102 519/289/2103 517/338/2104
f 422/1095/2105 424/1109/2106 518/170/2107 516/672/2108
f 421/1106/2109 423/1076/2110 517/338/2111 515/784/2112
f 420/1111/2113 422/1095/2114 516/672/2115 514/901/2116
f 418/1101/2117 421/1106/2118 515/784/2119 513/652/2120
f 417/1079/2121 418/1101/2122 513/652/2123 542/818/2124
f 419/1112/2125 420/1111/2126 514/901/2127 543/274/2128
f 512/1016/2129 482/490/2130 575/1037/2131 573/686/2132
f 511/556/2133 481/71/2134 574/51/2135 572/272/2136
f 510/651/2137 512/1016/2138 573/686/2139 571/271/2140
f 509/945/2141 511/556/2142 572/272/2143 570/713/2144
f 508/1042/2145 510/651/2146 571/271/2147 569/712/2148
f 507/156/2149 509/945/2150 570/713/2151 568/851/2152
f 506/440/2153 508/1042/2154 569/712/2155 567/15/2156
f 505/173/2157 507/156/2158 568/851/2159 566/885/2160
f 504/622/2161 483/580/2162 576/190/2163 565/293/2164
f 503/405/2165 506/440/2166 567/15/2167 564/1018/2168
f 502/273/2169 505/173/2170 566/885/2171 563/958/2172
f 501/985/2173 504/622/2174 565/293/2175 562/623/2176
f 500/82/2177 503/405/2178 564/1018/2179 561/793/2180
f 499/248/2181 502/273/2182 563/958/2183 560/649/2184
f 498/540/2185 501/985/2186 562/623/2187 559/171/2188
f 497/524/2189 500/82/2190 561/793/2191 558/100/2192
f 496/702/2193 499/248/2194 560/649/2195 557/387/2196
f 495/63/2197 498/540/2198 559/171/2199 556/802/2200
f 494/614/2201 497/524/2202 558/100/2203 555/630/2204
f 493/68/2205 496/702/2206 557/387/2207 554/783/2208
f 492/662/2209 495/63/2210 556/802/2211 553/205/2212
f 483/854/2213 494/614/2214 555/630/2215 576/750/2216
f 491/527/2217 493/68/2218 554/783/2219 552/881/2220
f 490/845/2221 492/662/2222 553/205/2223 551/768/2224
f 489/253/2225 491/527/2226 552/881/2227 550/979/2228
f 488/884/2229 490/845/2230 551/768/2231 549/523/2232
f 487/786/2233 489/253/2234 550/979/2235 548/436/2236
f 486/395/2237 488/884/2238 549/523/2239 547/1026/2240
f 485/1003/2241 487/786/2242 548/436/2243 546/698/2244
f 484/943/2245 486/395/2246 547/1026/2247 545/609/2248
f 481/71/2249 484/943/2250 545/609/2251 574/51/2252
f 482/490/2253 485/1003/2254 546/698/2255 575/1037/2256
f 190/592/2257 189/685/2258 524/643/2259 527/11/2260
f 163/136/2261 162/498/2262 523/279/2263 526/825/2264
f 176/199/2265 175/122/2266 522/718/2267 525/625/2268
f 524/643/2269 189/685/2270 188/673/2271 521/129/2272
f 523/279/2273 162/498/2274 161/155/2275 544/415/2276
f 522/718/2277 175/122/2278 174/128/2279 520/54/2280
f 521/129/2281 188/673/2282 187/732/2283 519/289/2284
f 520/54/2285 174/128/2286 173/866/2287 518/170/2288
f 519/289/2289 187/732/2290 186/693/2291 517/338/2292
f 518/170/2293 173/866/2294 172/316/2295 516/672/2296
f 517/338/2297 186/693/2298 185/785/2299 515/784/2300
f 516/672/2301 172/316/2302 171/483/2303 514/901/2304
f 515/784/2305 185/785/2306 184/570/2307 513/652/2308
f 514/901/2309 171/483/2310 170/342/2311 543/274/2312
f 513/652/2313 184/570/2314 183/969/2315 542/818/2316
f 543/274/2317 170/342/2318 169/579/2319 541/890/2320
f 542/818/2321 183/969/2322 182/561/2323 540/481/2324
f 541/890/2325 169/579/2326 168/5/2327 539/855/2328
f 540/481/2329 182/561/2330 181/647/2331 538/653/2332
f 539/855/2333 168/5/2334 167/72/2335 537/225/2336
f 538/653/2337 181/647/2338 180/1022/2339 536/563/2340
f 537/225/2341 167/72/2342 166/76/2343 535/323/2344
f 536/563/2345 180/1022/2346 179/231/2347 534/61/2348
f 544/448/2349 161/585/2350 192/431/2351 533/551/2352
f 535/323/2353 166/76/2354 165/1001/2355 532/708/2356
f 534/61/2357 179/231/2358 178/691/2359 531/1045/2360
f 533/551/2361 192/431/2362 191/480/2363 530/841/2364
f 532/708/2365 165/1001/2366 164/132/2367 529/329/2368
f 531/1045/2369 178/691/2370 177/138/2371 528/20/2372
f 530/841/2373 191/480/2374 190/592/2375 527/11/2376
f 529/329/2377 164/132/2378 163/136/2379 526/825/2380
f 528/20/2381 177/138/2382 176/199/2383 525/625/2384
f 394/201/2385 395/962/2386 581/753/2387 578/194/2388
f 407/900/2389 408/848/2390 580/676/2391 577/938/2392
f 408/848/2393 409/680/2394 582/29/2395 580/676/2396
f 395/962/2397 396/7/2398 583/508/2399 581/753/2400
f 409/680/2401 410/207/2402 584/581/2403 582/29/2404
f 396/7/2405 397/688/2406 585/1044/2407 583/508/2408
f 410/207/2409 411/599/2410 586/571/2411 584/581/2412
f 397/688/2413 398/341/2414 587/288/2415 585/1044/2416
f 411/599/2417 412/492/2418 588/394/2419 586/571/2420
f 398/341/2421 399/337/2422 589/903/2423 587/288/2424
f 385/1047/2425 386/917/2426 590/675/2427 579/264/2428
f 412/492/2429 413/423/2430 591/928/2431 588/394/2432
f 399/337/2433 400/502/2434 592/814/2435 589/903/2436
f 386/917/2437 387/967/2438 593/595/2439 590/675/2440
f 413/423/2441 414/366/2442 594/235/2443 591/928/2444
f 400/502/2445 401/142/2446 595/313/2447 592/814/2448
f 387/967/2449 388/351/2450 596/203/2451 593/595/2452
f 414/366/2453 415/228/2454 597/742/2455 594/235/2456
f 401/142/2457 402/966/2458 598/832/2459 595/313/2460
f 388/351/2461 389/808/2462 599/465/2463 596/203/2464
f 415/228/2465 416/1051/2466 600/373/2467 597/742/2468
f 402/966/2469 403/1040/2470 601/298/2471 598/832/2472
f 389/808/2473 390/292/2474 602/562/2475 599/465/2476
f 416/1051/2477 385/451/2478 579/697/2479 600/373/2480
f 403/1040/2481 404/1036/2482 603/910/2483 601/298/2484
f 390/292/2485 391/287/2486 604/38/2487 602/562/2488
f 404/1036/2489 405/950/2490 605/766/2491 603/910/2492
f 391/287/2493 392/987/2494 606/707/2495 604/38/2496
f 405/950/2497 406/888/2498 607/354/2499 605/766/2500
f 392/987/2501 393/399/2502 608/743/2503 606/707/2504
f 406/888/2505 407/900/2506 577/938/2507 607/354/2508
f 393/399/2509 394/201/2510 578/194/2511 608/743/2512
f 377/781/2513 379/301/2514 415/228/2515 414/366/2516
f 341/164/2517 343/717/2518 397/688/2519 396/7/2520
f 375/942/2521 377/781/2522 414/366/2523 413/423/2524
f 339/340/2525 341/164/2526 396/7/2527 395/962/2528
f 357/151/2529 359/308/2530 405/950/2531 404/1036/2532
f 321/350/2533 323/1012/2534 387/967/2535 386/917/2536
f 355/593/2537 357/151/2538 404/1036/2539 403/1040/2540
f 381/315/2541 321/350/2542 386/917/2543 385/1047/2544
f 373/1007/2545 375/942/2546 413/423/2547 412/492/2548
f 337/438/2549 339/340/2550 395/962/2551 394/201/2552
f 371/526/2553 373/1007/2554 412/492/2555 411/599/2556
f 335/998/2557 337/438/2558 394/201/2559 393/399/2560
f 353/683/2561 355/593/2562 403/1040/2563 402/966/2564
f 351/78/2565 353/683/2566 402/966/2567 401/142/2568
f 369/237/2569 371/526/2570 411/599/2571 410/207/2572
f 333/1014/2573 335/998/2574 393/399/2575 392/987/2576
f 367/762/2577 369/237/2578 410/207/2579 409/680/2580
f 331/410/2581 333/1014/2582 392/987/2583 391/287/2584
f 349/586/2585 351/78/2586 401/142/2587 400/502/2588
f 347/553/2589 349/586/2590 400/502/2591 399/337/2592
f 365/429/2593 367/762/2594 409/680/2595 408/848/2596
f 329/507/2597 331/410/2598 391/287/2599 390/292/2600
f 363/475/2601 365/429/2602 408/848/2603 407/900/2604
f 327/359/2605 329/507/2606 390/292/2607 389/808/2608
f 383/534/2609 381/321/2610 385/451/2611 416/1051/2612
f 345/940/2613 347/553/2614 399/337/2615 398/341/2616
f 379/301/2617 383/534/2618 416/1051/2619 415/228/2620
f 343/717/2621 345/940/2622 398/341/2623 397/688/2624
f 361/925/2625 363/475/2626 407/900/2627 406/888/2628
f 325/993/2629 327/359/2630 389/808/2631 388/351/2632
f 359/308/2633 361/925/2634 406/888/2635 405/950/2636
f 323/1012/2637 325/993/2638 388/351/2639 387/967/2640
f 724/564/2641 673/209/2642 297/821/2643 296/931/2644
f 726/363/2645 677/70/2646 306/239/2647 305/267/2648
f 728/245/2649 681/568/2650 315/60/2651 314/934/2652
f 730/751/2653 685/689/2654 293/377/2655 292/552/2656
f 732/984/2657 689/365/2658 302/1032/2659 301/872/2660
f 734/957/2661 693/92/2662 311/770/2663 310/725/2664
f 701/690/2665 697/842/2666 289/926/2667 320/896/2668
f 615/582/2669 623/847/2670 699/495/2671 698/828/2672
f 635/134/2673 610/46/2674 678/412/2675 725/179/2676
f 636/771/2677 611/95/2678 682/831/2679 727/1053/2680
f 637/1027/2681 612/739/2682 686/12/2683 729/211/2684
f 638/339/2685 613/1056/2686 690/334/2687 731/447/2688
f 639/25/2689 614/740/2690 694/432/2691 733/809/2692
f 616/381/2693 615/907/2694 698/799/2695 702/964/2696
f 640/1052/2697 616/381/2698 702/964/2699 735/250/2700
f 625/803/2701 632/656/2702 719/817/2703 705/566/2704
f 626/849/2705 633/787/2706 721/629/2707 707/96/2708
f 627/548/2709 634/240/2710 723/1009/2711 709/858/2712
f 628/941/2713 635/134/2714 725/179/2715 711/178/2716
f 629/788/2717 636/771/2718 727/1053/2719 713/589/2720
f 630/529/2721 637/1027/2722 729/211/2723 715/198/2724
f 631/873/2725 638/339/2726 731/447/2727 717/545/2728
f 632/656/2729 639/25/2730 733/809/2731 719/817/2732
f 633/787/2733 640/1052/2734 735/250/2735 721/629/2736
f 742/200/2737 822/10/2738 823/8/2739 750/772/2740
f 609/421/2741 617/558/2742 675/1017/2743 674/615/2744
f 610/46/2745 618/790/2746 679/280/2747 678/412/2748
f 611/95/2749 619/256/2750 683/572/2751 682/831/2752
f 612/739/2753 620/80/2754 687/856/2755 686/12/2756
f 613/1056/2757 621/939/2758 691/98/2759 690/334/2760
f 614/740/2761 622/986/2762 695/159/2763 694/432/2764
f 624/23/2765 631/873/2766 717/545/2767 703/254/2768
f 736/1054/2769 701/690/2770 320/896/2771 319/58/2772
f 693/92/2773 696/396/2774 312/510/2775 311/770/2776
f 689/365/2777 692/696/2778 303/774/2779 302/1032/2780
f 685/689/2781 688/275/2782 294/494/2783 293/377/2784
f 681/568/2785 684/703/2786 316/590/2787 315/60/2788
f 677/70/2789 680/758/2790 307/450/2791 306/239/2792
f 673/209/2793 676/461/2794 298/19/2795 297/821/2796
f 722/846/2797 736/1054/2798 319/58/2799 318/427/2800
f 720/1039/2801 734/957/2802 310/725/2803 309/176/2804
f 718/970/2805 732/984/2806 301/872/2807 300/244/2808
f 716/714/2809 730/751/2810 292/552/2811 291/348/2812
f 714/994/2813 728/245/2814 314/934/2815 313/779/2816
f 712/667/2817 726/363/2818 305/267/2819 304/948/2820
f 710/398/2821 724/564/2822 296/931/2823 295/28/2824
f 708/669/2825 722/846/2826 318/427/2827 317/192/2828
f 706/42/2829 720/1039/2830 309/176/2831 308/919/2832
f 704/433/2833 718/970/2834 300/244/2835 299/64/2836
f 700/730/2837 716/714/2838 291/348/2839 290/491/2840
f 696/396/2841 714/994/2842 313/779/2843 312/510/2844
f 692/696/2845 712/667/2846 304/948/2847 303/774/2848
f 688/275/2849 710/398/2850 295/28/2851 294/494/2852
f 684/703/2853 708/669/2854 317/192/2855 316/590/2856
f 680/758/2857 706/42/2858 308/919/2859 307/450/2860
f 676/461/2861 704/433/2862 299/64/2863 298/19/2864
f 697/453/2865 700/730/2866 290/491/2867 289/705/2868
f 623/847/2869 630/529/2870 715/198/2871 699/495/2872
f 622/986/2873 629/788/2874 713/589/2875 695/159/2876
f 621/939/2877 628/941/2878 711/178/2879 691/98/2880
f 620/80/2881 627/548/2882 709/858/2883 687/856/2884
f 619/256/2885 626/849/2886 707/96/2887 683/572/2888
f 618/790/2889 625/803/2890 705/566/2891 679/280/2892
f 617/558/2893 624/23/2894 703/254/2895 675/1017/2896
f 338/557/2897 340/735/2898 617/558/2899 609/421/2900
f 356/933/2901 358/747/2902 618/790/2903 610/46/2904
f 374/276/2905 376/897/2906 619/256/2907 611/95/2908
f 330/1013/2909 332/736/2910 620/80/2911 612/739/2912
f 348/679/2913 350/1035/2914 621/939/2915 613/1056/2916
f 366/13/2917 368/704/2918 622/986/2919 614/740/2920
f 322/317/2921 324/694/2922 623/847/2923 615/582/2924
f 384/535/2925 322/918/2926 615/907/2927 616/381/2928
f 340/735/2929 342/356/2930 624/23/2931 617/558/2932
f 358/747/2933 360/49/2934 625/803/2935 618/790/2936
f 376/897/2937 378/166/2938 626/849/2939 619/256/2940
f 332/736/2941 334/232/2942 627/548/2943 620/80/2944
f 350/1035/2945 352/50/2946 628/941/2947 621/939/2948
f 368/704/2949 370/541/2950 629/788/2951 622/986/2952
f 324/694/2953 326/382/2954 630/529/2955 623/847/2956
f 342/356/2957 344/386/2958 631/873/2959 624/23/2960
f 360/49/2961 362/865/2962 632/656/2963 625/803/2964
f 378/166/2965 380/114/2966 633/787/2967 626/849/2968
f 334/232/2969 336/995/2970 634/240/2971 627/548/2972
f 352/50/2973 354/246/2974 635/134/2975 628/941/2976
f 370/541/2977 372/695/2978 636/771/2979 629/788/2980
f 326/382/2981 328/278/2982 637/1027/2983 630/529/2984
f 344/386/2985 346/935/2986 638/339/2987 631/873/2988
f 362/865/2989 364/409/2990 639/25/2991 632/656/2992
f 380/114/2993 382/701/2994 640/1052/2995 633/787/2996
f 336/995/2997 338/557/2998 609/421/2999 634/240/3000
f 354/246/3001 356/933/3002 610/46/3003 635/134/3004
f 372/695/3005 374/276/3006 611/95/3007 636/771/3008
f 328/278/3009 330/1013/3010 612/739/3011 637/1027/3012
f 346/935/3013 348/679/3014 613/1056/3015 638/339/3016
f 364/409/3017 366/13/3018 614/740/3019 639/25/3020
f 382/701/3021 384/535/3022 616/381/3023 640/1052/3024
f 254/102/3025 183/969/3026 184/570/3027 225/296/3028
f 225/296/3029 184/570/3030 185/785/3031 227/449/3032
f 86/513/3033 671/335/3034 641/978/3035 87/484/3036
f 69/906/3037 663/813/3038 666/776/3039 70/1031/3040
f 80/716/3041 656/604/3042 659/270/3043 81/644/3044
f 66/829/3045 654/88/3046 657/664/3047 67/824/3048
f 72/722/3049 670/912/3050 672/601/3051 73/860/3052
f 82/380/3053 662/233/3054 665/135/3055 83/724/3056
f 92/876/3057 652/914/3058 655/1/3059 93/140/3060
f 78/871/3061 651/311/3062 653/930/3063 79/870/3064
f 74/804/3065 642/347/3066 645/909/3067 75/949/3068
f 90/1023/3069 648/575/3070 650/504/3071 91/2/3072
f 89/1048/3073 646/961/3074 648/575/3075 90/1023/3076
f 88/522/3077 644/837/3078 646/961/3079 89/1048/3080
f 70/1031/3081 666/776/3082 668/368/3083 71/1030/3084
f 73/860/3085 672/601/3086 642/347/3087 74/804/3088
f 96/822/3089 664/477/3090 643/283/3091 65/636/3092
f 818/242/3093 859/299/3094 870/111/3095 869/419/3096
f 892/320/3097 871/715/3098 813/103/3099 816/457/3100
f 873/583/3101 874/844/3102 856/754/3103 809/144/3104
f 810/932/3105 855/637/3106 874/844/3107 873/583/3108
f 837/741/3109 815/723/3110 892/320/3111 885/810/3112
f 881/1038/3113 888/920/3114 832/902/3115 846/83/3116
f 52/349/3117 764/306/3118 739/109/3119 54/121/3120
f 804/624/3121 298/19/3122 299/64/3123 832/902/3124
f 38/391/3125 746/300/3126 753/659/3127 40/791/3128
f 862/372/3129 310/725/3130 311/770/3131 821/612/3132
f 764/306/3133 855/637/3134 810/932/3135 739/109/3136
f 755/425/3137 837/741/3138 851/879/3139 762/43/3140
f 845/454/3141 831/141/3142 888/920/3143 881/1038/3144
f 883/670/3145 890/830/3146 824/867/3147 842/473/3148
f 813/103/3149 293/377/3150 294/494/3151 816/457/3152
f 826/587/3153 830/607/3154 865/266/3155 896/997/3156
f 894/746/3157 875/506/3158 805/597/3159 808/899/3160
f 877/633/3161 878/525/3162 852/1025/3163 801/729/3164
f 828/147/3165 290/491/3166 291/348/3167 844/1006/3168
f 10/455/3169 740/661/3170 748/916/3171 12/124/3172
f 8/628/3173 765/886/3174 740/661/3175 10/455/3176
f 747/955/3177 811/991/3178 835/1010/3179 754/291/3180
f 60/889/3181 761/322/3182 768/1005/3183 62/687/3184
f 738/671/3185 806/1055/3186 807/196/3187 746/300/3188
f 759/682/3189 845/454/3190 859/299/3191 766/139/3192
f 842/473/3193 313/779/3194 314/934/3195 856/754/3196
f 769/1004/3197 701/690/3198 736/1054/3199 770/219/3200
f 771/393/3201 693/92/3202 734/957/3203 772/862/3204
f 773/86/3205 689/365/3206 732/984/3207 774/863/3208
f 775/330/3209 685/689/3210 730/751/3211 776/764/3212
f 777/796/3213 681/568/3214 728/245/3215 778/611/3216
f 779/229/3217 677/70/3218 726/363/3219 780/638/3220
f 781/947/3221 673/209/3222 724/564/3223 782/904/3224
f 770/219/3225 736/1054/3226 722/846/3227 783/960/3228
f 772/862/3229 734/957/3230 720/1039/3231 784/247/3232
f 774/863/3233 732/984/3234 718/970/3235 785/493/3236
f 776/764/3237 730/751/3238 716/714/3239 786/565/3240
f 778/611/3241 728/245/3242 714/994/3243 787/265/3244
f 780/638/3245 726/363/3246 712/667/3247 788/404/3248
f 782/904/3249 724/564/3250 710/398/3251 789/530/3252
f 783/960/3253 722/846/3254 708/669/3255 790/923/3256
f 784/247/3257 720/1039/3258 706/42/3259 791/840/3260
f 785/493/3261 718/970/3262 704/433/3263 792/567/3264
f 786/565/3265 716/714/3266 700/730/3267 793/852/3268
f 787/265/3269 714/994/3270 696/396/3271 794/463/3272
f 788/404/3273 712/667/3274 692/696/3275 795/364/3276
f 789/530/3277 710/398/3278 688/275/3279 796/1028/3280
f 790/923/3281 708/669/3282 684/703/3283 797/731/3284
f 791/840/3285 706/42/3286 680/758/3287 798/469/3288
f 792/567/3289 704/433/3290 676/461/3291 799/1019/3292
f 800/509/3293 697/842/3294 701/690/3295 769/1004/3296
f 793/852/3297 700/730/3298 697/453/3299 800/544/3300
f 794/463/3301 696/396/3302 693/92/3303 771/393/3304
f 795/364/3305 692/696/3306 689/365/3307 773/86/3308
f 796/1028/3309 688/275/3310 685/689/3311 775/330/3312
f 797/731/3313 684/703/3314 681/568/3315 777/796/3316
f 798/469/3317 680/758/3318 677/70/3319 779/229/3320
f 799/1019/3321 676/461/3322 673/209/3323 781/947/3324
f 634/240/3325 609/421/3326 674/615/3327 723/1009/3328
f 675/1017/3329 799/1019/3330 781/947/3331 674/615/3332
f 679/280/3333 798/469/3334 779/229/3335 678/412/3336
f 683/572/3337 797/731/3338 777/796/3339 682/831/3340
f 687/856/3341 796/1028/3342 775/330/3343 686/12/3344
f 691/98/3345 795/364/3346 773/86/3347 690/334/3348
f 695/159/3349 794/463/3350 771/393/3351 694/432/3352
f 699/495/3353 793/852/3354 800/544/3355 698/828/3356
f 698/799/3357 800/509/3358 769/1004/3359 702/964/3360
f 703/254/3361 792/567/3362 799/1019/3363 675/1017/3364
f 705/566/3365 791/840/3366 798/469/3367 679/280/3368
f 707/96/3369 790/923/3370 797/731/3371 683/572/3372
f 709/858/3373 789/530/3374 796/1028/3375 687/856/3376
f 711/178/3377 788/404/3378 795/364/3379 691/98/3380
f 713/589/3381 787/265/3382 794/463/3383 695/159/3384
f 715/198/3385 786/565/3386 793/852/3387 699/495/3388
f 717/545/3389 785/493/3390 792/567/3391 703/254/3392
f 719/817/3393 784/247/3394 791/840/3395 705/566/3396
f 721/629/3397 783/960/3398 790/923/3399 707/96/3400
f 723/1009/3401 782/904/3402 789/530/3403 709/858/3404
f 725/179/3405 780/638/3406 788/404/3407 711/178/3408
f 727/1053/3409 778/611/3410 787/265/3411 713/589/3412
f 729/211/3413 776/764/3414 786/565/3415 715/198/3416
f 731/447/3417 774/863/3418 785/493/3419 717/545/3420
f 733/809/3421 772/862/3422 784/247/3423 719/817/3424
f 735/250/3425 770/219/3426 783/960/3427 721/629/3428
f 674/615/3429 781/947/3430 782/904/3431 723/1009/3432
f 678/412/3433 779/229/3434 780/638/3435 725/179/3436
f 682/831/3437 777/796/3438 778/611/3439 727/1053/3440
f 686/12/3441 775/330/3442 776/764/3443 729/211/3444
f 690/334/3445 773/86/3446 774/863/3447 731/447/3448
f 694/432/3449 771/393/3450 772/862/3451 733/809/3452
f 702/964/3453 769/1004/3454 770/219/3455 735/250/3456
f 863/212/3457 849/528/3458 879/221/3459 866/971/3460
f 855/637/3461 841/485/3462 883/670/3463 874/844/3464
f 847/749/3465 833/487/3466 887/16/3467 880/954/3468
f 839/26/3469 819/1011/3470 891/674/3471 884/710/3472
f 831/141/3473 803/816/3474 895/374/3475 888/920/3476
f 819/1011/3477 818/242/3478 869/419/3479 891/674/3480
f 822/10/3481 861/258/3482 868/110/3483 867/699/3484
f 830/607/3485 863/212/3486 866/971/3487 865/266/3488
f 802/569/3489 851/879/3490 878/525/3491 877/633/3492
f 857/130/3493 843/1020/3494 882/700/3495 872/358/3496
f 849/528/3497 835/1010/3498 886/183/3499 879/221/3500
f 841/485/3501 823/8/3502 890/830/3503 883/670/3504
f 833/487/3505 807/196/3506 894/746/3507 887/16/3508
f 823/8/3509 822/10/3510 867/699/3511 890/830/3512
f 811/991/3513 810/932/3514 873/583/3515 893/891/3516
f 803/816/3517 802/569/3518 877/633/3519 895/374/3520
f 895/374/3521 877/633/3522 801/729/3523 804/624/3524
f 893/891/3525 873/583/3526 809/144/3527 812/24/3528
f 891/674/3529 869/419/3530 817/537/3531 820/44/3532
f 889/478/3533 896/823/3534 825/924/3535 828/147/3536
f 888/920/3537 895/374/3538 804/624/3539 832/902/3540
f 886/183/3541 893/891/3542 812/24/3543 836/812/3544
f 884/710/3545 891/674/3546 820/44/3547 840/811/3548
f 882/700/3549 889/478/3550 828/147/3551 844/1006/3552
f 880/954/3553 887/16/3554 834/218/3555 848/518/3556
f 878/525/3557 885/810/3558 838/869/3559 852/1025/3560
f 874/844/3561 883/670/3562 842/473/3563 856/754/3564
f 870/111/3565 881/1038/3566 846/83/3567 860/99/3568
f 866/971/3569 879/221/3570 850/303/3571 864/263/3572
f 875/506/3573 876/657/3574 854/531/3575 805/597/3576
f 871/715/3577 872/358/3578 858/116/3579 813/103/3580
f 867/699/3581 868/110/3582 862/372/3583 821/612/3584
