# This file uses centimeters as units for non-parametric coordinates.

mtllib Watertower.mtl
g default
v 72.440315 113.487236 63.486488
v 72.960800 122.250969 63.168022
v 72.434464 113.409111 60.467125
v 73.094978 122.177101 60.148651
v -73.835365 109.233772 63.486488
v -72.149437 118.029091 63.168022
v -73.850380 109.155434 60.467125
v -72.164467 117.950691 60.148651
v 18.119543 344.249786 -62.060326
v 18.119543 346.091156 -62.060326
v 45.787640 344.249786 -62.060326
v 45.787640 346.091156 -62.060326
v 18.119543 344.249786 61.807636
v 18.119543 346.091156 61.807636
v 46.051399 344.249786 61.807636
v 46.066422 346.091156 61.807636
v 45.787640 344.249786 20.518267
v 45.787640 344.249786 -20.771030
v 45.787640 346.091156 -20.771030
v 45.787640 346.091156 20.518267
v 18.119543 344.249786 -20.771030
v 18.119543 344.249786 20.518267
v 18.119543 346.091156 20.518267
v 18.119543 346.091156 -20.771030
v 53.926846 346.152985 -16.094692
v 46.528927 346.152985 -30.613922
v 35.006386 346.152985 -42.136456
v 20.487137 346.152985 -49.534374
v 4.392446 346.152985 -52.083538
v -11.702255 346.152985 -49.534370
v -26.221474 346.152985 -42.136444
v -37.744003 346.152985 -30.613920
v -45.141918 346.152985 -16.094685
v -47.691086 346.152985 0.000008
v -45.141918 346.152985 16.094700
v -37.744003 346.152985 30.613935
v -26.221470 346.152985 42.136456
v -11.702248 346.152985 49.534370
v 4.392444 346.152985 52.083534
v 20.487137 346.152985 49.534367
v 35.006371 346.152985 42.136456
v 46.528893 346.152985 30.613935
v 53.926811 346.152985 16.094700
v 56.475956 346.152985 0.000008
v 53.926846 351.152008 -16.094692
v 46.528927 351.152008 -30.613922
v 35.006386 351.152008 -42.136456
v 20.487137 351.152008 -49.534374
v 4.392446 351.152008 -52.083538
v -11.702255 351.152008 -49.534370
v -26.221474 351.152008 -42.136444
v -37.744003 351.152008 -30.613920
v -45.141918 351.152008 -16.094685
v -47.691086 351.152008 0.000008
v -45.141918 351.152008 16.094700
v -37.744003 351.152008 30.613935
v -26.221470 351.152008 42.136456
v -11.702248 351.152008 49.534370
v 4.392444 351.152008 52.083534
v 20.487137 351.152008 49.534367
v 35.006371 351.152008 42.136456
v 46.528893 351.152008 30.613935
v 53.926811 351.152008 16.094700
v 56.475956 351.152008 0.000008
v 4.392446 346.152985 0.000008
v 50.095718 351.152008 -14.849883
v 43.269981 351.152008 -28.246170
v 4.392445 351.152008 0.000007
v 32.638626 351.152008 -38.877514
v 19.242332 351.152008 -45.703255
v 4.392445 351.152008 -48.055248
v -10.457449 351.152008 -45.703255
v -23.853716 351.152008 -38.877502
v -34.485062 351.152008 -28.246161
v -41.310806 351.152008 -14.849880
v -43.662796 351.152008 0.000007
v -41.310806 351.152008 14.849895
v -34.485062 351.152008 28.246162
v -23.853714 351.152008 38.877510
v -10.457443 351.152008 45.703255
v 4.392444 351.152008 48.055244
v 19.242329 351.152008 45.703251
v 32.638611 351.152008 38.877510
v 43.269947 351.152008 28.246162
v 50.095699 351.152008 14.849891
v 52.447685 351.152008 0.000007
v 57.363071 377.525757 -17.211187
v 49.451958 377.525757 -32.737633
v 45.966930 377.525757 -30.205616
v 53.266178 377.525757 -15.880031
v 37.130093 377.525757 -45.059486
v 34.598076 377.525757 -41.574478
v 21.603636 377.525757 -52.970600
v 20.272476 377.525757 -48.873714
v 4.392447 377.525757 -55.696598
v 4.392446 377.525757 -51.388866
v -12.818750 377.525757 -52.970600
v -11.487589 377.525757 -48.873714
v -28.345181 377.525757 -45.059471
v -25.813164 377.525757 -41.574463
v -40.667030 377.525757 -32.737617
v -37.182014 377.525757 -30.205608
v -48.578156 377.525757 -17.211180
v -44.481266 377.525757 -15.880022
v -51.304142 377.525757 0.000008
v -46.996414 377.525757 0.000008
v -48.578156 377.525757 17.211195
v -44.481266 377.525757 15.880037
v -40.667030 377.525757 32.737633
v -37.182014 377.525757 30.205624
v -28.345173 377.525757 45.059483
v -25.813164 377.525757 41.574467
v -12.818743 377.525757 52.970604
v -11.487589 377.525757 48.873714
v 4.392445 377.525757 55.696594
v 4.392444 377.525757 51.388866
v 21.603630 377.525757 52.970604
v 20.272472 377.525757 48.873711
v 37.130070 377.525757 45.059479
v 34.598061 377.525757 41.574463
v 49.451912 377.525757 32.737633
v 45.966896 377.525757 30.205624
v 57.363041 377.525757 17.211195
v 53.266151 377.525757 15.880033
v 60.089005 377.525757 0.000008
v 55.781296 377.525757 0.000008
v 57.363071 410.163147 -17.211187
v 49.451958 410.163147 -32.737633
v 45.966930 410.163147 -30.205616
v 53.266178 410.163147 -15.880031
v 37.130093 410.163147 -45.059486
v 34.598076 410.163147 -41.574478
v 21.603636 410.163147 -52.970600
v 20.272476 410.163147 -48.873714
v 4.392447 410.163147 -55.696598
v 4.392446 410.163147 -51.388866
v -12.818750 410.163147 -52.970600
v -11.487589 410.163147 -48.873714
v -28.345181 410.163147 -45.059471
v -25.813164 410.163147 -41.574463
v -40.667030 410.163147 -32.737617
v -37.182014 410.163147 -30.205608
v -48.578156 410.163147 -17.211180
v -44.481266 410.163147 -15.880022
v -51.304142 410.163147 0.000008
v -46.996414 410.163147 0.000008
v -48.578156 410.163147 17.211195
v -44.481266 410.163147 15.880037
v -40.667030 410.163147 32.737633
v -37.182014 410.163147 30.205624
v -28.345173 410.163147 45.059483
v -25.813164 410.163147 41.574467
v -12.818743 410.163147 52.970604
v -11.487589 410.163147 48.873714
v 4.392445 410.163147 55.696594
v 4.392444 410.163147 51.388866
v 21.603630 410.163147 52.970604
v 20.272472 410.163147 48.873711
v 37.130070 410.163147 45.059479
v 34.598061 410.163147 41.574463
v 49.451912 410.163147 32.737633
v 45.966896 410.163147 30.205624
v 57.363041 410.163147 17.211195
v 53.266151 410.163147 15.880033
v 60.089005 410.163147 0.000008
v 55.781296 410.163147 0.000008
v 52.830715 442.548340 -15.738539
v 45.596508 442.548340 -29.936485
v 42.409672 442.548340 -27.621119
v 49.084370 442.548340 -14.521280
v 34.328941 442.548340 -41.204037
v 32.013573 442.548340 -38.017220
v 20.130985 442.548340 -48.438248
v 18.913725 442.548340 -44.691910
v 4.392445 442.548340 -50.931000
v 4.392445 442.548340 -46.991852
v -11.346102 442.548340 -48.438248
v -10.128839 442.548340 -44.691910
v -25.544039 442.548340 -41.204021
v -23.228670 442.548340 -38.017204
v -36.811584 442.548340 -29.936474
v -33.624760 442.548340 -27.621109
v -44.045807 442.548340 -15.738531
v -40.299461 442.548340 -14.521273
v -46.538548 442.548340 0.000007
v -42.599403 442.548340 0.000007
v -44.045807 442.548340 15.738546
v -40.299461 442.548340 14.521286
v -36.811584 442.548340 29.936485
v -33.624760 442.548340 27.621122
v -25.544029 442.548340 41.204037
v -23.228670 442.548340 38.017208
v -11.346094 442.548340 48.438251
v -10.128838 442.548340 44.691910
v 4.392444 442.548340 50.930996
v 4.392443 442.548340 46.991852
v 20.130980 442.548340 48.438251
v 18.913719 442.548340 44.691906
v 34.328922 442.548340 41.204033
v 32.013561 442.548340 38.017208
v 45.596466 442.548340 29.936485
v 42.409641 442.548340 27.621122
v 52.830688 442.548340 15.738544
v 49.084347 442.548340 14.521281
v 55.323414 442.548340 0.000007
v 51.384285 442.548340 0.000007
v -59.619225 0.436036 56.154408
v -46.308056 345.333557 40.781910
v -51.334190 0.302241 56.026073
v -36.421112 345.003113 41.107891
v -60.078217 0.000000 64.770103
v -45.877617 344.903046 50.564396
v -51.293800 0.262769 64.489044
v -36.757153 344.689728 50.366894
v 67.914505 115.896515 -60.312195
v 67.230156 124.411591 -59.736210
v 64.901161 115.691803 -60.328144
v 64.217201 124.208099 -59.864471
v 67.503120 114.797516 57.041389
v 66.822151 123.319092 56.682125
v 64.489754 114.592804 57.032814
v 63.808784 123.114349 56.673534
v 32.749729 337.659882 -62.661194
v 32.749729 340.368347 -62.661194
v 38.715046 337.659882 -62.661194
v 38.715046 340.368347 -62.661194
v 32.749729 337.659882 62.338207
v 32.749729 340.368347 62.338207
v 38.715046 337.659882 62.338207
v 38.715046 340.368347 62.338207
v 71.919792 344.496674 58.237644
v 71.919792 340.279755 58.237644
v -65.190811 344.496674 58.237644
v -65.190811 340.279755 58.237644
v 71.919792 344.496674 55.434559
v 71.919792 340.279755 55.434559
v -65.190811 344.496674 55.434559
v -65.190811 340.279755 55.434559
v -38.400597 344.249786 -62.060326
v -38.400597 346.091156 -62.060326
v -38.168510 344.249786 61.807636
v -38.152355 346.091156 61.807636
v -38.400597 344.249786 20.518267
v -38.400597 344.249786 -20.771030
v -38.400597 346.091156 -20.771030
v -38.400597 346.091156 20.518267
v -66.068687 344.249786 -20.771030
v -66.068687 344.249786 20.518267
v -65.977913 346.091156 20.518267
v -65.887131 346.091156 -20.771030
v -66.068687 344.249786 -61.070335
v -65.067924 344.249786 -62.060326
v -65.775597 344.249786 -61.770416
v -65.078697 344.249786 61.807636
v -66.068687 344.249786 60.817574
v -65.778709 344.249786 61.517651
v -66.066559 346.091156 60.817574
v -65.078697 346.091156 61.807636
v -65.778069 346.091156 61.517651
v -64.795517 346.091156 -62.060326
v -65.798477 346.091156 -61.070335
v -65.503815 346.091156 -61.770416
v -59.596474 0.455524 -64.541046
v -45.407070 344.405487 -50.346680
v -51.504551 0.479122 -64.519569
v -36.968758 344.484070 -50.418964
v -59.846413 0.214793 -56.191669
v -45.734398 344.745514 -41.639439
v -51.713112 0.703553 -56.657753
v -36.893921 344.556732 -41.833466
v 71.919792 344.496674 -55.796879
v 71.919792 340.279755 -55.796879
v -65.190811 344.496674 -55.796879
v -65.190811 340.279755 -55.796879
v 71.919792 344.496674 -58.599892
v 71.919792 340.279755 -58.599892
v -65.190811 344.496674 -58.599892
v -65.190811 340.279755 -58.599892
v 60.906723 0.279990 56.005096
v 46.704849 344.351471 41.798046
v 69.488541 0.167455 55.892845
v 55.004337 344.413666 41.727962
v 60.645020 0.014031 64.744514
v 46.692024 344.357941 50.043179
v 69.567413 0.098645 64.665710
v 54.939068 344.340302 50.032269
v -38.005947 344.249786 -62.060326
v -38.136551 346.091156 -62.060326
v -10.337851 344.249786 -62.060326
v -10.186342 346.091156 -62.060326
v -38.005947 344.249786 61.807636
v -38.005947 346.091156 61.807636
v -10.337851 344.249786 61.807636
v -10.070263 346.091156 61.807636
v -10.337851 344.249786 20.518267
v -10.337851 344.249786 -20.771030
v -10.236868 346.091156 -20.771030
v -10.287395 346.091156 20.518267
v -38.005947 344.249786 -20.771030
v -38.005947 344.249786 20.518267
v -38.049458 346.091156 20.518267
v -38.093040 346.091156 -20.771030
v -9.943201 344.249786 -62.060326
v -9.943201 346.091156 -62.060326
v 17.724892 344.249786 -62.060326
v 17.892845 346.091156 -62.060326
v -9.943201 344.249786 61.807636
v -9.943201 346.091156 61.807636
v 17.724892 344.249786 61.807636
v 17.978874 346.091156 61.807636
v 17.724892 344.249786 20.518267
v 17.724892 344.249786 -20.771030
v 17.724892 346.091156 -20.771030
v 17.724892 346.091156 20.518267
v -9.943201 344.249786 -20.771030
v -9.943201 344.249786 20.518267
v -9.943201 346.091156 20.518267
v -9.943201 346.091156 -20.771030
v 71.919792 344.496674 1.220383
v 71.919792 340.279755 1.220383
v -65.190811 344.496674 1.220383
v -65.190811 340.279755 1.220383
v 71.919792 344.496674 -1.582632
v 71.919792 340.279755 -1.582632
v -65.190811 344.496674 -1.582632
v -65.190811 340.279755 -1.582632
v 69.125732 442.764069 -20.399323
v 59.749187 442.764069 -38.801830
v 45.144878 442.764069 -53.406136
v 26.742369 442.764069 -62.782673
v 6.343040 442.764069 -66.013603
v -14.056288 442.764069 -62.782669
v -32.458790 442.764069 -53.406128
v -47.063091 442.764069 -38.801819
v -56.439625 442.764069 -20.399315
v -59.670563 442.764069 0.000008
v -56.439625 442.764069 20.399330
v -47.063087 442.764069 38.801830
v -32.458782 442.764069 53.406132
v -14.056282 442.764069 62.782665
v 6.343039 442.764069 66.013603
v 26.742357 442.764069 62.782661
v 45.144848 442.764069 53.406128
v 59.749157 442.764069 38.801819
v 69.125687 442.764069 20.399326
v 72.356621 442.764069 0.000008
v 6.343040 473.172394 0.000008
v -27.131630 337.659882 -62.661194
v -27.131630 340.368347 -62.661194
v -21.166317 337.659882 -62.661194
v -21.166317 340.368347 -62.661194
v -27.131630 337.659882 62.338207
v -27.131630 340.368347 62.338207
v -21.166317 337.659882 62.338207
v -21.166317 340.368347 62.338207
v 45.973660 344.249786 -62.060326
v 45.974014 346.091156 -62.060326
v 46.182358 344.249786 61.807636
v 46.182358 346.091156 61.807636
v 73.850380 344.249786 20.518267
v 73.850380 344.249786 -20.771030
v 73.850380 346.091156 -20.771030
v 73.850380 346.091156 20.518267
v 46.182358 344.249786 -20.771030
v 46.182358 344.249786 20.518267
v 46.182358 346.091156 20.518267
v 46.182358 346.091156 -20.771030
v 72.860390 344.249786 -62.060326
v 73.850380 344.249786 -61.070335
v 73.560471 344.249786 -61.770416
v 73.850380 346.091156 -61.070335
v 72.860390 346.091156 -62.060326
v 73.560471 346.091156 -61.770416
v 73.850380 344.249786 60.817574
v 72.860390 344.249786 61.807636
v 73.560471 344.249786 61.517651
v 72.860390 346.091156 61.807636
v 73.850380 346.091156 60.817574
v 73.560471 346.091156 61.517651
v 2.809048 337.659882 -62.661194
v 2.809048 340.368347 -62.661194
v 8.774365 337.659882 -62.661194
v 8.774365 340.368347 -62.661194
v 2.809048 337.659882 62.338207
v 2.809048 340.368347 62.338207
v 8.774365 337.659882 62.338207
v 8.774365 340.368347 62.338207
v 60.924793 0.301249 -64.702194
v 46.432800 344.610016 -50.541775
v 69.221161 0.426043 -64.572227
v 55.145355 344.558411 -50.491322
v 60.809216 0.176739 -56.160278
v 46.722919 344.334412 -42.068810
v 69.206284 0.442272 -56.413265
v 55.002708 344.411926 -41.982422
v 63.678162 210.345078 -59.741592
v 62.993805 218.877213 -59.944054
v 60.664814 210.139755 -59.738815
v 59.980854 218.662918 -60.053238
v 63.266769 219.946091 57.223755
v 62.585808 228.399490 56.089340
v 60.253407 219.741455 57.233871
v 59.572433 228.194794 56.099449
v -58.534645 115.896515 -60.312195
v -57.850296 124.411591 -59.736210
v -55.521301 115.691803 -60.328144
v -54.837341 124.208099 -59.864471
v -58.123260 114.797516 57.041389
v -57.442291 123.319092 56.682125
v -55.109894 114.592804 57.032814
v -54.428925 123.114349 56.673534
v -53.942112 210.343521 58.761623
v -53.443573 218.885010 58.443153
v -53.945583 210.267410 55.742256
v -53.559368 218.809052 55.423786
v 63.417347 210.344650 58.761623
v 62.980602 218.883881 58.443153
v 63.421246 210.268616 55.742256
v 62.984501 218.807770 55.423786
v 64.979248 200.129166 -58.761608
v 65.984741 208.625900 -58.443138
v 64.969322 200.053619 -55.742241
v 66.085449 208.530853 -55.423771
v -50.565125 220.689804 -58.761608
v -48.639198 229.020477 -58.443138
v -50.582283 220.615631 -55.742241
v -48.656372 228.946228 -55.423771
v -53.942112 304.556122 -54.676022
v -53.443573 313.097626 -54.357552
v -53.945583 304.480011 -51.656654
v -53.559368 313.021667 -51.338184
v 63.417347 304.557251 -54.676022
v 62.980602 313.096497 -54.357552
v 63.421246 304.481232 -51.656654
v 62.984501 313.020386 -51.338184
v 48.142723 0.163926 -63.809990
v 54.869270 5.805498 -63.491524
v 48.081917 0.114503 -60.790627
v 54.907753 5.657228 -60.472153
v -55.425686 103.547928 -63.809990
v -47.875626 108.364197 -63.491524
v -55.492928 103.505020 -60.790627
v -47.942940 108.321274 -60.472153
v -54.681202 210.345093 -59.741592
v -53.996853 218.877228 -59.944054
v -51.667858 210.139771 -59.738815
v -50.983898 218.662903 -60.053238
v -54.269817 219.946106 57.223755
v -53.588848 228.399475 56.089340
v -51.256451 219.741470 57.233871
v -50.575481 228.194794 56.099449
v -50.228424 314.930847 -60.312195
v -49.544075 323.445923 -59.736210
v -47.215080 314.726135 -60.328144
v -46.531120 323.242432 -59.864471
v -49.817039 313.831848 57.041389
v -49.136070 322.353424 56.682125
v -46.803673 313.627136 57.032814
v -46.122704 322.148682 56.673534
v -53.942112 304.556122 54.676037
v -53.443573 313.097626 54.357567
v -53.945583 304.480011 51.656670
v -53.559368 313.021667 51.338200
v 63.417347 304.557251 54.676037
v 62.980602 313.096497 54.357567
v 63.421246 304.481232 51.656670
v 62.984501 313.020386 51.338200
v 59.505901 314.930847 -60.312195
v 58.821552 323.445923 -59.736210
v 56.492558 314.726135 -60.328144
v 55.808598 323.242432 -59.864471
v 59.094517 313.831848 57.041389
v 58.413548 322.353424 56.682125
v 56.081150 313.627136 57.032814
v 55.400181 322.148682 56.673534
v 65.499298 124.535828 63.393074
v 70.901054 131.457031 63.088005
v 65.513733 124.431076 60.374546
v 71.033257 131.276474 60.073044
v -57.392353 203.898041 59.657654
v -51.012745 210.185028 59.382343
v -57.385582 203.798309 56.638893
v -51.006031 210.085266 56.363575
vt 0.044764 0.518028
vt 0.029937 0.516501
vt 0.030539 0.511415
vt 0.045342 0.512944
vt 0.030333 0.762675
vt 0.045158 0.765939
vt 0.029278 0.767682
vt 0.044103 0.770946
vt 0.024821 0.516733
vt 0.025216 0.762654
vt 0.010402 0.765966
vt 0.009999 0.518070
vt 0.005285 0.766003
vt 0.004883 0.518092
vt 0.414098 0.554168
vt 0.367230 0.551029
vt 0.414100 0.551049
vt 0.367169 0.694059
vt 0.363637 0.764018
vt 0.364049 0.694050
vt 0.366785 0.767154
vt 0.414084 0.763993
vt 0.414087 0.767113
vt 0.414067 0.624113
vt 0.417217 0.554170
vt 0.417186 0.624114
vt 0.464038 0.694053
vt 0.417203 0.763992
vt 0.417167 0.694057
vt 0.367229 0.554148
vt 0.367198 0.624097
vt 0.366756 0.764035
vt 0.414048 0.694058
vt 0.464057 0.624127
vt 0.464087 0.554188
vt 0.364079 0.624095
vt 0.364110 0.554147
vt 0.464517 0.763982
vt 0.675187 0.902039
vt 0.702792 0.902039
vt 0.702791 0.910508
vt 0.675187 0.910508
vt 0.730396 0.902039
vt 0.730396 0.910508
vt 0.758000 0.902039
vt 0.758000 0.910508
vt 0.785605 0.902039
vt 0.785605 0.910508
vt 0.813209 0.902039
vt 0.813209 0.910508
vt 0.840813 0.902039
vt 0.840813 0.910508
vt 0.868418 0.902039
vt 0.868418 0.910508
vt 0.896022 0.902039
vt 0.896022 0.910508
vt 0.923626 0.902039
vt 0.923626 0.910508
vt 0.951231 0.902039
vt 0.717671 0.924875
vt 0.745276 0.916407
vt 0.745276 0.924875
vt 0.772880 0.916407
vt 0.772880 0.924875
vt 0.800484 0.916407
vt 0.800484 0.924875
vt 0.828089 0.916407
vt 0.828089 0.924875
vt 0.855693 0.916407
vt 0.855693 0.924875
vt 0.883297 0.916407
vt 0.883297 0.924875
vt 0.910902 0.916407
vt 0.910902 0.924875
vt 0.938506 0.916407
vt 0.938506 0.924875
vt 0.966110 0.916407
vt 0.966110 0.924875
vt 0.993715 0.916406
vt 0.993715 0.924875
vt 0.179170 0.441910
vt 0.170640 0.468163
vt 0.092026 0.428108
vt 0.179170 0.414306
vt 0.170640 0.388052
vt 0.154414 0.365720
vt 0.132082 0.349494
vt 0.105828 0.340964
vt 0.078224 0.340964
vt 0.051971 0.349494
vt 0.029638 0.365720
vt 0.013413 0.388052
vt 0.004883 0.414306
vt 0.004883 0.441910
vt 0.013413 0.468163
vt 0.029638 0.490496
vt 0.051971 0.506721
vt 0.078224 0.515251
vt 0.105828 0.515251
vt 0.132082 0.506721
vt 0.154414 0.490496
vt 0.078837 0.630911
vt 0.070969 0.606688
vt 0.151374 0.593961
vt 0.070972 0.581218
vt 0.078845 0.556996
vt 0.093817 0.536393
vt 0.114424 0.521424
vt 0.138648 0.513556
vt 0.164117 0.513559
vt 0.188339 0.521432
vt 0.208943 0.536405
vt 0.223911 0.557011
vt 0.231779 0.581235
vt 0.231777 0.606704
vt 0.223904 0.630926
vt 0.208931 0.651530
vt 0.188324 0.666498
vt 0.164101 0.674366
vt 0.138631 0.674364
vt 0.114409 0.666491
vt 0.093806 0.651518
vt 0.460715 0.165675
vt 0.488115 0.167688
vt 0.487474 0.174292
vt 0.460180 0.172256
vt 0.515292 0.170055
vt 0.514498 0.176688
vt 0.542130 0.172954
vt 0.540993 0.179550
vt 0.568509 0.177299
vt 0.566186 0.183372
vt 0.020356 0.178165
vt 0.047218 0.173872
vt 0.048340 0.180492
vt 0.022786 0.184409
vt 0.074202 0.170990
vt 0.074939 0.177593
vt 0.101449 0.168592
vt 0.102018 0.175169
vt 0.128890 0.166521
vt 0.129346 0.173082
vt 0.156449 0.164746
vt 0.156811 0.171299
vt 0.184076 0.163264
vt 0.184353 0.169814
vt 0.211741 0.162080
vt 0.211936 0.168630
vt 0.239427 0.161202
vt 0.239544 0.167753
vt 0.267124 0.160635
vt 0.267164 0.167188
vt 0.294826 0.160386
vt 0.294788 0.166940
vt 0.322529 0.160458
vt 0.322413 0.167013
vt 0.350226 0.160854
vt 0.350031 0.167410
vt 0.377909 0.161574
vt 0.377634 0.168132
vt 0.405567 0.162619
vt 0.405210 0.169180
vt 0.433180 0.163986
vt 0.432737 0.170554
vt 0.470193 0.010332
vt 0.499330 0.012275
vt 0.497175 0.057307
vt 0.468140 0.055325
vt 0.473805 0.329856
vt 0.448297 0.327697
vt 0.452071 0.282820
vt 0.478322 0.285065
vt 0.528276 0.014327
vt 0.526288 0.059502
vt 0.499272 0.332451
vt 0.504659 0.287763
vt 0.556905 0.016227
vt 0.555535 0.061779
vt 0.524649 0.335589
vt 0.531163 0.290962
vt 0.585024 0.017432
vt 0.585006 0.063846
vt 0.549807 0.339550
vt 0.557924 0.294749
vt 0.005202 0.018449
vt 0.032970 0.017552
vt 0.034165 0.062741
vt 0.004883 0.064338
vt 0.063894 0.335897
vt 0.038504 0.339566
vt 0.030929 0.294464
vt 0.057784 0.291050
vt 0.061230 0.015747
vt 0.063259 0.060683
vt 0.089454 0.332909
vt 0.084363 0.288098
vt 0.089839 0.013656
vt 0.092226 0.058529
vt 0.115081 0.330390
vt 0.110782 0.285546
vt 0.118691 0.011594
vt 0.121119 0.056480
vt 0.140734 0.328254
vt 0.137119 0.283364
vt 0.147714 0.009716
vt 0.149981 0.054640
vt 0.166397 0.326463
vt 0.163415 0.281529
vt 0.176857 0.008104
vt 0.178837 0.053066
vt 0.192066 0.324997
vt 0.189692 0.280027
vt 0.206087 0.006796
vt 0.207702 0.051792
vt 0.217737 0.323846
vt 0.215962 0.278848
vt 0.235381 0.005817
vt 0.236584 0.050838
vt 0.243408 0.323005
vt 0.242226 0.277988
vt 0.264720 0.005178
vt 0.265484 0.050216
vt 0.269075 0.322472
vt 0.268486 0.277442
vt 0.294091 0.004886
vt 0.294401 0.049933
vt 0.294733 0.322247
vt 0.294740 0.277212
vt 0.323479 0.004944
vt 0.323330 0.049992
vt 0.320379 0.322333
vt 0.320985 0.277300
vt 0.352873 0.005353
vt 0.352271 0.050395
vt 0.346009 0.322736
vt 0.347219 0.277712
vt 0.382258 0.006108
vt 0.381220 0.051138
vt 0.371617 0.323462
vt 0.373441 0.278455
vt 0.411621 0.007203
vt 0.410177 0.052215
vt 0.397201 0.324521
vt 0.399651 0.279542
vt 0.440942 0.008621
vt 0.439147 0.053617
vt 0.422762 0.325927
vt 0.425857 0.280990
vt 0.493404 0.112362
vt 0.464914 0.110352
vt 0.456168 0.227657
vt 0.482968 0.229888
vt 0.522013 0.114752
vt 0.509729 0.232540
vt 0.550819 0.117670
vt 0.536506 0.235569
vt 0.579889 0.121438
vt 0.563588 0.238652
vt 0.038462 0.118467
vt 0.009274 0.121804
vt 0.025951 0.238599
vt 0.052750 0.235772
vt 0.067386 0.115726
vt 0.079501 0.232988
vt 0.096051 0.113390
vt 0.106291 0.230475
vt 0.124552 0.111347
vt 0.133131 0.228291
vt 0.152962 0.109570
vt 0.160014 0.226443
vt 0.181325 0.108067
vt 0.186928 0.224924
vt 0.209667 0.106854
vt 0.213864 0.223728
vt 0.238001 0.105946
vt 0.240812 0.222852
vt 0.266336 0.105355
vt 0.267766 0.222294
vt 0.294675 0.105089
vt 0.294720 0.222055
vt 0.323020 0.105151
vt 0.321670 0.222138
vt 0.351371 0.105543
vt 0.348612 0.222548
vt 0.379730 0.106263
vt 0.375539 0.223292
vt 0.408100 0.107308
vt 0.402446 0.224382
vt 0.436489 0.108672
vt 0.429325 0.225830
vt 0.696674 0.604939
vt 0.682641 0.605226
vt 0.684194 0.020077
vt 0.700957 0.020059
vt 0.716600 0.021406
vt 0.710985 0.605727
vt 0.667652 0.021470
vt 0.668075 0.606606
vt 0.653221 0.605541
vt 0.652200 0.021194
vt 0.665771 0.621055
vt 0.651791 0.619803
vt 0.651585 0.005505
vt 0.668337 0.004884
vt 0.417000 0.778126
vt 0.402520 0.778779
vt 0.402342 0.773662
vt 0.416832 0.773012
vt 0.402507 0.976205
vt 0.416982 0.976946
vt 0.402307 0.981317
vt 0.416782 0.982058
vt 0.397403 0.778975
vt 0.397390 0.976198
vt 0.382915 0.976937
vt 0.382924 0.778129
vt 0.377799 0.976943
vt 0.377808 0.778123
vt 0.929288 0.861871
vt 0.933877 0.851766
vt 0.933876 0.861871
vt 0.929288 0.851766
vt 0.717539 0.847176
vt 0.929288 0.847178
vt 0.717539 0.851764
vt 0.712951 0.861869
vt 0.712951 0.851764
vt 0.717539 0.861869
vt 0.929288 0.866459
vt 0.717539 0.866457
vt 0.929289 0.837073
vt 0.717539 0.837071
vt 0.986919 0.893497
vt 0.979779 0.661231
vt 0.986922 0.661231
vt 0.967883 0.893497
vt 0.975027 0.898245
vt 0.967883 0.898245
vt 0.967887 0.661231
vt 0.975027 0.893497
vt 0.967887 0.656483
vt 0.975030 0.661231
vt 0.963138 0.661231
vt 0.963135 0.893497
vt 0.979775 0.893497
vt 0.975030 0.656483
vt 0.818180 0.671139
vt 0.886455 0.674122
vt 0.818187 0.674274
vt 0.748339 0.724418
vt 0.678356 0.721769
vt 0.748325 0.721299
vt 0.679978 0.671397
vt 0.748244 0.674418
vt 0.679983 0.674516
vt 0.678308 0.676194
vt 0.678798 0.675008
vt 0.675188 0.676197
vt 0.888125 0.669270
vt 0.887634 0.670470
vt 0.886449 0.670970
vt 0.748253 0.624578
vt 0.748239 0.671294
vt 0.891256 0.676268
vt 0.888238 0.720986
vt 0.888136 0.675813
vt 0.818292 0.721140
vt 0.678792 0.670908
vt 0.678302 0.669723
vt 0.888245 0.724105
vt 0.818299 0.724259
vt 0.678699 0.674517
vt 0.678695 0.671398
vt 0.675187 0.674915
vt 0.887739 0.674047
vt 0.891268 0.674971
vt 0.888147 0.674518
vt 0.887642 0.674616
vt 0.678376 0.724889
vt 0.818177 0.624576
vt 0.888116 0.624557
vt 0.678323 0.624111
vt 0.675237 0.721800
vt 0.891358 0.720978
vt 0.678306 0.674911
vt 0.887733 0.670895
vt 0.819740 0.603755
vt 0.806049 0.604427
vt 0.803209 0.020819
vt 0.817482 0.020033
vt 0.833033 0.602794
vt 0.832006 0.019253
vt 0.846985 0.019537
vt 0.846790 0.604155
vt 0.791894 0.604338
vt 0.788478 0.019731
vt 0.806360 0.618131
vt 0.793032 0.618116
vt 0.790480 0.004883
vt 0.804919 0.006626
vt 0.521835 0.896139
vt 0.754101 0.888997
vt 0.754101 0.896140
vt 0.514692 0.884247
vt 0.521835 0.888995
vt 0.514692 0.888995
vt 0.754101 0.877105
vt 0.521835 0.884247
vt 0.521835 0.877103
vt 0.761245 0.888997
vt 0.754101 0.884249
vt 0.761245 0.884249
vt 0.754101 0.872357
vt 0.521835 0.872355
vt 0.750448 0.604670
vt 0.752342 0.020521
vt 0.766857 0.021361
vt 0.764498 0.605196
vt 0.736399 0.603928
vt 0.737500 0.019741
vt 0.722392 0.020205
vt 0.722442 0.604523
vt 0.781642 0.020379
vt 0.778456 0.604689
vt 0.722515 0.005387
vt 0.737046 0.004886
vt 0.723077 0.618476
vt 0.737128 0.617977
vt 0.697188 0.780710
vt 0.694095 0.827799
vt 0.694069 0.780933
vt 0.837135 0.827801
vt 0.907101 0.831174
vt 0.837132 0.830921
vt 0.910230 0.827562
vt 0.907012 0.780713
vt 0.910131 0.780706
vt 0.767134 0.780742
vt 0.697190 0.777583
vt 0.767135 0.777619
vt 0.906994 0.730731
vt 0.837074 0.777637
vt 0.837070 0.730765
vt 0.767162 0.827926
vt 0.907112 0.828022
vt 0.837074 0.780758
vt 0.767148 0.730748
vt 0.697209 0.730713
vt 0.907011 0.777594
vt 0.697220 0.831184
vt 0.767167 0.831050
vt 0.697214 0.828055
vt 0.685200 0.827900
vt 0.688388 0.781056
vt 0.688319 0.827905
vt 0.545304 0.780946
vt 0.475335 0.777641
vt 0.545307 0.777825
vt 0.472208 0.781228
vt 0.475482 0.828056
vt 0.472363 0.828067
vt 0.615285 0.827803
vt 0.685196 0.831020
vt 0.615284 0.830923
vt 0.545353 0.730941
vt 0.615297 0.780918
vt 0.475326 0.780787
vt 0.545382 0.827829
vt 0.615293 0.777798
vt 0.685171 0.730786
vt 0.685262 0.777637
vt 0.615250 0.730929
vt 0.545388 0.830948
vt 0.475491 0.831175
vt 0.475424 0.730779
vt 0.685269 0.780767
vt 0.991639 0.241902
vt 0.984513 0.009635
vt 0.991656 0.009636
vt 0.972603 0.241900
vt 0.979747 0.246649
vt 0.972603 0.246649
vt 0.972621 0.009634
vt 0.979747 0.241901
vt 0.972622 0.004886
vt 0.979765 0.009635
vt 0.967873 0.009634
vt 0.967855 0.241900
vt 0.984495 0.241901
vt 0.979765 0.004887
vt 0.645904 0.473386
vt 0.635093 0.506661
vt 0.614528 0.534966
vt 0.586222 0.555531
vt 0.552947 0.566343
vt 0.517960 0.566343
vt 0.484685 0.555531
vt 0.456380 0.534966
vt 0.435815 0.506661
vt 0.425003 0.473386
vt 0.425003 0.438399
vt 0.435815 0.405124
vt 0.456380 0.376819
vt 0.484685 0.356253
vt 0.517960 0.345442
vt 0.552947 0.345442
vt 0.586222 0.356254
vt 0.614528 0.376818
vt 0.635092 0.405124
vt 0.645904 0.438399
vt 0.195618 0.391019
vt 0.217220 0.361286
vt 0.300281 0.444349
vt 0.246953 0.339684
vt 0.281906 0.328328
vt 0.318658 0.328328
vt 0.353611 0.339685
vt 0.383344 0.361288
vt 0.404946 0.391021
vt 0.416302 0.425974
vt 0.416302 0.462726
vt 0.404945 0.497679
vt 0.383342 0.527411
vt 0.353609 0.549013
vt 0.318656 0.560370
vt 0.281904 0.560369
vt 0.246951 0.549012
vt 0.217219 0.527410
vt 0.195617 0.497677
vt 0.184260 0.462724
vt 0.184260 0.425972
vt 0.688547 0.861840
vt 0.693133 0.851734
vt 0.693135 0.861839
vt 0.688545 0.851735
vt 0.476795 0.847180
vt 0.688545 0.847146
vt 0.476796 0.851768
vt 0.472209 0.861874
vt 0.472208 0.851769
vt 0.476797 0.861873
vt 0.688548 0.866428
vt 0.476798 0.866461
vt 0.688543 0.837041
vt 0.476793 0.837075
vt 0.353013 0.780314
vt 0.284789 0.777022
vt 0.353019 0.777194
vt 0.144892 0.727158
vt 0.146511 0.680293
vt 0.214845 0.727084
vt 0.144895 0.730277
vt 0.214848 0.730202
vt 0.146621 0.777136
vt 0.284834 0.730118
vt 0.354821 0.726893
vt 0.354826 0.730009
vt 0.214885 0.780179
vt 0.214883 0.777060
vt 0.141823 0.775465
vt 0.144942 0.775461
vt 0.284666 0.680105
vt 0.214766 0.680213
vt 0.357945 0.730018
vt 0.354701 0.775523
vt 0.284830 0.726995
vt 0.352875 0.679718
vt 0.284786 0.780141
vt 0.354296 0.780316
vt 0.354697 0.776807
vt 0.357820 0.775532
vt 0.357816 0.776816
vt 0.141824 0.776748
vt 0.145337 0.777137
vt 0.146624 0.780255
vt 0.145340 0.780257
vt 0.144836 0.681972
vt 0.145325 0.680785
vt 0.145434 0.776646
vt 0.354064 0.680202
vt 0.354562 0.681384
vt 0.354206 0.776707
vt 0.141776 0.730280
vt 0.354302 0.777197
vt 0.144943 0.776745
vt 0.967723 0.645995
vt 0.977828 0.650584
vt 0.967723 0.650584
vt 0.977828 0.645995
vt 0.982418 0.434246
vt 0.982416 0.645995
vt 0.977830 0.434246
vt 0.967725 0.429657
vt 0.977830 0.429658
vt 0.967725 0.434246
vt 0.963135 0.645995
vt 0.963137 0.434246
vt 0.992523 0.434246
vt 0.992522 0.645996
vt 0.869307 0.019887
vt 0.869221 0.603785
vt 0.855169 0.603429
vt 0.854564 0.019198
vt 0.883029 0.603194
vt 0.883720 0.019538
vt 0.897266 0.603056
vt 0.897740 0.019113
vt 0.912108 0.019226
vt 0.911732 0.603457
vt 0.869063 0.617605
vt 0.854829 0.617897
vt 0.855811 0.004884
vt 0.869825 0.005479
vt 0.955131 0.609357
vt 0.940652 0.610010
vt 0.940474 0.604893
vt 0.954963 0.604243
vt 0.940639 0.807436
vt 0.955114 0.808177
vt 0.940439 0.812549
vt 0.954914 0.813290
vt 0.935535 0.610206
vt 0.935522 0.807429
vt 0.921047 0.808168
vt 0.921056 0.609361
vt 0.915930 0.808174
vt 0.915940 0.609355
vt 0.231465 0.791185
vt 0.231632 0.786071
vt 0.246122 0.786721
vt 0.245944 0.791838
vt 0.245957 0.989264
vt 0.231482 0.990005
vt 0.246157 0.994376
vt 0.231682 0.995117
vt 0.251061 0.792034
vt 0.265540 0.791188
vt 0.265549 0.989996
vt 0.251073 0.989257
vt 0.270656 0.791182
vt 0.270665 0.990002
vt 0.920651 0.009999
vt 0.920819 0.004885
vt 0.935308 0.005535
vt 0.935130 0.010652
vt 0.935143 0.208078
vt 0.920668 0.208819
vt 0.935344 0.213190
vt 0.920868 0.213931
vt 0.940247 0.010848
vt 0.954726 0.010002
vt 0.954735 0.208810
vt 0.940260 0.208071
vt 0.959843 0.009996
vt 0.959852 0.208816
vt 0.920651 0.224941
vt 0.920819 0.219828
vt 0.935308 0.220477
vt 0.935130 0.225594
vt 0.935143 0.423020
vt 0.920668 0.423761
vt 0.935344 0.428133
vt 0.920868 0.428874
vt 0.940247 0.225790
vt 0.954726 0.224945
vt 0.954735 0.423752
vt 0.940260 0.423013
vt 0.959843 0.224939
vt 0.959852 0.423759
vt 0.369795 0.791062
vt 0.355315 0.791715
vt 0.355138 0.786598
vt 0.369627 0.785948
vt 0.355303 0.989141
vt 0.369778 0.989882
vt 0.355102 0.994253
vt 0.369578 0.994994
vt 0.350199 0.791911
vt 0.350186 0.989134
vt 0.335710 0.989873
vt 0.335720 0.791065
vt 0.330594 0.989879
vt 0.330603 0.791059
vt 0.590799 0.011502
vt 0.590219 0.006419
vt 0.605021 0.004885
vt 0.605625 0.009970
vt 0.605322 0.256144
vt 0.590499 0.259414
vt 0.606379 0.261151
vt 0.591555 0.264420
vt 0.610741 0.010200
vt 0.625563 0.011531
vt 0.625255 0.259427
vt 0.610439 0.256121
vt 0.630680 0.011551
vt 0.630371 0.259463
vt 0.118174 0.786155
vt 0.118342 0.781042
vt 0.132831 0.781691
vt 0.132653 0.786808
vt 0.132666 0.984234
vt 0.118191 0.984975
vt 0.132867 0.989347
vt 0.118391 0.990087
vt 0.137770 0.787004
vt 0.152249 0.786159
vt 0.152258 0.984966
vt 0.137783 0.984227
vt 0.157366 0.786153
vt 0.157375 0.984972
vt 0.278669 0.791161
vt 0.278837 0.786048
vt 0.293326 0.786697
vt 0.293149 0.791814
vt 0.293162 0.989240
vt 0.278686 0.989981
vt 0.293362 0.994353
vt 0.278886 0.995094
vt 0.298265 0.792010
vt 0.312744 0.791165
vt 0.312754 0.989972
vt 0.298278 0.989233
vt 0.317861 0.791159
vt 0.317870 0.989979
vt 0.425003 0.775004
vt 0.425171 0.769890
vt 0.439660 0.770540
vt 0.439483 0.775657
vt 0.439496 0.973082
vt 0.425020 0.973823
vt 0.439696 0.978195
vt 0.425221 0.978936
vt 0.444599 0.775853
vt 0.459078 0.775007
vt 0.459088 0.973814
vt 0.444612 0.973075
vt 0.464195 0.775001
vt 0.464204 0.973821
vt 0.044084 0.781952
vt 0.029604 0.782605
vt 0.029427 0.777488
vt 0.043916 0.776839
vt 0.029591 0.980031
vt 0.044067 0.980772
vt 0.029391 0.985144
vt 0.043866 0.985885
vt 0.024488 0.782801
vt 0.024475 0.980024
vt 0.009999 0.980763
vt 0.010008 0.781956
vt 0.004883 0.980770
vt 0.004892 0.781950
vt 0.091968 0.666789
vt 0.077141 0.665263
vt 0.077743 0.660177
vt 0.092546 0.661705
vt 0.077554 0.911437
vt 0.092379 0.914701
vt 0.076499 0.916444
vt 0.091325 0.919707
vt 0.072025 0.665495
vt 0.072437 0.911417
vt 0.057623 0.914729
vt 0.057204 0.666833
vt 0.052507 0.914768
vt 0.052087 0.666856
vt 0.717671 0.916407
vt 0.951231 0.910507
vn 0.929785 0.367354 0.023466
vn 0.929785 0.367354 0.023466
vn 0.929785 0.367354 0.023466
vn 0.929785 0.367354 0.023466
vn 0.011357 -0.035529 -0.999304
vn 0.011357 -0.035529 -0.999304
vn 0.011357 -0.035529 -0.999304
vn 0.011357 -0.035529 -0.999304
vn -0.970343 -0.241731 0.000000
vn -0.970343 -0.241731 0.000000
vn -0.970343 -0.241731 0.000000
vn -0.970343 -0.241731 0.000000
vn -0.011357 0.035529 0.999304
vn -0.011357 0.035529 0.999304
vn -0.011357 0.035529 0.999304
vn -0.011357 0.035529 0.999304
vn 0.304368 -0.952221 0.025200
vn 0.304368 -0.952221 0.025200
vn 0.304368 -0.952221 0.025200
vn 0.304368 -0.952221 0.025200
vn -0.304368 0.952221 -0.025200
vn -0.304368 0.952221 -0.025200
vn -0.304368 0.952221 -0.025200
vn -0.304368 0.952221 -0.025200
vn 0.000000 0.000000 -1.000000
vn 0.000000 0.000000 -1.000000
vn 0.000000 0.000000 -1.000000
vn 0.999987 -0.002700 -0.004400
vn 0.999970 -0.004100 -0.006600
vn 0.999998 0.000000 -0.002100
vn 0.000000 0.000000 1.000000
vn 0.000000 0.000000 1.000000
vn 0.000000 0.000000 1.000000
vn -1.000000 0.000000 0.000000
vn -1.000000 0.000000 0.000000
vn -1.000000 0.000000 0.000000
vn 0.000000 -1.000000 0.000000
vn 0.000000 -1.000000 0.000000
vn 0.000000 -1.000000 0.000000
vn 0.000000 1.000000 0.000000
vn 0.000000 1.000000 0.000000
vn 0.000000 1.000000 0.000000
vn 0.000000 1.000000 0.000000
vn 0.000000 1.000000 0.000000
vn 0.000000 1.000000 0.000000
vn 0.000000 1.000000 0.000000
vn 0.000000 1.000000 0.000000
vn 0.000000 1.000000 0.000000
vn 0.000000 -1.000000 0.000000
vn 0.000000 -1.000000 0.000000
vn 0.000000 -1.000000 0.000000
vn 0.000000 -1.000000 0.000000
vn 0.000000 -1.000000 0.000000
vn 0.000000 -1.000000 0.000000
vn -1.000000 0.000000 0.000000
vn -1.000000 0.000000 0.000000
vn -1.000000 0.000000 0.000000
vn -1.000000 0.000000 0.000000
vn -1.000000 0.000000 0.000000
vn -1.000000 0.000000 0.000000
vn 1.000000 0.000000 0.000000
vn 1.000000 0.000000 0.000000
vn 1.000000 0.000000 0.000000
vn 1.000000 0.000000 0.000000
vn 0.999998 0.000000 -0.002100
vn 1.000000 0.000000 0.000000
vn 0.999987 -0.002700 -0.004400
vn 0.999943 -0.008200 -0.006800
vn 0.999970 -0.004100 -0.006600
vn 0.000000 -1.000000 0.000000
vn 0.000000 -1.000000 0.000000
vn 0.000000 -1.000000 0.000000
vn 0.000000 1.000000 0.000000
vn 0.000000 1.000000 0.000000
vn 0.000000 1.000000 0.000000
vn 0.000000 1.000000 0.000000
vn 0.000000 1.000000 0.000000
vn 0.000000 1.000000 0.000000
vn 0.000000 1.000000 0.000000
vn 0.000000 1.000000 0.000000
vn 0.000000 1.000000 0.000000
vn 0.000000 -1.000000 0.000000
vn 0.000000 -1.000000 0.000000
vn 0.000000 -1.000000 0.000000
vn 0.000000 -1.000000 0.000000
vn 0.000000 -1.000000 0.000000
vn 0.000000 -1.000000 0.000000
vn 1.000000 0.000000 0.000000
vn 1.000000 0.000000 0.000000
vn 1.000000 0.000000 0.000000
vn 1.000000 0.000000 0.000000
vn 0.999987 -0.002700 -0.004400
vn 0.999998 0.000000 -0.002100
vn 0.000000 0.000000 -1.000000
vn 0.000000 0.000000 -1.000000
vn 0.000000 0.000000 -1.000000
vn 0.000000 0.000000 1.000000
vn 0.000000 0.000000 1.000000
vn 0.000000 0.000000 1.000000
vn -1.000000 0.000000 0.000000
vn -1.000000 0.000000 0.000000
vn -1.000000 0.000000 0.000000
vn -1.000000 0.000000 0.000000
vn -1.000000 0.000000 0.000000
vn -1.000000 0.000000 0.000000
vn -1.000000 0.000000 0.000000
vn -1.000000 0.000000 0.000000
vn -1.000000 0.000000 0.000000
vn 0.951057 0.000000 -0.309016
vn 0.809017 0.000000 -0.587785
vn 0.803626 -0.115251 -0.583869
vn 0.944720 -0.115250 -0.306957
vn 0.707107 0.000000 -0.707106
vn 0.702509 -0.113850 -0.702509
vn 0.453990 0.000000 -0.891007
vn 0.309017 0.000000 -0.951057
vn 0.306958 -0.115250 -0.944719
vn 0.451038 -0.113850 -0.885213
vn -0.000000 0.000000 -1.000000
vn -0.000000 -0.115250 -0.993337
vn -0.156436 0.000000 -0.987688
vn -0.155418 -0.113850 -0.981266
vn -0.453991 0.000000 -0.891006
vn -0.587785 0.000000 -0.809017
vn -0.583869 -0.115250 -0.803626
vn -0.451039 -0.113850 -0.885213
vn -0.809017 0.000000 -0.587785
vn -0.803626 -0.115250 -0.583869
vn -0.891006 0.000000 -0.453991
vn -0.885213 -0.113850 -0.451039
vn -0.987688 0.000000 -0.156436
vn -1.000000 0.000000 0.000000
vn -0.993337 -0.115250 0.000000
vn -0.981266 -0.113850 -0.155418
vn -0.987688 0.000000 0.156436
vn -0.981266 -0.113850 0.155418
vn -0.891006 0.000000 0.453991
vn -0.809017 0.000000 0.587785
vn -0.803626 -0.115250 0.583869
vn -0.885213 -0.113850 0.451039
vn -0.587785 0.000000 0.809017
vn -0.583869 -0.115250 0.803626
vn -0.453990 0.000000 0.891007
vn -0.451039 -0.113850 0.885213
vn -0.156435 0.000000 0.987688
vn 0.000000 0.000000 1.000000
vn 0.000000 -0.115250 0.993336
vn -0.155418 -0.113850 0.981266
vn 0.309017 0.000000 0.951057
vn 0.306958 -0.115250 0.944719
vn 0.453990 0.000000 0.891007
vn 0.451038 -0.113850 0.885213
vn 0.707107 0.000000 0.707107
vn 0.809017 0.000000 0.587785
vn 0.803626 -0.115250 0.583869
vn 0.702509 -0.113850 0.702509
vn 0.951057 0.000000 0.309017
vn 0.944719 -0.115250 0.306958
vn 0.987688 0.000000 0.156434
vn 0.981266 -0.113850 0.155417
vn 0.987689 0.000000 -0.156432
vn 0.981267 -0.113850 -0.155415
vn 0.000000 -1.000000 0.000000
vn 0.000000 -1.000000 0.000000
vn 0.000000 -1.000000 0.000000
vn 0.000000 -1.000000 0.000000
vn 0.000000 -1.000000 0.000001
vn 0.000000 -1.000000 0.000001
vn 0.000000 -1.000000 0.000000
vn 0.000000 -1.000000 0.000000
vn 0.000000 -1.000000 0.000000
vn 0.000000 -1.000000 -0.000001
vn 0.000000 -1.000000 0.000000
vn 0.000000 -1.000000 -0.000001
vn 0.000000 -1.000000 -0.000001
vn 0.000000 -1.000000 0.000000
vn 0.000000 -1.000000 0.000000
vn 0.000000 -1.000000 0.000000
vn 0.000000 -1.000000 0.000000
vn 0.000000 -1.000000 0.000000
vn 0.000000 -1.000000 0.000001
vn 0.000000 -1.000000 0.000002
vn 0.000000 -1.000000 0.000001
vn 0.000000 -1.000000 0.000000
vn 0.000000 -1.000000 0.000000
vn 0.000000 -1.000000 0.000000
vn 0.000000 -1.000000 0.000001
vn 0.000000 -1.000000 0.000000
vn 0.000000 -1.000000 -0.000001
vn 0.000000 -1.000000 0.000000
vn 0.000000 -1.000000 0.000000
vn 0.000000 -1.000000 0.000000
vn 0.000000 -1.000000 0.000000
vn 0.000000 -1.000000 0.000000
vn 0.000000 -1.000000 0.000000
vn 0.000000 -1.000000 0.000000
vn -0.703730 0.672667 0.228655
vn -0.598629 0.672667 0.434929
vn 0.000000 1.000000 0.000000
vn -0.526142 0.668094 0.526142
vn -0.337803 0.668095 0.662977
vn -0.228655 0.672667 0.703730
vn 0.000000 1.000000 0.000000
vn 0.000000 0.672667 0.739946
vn 0.116399 0.668094 0.734916
vn 0.337804 0.668095 0.662976
vn 0.434929 0.672667 0.598629
vn 0.000000 1.000000 0.000000
vn 0.598628 0.672666 0.434930
vn 0.662977 0.668094 0.337804
vn 0.734916 0.668094 0.116401
vn 0.739945 0.672667 0.000001
vn 0.000000 1.000000 0.000001
vn 0.734916 0.668094 -0.116399
vn 0.662977 0.668094 -0.337804
vn 0.598628 0.672667 -0.434929
vn 0.000000 1.000000 0.000000
vn 0.434929 0.672667 -0.598629
vn 0.337804 0.668095 -0.662977
vn 0.116399 0.668094 -0.734916
vn 0.000000 0.672667 -0.739946
vn 0.000000 1.000000 0.000000
vn -0.228656 0.672667 -0.703730
vn -0.337804 0.668095 -0.662977
vn -0.526142 0.668094 -0.526141
vn -0.598629 0.672667 -0.434929
vn 0.000000 1.000000 -0.000001
vn -0.703730 0.672667 -0.228657
vn -0.734916 0.668094 -0.116401
vn -0.734916 0.668095 0.116398
vn 0.000000 1.000000 0.000000
vn 0.000000 1.000000 0.000000
vn 0.000000 1.000000 0.000000
vn 0.000000 1.000000 0.000000
vn 0.000000 1.000000 0.000000
vn 0.000000 1.000000 0.000000
vn 0.000000 1.000000 0.000000
vn 0.000000 1.000000 0.000000
vn 0.000000 1.000000 0.000000
vn 0.000000 1.000000 0.000000
vn 0.000000 1.000000 0.000000
vn 0.000000 1.000000 0.000000
vn 0.000000 1.000000 -0.000004
vn 0.000000 1.000000 -0.000004
vn 0.000000 1.000000 -0.000004
vn 0.000000 1.000000 -0.000004
vn 0.000000 1.000000 -0.000004
vn 0.000000 1.000000 -0.000004
vn 0.000000 1.000000 -0.000004
vn 0.000000 1.000000 -0.000004
vn 0.000000 1.000000 0.000002
vn 0.000000 1.000000 0.000002
vn 0.000000 1.000000 0.000002
vn 0.000000 1.000000 0.000002
vn 0.000000 1.000000 0.000004
vn 0.000000 1.000000 0.000004
vn 0.000000 1.000000 0.000004
vn 0.000000 1.000000 0.000004
vn 0.000000 1.000000 0.000000
vn 0.000000 1.000000 0.000000
vn 0.000000 1.000000 0.000000
vn 0.000000 1.000000 0.000000
vn 0.000000 1.000000 0.000000
vn 0.000000 1.000000 0.000000
vn 0.000000 1.000000 0.000000
vn 0.000000 1.000000 0.000000
vn 0.000000 1.000000 0.000000
vn 0.000000 1.000000 0.000000
vn 0.000000 1.000000 0.000000
vn 0.000000 1.000000 0.000000
vn 0.000000 1.000000 -0.000004
vn 0.000000 1.000000 -0.000004
vn 0.000000 1.000000 -0.000004
vn 0.000000 1.000000 -0.000004
vn 0.000000 1.000000 -0.000004
vn 0.000000 1.000000 -0.000004
vn 0.000000 1.000000 -0.000004
vn 0.000000 1.000000 -0.000004
vn 0.000000 1.000000 0.000002
vn 0.000000 1.000000 0.000002
vn 0.000000 1.000000 0.000002
vn 0.000000 1.000000 0.000002
vn 0.000000 1.000000 -0.000007
vn 0.000000 1.000000 -0.000007
vn 0.000000 1.000000 -0.000007
vn 0.000000 1.000000 -0.000007
vn 0.000000 1.000000 0.000005
vn 0.000000 1.000000 0.000005
vn 0.000000 1.000000 0.000005
vn 0.000000 1.000000 0.000005
vn 0.000000 1.000000 0.000004
vn 0.000000 1.000000 0.000004
vn 0.000000 1.000000 0.000004
vn 0.000000 1.000000 0.000004
vn 0.000000 1.000000 0.000004
vn 0.000000 1.000000 0.000004
vn 0.000000 1.000000 0.000004
vn 0.000000 1.000000 0.000004
vn 0.000000 1.000000 0.000000
vn 0.000000 1.000000 0.000000
vn 0.000000 1.000000 0.000000
vn 0.000000 1.000000 0.000000
vn 0.000000 1.000000 0.000002
vn 0.000000 1.000000 0.000002
vn 0.000000 1.000000 0.000002
vn 0.000000 1.000000 0.000002
vn 0.000000 1.000000 -0.000002
vn 0.000000 1.000000 -0.000002
vn 0.000000 1.000000 -0.000002
vn 0.000000 1.000000 -0.000002
vn 0.801530 -0.135727 -0.582346
vn 0.942256 -0.135727 -0.306156
vn -0.949618 0.054989 0.308548
vn -0.807793 0.054989 0.586896
vn 0.700721 -0.134086 -0.700722
vn -0.706063 0.054314 0.706063
vn 0.306158 -0.135727 -0.942256
vn 0.449890 -0.134086 -0.882961
vn -0.453319 0.054314 0.889692
vn -0.308549 0.054989 0.949618
vn -0.000000 -0.135727 -0.990746
vn 0.000000 0.054989 0.998487
vn -0.155022 -0.134086 -0.978769
vn 0.156204 0.054314 0.986230
vn -0.582346 -0.135727 -0.801530
vn -0.449892 -0.134086 -0.882960
vn 0.453321 0.054314 0.889691
vn 0.586896 0.054989 0.807793
vn -0.801530 -0.135727 -0.582346
vn 0.807793 0.054989 0.586896
vn -0.882960 -0.134086 -0.449891
vn 0.889691 0.054314 0.453320
vn -0.990746 -0.135727 0.000000
vn -0.978769 -0.134086 -0.155022
vn 0.986230 0.054314 0.156204
vn 0.998487 0.054989 0.000000
vn -0.978769 -0.134086 0.155023
vn 0.986230 0.054314 -0.156203
vn -0.801531 -0.135727 0.582346
vn -0.882960 -0.134086 0.449891
vn 0.889691 0.054314 -0.453321
vn 0.807793 0.054989 -0.586896
vn -0.582346 -0.135727 0.801531
vn 0.586896 0.054989 -0.807793
vn -0.449891 -0.134086 0.882960
vn 0.453321 0.054314 -0.889691
vn -0.000000 -0.135727 0.990746
vn -0.155022 -0.134086 0.978769
vn 0.156204 0.054314 -0.986230
vn -0.000000 0.054989 -0.998487
vn 0.306157 -0.135727 0.942256
vn -0.308550 0.054989 -0.949618
vn 0.449891 -0.134086 0.882961
vn -0.453320 0.054314 -0.889691
vn 0.801531 -0.135727 0.582346
vn 0.700721 -0.134086 0.700721
vn -0.706063 0.054314 -0.706063
vn -0.807793 0.054989 -0.586896
vn 0.942256 -0.135727 0.306157
vn -0.949618 0.054989 -0.308549
vn 0.978769 -0.134086 0.155021
vn -0.986230 0.054314 -0.156203
vn 0.978770 -0.134086 -0.155019
vn -0.986231 0.054314 0.156202
vn 0.951057 0.000000 -0.309016
vn 0.809017 0.000000 -0.587786
vn 0.809017 0.000000 -0.587786
vn 0.951057 0.000000 -0.309016
vn -0.949012 -0.065540 0.308352
vn -0.807278 -0.065540 0.586521
vn 0.707106 0.000000 -0.707107
vn 0.707106 0.000000 -0.707107
vn -0.705624 -0.064737 0.705623
vn 0.453990 0.000000 -0.891007
vn 0.309017 0.000000 -0.951057
vn 0.309017 0.000000 -0.951057
vn 0.453990 0.000000 -0.891007
vn -0.453037 -0.064737 0.889138
vn -0.308352 -0.065540 0.949012
vn 0.000000 0.000000 -1.000000
vn 0.000000 0.000000 -1.000000
vn -0.000000 -0.065540 0.997850
vn -0.156435 0.000000 -0.987688
vn -0.156435 0.000000 -0.987688
vn 0.156106 -0.064737 0.985617
vn -0.453991 0.000000 -0.891006
vn -0.587786 0.000000 -0.809017
vn -0.587786 0.000000 -0.809017
vn -0.453991 0.000000 -0.891006
vn 0.453039 -0.064737 0.889137
vn 0.586522 -0.065540 0.807277
vn -0.809017 0.000000 -0.587785
vn -0.809017 0.000000 -0.587785
vn 0.807278 -0.065540 0.586521
vn -0.891006 0.000000 -0.453991
vn -0.891006 0.000000 -0.453991
vn 0.889138 -0.064737 0.453038
vn -0.987688 0.000000 -0.156435
vn -1.000000 0.000000 0.000000
vn -1.000000 0.000000 0.000000
vn -0.987688 0.000000 -0.156435
vn 0.985617 -0.064737 0.156106
vn 0.997850 -0.065540 -0.000000
vn -0.987688 0.000000 0.156435
vn -0.987688 0.000000 0.156435
vn 0.985617 -0.064737 -0.156106
vn -0.891006 0.000000 0.453991
vn -0.809017 0.000000 0.587786
vn -0.809017 0.000000 0.587786
vn -0.891006 0.000000 0.453991
vn 0.889138 -0.064737 -0.453038
vn 0.807278 -0.065540 -0.586522
vn -0.587785 0.000000 0.809017
vn -0.587785 0.000000 0.809017
vn 0.586522 -0.065540 -0.807278
vn -0.453991 0.000000 0.891006
vn -0.453991 0.000000 0.891006
vn 0.453038 -0.064737 -0.889137
vn -0.156435 0.000000 0.987688
vn 0.000000 0.000000 1.000000
vn 0.000000 0.000000 1.000000
vn -0.156435 0.000000 0.987688
vn 0.156106 -0.064737 -0.985617
vn -0.000000 -0.065540 -0.997850
vn 0.309017 0.000000 0.951056
vn 0.309017 0.000000 0.951056
vn -0.308353 -0.065540 -0.949012
vn 0.453991 0.000000 0.891006
vn 0.453991 0.000000 0.891006
vn -0.453038 -0.064737 -0.889138
vn 0.707107 0.000000 0.707106
vn 0.809017 0.000000 0.587785
vn 0.809017 0.000000 0.587785
vn 0.707107 0.000000 0.707106
vn -0.705624 -0.064737 -0.705623
vn -0.807278 -0.065540 -0.586521
vn 0.951057 0.000000 0.309017
vn 0.951057 0.000000 0.309017
vn -0.949012 -0.065540 -0.308353
vn 0.987689 0.000000 0.156433
vn 0.987689 0.000000 0.156433
vn -0.985617 -0.064737 -0.156106
vn 0.987689 0.000000 -0.156431
vn 0.987689 0.000000 -0.156431
vn -0.985617 -0.064737 0.156104
vn 0.940924 0.145586 -0.305723
vn 0.800398 0.145586 -0.581522
vn 0.800398 0.145586 -0.581522
vn 0.940924 0.145586 -0.305723
vn -0.942410 -0.134538 0.306207
vn -0.801662 -0.134538 0.582442
vn 0.699754 0.143831 -0.699755
vn 0.699754 0.143831 -0.699755
vn -0.700833 -0.132911 0.700833
vn 0.449270 0.143831 -0.881742
vn 0.305725 0.145586 -0.940924
vn 0.305725 0.145586 -0.940924
vn 0.449270 0.143831 -0.881742
vn -0.449962 -0.132911 0.883102
vn -0.306207 -0.134538 0.942410
vn 0.000000 0.145586 -0.989346
vn 0.000000 0.145586 -0.989346
vn 0.000000 -0.134538 0.990909
vn -0.154809 0.143831 -0.977419
vn -0.154809 0.143831 -0.977418
vn 0.155046 -0.132911 0.978926
vn -0.449271 0.143831 -0.881742
vn -0.581523 0.145586 -0.800397
vn -0.581523 0.145586 -0.800397
vn -0.449271 0.143831 -0.881742
vn 0.449963 -0.132911 0.883101
vn 0.582442 -0.134538 0.801662
vn -0.800397 0.145586 -0.581523
vn -0.800397 0.145586 -0.581523
vn 0.801662 -0.134538 0.582441
vn -0.881742 0.143830 -0.449270
vn -0.881742 0.143831 -0.449270
vn 0.883102 -0.132911 0.449963
vn -0.977419 0.143830 -0.154808
vn -0.989346 0.145586 -0.000000
vn -0.989346 0.145586 -0.000000
vn -0.977419 0.143831 -0.154808
vn 0.978926 -0.132911 0.155046
vn 0.990909 -0.134538 -0.000000
vn -0.977419 0.143831 0.154808
vn -0.977419 0.143831 0.154808
vn 0.978926 -0.132911 -0.155047
vn -0.881742 0.143831 0.449271
vn -0.800397 0.145586 0.581523
vn -0.800397 0.145586 0.581523
vn -0.881742 0.143831 0.449271
vn 0.883102 -0.132911 -0.449963
vn 0.801662 -0.134538 -0.582441
vn -0.581523 0.145586 0.800397
vn -0.581523 0.145586 0.800397
vn 0.582442 -0.134538 -0.801662
vn -0.449271 0.143831 0.881742
vn -0.449271 0.143831 0.881742
vn 0.449963 -0.132911 -0.883101
vn -0.154808 0.143831 0.977419
vn 0.000000 0.145586 0.989346
vn 0.000000 0.145586 0.989346
vn -0.154808 0.143831 0.977419
vn 0.155047 -0.132911 -0.978926
vn -0.000000 -0.134538 -0.990909
vn 0.305725 0.145586 0.940923
vn 0.305725 0.145586 0.940923
vn -0.306207 -0.134538 -0.942410
vn 0.449271 0.143831 0.881742
vn 0.449271 0.143831 0.881742
vn -0.449962 -0.132911 -0.883102
vn 0.699755 0.143831 0.699755
vn 0.800397 0.145586 0.581523
vn 0.800397 0.145586 0.581523
vn 0.699755 0.143831 0.699755
vn -0.700833 -0.132911 -0.700833
vn -0.801662 -0.134538 -0.582442
vn 0.940924 0.145586 0.305725
vn 0.940924 0.145586 0.305725
vn -0.942410 -0.134538 -0.306208
vn 0.977419 0.143831 0.154807
vn 0.977419 0.143831 0.154807
vn -0.978926 -0.132911 -0.155046
vn 0.977419 0.143831 -0.154805
vn 0.977419 0.143830 -0.154805
vn -0.978926 -0.132911 0.155045
vn 0.009700 -0.044299 -0.998971
vn 0.009700 -0.044299 -0.998971
vn 0.009800 -0.044299 -0.998970
vn 0.009700 -0.044299 -0.998971
vn 0.998993 -0.042000 0.015800
vn 0.998993 -0.042000 0.015800
vn 0.998993 -0.042000 0.015800
vn 0.998993 -0.042000 0.015800
vn 0.026601 0.039902 0.998850
vn 0.026601 0.039902 0.998850
vn 0.026601 0.039902 0.998850
vn 0.026601 0.039902 0.998850
vn -0.999204 0.039900 0.000300
vn -0.999204 0.039900 0.000300
vn -0.999204 0.039900 0.000300
vn -0.999204 0.039900 0.000300
vn 0.006900 -0.999592 -0.027700
vn 0.006900 -0.999592 -0.027700
vn 0.006600 -0.999603 -0.027400
vn 0.006900 -0.999592 -0.027700
vn 0.028201 0.998849 0.038802
vn 0.028201 0.998849 0.038802
vn 0.028301 0.998842 0.038902
vn 0.028201 0.998849 0.038802
vn 0.028301 0.998842 0.038902
vn 0.028201 0.998849 0.038802
vn 0.008536 0.057498 -0.998309
vn 0.008536 0.057498 -0.998309
vn 0.008536 0.057498 -0.998309
vn 0.008536 0.057498 -0.998309
vn -0.963183 0.267434 0.027542
vn -0.963183 0.267434 0.027542
vn -0.963183 0.267434 0.027542
vn -0.963183 0.267434 0.027542
vn 0.040400 0.035537 0.998551
vn 0.040400 0.035537 0.998551
vn 0.040400 0.035537 0.998551
vn 0.040400 0.035537 0.998551
vn 0.963183 -0.267434 -0.027542
vn 0.963183 -0.267434 -0.027542
vn 0.963183 -0.267434 -0.027542
vn 0.963183 -0.267434 -0.027542
vn -0.279331 -0.960178 -0.005685
vn -0.279331 -0.960178 -0.005685
vn -0.279331 -0.960178 -0.005685
vn -0.279331 -0.960178 -0.005685
vn 0.279331 0.960178 0.005685
vn 0.279331 0.960178 0.005685
vn 0.279331 0.960178 0.005685
vn 0.279331 0.960178 0.005685
vn 0.000000 0.000000 -1.000000
vn 0.000000 0.000000 -1.000000
vn 0.000000 0.000000 -1.000000
vn 1.000000 0.000000 0.000000
vn 1.000000 0.000000 0.000000
vn 1.000000 0.000000 0.000000
vn 0.000000 0.000000 1.000000
vn 0.000000 0.000000 1.000000
vn 0.000000 0.000000 1.000000
vn -1.000000 0.000000 0.000000
vn -1.000000 0.000000 0.000000
vn -1.000000 0.000000 0.000000
vn 0.000000 -1.000000 0.000000
vn 0.000000 -1.000000 0.000000
vn 0.000000 -1.000000 0.000000
vn 0.000000 1.000000 0.000000
vn 0.000000 1.000000 0.000000
vn 0.000000 1.000000 0.000000
vn 0.000000 0.000000 -1.000000
vn 0.000000 0.000000 -1.000000
vn 0.000000 0.000000 -1.000000
vn 1.000000 0.000000 0.000000
vn 1.000000 0.000000 0.000000
vn 1.000000 0.000000 0.000000
vn 0.000000 0.000000 1.000000
vn 0.000000 0.000000 1.000000
vn 0.000000 0.000000 1.000000
vn -1.000000 0.000000 0.000000
vn -1.000000 0.000000 0.000000
vn -1.000000 0.000000 0.000000
vn 0.000000 -1.000000 0.000000
vn 0.000000 -1.000000 0.000000
vn 0.000000 -1.000000 0.000000
vn 0.000000 1.000000 0.000000
vn 0.000000 1.000000 0.000000
vn 0.000000 1.000000 0.000000
vn 0.000000 0.000000 1.000000
vn 0.000000 0.000000 1.000000
vn 0.000000 0.000000 1.000000
vn -1.000000 0.000000 0.000000
vn -1.000000 0.000000 0.000000
vn -1.000000 0.000000 0.000000
vn 0.000000 0.000000 -1.000000
vn 0.000000 0.000000 -1.000000
vn 0.000000 0.000000 -1.000000
vn 1.000000 0.000000 0.000000
vn 1.000000 0.000000 0.000000
vn 1.000000 0.000000 0.000000
vn 0.000000 1.000000 0.000000
vn 0.000000 1.000000 0.000000
vn 0.000000 1.000000 0.000000
vn 0.000000 -1.000000 0.000000
vn 0.000000 -1.000000 0.000000
vn 0.000000 -1.000000 0.000000
vn 0.000000 0.000000 1.000000
vn 0.000000 0.000000 1.000000
vn 0.000000 0.000000 1.000000
vn -1.000000 0.000000 0.000000
vn -1.000000 0.000000 0.000000
vn -1.000000 0.000000 0.000000
vn 0.000000 0.000000 -1.000000
vn 0.000000 0.000000 -1.000000
vn 0.000000 0.000000 -1.000000
vn 1.000000 0.000000 0.000000
vn 1.000000 0.000000 0.000000
vn 1.000000 0.000000 0.000000
vn 0.000000 1.000000 0.000000
vn 0.000000 1.000000 0.000000
vn 0.000000 1.000000 0.000000
vn 0.000000 -1.000000 0.000000
vn 0.000000 -1.000000 0.000000
vn 0.000000 -1.000000 0.000000
vn -0.992555 0.121794 -0.001100
vn -0.992555 0.121794 -0.001100
vn -0.992555 0.121794 -0.001100
vn 0.999988 -0.002900 -0.003900
vn 0.999974 -0.004400 -0.005800
vn 0.999998 0.000000 -0.001800
vn -0.999682 0.025200 -0.001100
vn -0.999679 0.025299 -0.001100
vn -0.999682 0.025200 -0.001100
vn 0.000000 -1.000000 0.000000
vn -0.000100 -1.000000 0.000000
vn 0.000000 -1.000000 0.000000
vn 0.000000 0.000000 1.000000
vn 0.000000 0.000000 1.000000
vn 0.000000 0.000000 1.000000
vn 0.000000 1.000000 0.000000
vn 0.000000 1.000000 0.000000
vn 0.000000 1.000000 0.000000
vn 0.000000 1.000000 0.000000
vn 0.000000 1.000000 0.000000
vn 0.000000 1.000000 0.000000
vn 0.000000 0.000000 -1.000000
vn 0.000000 0.000000 -1.000000
vn 0.000000 0.000000 -1.000000
vn 0.000000 -1.000000 0.000000
vn 0.000000 -1.000000 0.000000
vn 0.000000 -1.000000 0.000000
vn 0.000000 1.000000 0.000000
vn 0.000000 1.000000 0.000000
vn 0.000000 1.000000 0.000000
vn -0.997273 0.073798 -0.001100
vn -0.997273 0.073798 -0.001100
vn -0.997273 0.073798 -0.001100
vn 1.000000 0.000000 0.000000
vn 1.000000 0.000000 0.000000
vn 1.000000 0.000000 0.000000
vn 1.000000 0.000000 0.000000
vn 0.999998 0.000000 -0.001800
vn 1.000000 0.000000 0.000000
vn -0.924203 0.000700 0.381901
vn -0.924238 0.000700 0.381816
vn -0.924253 0.000700 0.381780
vn -0.382896 0.000000 0.923791
vn -0.382811 0.000100 0.923827
vn -0.382690 0.000100 0.923877
vn -0.913660 0.134494 -0.383583
vn -0.913644 0.134506 -0.383618
vn -0.913708 0.134401 -0.383503
vn -0.378298 0.055900 -0.923995
vn -0.378504 0.055901 -0.923910
vn -0.378089 0.055998 -0.924074
vn 0.000000 -1.000000 0.000000
vn 0.000000 -1.000000 0.000000
vn 0.000000 -1.000000 0.000000
vn 0.999988 -0.002900 -0.003900
vn 0.999943 -0.008800 -0.006000
vn 0.999974 -0.004400 -0.005800
vn 0.000000 -1.000000 0.000000
vn 0.000000 -1.000000 0.000000
vn 0.000000 -1.000000 0.000000
vn 0.000000 -1.000000 0.000000
vn 0.000000 -1.000000 0.000000
vn 0.000000 -1.000000 0.000000
vn 0.000000 -1.000000 0.000000
vn 0.000000 -1.000000 0.000000
vn 0.000000 -1.000000 0.000000
vn 0.000000 1.000000 0.000000
vn 0.000000 1.000000 0.000000
vn 0.000000 1.000000 0.000000
vn 0.000000 1.000000 0.000000
vn 0.000000 1.000000 0.000000
vn 0.000000 1.000000 0.000000
vn 0.000000 1.000000 0.000000
vn 0.000000 1.000000 0.000000
vn 0.000000 1.000000 0.000000
vn 0.000000 1.000000 0.000000
vn 0.000000 1.000000 0.000000
vn 0.000000 1.000000 0.000000
vn 0.000000 -1.000000 0.000000
vn 0.000000 -1.000000 0.000000
vn 0.000000 -1.000000 0.000000
vn 0.000000 1.000000 0.000000
vn 0.000000 1.000000 0.000000
vn 0.000000 1.000000 0.000000
vn 0.000000 1.000000 0.000000
vn 0.000000 1.000000 0.000000
vn 0.000000 1.000000 0.000000
vn 0.000000 1.000000 0.000000
vn 0.000000 1.000000 0.000000
vn 0.000000 1.000000 0.000000
vn 1.000000 0.000000 0.000000
vn 1.000000 0.000000 0.000000
vn 1.000000 0.000000 0.000000
vn 1.000000 0.000000 0.000000
vn 0.999988 -0.002900 -0.003900
vn 0.999998 0.000000 -0.001800
vn 0.000000 -1.000000 0.000000
vn 0.000000 -1.000000 0.000000
vn 0.000000 -1.000000 0.000000
vn 0.000000 -1.000000 0.000000
vn 0.000000 -1.000000 0.000000
vn 0.000000 -1.000000 0.000000
vn 0.000000 -1.000000 0.000000
vn 0.000000 -1.000000 0.000000
vn 0.000000 -1.000000 0.000000
vn -0.992555 0.121794 -0.001100
vn -0.992555 0.121794 -0.001100
vn -0.992555 0.121794 -0.001100
vn -0.999682 0.025200 -0.001100
vn -0.999682 0.025200 -0.001100
vn -0.999679 0.025299 -0.001100
vn 0.000000 0.000000 1.000000
vn 0.000000 0.000000 1.000000
vn 0.000000 0.000000 1.000000
vn 0.000000 0.000000 -1.000000
vn 0.000000 0.000000 -1.000000
vn 0.000000 0.000000 -1.000000
vn -0.997273 0.073798 -0.001100
vn -0.997273 0.073798 -0.001100
vn -0.997273 0.073798 -0.001100
vn -0.924203 0.000700 0.381901
vn -0.924203 0.000700 0.381901
vn -0.924238 0.000700 0.381816
vn -0.382896 0.000000 0.923791
vn -0.382690 0.000100 0.923877
vn -0.382811 0.000100 0.923827
vn -0.913660 0.134494 -0.383583
vn -0.913660 0.134494 -0.383583
vn -0.913644 0.134506 -0.383618
vn -0.378298 0.055900 -0.923995
vn -0.378713 0.055802 -0.923831
vn -0.378504 0.055901 -0.923910
vn -0.003300 0.041202 -0.999145
vn -0.003300 0.041202 -0.999145
vn -0.003300 0.041202 -0.999145
vn -0.003300 0.041202 -0.999145
vn 0.999035 -0.043002 0.008900
vn 0.999035 -0.043002 0.008900
vn 0.999035 -0.043002 0.008900
vn 0.999035 -0.043002 0.008900
vn 0.039601 -0.044301 0.998233
vn 0.039601 -0.044301 0.998233
vn 0.039601 -0.044301 0.998233
vn 0.039601 -0.044301 0.998233
vn -0.998514 0.042501 -0.034100
vn -0.998518 0.042501 -0.034001
vn -0.998518 0.042501 -0.034001
vn -0.998514 0.042501 -0.034100
vn 0.031700 -0.999497 -0.000200
vn 0.031500 -0.999504 -0.000100
vn 0.031700 -0.999497 -0.000200
vn 0.031600 -0.999501 -0.000100
vn 0.005800 0.999705 -0.023600
vn 0.005800 0.999705 -0.023600
vn 0.006000 0.999699 -0.023800
vn 0.005800 0.999705 -0.023600
vn 0.006000 0.999699 -0.023800
vn 0.005800 0.999705 -0.023600
vn 0.000000 0.000000 1.000000
vn 0.000000 0.000000 1.000000
vn 0.000000 0.000000 1.000000
vn -1.000000 0.000000 0.000000
vn -1.000000 0.000000 0.000000
vn -1.000000 0.000000 0.000000
vn 0.000000 0.000000 -1.000000
vn 0.000000 0.000000 -1.000000
vn 0.000000 0.000000 -1.000000
vn 1.000000 0.000000 0.000000
vn 1.000000 0.000000 0.000000
vn 1.000000 0.000000 0.000000
vn 0.000000 1.000000 0.000000
vn 0.000000 1.000000 0.000000
vn 0.000000 1.000000 0.000000
vn 0.000000 -1.000000 0.000000
vn 0.000000 -1.000000 0.000000
vn 0.000000 -1.000000 0.000000
vn 0.000000 0.000000 1.000000
vn 0.000000 0.000000 1.000000
vn 0.000000 0.000000 1.000000
vn -1.000000 0.000000 0.000000
vn -1.000000 0.000000 0.000000
vn -1.000000 0.000000 0.000000
vn 0.000000 0.000000 -1.000000
vn 0.000000 0.000000 -1.000000
vn 0.000000 0.000000 -1.000000
vn 1.000000 0.000000 0.000000
vn 1.000000 0.000000 0.000000
vn 1.000000 0.000000 0.000000
vn 0.000000 1.000000 0.000000
vn 0.000000 1.000000 0.000000
vn 0.000000 1.000000 0.000000
vn 0.000000 -1.000000 0.000000
vn 0.000000 -1.000000 0.000000
vn 0.000000 -1.000000 0.000000
vn -0.010900 -0.041599 -0.999075
vn -0.010900 -0.041599 -0.999075
vn -0.010900 -0.041599 -0.999075
vn -0.010900 -0.041599 -0.999075
vn 0.999109 0.042200 -0.000500
vn 0.999109 0.042200 -0.000500
vn 0.999109 0.042200 -0.000400
vn 0.999109 0.042200 -0.000500
vn 0.005000 0.042799 0.999071
vn 0.005100 0.042799 0.999071
vn 0.005000 0.042799 0.999071
vn 0.005100 0.042799 0.999071
vn -0.998993 -0.041600 -0.016800
vn -0.998993 -0.041600 -0.016800
vn -0.998993 -0.041600 -0.016800
vn -0.998993 -0.041600 -0.016800
vn -0.001900 -0.999816 -0.019100
vn -0.001800 -0.999816 -0.019100
vn -0.001900 -0.999816 -0.019100
vn -0.001800 -0.999816 -0.019100
vn -0.002600 0.999989 0.004000
vn -0.002600 0.999989 0.004000
vn -0.002700 0.999988 0.004000
vn -0.002600 0.999989 0.004000
vn -0.002700 0.999988 0.004000
vn -0.002600 0.999989 0.004000
vn 0.000000 0.000000 -1.000000
vn 0.000000 0.000000 -1.000000
vn 0.000000 0.000000 -1.000000
vn 0.999625 -0.027401 0.000000
vn 0.999625 -0.027401 0.000000
vn 0.999625 -0.027401 0.000000
vn 0.000000 0.000000 1.000000
vn 0.000000 0.000000 1.000000
vn 0.000000 0.000000 1.000000
vn -0.998258 -0.058998 0.000500
vn -0.998258 -0.058998 0.000500
vn -0.998258 -0.058998 0.000500
vn 0.000000 -1.000000 0.000000
vn 0.000000 -1.000000 0.000000
vn 0.000000 -1.000000 0.000000
vn 0.000000 1.000000 0.000000
vn 0.000000 1.000000 0.000000
vn 0.000000 1.000000 0.000000
vn 0.000000 1.000000 0.000000
vn 0.000000 1.000000 0.000000
vn 0.000000 1.000000 0.000000
vn 0.000000 1.000000 0.000000
vn 0.000000 1.000000 0.000000
vn 0.000000 1.000000 0.000000
vn 0.000000 -1.000000 0.000000
vn 0.000000 -1.000000 0.000000
vn 0.000000 -1.000000 0.000000
vn 0.000000 -1.000000 0.000000
vn 0.000000 -1.000000 0.000000
vn 0.000000 -1.000000 0.000000
vn -1.000000 0.000000 0.000000
vn -1.000000 0.000000 0.000000
vn -1.000000 0.000000 0.000000
vn -0.999507 -0.031400 0.000700
vn -0.999370 -0.035499 0.000500
vn -0.999507 -0.031400 0.000700
vn 0.998497 -0.054800 0.000000
vn 0.998497 -0.054800 0.000600
vn 0.998497 -0.054800 0.000600
vn 0.999625 -0.027401 0.000000
vn 0.999625 -0.027401 0.000000
vn 0.999625 -0.027401 0.000000
vn 0.989593 -0.143799 -0.005200
vn 0.989593 -0.143799 -0.005200
vn 0.989593 -0.143799 -0.005200
vn 0.000000 -1.000000 0.000000
vn 0.000000 -1.000000 0.000000
vn 0.000000 -1.000000 0.000000
vn 0.000000 1.000000 0.000000
vn 0.000000 1.000000 0.000000
vn 0.000000 1.000000 0.000000
vn 0.000000 1.000000 0.000000
vn 0.000000 1.000000 0.000000
vn 0.000000 1.000000 0.000000
vn 0.000000 1.000000 0.000000
vn 0.000000 1.000000 0.000000
vn 0.000000 1.000000 0.000000
vn 0.000000 -1.000000 0.000000
vn 0.000000 -1.000000 0.000000
vn 0.000000 -1.000000 0.000000
vn 0.000000 -1.000000 0.000000
vn 0.000000 -1.000000 0.000000
vn 0.000000 -1.000000 0.000000
vn -0.999721 -0.023600 0.001100
vn -0.999507 -0.031400 0.000700
vn -0.999507 -0.031400 0.000700
vn 0.996632 -0.082003 0.001200
vn 0.996632 -0.082003 0.001200
vn 0.996632 -0.082003 0.001200
vn 0.998497 -0.054800 0.000600
vn 0.998497 -0.054800 0.000600
vn 0.998497 -0.054800 0.001200
vn 0.000000 0.000000 -1.000000
vn 0.000000 0.000000 -1.000000
vn 0.000000 0.000000 -1.000000
vn 0.000000 0.000000 1.000000
vn 0.000000 0.000000 1.000000
vn 0.000000 0.000000 1.000000
vn -0.998258 -0.058998 0.000500
vn -0.998258 -0.058998 0.000500
vn -0.998258 -0.058998 0.000500
vn -0.999507 -0.031400 0.000700
vn -0.999370 -0.035499 0.000500
vn -0.999370 -0.035499 0.000500
vn 0.000000 0.000000 -1.000000
vn 0.000000 0.000000 -1.000000
vn 0.000000 0.000000 -1.000000
vn 1.000000 0.000000 0.000000
vn 1.000000 0.000000 0.000000
vn 1.000000 0.000000 0.000000
vn 0.000000 0.000000 1.000000
vn 0.000000 0.000000 1.000000
vn 0.000000 0.000000 1.000000
vn -1.000000 0.000000 0.000000
vn -1.000000 0.000000 0.000000
vn -1.000000 0.000000 0.000000
vn 0.000000 -1.000000 0.000000
vn 0.000000 -1.000000 0.000000
vn 0.000000 -1.000000 0.000000
vn 0.000000 1.000000 0.000000
vn 0.000000 1.000000 0.000000
vn 0.000000 1.000000 0.000000
vn 0.000000 1.000000 0.000000
vn 0.000000 1.000000 0.000000
vn 0.000000 1.000000 0.000000
vn 0.000000 1.000000 0.000000
vn 0.000000 1.000000 0.000000
vn 0.000000 1.000000 0.000000
vn 0.000000 -1.000000 0.000000
vn 0.000000 -1.000000 0.000000
vn 0.000000 -1.000000 0.000000
vn 0.000000 -1.000000 0.000000
vn 0.000000 -1.000000 0.000000
vn 0.000000 -1.000000 0.000000
vn -1.000000 0.000000 0.000000
vn -1.000000 0.000000 0.000000
vn -1.000000 0.000000 0.000000
vn -1.000000 0.000000 0.000000
vn -1.000000 0.000000 0.000000
vn -1.000000 0.000000 0.000000
vn 1.000000 0.000000 0.000000
vn 1.000000 0.000000 0.000000
vn 1.000000 0.000000 0.000000
vn 1.000000 0.000000 0.000000
vn 1.000000 0.000000 0.000000
vn 1.000000 0.000000 0.000000
vn 0.990607 -0.136601 -0.006100
vn 0.990607 -0.136601 -0.006100
vn 0.990607 -0.136601 -0.006100
vn 0.000000 -1.000000 0.000000
vn 0.000000 -1.000000 0.000000
vn 0.000000 -1.000000 0.000000
vn 0.000000 1.000000 0.000000
vn 0.000000 1.000000 0.000000
vn 0.000000 1.000000 0.000000
vn 0.000000 1.000000 0.000000
vn 0.000000 1.000000 0.000000
vn 0.000000 1.000000 0.000000
vn 0.000000 1.000000 0.000000
vn 0.000000 1.000000 0.000000
vn 0.000000 1.000000 0.000000
vn 0.000000 -1.000000 0.000000
vn 0.000000 -1.000000 0.000000
vn 0.000000 -1.000000 0.000000
vn 0.000000 -1.000000 0.000000
vn 0.000000 -1.000000 0.000000
vn 0.000000 -1.000000 0.000000
vn 0.995861 -0.090796 0.004100
vn 0.995861 -0.090796 0.004100
vn 0.995861 -0.090796 0.004100
vn 1.000000 0.000000 0.000000
vn 1.000000 0.000000 0.000000
vn 1.000000 0.000000 0.000000
vn 0.000000 0.000000 -1.000000
vn 0.000000 0.000000 -1.000000
vn 0.000000 0.000000 -1.000000
vn 0.000000 0.000000 1.000000
vn 0.000000 0.000000 1.000000
vn 0.000000 0.000000 1.000000
vn -1.000000 0.000000 0.000000
vn -1.000000 0.000000 0.000000
vn -1.000000 0.000000 0.000000
vn -1.000000 0.000000 0.000000
vn -1.000000 0.000000 0.000000
vn -1.000000 0.000000 0.000000
vn -1.000000 0.000000 0.000000
vn -1.000000 0.000000 0.000000
vn -1.000000 0.000000 0.000000
vn 0.000000 0.000000 1.000000
vn 0.000000 0.000000 1.000000
vn 0.000000 0.000000 1.000000
vn -1.000000 0.000000 0.000000
vn -1.000000 0.000000 0.000000
vn -1.000000 0.000000 0.000000
vn 0.000000 0.000000 -1.000000
vn 0.000000 0.000000 -1.000000
vn 0.000000 0.000000 -1.000000
vn 1.000000 0.000000 0.000000
vn 1.000000 0.000000 0.000000
vn 1.000000 0.000000 0.000000
vn 0.000000 1.000000 0.000000
vn 0.000000 1.000000 0.000000
vn 0.000000 1.000000 0.000000
vn 0.000000 -1.000000 0.000000
vn 0.000000 -1.000000 0.000000
vn 0.000000 -1.000000 0.000000
vn 0.000000 0.000000 1.000000
vn 0.000000 0.000000 1.000000
vn 0.000000 0.000000 1.000000
vn -1.000000 0.000000 0.000000
vn -1.000000 0.000000 0.000000
vn -1.000000 0.000000 0.000000
vn 0.000000 0.000000 -1.000000
vn 0.000000 0.000000 -1.000000
vn 0.000000 0.000000 -1.000000
vn 1.000000 0.000000 0.000000
vn 1.000000 0.000000 0.000000
vn 1.000000 0.000000 0.000000
vn 0.000000 1.000000 0.000000
vn 0.000000 1.000000 0.000000
vn 0.000000 1.000000 0.000000
vn 0.000000 -1.000000 0.000000
vn 0.000000 -1.000000 0.000000
vn 0.000000 -1.000000 0.000000
vn 0.000000 -1.000000 -0.000000
vn 0.000000 -1.000000 0.000002
vn 0.000000 -1.000000 0.000002
vn 0.000000 -1.000000 -0.000000
vn 0.000000 -1.000000 -0.000001
vn 0.000000 -1.000000 -0.000000
vn 0.000000 -1.000000 0.000000
vn 0.000000 -1.000000 0.000000
vn 0.000000 -1.000000 0.000000
vn 0.000000 -1.000000 0.000000
vn 0.000000 -1.000000 0.000000
vn 0.000000 -1.000000 0.000000
vn 0.000000 -1.000000 0.000000
vn 0.000000 -1.000000 -0.000001
vn 0.000000 -1.000000 -0.000002
vn 0.000000 -1.000000 -0.000002
vn 0.000000 -1.000000 0.000000
vn 0.000000 -1.000000 -0.000000
vn 0.000000 -1.000000 -0.000004
vn 0.000000 -1.000000 -0.000004
vn 0.397906 0.908271 -0.129287
vn 0.338479 0.908271 -0.245919
vn 0.346157 0.921448 -0.176375
vn 0.245919 0.908271 -0.338478
vn 0.191889 0.906283 -0.376603
vn 0.066120 0.906283 -0.417467
vn -0.000000 0.908271 -0.418383
vn -0.064333 0.911525 -0.406182
vn -0.129288 0.908271 -0.397906
vn -0.191889 0.906283 -0.376603
vn -0.298874 0.906283 -0.298875
vn -0.338479 0.908271 -0.245920
vn -0.381634 0.915958 -0.124001
vn -0.397906 0.908271 -0.129287
vn -0.418383 0.908271 0.000000
vn -0.417468 0.906283 0.066120
vn -0.376603 0.906283 0.191889
vn -0.338479 0.908270 0.245920
vn -0.235863 0.915958 0.324638
vn -0.245919 0.908270 0.338480
vn -0.129288 0.908271 0.397906
vn -0.066120 0.906283 0.417467
vn 0.066121 0.906283 0.417468
vn 0.129288 0.908271 0.397906
vn 0.235863 0.915958 0.324638
vn 0.245920 0.908271 0.338479
vn 0.338479 0.908270 0.245920
vn 0.376603 0.906283 0.191889
vn 0.417468 0.906283 0.066122
vn 0.418383 0.908271 0.000001
vn 0.000000 0.000000 -1.000000
vn 0.000000 0.000000 -1.000000
vn 0.000000 0.000000 -1.000000
vn 1.000000 0.000000 0.000000
vn 1.000000 0.000000 0.000000
vn 1.000000 0.000000 0.000000
vn 0.000000 0.000000 1.000000
vn 0.000000 0.000000 1.000000
vn 0.000000 0.000000 1.000000
vn -1.000000 0.000000 0.000000
vn -1.000000 0.000000 0.000000
vn -1.000000 0.000000 0.000000
vn 0.000000 -1.000000 0.000000
vn 0.000000 -1.000000 0.000000
vn 0.000000 -1.000000 0.000000
vn 0.000000 1.000000 0.000000
vn 0.000000 1.000000 0.000000
vn 0.000000 1.000000 0.000000
vn 0.000000 0.000000 -1.000000
vn 0.000000 0.000000 -1.000000
vn 0.000000 0.000000 -1.000000
vn 1.000000 0.000000 0.000000
vn 1.000000 0.000000 0.000000
vn 1.000000 0.000000 0.000000
vn 0.000000 0.000000 1.000000
vn 0.000000 0.000000 1.000000
vn 0.000000 0.000000 1.000000
vn -1.000000 0.000000 0.000000
vn -1.000000 0.000000 0.000000
vn -1.000000 0.000000 0.000000
vn 0.000000 -1.000000 0.000000
vn 0.000000 -1.000000 0.000000
vn 0.000000 -1.000000 0.000000
vn 0.000000 1.000000 0.000000
vn 0.000000 1.000000 0.000000
vn 0.000000 1.000000 0.000000
vn 1.000000 0.000000 0.000000
vn 1.000000 0.000000 0.000000
vn 1.000000 0.000000 0.000000
vn 0.000000 1.000000 0.000000
vn 0.000000 1.000000 0.000000
vn 0.000000 1.000000 0.000000
vn 0.000000 -1.000000 0.000000
vn 0.000000 -1.000000 0.000000
vn 0.000000 -1.000000 0.000000
vn -0.999997 0.000000 0.002500
vn -0.999987 0.000200 0.005100
vn -0.999987 0.000200 0.005100
vn 1.000000 0.000000 0.000000
vn 1.000000 0.000000 0.000000
vn 1.000000 0.000000 0.000000
vn 0.000000 0.000000 1.000000
vn 0.000000 0.000000 1.000000
vn 0.000000 0.000000 1.000000
vn 0.000000 1.000000 0.000000
vn 0.000000 1.000000 0.000000
vn 0.000000 1.000000 0.000000
vn 0.000000 0.000000 -1.000000
vn 0.000000 0.000000 -1.000000
vn 0.000000 0.000000 -1.000000
vn 0.000000 -1.000000 0.000000
vn 0.000000 -1.000000 0.000000
vn 0.000000 -1.000000 0.000000
vn -1.000000 0.000000 0.000000
vn -1.000000 0.000000 0.000000
vn -1.000000 0.000000 0.000000
vn -1.000000 0.000000 0.000000
vn -0.999997 0.000000 0.002500
vn -1.000000 0.000000 0.000000
vn 0.000000 1.000000 0.000000
vn 0.000000 1.000000 0.000000
vn 0.000000 1.000000 0.000000
vn 1.000000 0.000000 0.000000
vn 1.000000 0.000000 0.000000
vn 1.000000 0.000000 0.000000
vn 0.000000 -1.000000 0.000000
vn 0.000000 -1.000000 0.000000
vn 0.000000 -1.000000 0.000000
vn 0.923877 0.000000 -0.382690
vn 0.923877 0.000000 -0.382690
vn 0.923877 0.000000 -0.382690
vn 0.382690 0.000000 -0.923877
vn 0.382690 0.000000 -0.923877
vn 0.382690 0.000000 -0.923877
vn 0.382690 0.000000 0.923877
vn 0.382690 0.000000 0.923877
vn 0.382690 0.000000 0.923877
vn 0.923877 0.000000 0.382690
vn 0.923877 0.000000 0.382690
vn 0.923877 0.000000 0.382690
vn 0.000000 1.000000 0.000000
vn 0.000000 1.000000 0.000000
vn 0.000000 1.000000 0.000000
vn 0.000000 1.000000 0.000000
vn -0.000100 1.000000 0.000000
vn 0.000000 1.000000 0.000000
vn 0.000000 1.000000 0.000000
vn 0.000000 1.000000 0.000000
vn 0.000000 1.000000 0.000000
vn 0.000000 -1.000000 0.000000
vn 0.000000 -1.000000 0.000000
vn 0.000000 -1.000000 0.000000
vn 0.000000 -1.000000 0.000000
vn -0.000100 -1.000000 0.000000
vn 0.000000 -1.000000 0.000000
vn 0.000000 -1.000000 0.000000
vn 0.000000 -1.000000 0.000000
vn 0.000000 -1.000000 0.000000
vn 0.000000 1.000000 0.000000
vn 0.000000 1.000000 0.000000
vn 0.000000 1.000000 0.000000
vn 0.000000 -1.000000 0.000000
vn 0.000000 -1.000000 0.000000
vn 0.000000 -1.000000 0.000000
vn 0.000000 1.000000 0.000000
vn 0.000000 1.000000 0.000000
vn 0.000000 1.000000 0.000000
vn 0.000000 1.000000 0.000000
vn 0.000000 1.000000 0.000000
vn 0.000000 1.000000 0.000000
vn 0.000000 1.000000 0.000000
vn 0.000000 1.000000 0.000000
vn 0.000000 1.000000 0.000000
vn 0.000000 -1.000000 0.000000
vn 0.000000 -1.000000 0.000000
vn 0.000000 -1.000000 0.000000
vn 0.000000 -1.000000 0.000000
vn -0.000100 -1.000000 0.000000
vn 0.000000 -1.000000 0.000000
vn 0.000000 -1.000000 0.000000
vn 0.000000 -1.000000 0.000000
vn 0.000000 -1.000000 0.000000
vn 1.000000 0.000000 0.000000
vn 1.000000 0.000000 0.000000
vn 1.000000 0.000000 0.000000
vn -0.999997 0.000000 0.002500
vn -0.999997 0.000000 0.002500
vn -0.999987 0.000200 0.005100
vn 1.000000 0.000000 0.000000
vn 1.000000 0.000000 0.000000
vn 1.000000 0.000000 0.000000
vn 0.000000 0.000000 1.000000
vn 0.000000 0.000000 1.000000
vn 0.000000 0.000000 1.000000
vn 0.000000 0.000000 -1.000000
vn 0.000000 0.000000 -1.000000
vn 0.000000 0.000000 -1.000000
vn -1.000000 0.000000 0.000000
vn -1.000000 0.000000 0.000000
vn -1.000000 0.000000 0.000000
vn -1.000000 0.000000 0.000000
vn -0.999997 0.000000 0.002500
vn -0.999997 0.000000 0.002500
vn 1.000000 0.000000 0.000000
vn 1.000000 0.000000 0.000000
vn 1.000000 0.000000 0.000000
vn 0.923877 0.000000 -0.382690
vn 0.923877 0.000000 -0.382690
vn 0.923877 0.000000 -0.382690
vn 0.382690 0.000000 -0.923877
vn 0.382690 0.000000 -0.923877
vn 0.382690 0.000000 -0.923877
vn 0.382690 0.000000 0.923877
vn 0.382690 0.000000 0.923877
vn 0.382690 0.000000 0.923877
vn 0.923877 0.000000 0.382690
vn 0.923877 0.000000 0.382690
vn 0.923877 0.000000 0.382690
vn 0.000000 0.000000 -1.000000
vn 0.000000 0.000000 -1.000000
vn 0.000000 0.000000 -1.000000
vn 1.000000 0.000000 0.000000
vn 1.000000 0.000000 0.000000
vn 1.000000 0.000000 0.000000
vn 0.000000 0.000000 1.000000
vn 0.000000 0.000000 1.000000
vn 0.000000 0.000000 1.000000
vn -1.000000 0.000000 0.000000
vn -1.000000 0.000000 0.000000
vn -1.000000 0.000000 0.000000
vn 0.000000 -1.000000 0.000000
vn 0.000000 -1.000000 0.000000
vn 0.000000 -1.000000 0.000000
vn 0.000000 1.000000 0.000000
vn 0.000000 1.000000 0.000000
vn 0.000000 1.000000 0.000000
vn 0.000000 0.000000 -1.000000
vn 0.000000 0.000000 -1.000000
vn 0.000000 0.000000 -1.000000
vn 1.000000 0.000000 0.000000
vn 1.000000 0.000000 0.000000
vn 1.000000 0.000000 0.000000
vn 0.000000 0.000000 1.000000
vn 0.000000 0.000000 1.000000
vn 0.000000 0.000000 1.000000
vn -1.000000 0.000000 0.000000
vn -1.000000 0.000000 0.000000
vn -1.000000 0.000000 0.000000
vn 0.000000 -1.000000 0.000000
vn 0.000000 -1.000000 0.000000
vn 0.000000 -1.000000 0.000000
vn 0.000000 1.000000 0.000000
vn 0.000000 1.000000 0.000000
vn 0.000000 1.000000 0.000000
vn 0.010400 0.041400 -0.999089
vn 0.010400 0.041400 -0.999089
vn 0.010400 0.041400 -0.999089
vn 0.010400 0.041400 -0.999089
vn 0.999124 0.040701 0.009700
vn 0.999123 0.040701 0.009800
vn 0.999124 0.040701 0.009700
vn 0.999123 0.040701 0.009800
vn 0.010800 -0.041000 0.999101
vn 0.010800 -0.041000 0.999101
vn 0.010800 -0.041000 0.999101
vn 0.010800 -0.041000 0.999101
vn -0.999079 -0.041899 0.009300
vn -0.999083 -0.041799 0.009300
vn -0.999079 -0.041899 0.009300
vn -0.999080 -0.041899 0.009200
vn 0.023200 -0.999712 -0.006200
vn 0.023300 -0.999709 -0.006300
vn 0.023200 -0.999712 -0.006200
vn 0.023300 -0.999709 -0.006300
vn -0.001800 0.999691 0.024800
vn -0.001800 0.999691 0.024800
vn -0.001700 0.999691 0.024800
vn -0.001800 0.999691 0.024800
vn -0.001700 0.999691 0.024800
vn -0.001800 0.999691 0.024800
vn 0.019646 -0.028711 -0.999395
vn 0.019646 -0.028711 -0.999395
vn 0.019646 -0.028711 -0.999395
vn 0.019646 -0.028711 -0.999395
vn -0.996797 -0.079920 0.003054
vn -0.996797 -0.079920 0.003054
vn -0.996797 -0.079920 0.003054
vn -0.996797 -0.079920 0.003054
vn -0.005681 0.132574 0.991157
vn -0.005681 0.132574 0.991157
vn -0.005681 0.132574 0.991157
vn -0.005681 0.132574 0.991157
vn 0.996797 0.079920 -0.003054
vn 0.996797 0.079920 -0.003054
vn 0.996797 0.079920 -0.003054
vn 0.996797 0.079920 -0.003054
vn 0.067828 -0.994334 0.081848
vn 0.067828 -0.994334 0.081848
vn 0.067828 -0.994334 0.081848
vn 0.067828 -0.994334 0.081848
vn -0.067828 0.994334 -0.081848
vn -0.067828 0.994334 -0.081848
vn -0.067828 0.994334 -0.081848
vn -0.067828 0.994334 -0.081848
vn -0.008536 0.057498 -0.998309
vn -0.008536 0.057498 -0.998309
vn -0.008536 0.057498 -0.998309
vn -0.008536 0.057498 -0.998309
vn 0.963183 0.267434 0.027542
vn 0.963183 0.267434 0.027542
vn 0.963183 0.267434 0.027542
vn 0.963183 0.267434 0.027542
vn -0.040400 0.035537 0.998551
vn -0.040400 0.035537 0.998551
vn -0.040400 0.035537 0.998551
vn -0.040400 0.035537 0.998551
vn -0.963183 -0.267434 -0.027542
vn -0.963183 -0.267434 -0.027542
vn -0.963183 -0.267434 -0.027542
vn -0.963183 -0.267434 -0.027542
vn 0.279331 -0.960178 -0.005685
vn 0.279331 -0.960178 -0.005685
vn 0.279331 -0.960178 -0.005685
vn 0.279331 -0.960178 -0.005685
vn -0.279331 0.960178 0.005685
vn -0.279331 0.960178 0.005685
vn -0.279331 0.960178 0.005685
vn -0.279331 0.960178 0.005685
vn -0.998457 0.052398 0.018399
vn -0.998457 0.052398 0.018399
vn -0.998457 0.052398 0.018399
vn -0.998457 0.052398 0.018399
vn 0.000000 -0.037300 -0.999304
vn 0.000000 -0.037300 -0.999304
vn 0.000000 -0.037300 -0.999304
vn 0.000000 -0.037300 -0.999304
vn 0.998694 0.051100 0.000000
vn 0.998694 0.051100 0.000000
vn 0.998694 0.051100 0.000000
vn 0.998694 0.051100 0.000000
vn 0.000000 0.037300 0.999304
vn 0.000000 0.037300 0.999304
vn 0.000000 0.037300 0.999304
vn 0.000000 0.037300 0.999304
vn 0.000000 -0.999682 0.025200
vn 0.000000 -0.999682 0.025200
vn 0.000000 -0.999682 0.025200
vn 0.000000 -0.999682 0.025200
vn 0.000000 0.999682 -0.025200
vn 0.000000 0.999682 -0.025200
vn 0.000000 0.999682 -0.025200
vn 0.000000 0.999682 -0.025200
vn 0.973837 0.226501 -0.018399
vn 0.973837 0.226501 -0.018399
vn 0.973837 0.226501 -0.018399
vn 0.973837 0.226501 -0.018399
vn 0.006534 -0.036723 0.999304
vn 0.006534 -0.036723 0.999304
vn 0.006534 -0.036723 0.999304
vn 0.006534 -0.036723 0.999304
vn -0.992201 -0.124646 0.000000
vn -0.992201 -0.124646 0.000000
vn -0.992201 -0.124646 0.000000
vn -0.992201 -0.124646 0.000000
vn -0.006534 0.036723 -0.999304
vn -0.006534 0.036723 -0.999304
vn -0.006534 0.036723 -0.999304
vn -0.006534 0.036723 -0.999304
vn 0.175129 -0.984223 -0.025200
vn 0.175129 -0.984223 -0.025200
vn 0.175129 -0.984223 -0.025200
vn 0.175129 -0.984223 -0.025200
vn -0.175129 0.984223 0.025200
vn -0.175129 0.984223 0.025200
vn -0.175129 0.984223 0.025200
vn -0.175129 0.984223 0.025200
vn -0.998457 0.052398 -0.018399
vn -0.998457 0.052398 -0.018399
vn -0.998457 0.052398 -0.018399
vn -0.998457 0.052398 -0.018399
vn 0.000000 -0.037300 0.999304
vn 0.000000 -0.037300 0.999304
vn 0.000000 -0.037300 0.999304
vn 0.000000 -0.037300 0.999304
vn 0.998694 0.051100 0.000000
vn 0.998694 0.051100 0.000000
vn 0.998694 0.051100 0.000000
vn 0.998694 0.051100 0.000000
vn 0.000000 0.037300 -0.999304
vn 0.000000 0.037300 -0.999304
vn 0.000000 0.037300 -0.999304
vn 0.000000 0.037300 -0.999304
vn 0.000000 -0.999682 -0.025200
vn 0.000000 -0.999682 -0.025200
vn 0.000000 -0.999682 -0.025200
vn 0.000000 -0.999682 -0.025200
vn 0.000000 0.999682 0.025200
vn 0.000000 0.999682 0.025200
vn 0.000000 0.999682 0.025200
vn 0.000000 0.999682 0.025200
vn 0.905647 -0.423384 -0.023466
vn 0.905647 -0.423384 -0.023466
vn 0.905647 -0.423384 -0.023466
vn 0.905647 -0.423384 -0.023466
vn -0.018020 -0.032659 0.999304
vn -0.018020 -0.032659 0.999304
vn -0.018020 -0.032659 0.999304
vn -0.018020 -0.032659 0.999304
vn -0.842210 0.539150 0.000000
vn -0.842210 0.539150 0.000000
vn -0.842210 0.539150 0.000000
vn -0.842210 0.539150 0.000000
vn 0.018020 0.032659 -0.999304
vn 0.018020 0.032659 -0.999304
vn 0.018020 0.032659 -0.999304
vn 0.018020 0.032659 -0.999304
vn -0.482954 -0.875283 -0.025200
vn -0.482954 -0.875283 -0.025200
vn -0.482954 -0.875283 -0.025200
vn -0.482954 -0.875283 -0.025200
vn 0.482954 0.875283 0.025200
vn 0.482954 0.875283 0.025200
vn 0.482954 0.875283 0.025200
vn 0.482954 0.875283 0.025200
vn -0.008536 -0.033726 -0.999395
vn -0.008536 -0.033726 -0.999395
vn -0.008536 -0.033726 -0.999395
vn -0.008536 -0.033726 -0.999395
vn 0.963183 0.268831 0.003054
vn 0.963183 0.268831 0.003054
vn 0.963183 0.268831 0.003054
vn 0.963183 0.268831 0.003054
vn -0.040400 0.126396 0.991157
vn -0.040400 0.126396 0.991157
vn -0.040400 0.126396 0.991157
vn -0.040400 0.126396 0.991157
vn -0.963183 -0.268831 -0.003054
vn -0.963183 -0.268831 -0.003054
vn -0.963183 -0.268831 -0.003054
vn -0.963183 -0.268831 -0.003054
vn 0.279331 -0.956700 0.081848
vn 0.279331 -0.956700 0.081848
vn 0.279331 -0.956700 0.081848
vn 0.279331 -0.956700 0.081848
vn -0.279331 0.956700 -0.081848
vn -0.279331 0.956700 -0.081848
vn -0.279331 0.956700 -0.081848
vn -0.279331 0.956700 -0.081848
vn -0.008536 0.057498 -0.998309
vn -0.008536 0.057498 -0.998309
vn -0.008536 0.057498 -0.998309
vn -0.008536 0.057498 -0.998309
vn 0.963183 0.267434 0.027542
vn 0.963183 0.267434 0.027542
vn 0.963183 0.267434 0.027542
vn 0.963183 0.267434 0.027542
vn -0.040400 0.035537 0.998551
vn -0.040400 0.035537 0.998551
vn -0.040400 0.035537 0.998551
vn -0.040400 0.035537 0.998551
vn -0.963183 -0.267434 -0.027542
vn -0.963183 -0.267434 -0.027542
vn -0.963183 -0.267434 -0.027542
vn -0.963183 -0.267434 -0.027542
vn 0.279331 -0.960178 -0.005685
vn 0.279331 -0.960178 -0.005685
vn 0.279331 -0.960178 -0.005685
vn 0.279331 -0.960178 -0.005685
vn -0.279331 0.960178 0.005685
vn -0.279331 0.960178 0.005685
vn -0.279331 0.960178 0.005685
vn -0.279331 0.960178 0.005685
vn -0.998457 0.052398 0.018399
vn -0.998457 0.052398 0.018399
vn -0.998457 0.052398 0.018399
vn -0.998457 0.052398 0.018399
vn 0.000000 -0.037300 -0.999304
vn 0.000000 -0.037300 -0.999304
vn 0.000000 -0.037300 -0.999304
vn 0.000000 -0.037300 -0.999304
vn 0.998694 0.051100 0.000000
vn 0.998694 0.051100 0.000000
vn 0.998694 0.051100 0.000000
vn 0.998694 0.051100 0.000000
vn 0.000000 0.037300 0.999304
vn 0.000000 0.037300 0.999304
vn 0.000000 0.037300 0.999304
vn 0.000000 0.037300 0.999304
vn 0.000000 -0.999682 0.025200
vn 0.000000 -0.999682 0.025200
vn 0.000000 -0.999682 0.025200
vn 0.000000 -0.999682 0.025200
vn 0.000000 0.999682 -0.025200
vn 0.000000 0.999682 -0.025200
vn 0.000000 0.999682 -0.025200
vn 0.000000 0.999682 -0.025200
vn 0.008536 0.057498 -0.998309
vn 0.008536 0.057498 -0.998309
vn 0.008536 0.057498 -0.998309
vn 0.008536 0.057498 -0.998309
vn -0.963183 0.267434 0.027542
vn -0.963183 0.267434 0.027542
vn -0.963183 0.267434 0.027542
vn -0.963183 0.267434 0.027542
vn 0.040400 0.035537 0.998551
vn 0.040400 0.035537 0.998551
vn 0.040400 0.035537 0.998551
vn 0.040400 0.035537 0.998551
vn 0.963183 -0.267434 -0.027542
vn 0.963183 -0.267434 -0.027542
vn 0.963183 -0.267434 -0.027542
vn 0.963183 -0.267434 -0.027542
vn -0.279331 -0.960178 -0.005685
vn -0.279331 -0.960178 -0.005685
vn -0.279331 -0.960178 -0.005685
vn -0.279331 -0.960178 -0.005685
vn 0.279331 0.960178 0.005685
vn 0.279331 0.960178 0.005685
vn 0.279331 0.960178 0.005685
vn 0.279331 0.960178 0.005685
vn 0.973510 -0.223720 0.047202
vn 0.973510 -0.223720 0.047202
vn 0.973510 -0.223720 0.047202
vn 0.973510 -0.223720 0.047202
vn 0.010246 -0.050169 -0.998688
vn 0.010246 -0.050169 -0.998688
vn 0.010246 -0.050169 -0.998688
vn 0.010246 -0.050169 -0.998688
vn -0.936220 0.350541 -0.024780
vn -0.936220 0.350541 -0.024780
vn -0.936220 0.350541 -0.024780
vn -0.936220 0.350541 -0.024780
vn -0.010246 0.050169 0.998688
vn -0.010246 0.050169 0.998688
vn -0.010246 0.050169 0.998688
vn -0.010246 0.050169 0.998688
vn -0.289454 -0.956624 0.032964
vn -0.289454 -0.956624 0.032964
vn -0.289454 -0.956624 0.032964
vn -0.289454 -0.956624 0.032964
vn 0.289454 0.956624 -0.032964
vn 0.289454 0.956624 -0.032964
vn 0.289454 0.956624 -0.032964
vn 0.289454 0.956624 -0.032964
s off
g WaterTower
usemtl standardSurface3SG
f 3/1/1 4/2/2 2/3/3 1/4/4
f 8/5/5 4/2/6 3/1/7 7/6/8
f 6/7/9 8/5/10 7/6/11 5/8/12
f 2/9/13 6/10/14 5/11/15 1/12/16
f 5/11/17 7/13/18 3/14/19 1/12/20
f 2/9/21 4/2/22 8/5/23 6/10/24
f 10/15/25 11/16/26 9/17/27
f 20/18/28 15/19/29 17/20/30
f 15/21/31 14/22/32 13/23/33
f 24/24/34 9/25/35 21/26/36
f 17/27/37 13/28/38 22/29/39
f 12/30/40 24/24/41 19/31/42
f 20/18/43 14/22/44 16/32/45
f 19/31/46 23/33/47 20/18/48
f 18/34/49 9/25/50 11/35/51
f 17/27/52 21/26/53 18/34/54
f 14/22/55 22/29/56 13/28/57
f 23/33/58 21/26/59 22/29/60
f 12/30/61 18/36/62 11/37/63
f 19/31/64 17/20/65 18/36/66
f 20/18/67 16/32/68 15/19/69
f 17/27/70 15/38/71 13/28/72
f 12/30/73 10/15/74 24/24/75
f 20/18/76 23/33/77 14/22/78
f 19/31/79 24/24/80 23/33/81
f 18/34/82 21/26/83 9/25/84
f 17/27/85 22/29/86 21/26/87
f 12/30/88 19/31/89 18/36/90
f 19/31/91 20/18/92 17/20/93
f 10/15/94 12/30/95 11/16/96
f 15/21/97 16/32/98 14/22/99
f 24/24/100 10/15/101 9/25/102
f 14/22/103 23/33/104 22/29/105
f 23/33/106 24/24/107 21/26/108
s 1
f 25/39/109 26/40/110 46/41/111 45/42/112
f 26/40/110 27/43/113 47/44/114 46/41/111
s 2
f 27/43/115 28/45/116 48/46/117 47/44/118
f 28/45/116 29/47/119 49/48/120 48/46/117
f 29/47/119 30/49/121 50/50/122 49/48/120
s 3
f 30/49/123 31/51/124 51/52/125 50/50/126
f 31/51/124 32/53/127 52/54/128 51/52/125
f 32/53/127 33/55/129 53/56/130 52/54/128
s 4
f 33/55/131 34/57/132 54/58/133 53/56/134
f 34/57/132 35/59/135 55/769/136 54/58/133
s 5
f 35/768/137 36/61/138 56/62/139 55/60/140
f 36/61/138 37/63/141 57/64/142 56/62/139
f 37/63/141 38/65/143 58/66/144 57/64/142
s 6
f 38/65/145 39/67/146 59/68/147 58/66/148
f 39/67/146 40/69/149 60/70/150 59/68/147
f 40/69/149 41/71/151 61/72/152 60/70/150
s 7
f 41/71/153 42/73/154 62/74/155 61/72/156
f 42/73/154 43/75/157 63/76/158 62/74/155
f 43/75/157 44/77/159 64/78/160 63/76/158
s 1
f 44/77/161 25/79/109 45/80/112 64/78/162
s 8
f 26/81/163 25/82/164 65/83/165
f 27/84/166 26/81/163 65/83/165
s 9
f 28/85/167 27/84/168 65/83/169
f 29/86/170 28/85/167 65/83/169
f 30/87/171 29/86/170 65/83/169
s 10
f 31/88/172 30/87/173 65/83/174
f 32/89/175 31/88/172 65/83/174
f 33/90/176 32/89/175 65/83/174
s 11
f 34/91/177 33/90/178 65/83/179
f 35/92/180 34/91/177 65/83/179
s 12
f 36/93/181 35/92/182 65/83/183
f 37/94/184 36/93/181 65/83/183
f 38/95/185 37/94/184 65/83/183
s 13
f 39/96/186 38/95/187 65/83/188
f 40/97/189 39/96/186 65/83/188
f 41/98/190 40/97/189 65/83/188
s 14
f 42/99/191 41/98/192 65/83/193
f 43/100/194 42/99/191 65/83/193
f 44/101/195 43/100/194 65/83/193
s 8
f 25/82/164 44/101/196 65/83/165
s 15
f 66/102/197 67/103/198 68/104/199
f 67/103/198 69/105/200 68/104/199
s 16
f 69/105/201 70/106/202 68/104/203
f 70/106/202 71/107/204 68/104/203
f 71/107/204 72/108/205 68/104/203
s 17
f 72/108/206 73/109/207 68/104/208
f 73/109/207 74/110/209 68/104/208
f 74/110/209 75/111/210 68/104/208
s 18
f 75/111/211 76/112/212 68/104/213
f 76/112/212 77/113/214 68/104/213
s 19
f 77/113/215 78/114/216 68/104/217
f 78/114/216 79/115/218 68/104/217
f 79/115/218 80/116/219 68/104/217
s 20
f 80/116/220 81/117/221 68/104/222
f 81/117/221 82/118/223 68/104/222
f 82/118/223 83/119/224 68/104/222
s 21
f 83/119/225 84/120/226 68/104/227
f 84/120/226 85/121/228 68/104/227
f 85/121/228 86/122/229 68/104/227
s 15
f 86/122/230 66/102/197 68/104/199
s off
f 167/123/231 168/124/232 169/125/233 170/126/234
f 168/124/235 171/127/236 172/128/237 169/125/238
f 171/127/239 173/129/240 174/130/241 172/128/242
f 173/129/243 175/131/244 176/132/245 174/130/246
f 175/133/247 177/134/248 178/135/249 176/136/250
f 177/134/251 179/137/252 180/138/253 178/135/254
f 179/137/255 181/139/256 182/140/257 180/138/258
f 181/139/259 183/141/260 184/142/261 182/140/262
f 183/141/263 185/143/264 186/144/265 184/142/266
f 185/143/267 187/145/268 188/146/269 186/144/270
f 187/145/271 189/147/272 190/148/273 188/146/274
f 189/147/275 191/149/276 192/150/277 190/148/278
f 191/149/279 193/151/280 194/152/281 192/150/282
f 193/151/283 195/153/284 196/154/285 194/152/286
f 195/153/287 197/155/288 198/156/289 196/154/290
f 197/155/291 199/157/292 200/158/293 198/156/294
f 199/157/295 201/159/296 202/160/297 200/158/298
f 201/159/299 203/161/300 204/162/301 202/160/302
f 203/161/303 205/163/304 206/164/305 204/162/306
f 205/163/307 167/123/308 170/126/309 206/164/310
s 1
f 45/165/112 46/166/111 88/167/311 87/168/312
s 15
f 67/169/198 66/170/197 90/171/313 89/172/314
s 1
f 46/166/111 47/173/114 91/174/315 88/167/311
s 15
f 69/175/200 67/169/198 89/172/314 92/176/316
s 2
f 47/173/118 48/177/117 93/178/317 91/174/318
s 16
f 70/179/202 69/175/201 92/176/319 94/180/320
s 2
f 48/177/117 49/181/120 95/182/321 93/178/317
s 16
f 71/183/204 70/179/202 94/180/320 96/184/322
s 2
f 49/185/120 50/186/122 97/187/323 95/188/321
s 16
f 72/189/205 71/190/204 96/191/322 98/192/324
s 3
f 50/186/126 51/193/125 99/194/325 97/187/326
s 17
f 73/195/207 72/189/206 98/192/327 100/196/328
s 3
f 51/193/125 52/197/128 101/198/329 99/194/325
s 17
f 74/199/209 73/195/207 100/196/328 102/200/330
s 3
f 52/197/128 53/201/130 103/202/331 101/198/329
s 17
f 75/203/210 74/199/209 102/200/330 104/204/332
s 4
f 53/201/134 54/205/133 105/206/333 103/202/334
s 18
f 76/207/212 75/203/211 104/204/335 106/208/336
s 4
f 54/205/133 55/209/136 107/210/337 105/206/333
s 18
f 77/211/214 76/207/212 106/208/336 108/212/338
s 5
f 55/209/140 56/213/139 109/214/339 107/210/340
s 19
f 78/215/216 77/211/215 108/212/341 110/216/342
s 5
f 56/213/139 57/217/142 111/218/343 109/214/339
s 19
f 79/219/218 78/215/216 110/216/342 112/220/344
s 5
f 57/217/142 58/221/144 113/222/345 111/218/343
s 19
f 80/223/219 79/219/218 112/220/344 114/224/346
s 6
f 58/221/148 59/225/147 115/226/347 113/222/348
s 20
f 81/227/221 80/223/220 114/224/349 116/228/350
s 6
f 59/225/147 60/229/150 117/230/351 115/226/347
s 20
f 82/231/223 81/227/221 116/228/350 118/232/352
s 6
f 60/229/150 61/233/152 119/234/353 117/230/351
s 20
f 83/235/224 82/231/223 118/232/352 120/236/354
s 7
f 61/233/156 62/237/155 121/238/355 119/234/356
s 21
f 84/239/226 83/235/225 120/236/357 122/240/358
s 7
f 62/237/155 63/241/158 123/242/359 121/238/355
s 21
f 85/243/228 84/239/226 122/240/358 124/244/360
s 7
f 63/241/158 64/245/160 125/246/361 123/242/359
s 21
f 86/247/229 85/243/228 124/244/360 126/248/362
s 1
f 64/245/162 45/165/112 87/168/312 125/246/363
s 15
f 66/170/197 86/247/230 126/248/364 90/171/313
s 22
f 87/168/365 88/167/366 128/249/367 127/250/368
s 15
f 89/172/314 90/171/313 130/251/369 129/252/370
s 22
f 88/167/366 91/174/371 131/253/372 128/249/367
s 15
f 92/176/316 89/172/314 129/252/370 132/254/373
s 23
f 91/174/374 93/178/375 133/255/376 131/253/377
s 16
f 94/180/320 92/176/319 132/254/378 134/256/379
s 23
f 93/178/375 95/182/380 135/257/381 133/255/376
s 16
f 96/184/322 94/180/320 134/256/379 136/258/382
s 23
f 95/188/380 97/187/383 137/259/384 135/260/381
s 16
f 98/192/324 96/191/322 136/261/382 138/262/385
s 24
f 97/187/386 99/194/387 139/263/388 137/259/389
s 17
f 100/196/328 98/192/327 138/262/390 140/264/391
s 24
f 99/194/387 101/198/392 141/265/393 139/263/388
s 17
f 102/200/330 100/196/328 140/264/391 142/266/394
s 24
f 101/198/392 103/202/395 143/267/396 141/265/393
s 17
f 104/204/332 102/200/330 142/266/394 144/268/397
s 25
f 103/202/398 105/206/399 145/269/400 143/267/401
s 18
f 106/208/336 104/204/335 144/268/402 146/270/403
s 25
f 105/206/399 107/210/404 147/271/405 145/269/400
s 18
f 108/212/338 106/208/336 146/270/403 148/272/406
s 26
f 107/210/407 109/214/408 149/273/409 147/271/410
s 19
f 110/216/342 108/212/341 148/272/411 150/274/412
s 26
f 109/214/408 111/218/413 151/275/414 149/273/409
s 19
f 112/220/344 110/216/342 150/274/412 152/276/415
s 26
f 111/218/413 113/222/416 153/277/417 151/275/414
s 19
f 114/224/346 112/220/344 152/276/415 154/278/418
s 27
f 113/222/419 115/226/420 155/279/421 153/277/422
s 20
f 116/228/350 114/224/349 154/278/423 156/280/424
s 27
f 115/226/420 117/230/425 157/281/426 155/279/421
s 20
f 118/232/352 116/228/350 156/280/424 158/282/427
s 27
f 117/230/425 119/234/428 159/283/429 157/281/426
s 20
f 120/236/354 118/232/352 158/282/427 160/284/430
s 28
f 119/234/431 121/238/432 161/285/433 159/283/434
s 21
f 122/240/358 120/236/357 160/284/435 162/286/436
s 28
f 121/238/432 123/242/437 163/287/438 161/285/433
s 21
f 124/244/360 122/240/358 162/286/436 164/288/439
s 28
f 123/242/437 125/246/440 165/289/441 163/287/438
s 21
f 126/248/362 124/244/360 164/288/439 166/290/442
s 22
f 125/246/443 87/168/365 127/250/368 165/289/444
s 15
f 90/171/313 126/248/364 166/290/445 130/251/369
s 29
f 127/250/446 128/249/447 168/124/448 167/123/449
s 15
f 129/252/370 130/251/369 170/126/450 169/125/451
s 29
f 128/249/447 131/253/452 171/127/453 168/124/448
s 15
f 132/254/373 129/252/370 169/125/451 172/128/454
s 30
f 131/253/455 133/255/456 173/129/457 171/127/458
s 16
f 134/256/379 132/254/378 172/128/459 174/130/460
s 30
f 133/255/456 135/257/461 175/131/462 173/129/457
s 16
f 136/258/382 134/256/379 174/130/460 176/132/463
s 30
f 135/260/461 137/259/464 177/134/465 175/133/462
s 16
f 138/262/385 136/261/382 176/136/463 178/135/466
s 31
f 137/259/467 139/263/468 179/137/469 177/134/470
s 17
f 140/264/391 138/262/390 178/135/471 180/138/472
s 31
f 139/263/468 141/265/473 181/139/474 179/137/469
s 17
f 142/266/394 140/264/391 180/138/472 182/140/475
s 31
f 141/265/473 143/267/476 183/141/477 181/139/474
s 17
f 144/268/397 142/266/394 182/140/475 184/142/478
s 32
f 143/267/479 145/269/480 185/143/481 183/141/482
s 18
f 146/270/403 144/268/402 184/142/483 186/144/484
s 32
f 145/269/480 147/271/485 187/145/486 185/143/481
s 18
f 148/272/406 146/270/403 186/144/484 188/146/487
s 33
f 147/271/488 149/273/489 189/147/490 187/145/491
s 19
f 150/274/412 148/272/411 188/146/492 190/148/493
s 33
f 149/273/489 151/275/494 191/149/495 189/147/490
s 19
f 152/276/415 150/274/412 190/148/493 192/150/496
s 33
f 151/275/494 153/277/497 193/151/498 191/149/495
s 19
f 154/278/418 152/276/415 192/150/496 194/152/499
s 34
f 153/277/500 155/279/501 195/153/502 193/151/503
s 20
f 156/280/424 154/278/423 194/152/504 196/154/505
s 34
f 155/279/501 157/281/506 197/155/507 195/153/502
s 20
f 158/282/427 156/280/424 196/154/505 198/156/508
s 34
f 157/281/506 159/283/509 199/157/510 197/155/507
s 20
f 160/284/430 158/282/427 198/156/508 200/158/511
s 35
f 159/283/512 161/285/513 201/159/514 199/157/515
s 21
f 162/286/436 160/284/435 200/158/516 202/160/517
s 35
f 161/285/513 163/287/518 203/161/519 201/159/514
s 21
f 164/288/439 162/286/436 202/160/517 204/162/520
s 35
f 163/287/518 165/289/521 205/163/522 203/161/519
s 21
f 166/290/442 164/288/439 204/162/520 206/164/523
s 29
f 165/289/524 127/250/446 167/123/449 205/163/525
s 15
f 130/251/369 166/290/445 206/164/526 170/126/450
s off
f 209/291/527 207/292/528 208/293/529 210/294/530
f 214/295/531 213/296/532 209/291/533 210/294/534
f 212/297/535 211/298/536 213/299/537 214/300/538
f 207/292/539 211/298/540 212/297/541 208/293/542
f 207/301/543 209/302/544 213/299/545 211/298/546
f 210/303/547 212/297/548 214/300/549
f 210/303/550 208/304/551 212/297/552
f 217/305/553 218/306/554 216/307/555 215/308/556
f 222/309/557 218/306/558 217/305/559 221/310/560
f 220/311/561 222/309/562 221/310/563 219/312/564
f 216/313/565 220/314/566 219/315/567 215/316/568
f 219/315/569 221/317/570 217/318/571 215/316/572
f 216/313/573 218/306/574 222/309/575 220/314/576
f 224/319/577 225/320/578 223/321/579
f 226/322/580 229/323/581 225/324/582
f 230/325/583 227/326/584 229/327/585
f 228/328/586 223/329/587 227/330/588
f 229/323/589 223/331/590 225/324/591
f 226/322/592 228/328/593 230/325/594
f 224/319/595 226/322/596 225/320/597
f 226/322/598 230/325/599 229/323/600
f 230/325/601 228/328/602 227/326/603
f 228/328/604 224/319/605 223/329/606
f 229/323/607 227/332/608 223/331/609
f 226/322/610 224/319/611 228/328/612
f 233/333/613 232/334/614 231/335/615
f 237/336/616 234/337/617 233/338/618
f 235/339/619 238/340/620 237/336/621
f 231/341/622 236/342/623 235/339/624
f 231/343/625 237/336/626 233/344/627
f 236/342/628 234/345/629 238/340/630
f 233/333/631 234/345/632 232/334/633
f 237/336/634 238/340/635 234/337/636
f 235/339/637 236/342/638 238/340/639
f 231/341/640 232/346/641 236/342/642
f 231/343/643 235/339/644 237/336/645
f 236/342/646 232/334/647 234/345/648
f 250/347/649 251/348/650 247/349/651
f 246/350/652 241/351/653 243/352/654
f 257/353/655 248/354/656 255/355/657
f 254/356/658 256/357/659 255/355/660
f 241/351/661 258/358/662 254/356/663
f 260/359/664 262/360/665 261/361/666
f 246/362/667 250/347/668 249/363/669
f 260/364/670 239/365/671 252/366/672
f 243/352/673 247/349/674 244/367/675
f 257/353/676 259/368/677 258/369/678
f 249/363/679 247/349/680 248/354/681
f 240/370/682 244/367/683 239/365/684
f 245/371/685 243/352/686 244/367/687
f 257/353/688 256/372/689 259/373/690
f 259/374/691 254/356/692 258/358/693
f 261/361/694 253/375/695 251/348/696
f 262/376/697 252/366/698 253/377/699
f 251/348/700 253/378/701 252/366/702
f 246/350/703 242/379/704 241/351/705
f 248/354/706 243/352/707 255/355/708
f 243/352/709 241/351/710 255/355/711
f 241/351/712 254/356/713 255/355/714
f 250/347/715 245/380/716 261/361/717
f 245/380/718 240/381/719 261/361/720
f 240/381/721 260/359/722 261/361/723
f 246/362/724 245/380/725 250/347/726
f 243/352/727 248/354/728 247/349/729
f 258/369/730 242/382/731 257/353/732
f 242/382/733 246/362/734 257/353/735
f 246/362/736 249/363/737 257/353/738
f 240/370/739 245/371/740 244/367/741
f 245/371/742 246/350/743 243/352/744
f 252/366/745 239/365/746 251/348/747
f 239/365/748 244/367/749 251/348/750
f 244/367/751 247/349/752 251/348/753
f 250/347/754 261/361/755 251/348/756
f 257/353/757 249/363/758 248/354/759
f 241/351/760 242/383/761 258/358/762
f 260/364/763 240/384/764 239/365/765
f 249/363/766 250/347/767 247/349/768
f 257/353/769 255/355/770 256/372/771
f 259/374/772 256/385/773 254/356/774
f 261/361/775 262/386/776 253/375/777
f 262/376/778 260/364/779 252/366/780
f 265/387/781 263/388/782 264/389/783 266/390/784
f 269/391/785 265/387/786 266/390/787 270/392/788
f 268/393/789 267/394/790 269/391/791 270/392/792
f 264/389/793 263/388/794 267/395/795 268/396/796
f 263/388/797 265/397/798 269/398/799 267/395/800
f 270/399/801 264/389/802 268/396/803
f 270/399/804 266/400/805 264/389/806
f 273/401/807 272/402/808 271/403/809
f 277/404/810 274/405/811 273/406/812
f 275/407/813 278/408/814 277/409/815
f 271/410/816 276/411/817 275/412/818
f 271/413/819 277/409/820 273/414/821
f 276/411/822 274/405/823 278/408/824
f 273/401/825 274/405/826 272/402/827
f 277/404/828 278/408/829 274/405/830
f 275/407/831 276/411/832 278/408/833
f 271/410/834 272/402/835 276/411/836
f 271/413/837 275/407/838 277/409/839
f 276/411/840 272/402/841 274/405/842
f 282/415/843 281/416/844 279/417/845 280/418/846
f 286/419/847 285/420/848 281/416/849 282/415/850
f 283/421/851 285/420/852 286/419/853 284/422/854
f 279/417/855 283/423/856 284/424/857 280/418/858
f 279/425/859 281/426/860 285/420/861 283/421/862
f 286/419/863 280/427/864 284/422/865
f 286/419/866 282/428/867 280/427/868
f 288/429/869 289/430/870 287/431/871
f 298/432/872 293/433/873 295/434/874
f 293/435/875 292/436/876 291/437/877
f 302/438/878 287/439/879 299/440/880
f 293/441/881 300/442/882 295/443/883
f 297/444/884 288/429/885 302/438/886
f 298/432/887 292/436/888 294/445/889
f 298/432/890 302/438/891 301/446/892
f 296/447/893 287/439/894 289/448/895
f 295/443/896 299/440/897 296/447/898
f 292/436/899 300/442/900 291/449/901
f 301/446/902 299/440/903 300/442/904
f 289/450/905 297/444/906 296/451/907
f 296/451/908 298/432/909 295/434/910
f 298/432/911 294/445/912 293/433/913
f 293/441/914 291/449/915 300/442/916
f 297/444/917 290/452/918 288/429/919
f 298/432/920 301/446/921 292/436/922
f 298/432/923 297/444/924 302/438/925
f 296/447/926 299/440/927 287/439/928
f 295/443/929 300/442/930 299/440/931
f 292/436/932 301/446/933 300/442/934
f 289/450/935 290/452/936 297/444/937
f 296/451/938 297/444/939 298/432/940
f 288/429/941 290/452/942 289/430/943
f 293/435/944 294/445/945 292/436/946
f 302/438/947 288/429/948 287/439/949
f 301/446/950 302/438/951 299/440/952
f 304/453/953 305/454/954 303/455/955
f 314/456/956 309/457/957 311/458/958
f 309/459/959 308/460/960 307/461/961
f 318/462/962 303/463/963 315/464/964
f 309/457/965 316/465/966 311/458/967
f 313/466/968 304/453/969 318/462/970
f 314/456/971 308/460/972 310/467/973
f 313/466/974 317/468/975 314/456/976
f 312/469/977 303/470/978 305/471/979
f 311/458/980 315/472/981 312/469/982
f 308/460/983 316/473/984 307/474/985
f 317/468/986 315/464/987 316/473/988
f 305/471/989 313/466/990 312/469/991
f 313/466/992 311/458/993 312/469/994
f 314/456/995 310/467/996 309/457/997
f 309/457/998 307/475/999 316/465/1000
f 313/466/1001 306/476/1002 304/453/1003
f 314/456/1004 317/468/1005 308/460/1006
f 313/466/1007 318/462/1008 317/468/1009
f 312/469/1010 315/472/1011 303/470/1012
f 311/458/1013 316/465/1014 315/472/1015
f 305/471/1016 306/476/1017 313/466/1018
f 313/466/1019 314/456/1020 311/458/1021
f 304/453/1022 306/476/1023 305/454/1024
f 309/459/1025 310/467/1026 308/460/1027
f 318/462/1028 304/453/1029 303/463/1030
f 308/460/1031 317/468/1032 316/473/1033
f 317/468/1034 318/462/1035 315/464/1036
f 321/477/1037 320/478/1038 319/479/1039
f 325/480/1040 322/481/1041 321/482/1042
f 323/483/1043 326/484/1044 325/480/1045
f 319/485/1046 324/486/1047 323/483/1048
f 319/487/1049 325/480/1050 321/488/1051
f 324/486/1052 322/489/1053 326/484/1054
f 321/477/1055 322/489/1056 320/478/1057
f 325/480/1058 326/484/1059 322/481/1060
f 323/483/1061 324/486/1062 326/484/1063
f 319/485/1064 320/490/1065 324/486/1066
f 319/487/1067 323/483/1068 325/480/1069
f 324/486/1070 320/478/1071 322/489/1072
s 36
f 328/491/1073 327/492/1074 346/493/1075 345/494/1076
f 328/491/1073 345/494/1076 344/495/1077 343/496/1078
f 328/491/1073 343/496/1078 342/497/1079 341/498/1080
f 328/491/1073 341/498/1080 340/499/1081 339/500/1082
f 328/491/1073 339/500/1082 338/501/1083 337/502/1084
f 328/491/1073 337/502/1084 336/503/1085 335/504/1086
f 328/491/1073 335/504/1086 334/505/1087 333/506/1088
f 328/491/1073 333/506/1088 332/507/1089 331/508/1090
f 328/491/1073 331/508/1090 330/509/1091 329/510/1092
s 37
f 327/511/1093 328/512/1094 347/513/1095
f 328/512/1094 329/514/1096 347/513/1095
f 329/514/1096 330/515/1097 347/513/1095
s 38
f 330/515/1098 331/516/1099 347/513/1100
f 331/516/1099 332/517/1101 347/513/1100
f 332/517/1101 333/518/1102 347/513/1100
s 39
f 333/518/1103 334/519/1104 347/513/1105
f 334/519/1104 335/520/1106 347/513/1105
f 335/520/1106 336/521/1107 347/513/1105
f 336/521/1107 337/522/1108 347/513/1105
s 40
f 337/522/1109 338/523/1110 347/513/1111
f 338/523/1110 339/524/1112 347/513/1111
f 339/524/1112 340/525/1113 347/513/1111
f 340/525/1113 341/526/1114 347/513/1111
s 41
f 341/526/1115 342/527/1116 347/513/1117
f 342/527/1116 343/528/1118 347/513/1117
f 343/528/1118 344/529/1119 347/513/1117
f 344/529/1119 345/530/1120 347/513/1117
s 37
f 345/530/1121 346/531/1122 347/513/1095
f 346/531/1122 327/511/1093 347/513/1095
s off
f 349/532/1123 350/533/1124 348/534/1125
f 351/535/1126 354/536/1127 350/537/1128
f 355/538/1129 352/539/1130 354/540/1131
f 353/541/1132 348/542/1133 352/543/1134
f 354/536/1135 348/544/1136 350/537/1137
f 351/535/1138 353/541/1139 355/538/1140
f 349/532/1141 351/535/1142 350/533/1143
f 351/535/1144 355/538/1145 354/536/1146
f 355/538/1147 353/541/1148 352/539/1149
f 353/541/1150 349/532/1151 348/542/1152
f 354/536/1153 352/545/1154 348/544/1155
f 351/535/1156 349/532/1157 353/541/1158
f 371/546/1159 361/547/1160 369/548/1161
f 359/549/1162 378/550/1163 366/551/1164
f 358/552/1165 365/553/1166 374/554/1167
f 364/555/1168 357/556/1169 356/557/1170
f 363/558/1171 374/554/1172 360/559/1173
f 377/560/1174 358/552/1175 375/561/1176
f 362/562/1177 366/551/1178 363/563/1179
f 357/564/1180 368/565/1181 356/557/1182
f 360/559/1183 364/555/1184 361/547/1185
f 359/549/1186 365/553/1187 358/552/1188
f 366/551/1189 364/555/1190 365/553/1191
f 357/556/1192 367/566/1193 371/567/1194
f 362/568/1195 360/559/1196 361/547/1197
f 356/557/1198 369/548/1199 364/555/1200
f 369/548/1201 373/569/1202 371/546/1203
f 370/570/1204 372/571/1205 373/572/1206
f 375/561/1207 379/573/1208 377/560/1209
f 376/574/1210 378/575/1211 379/576/1212
f 359/549/1213 377/577/1214 378/550/1215
f 377/577/1216 379/578/1217 378/550/1218
f 378/550/1219 363/563/1220 366/551/1221
f 365/553/1222 360/559/1223 374/554/1224
f 374/554/1225 376/579/1226 375/561/1227
f 375/561/1228 358/552/1229 374/554/1230
f 362/562/1231 367/566/1232 366/551/1233
f 360/559/1234 365/553/1235 364/555/1236
f 367/566/1237 362/562/1238 371/567/1239
f 371/567/1240 373/580/1241 372/581/1242
f 372/581/1243 357/556/1244 371/567/1245
f 356/557/1246 368/565/1247 369/548/1248
f 368/565/1249 370/582/1250 369/548/1251
f 369/548/1252 361/547/1253 364/555/1254
f 371/546/1255 362/568/1256 361/547/1257
f 364/555/1258 367/566/1259 357/556/1260
f 363/558/1261 378/575/1262 374/554/1263
f 377/560/1264 359/583/1265 358/552/1266
f 357/564/1267 372/571/1268 368/565/1269
f 359/549/1270 366/551/1271 365/553/1272
f 366/551/1273 367/566/1274 364/555/1275
f 362/568/1276 363/558/1277 360/559/1278
f 369/548/1279 370/584/1280 373/569/1281
f 370/570/1282 368/565/1283 372/571/1284
f 375/561/1285 376/585/1286 379/573/1287
f 376/574/1288 374/554/1289 378/575/1290
f 381/586/1291 382/587/1292 380/588/1293
f 383/589/1294 386/590/1295 382/591/1296
f 387/592/1297 384/593/1298 386/594/1299
f 385/595/1300 380/596/1301 384/597/1302
f 382/591/1303 384/598/1304 380/599/1305
f 383/589/1306 385/595/1307 387/592/1308
f 381/586/1309 383/589/1310 382/587/1311
f 383/589/1312 387/592/1313 386/590/1314
f 387/592/1315 385/595/1316 384/593/1317
f 385/595/1318 381/586/1319 380/596/1320
f 382/591/1321 386/590/1322 384/598/1323
f 383/589/1324 381/586/1325 385/595/1326
f 391/600/1327 390/601/1328 388/602/1329 389/603/1330
f 394/604/1331 390/601/1332 391/600/1333 395/605/1334
f 392/606/1335 394/604/1336 395/605/1337 393/607/1338
f 389/608/1339 388/609/1340 392/606/1341 393/607/1342
f 388/602/1343 390/601/1344 394/610/1345 392/611/1346
f 391/600/1347 393/612/1348 395/613/1349
f 391/600/1350 389/603/1351 393/612/1352
f 398/614/1353 399/615/1354 397/616/1355 396/617/1356
f 403/618/1357 399/615/1358 398/614/1359 402/619/1360
f 401/620/1361 403/618/1362 402/619/1363 400/621/1364
f 397/622/1365 401/623/1366 400/624/1367 396/625/1368
f 400/624/1369 402/626/1370 398/627/1371 396/625/1372
f 397/622/1373 399/615/1374 403/618/1375 401/623/1376
f 406/628/1377 404/629/1378 405/630/1379 407/631/1380
f 411/632/1381 410/633/1382 406/628/1383 407/631/1384
f 409/634/1385 408/635/1386 410/633/1387 411/632/1388
f 405/636/1389 404/637/1390 408/638/1391 409/639/1392
f 408/638/1393 404/637/1394 406/640/1395 410/641/1396
f 405/636/1397 409/639/1398 411/632/1399 407/631/1400
f 414/642/1401 412/643/1402 413/644/1403 415/645/1404
f 419/646/1405 418/647/1406 414/642/1407 415/645/1408
f 417/648/1409 416/649/1410 418/647/1411 419/646/1412
f 413/650/1413 412/651/1414 416/652/1415 417/653/1416
f 416/652/1417 412/651/1418 414/654/1419 418/655/1420
f 413/650/1421 417/653/1422 419/646/1423 415/645/1424
f 422/656/1425 420/657/1426 421/658/1427 423/659/1428
f 427/660/1429 426/661/1430 422/656/1431 423/659/1432
f 425/662/1433 424/663/1434 426/661/1435 427/660/1436
f 421/664/1437 420/665/1438 424/666/1439 425/667/1440
f 424/666/1441 420/665/1442 422/668/1443 426/669/1444
f 421/664/1445 425/667/1446 427/660/1447 423/659/1448
f 430/670/1449 431/671/1450 429/672/1451 428/673/1452
f 435/674/1453 431/671/1454 430/670/1455 434/675/1456
f 433/676/1457 435/674/1458 434/675/1459 432/677/1460
f 429/678/1461 433/679/1462 432/680/1463 428/681/1464
f 432/680/1465 434/682/1466 430/683/1467 428/681/1468
f 429/678/1469 431/671/1470 435/674/1471 433/679/1472
f 438/684/1473 436/685/1474 437/686/1475 439/687/1476
f 443/688/1477 442/689/1478 438/684/1479 439/687/1480
f 441/690/1481 440/691/1482 442/689/1483 443/688/1484
f 437/692/1485 436/693/1486 440/694/1487 441/695/1488
f 440/694/1489 436/693/1490 438/696/1491 442/697/1492
f 437/692/1493 441/695/1494 443/688/1495 439/687/1496
f 446/698/1497 444/699/1498 445/700/1499 447/701/1500
f 451/702/1501 450/703/1502 446/698/1503 447/701/1504
f 449/704/1505 448/705/1506 450/703/1507 451/702/1508
f 445/706/1509 444/707/1510 448/708/1511 449/709/1512
f 448/708/1513 444/707/1514 446/710/1515 450/711/1516
f 445/706/1517 449/709/1518 451/702/1519 447/701/1520
f 454/712/1521 452/713/1522 453/714/1523 455/715/1524
f 459/716/1525 458/717/1526 454/712/1527 455/715/1528
f 457/718/1529 456/719/1530 458/717/1531 459/716/1532
f 453/720/1533 452/721/1534 456/722/1535 457/723/1536
f 456/722/1537 452/721/1538 454/724/1539 458/725/1540
f 453/720/1541 457/723/1542 459/716/1543 455/715/1544
f 462/726/1545 460/727/1546 461/728/1547 463/729/1548
f 467/730/1549 466/731/1550 462/726/1551 463/729/1552
f 465/732/1553 464/733/1554 466/731/1555 467/730/1556
f 461/734/1557 460/735/1558 464/736/1559 465/737/1560
f 464/736/1561 460/735/1562 462/738/1563 466/739/1564
f 461/734/1565 465/737/1566 467/730/1567 463/729/1568
f 470/740/1569 471/741/1570 469/742/1571 468/743/1572
f 475/744/1573 471/741/1574 470/740/1575 474/745/1576
f 473/746/1577 475/744/1578 474/745/1579 472/747/1580
f 469/748/1581 473/749/1582 472/750/1583 468/751/1584
f 472/750/1585 474/752/1586 470/753/1587 468/751/1588
f 469/748/1589 471/741/1590 475/744/1591 473/749/1592
f 478/754/1593 479/755/1594 477/756/1595 476/757/1596
f 483/758/1597 479/755/1598 478/754/1599 482/759/1600
f 481/760/1601 483/758/1602 482/759/1603 480/761/1604
f 477/762/1605 481/763/1606 480/764/1607 476/765/1608
f 480/764/1609 482/766/1610 478/767/1611 476/765/1612
f 477/762/1613 479/755/1614 483/758/1615 481/763/1616
