# This file uses centimeters as units for non-parametric coordinates.

mtllib Pipe2.mtl
g default
v 56.904259 100.959183 36.712444
v 56.904274 108.121407 36.007023
v 56.904274 115.008408 33.917873
v 56.904274 121.355499 30.525280
v 56.904274 126.918777 25.959618
v 56.904274 131.484436 20.396343
v 56.904274 134.877029 14.049248
v 56.904274 136.966187 7.162249
v 56.904274 137.671600 0.000008
v 56.904274 100.959183 -36.712425
v 56.904274 108.121407 -36.007004
v 56.904274 115.008408 -33.917854
v 56.904274 121.355499 -30.525261
v 56.904274 126.918777 -25.959602
v 56.904274 131.484436 -20.396324
v 56.904274 134.877029 -14.049232
v 56.904274 136.966187 -7.162232
v 56.904259 100.959183 40.383682
v 56.904274 108.837631 39.607719
v 56.904274 116.413330 37.309654
v 56.904274 123.395134 33.577808
v 56.904274 129.514740 28.555580
v 56.904274 134.536972 22.435978
v 56.904274 138.268814 15.454172
v 56.904274 140.566879 7.878472
v 56.904274 141.342834 0.000008
v 56.904274 100.959183 -40.383667
v 56.904274 108.837631 -39.607704
v 56.904274 116.413330 -37.309639
v 56.904274 123.395134 -33.577789
v 56.904274 129.514740 -28.555561
v 56.904274 134.536972 -22.435959
v 56.904274 138.268814 -15.454157
v 56.904274 140.566879 -7.878456
v 70.671425 100.959183 40.383682
v 70.671425 108.837631 39.607719
v 70.671425 116.413330 37.309654
v 70.671425 123.395134 33.577808
v 70.671425 129.514740 28.555580
v 70.671425 134.536972 22.435978
v 70.671440 138.268814 15.454172
v 70.671440 140.566879 7.878472
v 70.671440 141.342834 0.000008
v 70.671440 100.959183 -40.383667
v 70.671440 108.837631 -39.607704
v 70.671440 116.413330 -37.309639
v 70.671440 123.395134 -33.577789
v 70.671440 129.514740 -28.555561
v 70.671440 134.536972 -22.435959
v 70.671440 138.268814 -15.454157
v 70.671440 140.566879 -7.878456
v 70.671425 100.959183 26.022945
v 70.671425 106.036011 25.522919
v 70.671425 110.917732 24.042065
v 70.671425 115.416756 21.637287
v 70.671425 119.360184 18.401003
v 70.671425 122.596466 14.457579
v 70.671440 125.001244 9.958557
v 70.671440 126.482101 5.076830
v 70.671440 126.982124 0.000008
v 70.671440 100.959183 -26.022926
v 70.671440 106.036011 -25.522903
v 70.671440 110.917732 -24.042046
v 70.671440 115.416756 -21.637268
v 70.671440 119.360176 -18.400986
v 70.671440 122.596466 -14.457558
v 70.671440 125.001244 -9.958540
v 70.671440 126.482101 -5.076813
v -30.287758 13.767166 36.712429
v -37.449997 13.767166 36.007008
v -44.337006 13.767166 33.917858
v -50.684097 13.767166 30.525269
v -56.247375 13.767166 25.959606
v -60.813034 13.767166 20.396332
v -64.205627 13.767166 14.049236
v -66.294769 13.767166 7.162236
v -67.000191 13.767166 -0.000004
v -30.287758 13.767166 -36.712437
v -37.449997 13.767166 -36.007015
v -44.337006 13.767166 -33.917870
v -50.684097 13.767166 -30.525276
v -56.247375 13.767166 -25.959614
v -60.813034 13.767166 -20.396339
v -64.205627 13.767166 -14.049244
v -66.294769 13.767166 -7.162245
v -30.287758 13.767166 40.383675
v -38.166229 13.767166 39.607712
v -45.741920 13.767166 37.309647
v -52.723732 13.767166 33.577793
v -58.843330 13.767166 28.555569
v -63.865562 13.767166 22.435963
v -67.597412 13.767166 15.454161
v -69.895470 13.767166 7.878460
v -70.671440 13.767166 -0.000004
v -30.287758 13.767166 -40.383682
v -38.166229 13.767166 -39.607712
v -45.741920 13.767166 -37.309654
v -52.723732 13.767166 -33.577805
v -58.843330 13.767166 -28.555576
v -63.865562 13.767166 -22.435970
v -67.597412 13.767166 -15.454168
v -69.895470 13.767166 -7.878469
v -30.287758 0.000000 40.383675
v -38.166229 0.000000 39.607712
v -45.741920 0.000000 37.309647
v -52.723732 0.000000 33.577793
v -58.843330 0.000000 28.555569
v -63.865562 0.000000 22.435963
v -67.597412 0.000000 15.454161
v -69.895470 0.000000 7.878460
v -70.671440 0.000000 -0.000004
v -30.287758 0.000000 -40.383682
v -38.166229 0.000000 -39.607712
v -45.741920 0.000000 -37.309654
v -52.723732 0.000000 -33.577805
v -58.843330 0.000000 -28.555576
v -63.865562 0.000000 -22.435970
v -67.597412 0.000000 -15.454168
v -69.895470 0.000000 -7.878469
v -30.287758 0.000015 26.110935
v -35.382862 0.000015 25.608883
v -40.285706 0.000015 24.120182
v -44.803322 0.000015 21.701878
v -48.758163 0.000015 18.449797
v -52.000259 0.000015 14.490372
v -54.406403 0.000015 9.977516
v -55.886490 0.000015 5.085148
v -56.385941 0.000015 -0.000006
v -30.287758 0.000015 -26.110943
v -35.382862 0.000015 -25.608894
v -40.285706 0.000015 -24.120190
v -44.803322 0.000015 -21.701889
v -48.758163 0.000015 -18.449806
v -52.000259 0.000015 -14.490381
v -54.406403 0.000015 -9.977524
v -55.886490 0.000015 -5.085156
v -23.125519 13.767166 36.007008
v -16.238518 13.767166 33.917858
v -9.891426 13.767166 30.525269
v -4.328152 13.767166 25.959606
v 0.237510 13.767166 20.396332
v 3.630104 13.767166 14.049236
v 5.719254 13.767166 7.162236
v 6.424679 13.767166 -0.000004
v -23.125519 13.767166 -36.007015
v -16.238518 13.767166 -33.917870
v -9.891426 13.767166 -30.525276
v -4.328152 13.767166 -25.959614
v 0.237510 13.767166 -20.396339
v 3.630104 13.767166 -14.049244
v 5.719254 13.767166 -7.162245
v 56.904274 93.796967 36.007023
v 56.904274 86.909958 33.917873
v 56.904274 80.562866 30.525280
v 56.904274 74.999596 25.959618
v 56.904274 70.433937 20.396343
v 56.904274 67.041344 14.049248
v 56.904274 64.952194 7.162249
v 56.904274 64.246773 0.000008
v 56.904274 93.796967 -36.007004
v 56.904274 86.909958 -33.917854
v 56.904274 80.562866 -30.525261
v 56.904274 74.999596 -25.959602
v 56.904274 70.433937 -20.396324
v 56.904274 67.041344 -14.049232
v 56.904274 64.952194 -7.162232
v -22.409298 13.767166 39.607712
v -14.833595 13.767166 37.309647
v -7.851793 13.767166 33.577793
v -1.732185 13.767166 28.555569
v 3.290040 13.767166 22.435963
v 7.021881 13.767166 15.454161
v 9.319950 13.767166 7.878460
v 10.095917 13.767166 -0.000004
v -22.409298 13.767166 -39.607712
v -14.833595 13.767166 -37.309654
v -7.851793 13.767166 -33.577805
v -1.732185 13.767166 -28.555576
v 3.290040 13.767166 -22.435970
v 7.021881 13.767166 -15.454168
v 9.319950 13.767166 -7.878469
v 56.904274 93.080742 39.607719
v 56.904274 85.505035 37.309654
v 56.904274 78.523239 33.577808
v 56.904274 72.403633 28.555580
v 56.904274 67.381409 22.435978
v 56.904274 63.649551 15.454172
v 56.904274 61.351490 7.878472
v 56.904274 60.575531 0.000008
v 56.904274 93.080742 -39.607704
v 56.904274 85.505035 -37.309639
v 56.904274 78.523239 -33.577789
v 56.904274 72.403633 -28.555561
v 56.904274 67.381409 -22.435959
v 56.904274 63.649551 -15.454157
v 56.904274 61.351490 -7.878456
v 70.671425 93.080742 39.607719
v 70.671425 85.505035 37.309654
v 70.671425 78.523239 33.577808
v 70.671425 72.403633 28.555580
v 70.671425 67.381409 22.435978
v 70.671440 63.649551 15.454172
v 70.671440 61.351490 7.878472
v 70.671440 60.575531 0.000008
v 70.671440 93.080742 -39.607704
v 70.671440 85.505035 -37.309639
v 70.671440 78.523239 -33.577789
v 70.671440 72.403633 -28.555561
v 70.671440 67.381409 -22.435959
v 70.671440 63.649551 -15.454157
v 70.671440 61.351490 -7.878456
v -22.409298 0.000000 39.607712
v -14.833595 0.000000 37.309647
v -7.851793 0.000000 33.577793
v -1.732185 0.000000 28.555569
v 3.290040 0.000000 22.435963
v 7.021881 0.000000 15.454161
v 9.319950 0.000000 7.878460
v 10.095917 0.000000 -0.000004
v -22.409298 0.000000 -39.607712
v -14.833595 0.000000 -37.309654
v -7.851793 0.000000 -33.577805
v -1.732185 0.000000 -28.555576
v 3.290040 0.000000 -22.435970
v 7.021881 0.000000 -15.454168
v 9.319950 0.000000 -7.878469
v -25.192657 0.000015 25.608883
v -20.289814 0.000015 24.120182
v -15.772198 0.000015 21.701878
v -11.817360 0.000015 18.449797
v -8.575262 0.000015 14.490372
v -6.169117 0.000015 9.977516
v -4.689021 0.000015 5.085148
v -4.189576 0.000015 -0.000006
v -25.192657 0.000015 -25.608894
v -20.289814 0.000015 -24.120190
v -15.772194 0.000015 -21.701889
v -11.817360 0.000015 -18.449806
v -8.575266 0.000015 -14.490381
v -6.169115 0.000015 -9.977524
v -4.689021 0.000015 -5.085156
v 70.671425 95.882362 25.522919
v 70.671425 91.000641 24.042065
v 70.671425 86.501617 21.637287
v 70.671425 82.558189 18.401003
v 70.671425 79.321907 14.457579
v 70.671440 76.917130 9.958557
v 70.671440 75.436272 5.076830
v 70.671440 74.936249 0.000008
v 70.671440 95.882362 -25.522903
v 70.671440 91.000641 -24.042046
v 70.671440 86.501617 -21.637268
v 70.671440 82.558197 -18.400986
v 70.671440 79.321907 -14.457558
v 70.671440 76.917130 -9.958540
v 70.671440 75.436272 -5.076813
v -55.993233 42.294975 25.940281
v -30.237289 40.044952 36.685108
v -4.481348 37.794922 25.940292
v 6.277567 36.873604 0.000004
v -4.481330 37.794922 -25.940296
v -30.237274 40.044952 -36.685116
v -55.993225 42.294975 -25.940296
v -67.179100 43.246841 -0.000006
v -53.416527 65.812309 25.940289
v -28.653984 58.891956 36.685116
v -3.891428 51.971607 25.940300
v 6.576710 49.105103 0.000004
v -3.891419 51.971607 -25.940296
v -28.653961 58.891956 -36.685127
v -53.416519 65.812309 -25.940300
v -63.796242 68.678810 -0.000006
v -45.263466 85.235130 25.940285
v -23.053680 72.412300 36.685116
v -0.843871 59.589462 25.940304
v 8.427435 54.278076 0.000005
v -0.843864 59.589466 -25.940296
v -23.053661 72.412292 -36.685127
v -45.263466 85.235123 -25.940304
v -54.463058 90.546516 -0.000006
v -32.279091 102.156693 25.940281
v -14.144871 84.022476 36.685112
v 3.989357 65.888260 25.940300
v 11.500797 58.376808 0.000005
v 3.989366 65.888245 -25.940296
v -14.144859 84.022469 -36.685123
v -32.279083 102.156693 -25.940300
v -39.790535 109.668137 -0.000007
v -15.357521 115.141068 25.940281
v -2.534693 92.931290 36.685112
v 10.288143 70.721481 25.940296
v 15.599545 61.521881 0.000005
v 10.288153 70.721474 -25.940296
v -2.534686 92.931274 -36.685116
v -15.357517 115.141060 -25.940300
v -20.668907 124.340668 -0.000007
v 4.065300 123.294136 25.940281
v 10.985643 98.531586 36.685116
v 17.906010 73.769043 25.940300
v 20.772514 63.512047 0.000005
v 17.906006 73.769020 -25.940296
v 10.985655 98.531586 -36.685127
v 4.065298 123.294136 -25.940304
v 1.198795 133.551117 -0.000007
v 27.474449 126.519722 25.940281
v 29.724480 100.763779 36.685116
v 31.974510 75.007820 25.940300
v 32.906502 64.339348 0.000005
v 31.974510 75.007805 -25.940296
v 29.724495 100.763748 -36.685123
v 27.474449 126.519707 -25.940304
v 26.542473 137.188187 -0.000007
v -55.958397 28.071442 25.758102
v -44.160263 41.261253 33.853580
v -4.617203 26.506058 25.758114
v 3.375721 37.108536 14.022619
v -4.617189 26.506058 -25.758118
v -16.314312 38.828644 -33.853596
v -55.958397 28.071442 -25.758118
v -63.979507 42.983521 14.022608
v -55.371964 55.457882 25.940289
v -42.039940 62.632912 33.853584
v -4.536482 46.857468 25.940296
v 3.662595 49.860500 14.022621
v -4.536469 46.857468 -25.940296
v -15.268005 55.151001 -33.853600
v -55.371964 55.457882 -25.940296
v -60.995979 67.923416 14.022612
v -49.988319 75.684792 25.940289
v -35.059692 79.343971 33.853592
v -2.604215 55.985996 25.940300
v 5.931406 55.677753 14.022623
v -2.604206 55.985996 -25.940300
v -11.047647 65.480621 -33.853603
v -49.988312 75.684784 -25.940304
v -52.038742 89.146835 14.022612
v -39.325027 94.120819 25.940289
v -23.947731 93.825348 33.853584
v 1.366622 62.897022 25.940296
v 9.521355 60.356262 14.022623
v 1.366630 62.897015 -25.940296
v -4.341990 74.219597 -33.853600
v -39.325012 94.120811 -25.940300
v -37.811081 107.688690 14.022610
v -24.243202 109.202621 25.940289
v -9.466368 104.937294 33.853584
v 6.980595 68.510994 25.940292
v 14.199852 63.946205 14.022623
v 6.980589 68.510979 -25.940296
v 4.396994 80.925262 -33.853596
v -24.243202 109.202621 -25.940296
v -19.269226 121.916344 14.022610
v -5.807182 119.865929 25.940289
v 7.244696 111.917557 33.853584
v 13.891613 72.481819 25.940292
v 20.017105 66.215012 14.022623
v 13.891621 72.481812 -25.940296
v 14.726604 85.145615 -33.853600
v -5.807182 119.865921 -25.940300
v 1.954188 130.848175 14.022610
v 14.406212 125.419456 25.940289
v 28.508186 114.686737 33.853584
v 23.006626 74.583977 25.940292
v 32.660912 67.150757 14.022623
v 23.006626 74.583961 -25.940296
v 30.940788 86.840790 -33.853600
v 14.406212 125.419456 -25.940300
v 26.788063 134.376770 14.022610
v 45.133064 126.941963 25.940285
v 46.968010 75.149117 25.940296
v 46.968010 75.149101 -25.940296
v 45.133064 126.941948 -25.940296
v -19.269226 121.916351 -14.022625
v -63.979492 42.983521 -14.022621
v 1.954195 130.848145 -14.022625
v 9.521353 60.356255 -14.022614
v -30.287811 27.288750 36.427471
v -16.314327 38.828644 33.853588
v 6.277567 26.252632 0.000004
v 3.375731 37.108536 -14.022615
v -30.287788 27.288750 -36.427479
v -44.160248 41.261253 -33.853592
v -66.974091 28.466423 -0.000006
v -29.954224 51.157673 36.685112
v -15.268013 55.151005 33.853596
v 6.276009 45.076256 0.000004
v 3.662601 49.860500 -14.022615
v -29.954216 51.157673 -36.685120
v -42.039932 62.632912 -33.853607
v -66.271858 57.239082 -0.000006
v -26.296265 65.835396 36.685116
v -11.047667 65.480621 33.853600
v 7.355116 51.906246 0.000004
v 5.931417 55.677753 -14.022615
v -26.296257 65.835388 -36.685127
v -35.059673 79.343971 -33.853603
v -59.801880 79.764542 -0.000006
v -18.979214 78.508926 36.685112
v -4.342002 74.219612 33.853596
v 9.812233 56.430359 0.000004
v -60.995972 67.923416 -14.022623
v -18.979195 78.508919 -36.685127
v -23.947731 93.825333 -33.853600
v -47.752533 100.587463 -0.000007
v -8.631317 88.856819 36.685112
v 4.396978 80.925270 33.853596
v 13.447254 60.083473 0.000004
v 14.199863 63.946198 -14.022614
v -8.631310 88.856796 -36.685120
v -9.466358 104.937279 -33.853600
v -30.709862 117.630135 -0.000007
v 4.042212 96.173882 36.685112
v 14.726608 85.145630 33.853596
v 17.971359 62.668255 0.000004
v 20.017117 66.215012 -14.022614
v 4.042221 96.173859 -36.685120
v 7.244692 111.917542 -33.853600
v -9.886934 129.679489 -0.000006
v 18.706409 100.001724 36.685112
v 30.940788 86.840805 33.853596
v 24.787827 64.055588 0.000004
v 32.660912 67.150742 -14.022614
v 18.706421 100.001709 -36.685120
v 28.508186 114.686737 -33.853600
v 12.624996 135.947830 -0.000007
v 46.050545 101.045532 36.685112
v 47.348045 64.422455 0.000005
v 46.050545 101.045517 -36.685120
v 44.753044 137.668610 -0.000007
v -52.038742 89.146835 -14.022623
v 26.788063 134.376770 -14.022625
v -37.811081 107.688690 -14.022625
v -63.888626 28.332718 13.924128
v -44.164635 27.711845 33.615826
v -16.410976 26.865639 33.615833
v 3.213836 26.267281 13.924139
v 3.213840 26.267281 -13.924133
v -16.410961 26.865639 -33.615841
v -44.164619 27.711845 -33.615841
v -63.888626 28.332718 -13.924139
v -63.221909 56.769688 14.022610
v -43.694366 53.482250 33.853580
v -16.214088 48.833096 33.853596
v 3.217415 45.545654 14.022623
v 3.217419 45.545654 -14.022614
v -16.214069 48.833096 -33.853600
v -43.694359 53.482250 -33.853600
v -63.221909 56.769688 -14.022625
v -57.215767 78.689423 14.022612
v -39.103546 71.159706 33.853592
v -13.488991 60.511082 33.853600
v 4.623243 52.981365 14.022625
v 4.623254 52.981358 -14.022615
v -13.488983 60.511078 -33.853600
v -39.103539 71.159706 -33.853607
v -57.215759 78.689423 -14.022627
v -45.531685 98.883347 14.022610
v -29.977600 86.948288 33.853584
v -7.980812 70.069557 33.853596
v 7.573278 58.134487 14.022625
v 7.573292 58.134483 -14.022615
v -7.980797 70.069542 -33.853600
v -29.977592 86.948280 -33.853603
v -45.531677 98.883347 -14.022627
v -29.005745 115.409279 14.022610
v -17.070675 99.855202 33.853580
v -0.191946 77.858421 33.853596
v 11.743118 62.304329 14.022625
v 11.743132 62.304329 -14.022614
v -0.191939 77.858406 -33.853600
v -17.070667 99.855194 -33.853600
v -29.005737 115.409286 -14.022627
v -8.811819 127.093376 14.022610
v -1.282102 108.981155 33.853580
v 9.366531 83.366600 33.853596
v 16.896252 65.254364 14.022625
v 16.896252 65.254356 -14.022615
v 9.366529 83.366577 -33.853600
v -1.282099 108.981148 -33.853600
v -8.811815 127.093369 -14.022627
v 13.094395 133.173340 14.022610
v 16.381836 113.741867 33.853584
v 21.030991 86.261581 33.853596
v 24.318428 66.830078 14.022625
v 24.318428 66.830078 -14.022615
v 21.030987 86.261566 -33.853600
v 16.381847 113.741844 -33.853600
v 13.094395 133.173340 -14.022627
v 44.853195 134.841858 14.022610
v 45.554588 115.044441 33.853588
v 46.546509 87.046638 33.853596
v 47.247902 67.249191 14.022623
v 47.247902 67.249184 -14.022615
v 46.546509 87.046623 -33.853596
v 45.554588 115.044418 -33.853600
v 44.853203 134.841858 -14.022627
v -48.546967 13.451904 18.155886
v -30.385109 13.526718 25.673443
v -12.245506 13.528625 18.160471
v -4.735534 13.624908 0.000001
v -12.245506 13.528656 -18.160475
v -30.385101 13.526718 -25.673454
v -48.546967 13.451889 -18.155899
v -56.148651 13.544891 -0.000006
v -48.194046 42.170052 18.164721
v -30.217293 40.146843 25.671867
v -12.301575 37.878777 18.185343
v -4.736161 36.868675 0.000002
v -12.301559 37.878769 -18.185345
v -30.217285 40.146835 -25.671875
v -48.194046 42.170052 -18.164730
v -56.168762 42.973549 -0.000004
v -45.826271 63.778408 18.223200
v -28.547134 58.856415 25.671963
v -11.462250 53.643505 18.117922
v -4.246243 51.146137 0.000002
v -11.462246 53.643505 -18.117918
v -28.547119 58.856415 -25.671970
v -45.826263 63.778408 -18.223213
v -53.191643 65.704803 -0.000004
v -38.448471 81.294258 18.237841
v -22.974373 72.365807 25.671772
v -7.589815 63.467262 18.145611
v -1.184763 59.654690 0.000002
v -7.589811 63.467262 -18.145611
v -22.974358 72.365799 -25.671780
v -38.448471 81.294258 -18.237858
v -44.929466 85.031731 -0.000006
v -26.711899 96.589493 18.238661
v -14.079887 83.957489 25.671768
v -1.514271 71.391876 18.147833
v 3.703205 66.154968 0.000002
v -1.514268 71.391869 -18.147831
v -14.079876 83.957489 -25.671776
v -26.711891 96.589493 -18.238680
v -32.002647 101.880249 -0.000005
v -11.416643 108.326080 18.237839
v -2.488200 92.851974 25.671768
v 6.410339 77.467422 18.145605
v 10.126633 71.079575 0.000002
v 6.410351 77.467422 -18.145609
v -2.488190 92.851967 -25.671772
v -11.416645 108.326080 -18.237854
v -15.154121 114.807076 -0.000007
v 6.150776 115.713615 18.227379
v 11.017708 98.439461 25.671818
v 16.106426 81.323051 18.130011
v 18.406387 74.268616 0.000003
v 16.106438 81.323044 -18.130007
v 11.017708 98.439453 -25.671829
v 6.150776 115.713615 -18.227398
v 4.147567 122.939476 -0.000006
v 27.896332 118.706612 18.189175
v 29.731972 100.728546 25.671448
v 31.754578 82.801414 18.161242
v 32.671349 75.350563 0.000002
v 31.754578 82.801407 -18.161240
v 29.731979 100.728531 -25.671452
v 27.896332 118.706604 -18.189192
v 27.173050 126.192528 -0.000007
v 56.935066 119.230759 18.160053
v 56.881569 101.080673 25.671387
v 56.882271 82.936676 18.155720
v 56.901604 75.414368 0.000002
v 56.882256 82.936661 -18.155712
v 56.881569 101.080658 -25.671394
v 56.935081 119.230751 -18.160065
v 56.970406 126.757553 -0.000004
v -40.186661 13.488403 23.687107
v -6.698212 13.570755 9.772118
v -20.587250 13.539948 -23.681187
v -54.111885 13.485153 9.738091
v -48.177582 27.990158 17.963585
v -39.900558 41.264038 23.696949
v -12.417149 26.508781 17.982313
v -6.787693 37.129967 9.779186
v -12.417141 26.508781 -17.982321
v -20.547710 38.958717 -23.686802
v -48.177582 27.990158 -17.963598
v -53.855949 42.753723 9.690981
v -47.587540 54.532619 18.204090
v -37.852745 61.536133 23.726067
v -12.306919 47.317566 18.148581
v -6.278847 51.849258 9.719746
v -12.306911 47.317566 -18.148582
v -19.298580 56.103481 -23.648235
v -47.587532 54.532623 -18.204100
v -51.184044 65.214607 9.816584
v -42.733826 72.641800 18.232187
v -31.313232 77.178459 23.725567
v -9.817516 58.884083 18.138275
v -2.915954 60.687523 9.788414
v -9.817513 58.884079 -18.138277
v -14.665432 67.564926 -23.661964
v -42.733818 72.641800 -18.232199
v -43.206627 84.038239 9.875540
v -33.078857 89.327965 18.238583
v -20.887264 90.764877 23.725937
v -4.808431 67.635300 18.148008
v 2.319944 67.548271 9.813459
v -4.808428 67.635300 -18.148012
v -7.295406 77.173004 -23.662575
v -33.078846 89.327957 -18.238596
v -30.596184 100.473785 9.876209
v -19.450352 102.956459 18.238583
v -7.300852 101.190834 23.725563
v 2.242306 74.686043 18.148006
v 9.137884 72.775169 9.812153
v 2.242314 74.686035 -18.148010
v 2.312683 84.543045 -23.661953
v -19.450352 102.956459 -18.238590
v -14.160629 113.084229 9.875536
v -2.766182 112.609184 18.233524
v 8.376799 107.749237 23.722164
v 10.993532 79.695129 18.138268
v 17.778599 76.137779 9.800064
v 10.993532 79.695129 -18.138273
v 13.715614 89.178879 -23.654926
v -2.766188 112.609177 -18.233536
v 4.678665 121.019699 9.865606
v 15.527699 117.649895 18.215109
v 28.721802 110.429283 23.698257
v 22.210968 82.321846 18.143208
v 32.424240 77.329163 9.821882
v 22.210964 82.321838 -18.143213
v 30.795830 91.045990 -23.675312
v 15.527699 117.649895 -18.215118
v 27.362656 124.205658 9.836863
v 45.254196 119.142197 18.165241
v 56.904503 110.884697 23.681976
v 46.932869 82.941910 18.157413
v 56.895378 77.409088 9.811590
v 46.932869 82.941902 -18.157413
v 56.874352 91.278839 -23.678616
v 45.254189 119.142197 -18.165251
v 56.960548 124.761734 9.814159
v -54.111885 13.485153 -9.738104
v -14.160629 113.084244 -9.875549
v -53.855942 42.753723 -9.690994
v 4.678663 121.019684 -9.865622
v 2.319949 67.548264 -9.813456
v -20.587265 13.539948 23.681175
v -6.698206 13.570755 -9.772118
v -40.186668 13.488403 -23.687115
v -30.285851 27.291412 25.413742
v -20.547726 38.958725 23.686794
v -4.736156 26.240585 0.000002
v -6.787687 37.129967 -9.779188
v -30.285835 27.291412 -25.413746
v -39.900543 41.264030 -23.696964
v -55.960464 28.418968 -0.000005
v -29.858093 51.139404 25.671818
v -19.298592 56.103489 23.648232
v -4.729352 45.505501 0.000002
v -6.278843 51.849258 -9.719742
v -29.858086 51.139393 -25.671825
v -37.852722 61.536133 -23.726086
v -55.355011 55.781479 -0.000004
v -26.212906 65.797081 25.671768
v -14.665443 67.564926 23.661957
v -2.944271 55.808144 0.000002
v -2.915949 60.687523 -9.788414
v -26.212898 65.797073 -25.671776
v -31.313221 77.178452 -23.725582
v -49.660698 75.468185 -0.000004
v -18.906509 78.453140 25.671768
v -7.295414 77.173019 23.662571
v 1.038904 63.088524 0.000002
v -51.184044 65.214615 -9.816595
v -18.906502 78.453133 -25.671776
v -20.887264 90.764870 -23.725948
v -39.014748 93.882736 -0.000005
v -8.575527 88.784111 25.671768
v 2.312675 84.543053 23.661949
v 6.742521 68.821251 0.000002
v 9.137884 72.775162 -9.812151
v -8.575523 88.784103 -25.671772
v -7.300846 101.190826 -23.725574
v -24.005127 108.892357 -0.000007
v 4.080537 96.090515 25.671761
v 13.715614 89.178886 23.654922
v 13.956085 72.923973 0.000002
v 17.778610 76.137779 -9.800062
v 4.080540 96.090508 -25.671772
v 8.376812 107.749229 -23.722176
v -5.621013 119.525467 -0.000006
v 18.725021 99.920898 25.671700
v 30.795830 91.046005 23.675308
v 23.830391 75.027626 0.000002
v 32.424240 77.329155 -9.821882
v 18.725021 99.920883 -25.671703
v 28.721802 110.429283 -23.698273
v 14.242798 125.053574 -0.000008
v 46.053719 101.036316 25.671387
v 56.874352 91.278854 23.678612
v 47.324944 75.436157 0.000002
v 56.895378 77.409081 -9.811584
v 46.053696 101.036308 -25.671394
v 56.904503 110.884674 -23.681980
v 44.942314 126.656494 -0.000005
v -43.206627 84.038239 -9.875549
v 56.960548 124.761726 -9.814173
v 27.362663 124.205658 -9.836874
v -30.596176 100.473785 -9.876223
v -53.756500 28.259590 9.607090
v -39.937416 27.674034 23.445702
v -20.635662 26.881577 23.444599
v -6.944618 26.255981 9.668802
v -6.944614 26.255981 -9.668802
v -20.635654 26.881554 -23.444607
v -39.937401 27.674026 -23.445713
v -53.756500 28.259590 -9.607103
v -53.155220 55.474426 9.746349
v -39.401093 53.010456 23.722076
v -20.369270 49.152325 23.658756
v -6.923594 45.995697 9.749491
v -6.923588 45.995689 -9.749489
v -20.369259 49.152325 -23.658760
v -39.401077 53.010456 -23.722092
v -53.155220 55.474426 -9.746363
v -47.820877 74.723747 9.861877
v -35.114655 69.493561 23.723686
v -17.349663 62.086449 23.659695
v -4.843844 56.654285 9.758114
v -4.843841 56.654285 -9.758110
v -17.349659 62.086441 -23.659702
v -35.114651 69.493553 -23.723705
v -47.820877 74.723747 -9.861889
v -37.436783 92.671921 9.876165
v -26.543983 84.313583 23.725861
v -11.294661 72.612358 23.662678
v -0.516465 64.305870 9.806898
v -0.516460 64.305862 -9.806896
v -11.294651 72.612350 -23.662685
v -26.543976 84.313576 -23.725876
v -37.436775 92.671921 -9.876177
v -22.794319 107.314384 9.876162
v -14.435966 96.421585 23.725853
v -2.734750 81.172272 23.662678
v 5.546980 70.379311 9.814919
v 5.546977 70.379303 -9.814915
v -2.734741 81.172256 -23.662682
v -14.435966 96.421585 -23.725876
v -22.794308 107.314392 -9.876177
v -4.862499 117.687187 9.871864
v 0.384047 104.992264 23.723679
v 7.791164 87.227280 23.659695
v 13.160297 74.717514 9.804361
v 13.160297 74.717506 -9.804356
v 7.791164 87.227264 -23.659698
v 0.384056 104.992264 -23.723698
v -4.862501 117.687172 -9.871880
v 14.581684 123.087494 9.855383
v 16.975471 109.479218 23.715553
v 20.553825 90.406036 23.660557
v 23.388000 76.965118 9.813393
v 23.387997 76.965103 -9.813389
v 20.553825 90.406036 -23.660561
v 16.975471 109.479210 -23.715569
v 14.581696 123.087502 -9.855400
v 45.023750 124.663559 9.818436
v 45.612762 110.814568 23.684662
v 46.517769 91.262192 23.678596
v 47.219933 77.426987 9.813822
v 47.219933 77.426979 -9.813820
v 46.517769 91.262177 -23.678596
v 45.612762 110.814552 -23.684669
v 45.023758 124.663544 -9.818447
vt 0.249386 0.006630
vt 0.229827 0.009081
vt 0.210636 0.012749
vt 0.191964 0.017611
vt 0.173844 0.023515
vt 0.156242 0.030319
vt 0.139088 0.037899
vt 0.271883 0.039656
vt 0.252629 0.040360
vt 0.234543 0.042696
vt 0.122280 0.046141
vt 0.217274 0.046257
vt 0.200607 0.050847
vt 0.184430 0.056309
vt 0.106002 0.055374
vt 0.168673 0.062567
vt 0.090073 0.065247
vt 0.153337 0.069561
vt 0.138480 0.077388
vt 0.263898 0.075191
vt 0.250767 0.076165
vt 0.074517 0.075901
vt 0.237310 0.078573
vt 0.223452 0.081872
vt 0.123671 0.085284
vt 0.209652 0.086164
vt 0.059385 0.087462
vt 0.195770 0.091043
vt 0.109276 0.094025
vt 0.182097 0.096690
vt 0.168457 0.102739
vt 0.095239 0.103499
vt 0.044763 0.100035
vt 0.268893 0.104105
vt 0.155045 0.109341
vt 0.081594 0.113734
vt 0.244686 0.110585
vt 0.142105 0.116822
vt 0.030787 0.113683
vt 0.220189 0.118906
vt 0.129500 0.124771
vt 0.068357 0.124831
vt 0.017560 0.128298
vt 0.195796 0.129229
vt 0.117204 0.132936
vt 0.278596 0.129014
vt 0.055582 0.136973
vt 0.254831 0.137147
vt 0.105392 0.141651
vt 0.004883 0.143268
vt 0.171934 0.141300
vt 0.043301 0.150454
vt 0.231127 0.145795
vt 0.094081 0.150587
vt 0.148947 0.154889
vt 0.207702 0.155533
vt 0.083499 0.160092
vt 0.031642 0.165794
vt 0.073839 0.169753
vt 0.184751 0.166451
vt 0.295848 0.166560
vt 0.126991 0.169552
vt 0.272293 0.175278
vt 0.065495 0.179944
vt 0.162422 0.178413
vt 0.106295 0.185033
vt 0.248971 0.184175
vt 0.140768 0.191197
vt 0.226068 0.193692
vt 0.308295 0.194837
vt 0.086899 0.201255
vt 0.284606 0.202877
vt 0.203624 0.203924
vt 0.119774 0.204655
vt 0.261230 0.211097
vt 0.181568 0.214693
vt 0.099184 0.218662
vt 0.316841 0.218181
vt 0.238249 0.219844
vt 0.159747 0.225725
vt 0.292946 0.225038
vt 0.215630 0.229193
vt 0.269240 0.232091
vt 0.137997 0.236868
vt 0.193170 0.238904
vt 0.245824 0.239579
vt 0.323928 0.242191
vt 0.222815 0.247579
vt 0.116125 0.248306
vt 0.170627 0.248590
vt 0.299496 0.247653
vt 0.275337 0.253175
vt 0.199821 0.255894
vt 0.147887 0.257951
vt 0.251535 0.258978
vt 0.176599 0.264142
vt 0.227967 0.265178
vt 0.124955 0.267199
vt 0.329425 0.267490
vt 0.204408 0.271668
vt 0.153095 0.271921
vt 0.304415 0.271242
vt 0.279857 0.275002
vt 0.180614 0.278182
vt 0.129438 0.279358
vt 0.255730 0.278901
vt 0.231636 0.283062
vt 0.156561 0.284319
vt 0.207561 0.287440
vt 0.132396 0.290009
vt 0.183281 0.291886
vt 0.332560 0.293285
vt 0.307508 0.295137
vt 0.158822 0.296110
vt 0.282701 0.297041
vt 0.258199 0.299021
vt 0.134323 0.299974
vt 0.233824 0.301122
vt 0.209420 0.303338
vt 0.184814 0.305581
vt 0.160101 0.307706
vt 0.135465 0.309648
vt 0.333633 0.319216
vt 0.135938 0.319325
vt 0.308542 0.319184
vt 0.283663 0.319187
vt 0.259046 0.319220
vt 0.234561 0.319273
vt 0.160465 0.319341
vt 0.210032 0.319322
vt 0.185282 0.319335
vt 0.135403 0.329046
vt 0.160021 0.331020
vt 0.184719 0.333083
vt 0.209408 0.335303
vt 0.233851 0.337426
vt 0.134173 0.338771
vt 0.258245 0.339421
vt 0.282773 0.341338
vt 0.158641 0.342681
vt 0.307563 0.343231
vt 0.332571 0.345132
vt 0.183176 0.346787
vt 0.132155 0.348678
vt 0.207448 0.351177
vt 0.156266 0.354465
vt 0.231707 0.355485
vt 0.255803 0.359540
vt 0.128906 0.359731
vt 0.180512 0.360504
vt 0.280055 0.363394
vt 0.304594 0.367146
vt 0.204360 0.366960
vt 0.152491 0.367281
vt 0.329379 0.370872
vt 0.123887 0.372188
vt 0.227975 0.373343
vt 0.176358 0.374873
vt 0.251752 0.379455
vt 0.146807 0.381666
vt 0.199766 0.382876
vt 0.275553 0.385225
vt 0.299704 0.390803
vt 0.222925 0.390942
vt 0.114725 0.390514
vt 0.169962 0.390809
vt 0.324097 0.396284
vt 0.246077 0.398744
vt 0.192809 0.399956
vt 0.136590 0.402008
vt 0.269535 0.406174
vt 0.215539 0.409152
vt 0.293290 0.413388
vt 0.102421 0.412026
vt 0.158618 0.412993
vt 0.238354 0.418120
vt 0.317106 0.420504
vt 0.180632 0.423580
vt 0.261481 0.426716
vt 0.123264 0.425798
vt 0.202888 0.433913
vt 0.285160 0.435202
vt 0.086737 0.435998
vt 0.144297 0.438852
vt 0.308479 0.443463
vt 0.225499 0.443835
vt 0.165768 0.451357
vt 0.248594 0.453252
vt 0.105853 0.451740
vt 0.065524 0.456764
vt 0.272394 0.462399
vt 0.187806 0.463262
vt 0.126678 0.467238
vt 0.295693 0.471343
vt 0.073746 0.467029
vt 0.210422 0.474321
vt 0.032482 0.469976
vt 0.083549 0.476627
vt 0.148721 0.481703
vt 0.233590 0.484369
vt 0.094238 0.486014
vt 0.043876 0.485313
vt 0.257410 0.493398
vt 0.171677 0.495221
vt 0.004883 0.492040
vt 0.105637 0.494823
vt 0.280775 0.501753
vt 0.055840 0.498863
vt 0.117515 0.503325
vt 0.195463 0.507295
vt 0.017544 0.507493
vt 0.129928 0.511182
vt 0.068445 0.511084
vt 0.219782 0.517792
vt 0.142332 0.519224
vt 0.030833 0.522225
vt 0.081571 0.522249
vt 0.244386 0.526212
vt 0.155124 0.526683
vt 0.268358 0.532699
vt 0.095138 0.532590
vt 0.168440 0.533163
vt 0.044812 0.535922
vt 0.182044 0.538983
vt 0.109041 0.542250
vt 0.195537 0.544891
vt 0.059395 0.548553
vt 0.209286 0.549937
vt 0.123561 0.550889
vt 0.223038 0.554367
vt 0.236872 0.557805
vt 0.074492 0.560190
vt 0.250385 0.560354
vt 0.138390 0.558940
vt 0.263516 0.561193
vt 0.153392 0.566684
vt 0.090065 0.570891
vt 0.168721 0.573831
vt 0.106105 0.580610
vt 0.184554 0.579867
vt 0.200778 0.585203
vt 0.122537 0.589470
vt 0.217440 0.589661
vt 0.234682 0.593039
vt 0.252645 0.595083
vt 0.271744 0.595595
vt 0.139129 0.598042
vt 0.156220 0.605795
vt 0.173869 0.612585
vt 0.192034 0.618418
vt 0.210734 0.623221
vt 0.229970 0.626874
vt 0.249661 0.629324
vt 0.269584 0.630806
vt 0.405916 0.629028
vt 0.425476 0.627774
vt 0.444986 0.625741
vt 0.464170 0.622483
vt 0.482930 0.618018
vt 0.501259 0.612465
vt 0.519181 0.605939
vt 0.536732 0.598526
vt 0.404087 0.594502
vt 0.423202 0.594061
vt 0.441154 0.592059
vt 0.458360 0.588837
vt 0.553933 0.590299
vt 0.475005 0.584575
vt 0.491239 0.579411
vt 0.570389 0.580673
vt 0.507086 0.573423
vt 0.522590 0.566676
vt 0.586370 0.570317
vt 0.412318 0.560812
vt 0.537713 0.559198
vt 0.425542 0.559619
vt 0.439062 0.557051
vt 0.601838 0.559180
vt 0.452905 0.553652
vt 0.552361 0.550829
vt 0.466669 0.549343
vt 0.480443 0.544461
vt 0.616753 0.547192
vt 0.566617 0.541754
vt 0.493962 0.538782
vt 0.507293 0.532589
vt 0.580448 0.531999
vt 0.631046 0.534264
vt 0.407397 0.532403
vt 0.520216 0.525613
vt 0.431362 0.525695
vt 0.593837 0.521497
vt 0.533156 0.518698
vt 0.644623 0.520334
vt 0.455958 0.517232
vt 0.545673 0.511039
vt 0.606748 0.510184
vt 0.480178 0.506752
vt 0.657416 0.505465
vt 0.557877 0.502974
vt 0.394913 0.501571
vt 0.619159 0.497856
vt 0.569599 0.494307
vt 0.503807 0.494561
vt 0.669632 0.490136
vt 0.418213 0.493037
vt 0.631034 0.484250
vt 0.580869 0.485373
vt 0.441975 0.483882
vt 0.526691 0.481116
vt 0.591493 0.475913
vt 0.642329 0.468821
vt 0.465070 0.473756
vt 0.379904 0.471275
vt 0.601282 0.466285
vt 0.548593 0.466620
vt 0.487600 0.462636
vt 0.403121 0.462141
vt 0.609809 0.456116
vt 0.426851 0.452841
vt 0.569380 0.451063
vt 0.509572 0.450704
vt 0.449884 0.443313
vt 0.367002 0.443504
vt 0.530984 0.438179
vt 0.588609 0.435379
vt 0.390241 0.435019
vt 0.472432 0.433309
vt 0.413857 0.426372
vt 0.552006 0.425132
vt 0.494639 0.422924
vt 0.358247 0.420603
vt 0.436934 0.417654
vt 0.381997 0.413252
vt 0.516625 0.412314
vt 0.572904 0.411442
vt 0.459693 0.408585
vt 0.405714 0.405872
vt 0.538657 0.401346
vt 0.482386 0.399320
vt 0.429145 0.398318
vt 0.351075 0.396402
vt 0.452223 0.390406
vt 0.505228 0.390140
vt 0.375456 0.390685
vt 0.560563 0.389926
vt 0.399620 0.384956
vt 0.475359 0.382261
vt 0.528403 0.381006
vt 0.423441 0.379060
vt 0.498783 0.374217
vt 0.447052 0.372838
vt 0.551361 0.371596
vt 0.345491 0.370947
vt 0.370500 0.367040
vt 0.470686 0.366366
vt 0.522692 0.366626
vt 0.395073 0.363151
vt 0.494583 0.359864
vt 0.419231 0.359174
vt 0.546319 0.359138
vt 0.443371 0.354979
vt 0.518895 0.353818
vt 0.467514 0.350605
vt 0.543060 0.348079
vt 0.491874 0.346167
vt 0.342330 0.345089
vt 0.367382 0.343127
vt 0.516501 0.342044
vt 0.392205 0.341121
vt 0.416739 0.339072
vt 0.541045 0.338165
vt 0.441160 0.336939
vt 0.465622 0.334722
vt 0.490292 0.332483
vt 0.515101 0.330399
vt 0.539838 0.328426
vt 0.341238 0.319109
vt 0.366332 0.319053
vt 0.391225 0.318969
vt 0.415869 0.318878
vt 0.440394 0.318801
vt 0.464974 0.318752
vt 0.489772 0.318741
vt 0.514624 0.318740
vt 0.539354 0.318685
vt 0.539551 0.308993
vt 0.515062 0.307112
vt 0.490317 0.305006
vt 0.465564 0.302785
vt 0.441075 0.300653
vt 0.416648 0.298671
vt 0.540745 0.299324
vt 0.392099 0.296797
vt 0.367297 0.294976
vt 0.516300 0.295504
vt 0.342284 0.293154
vt 0.491809 0.291321
vt 0.542705 0.289355
vt 0.467489 0.286926
vt 0.518538 0.283706
vt 0.443196 0.282595
vt 0.419070 0.278534
vt 0.545686 0.278688
vt 0.494429 0.277625
vt 0.394799 0.274708
vt 0.370249 0.271024
vt 0.470557 0.271163
vt 0.521989 0.271305
vt 0.345458 0.267385
vt 0.550191 0.266492
vt 0.446912 0.264736
vt 0.498397 0.263594
vt 0.423108 0.258594
vt 0.527182 0.257329
vt 0.475064 0.255401
vt 0.399279 0.252836
vt 0.375117 0.247367
vt 0.504322 0.248052
vt 0.451945 0.247136
vt 0.559038 0.247499
vt 0.350689 0.242035
vt 0.428791 0.239180
vt 0.481644 0.238429
vt 0.537036 0.236215
vt 0.405312 0.231707
vt 0.459049 0.228761
vt 0.381568 0.224682
vt 0.515132 0.225195
vt 0.436310 0.219432
vt 0.357647 0.217919
vt 0.575936 0.217586
vt 0.493158 0.214248
vt 0.413254 0.210674
vt 0.389832 0.202441
vt 0.470965 0.203521
vt 0.555133 0.203858
vt 0.588130 0.199924
vt 0.366121 0.194416
vt 0.448418 0.193283
vt 0.533956 0.190619
vt 0.425452 0.183717
vt 0.568450 0.184054
vt 0.512153 0.178002
vt 0.402101 0.174741
vt 0.609293 0.178355
vt 0.378558 0.165933
vt 0.547567 0.168850
vt 0.489712 0.166126
vt 0.600740 0.168235
vt 0.641998 0.165062
vt 0.466720 0.155172
vt 0.590887 0.158679
vt 0.525499 0.154462
vt 0.443296 0.145323
vt 0.580177 0.149326
vt 0.630706 0.149794
vt 0.502429 0.141081
vt 0.419614 0.136505
vt 0.669632 0.143075
vt 0.568790 0.140525
vt 0.618710 0.136309
vt 0.395905 0.128141
vt 0.478636 0.128919
vt 0.556954 0.131991
vt 0.656987 0.127650
vt 0.544641 0.124044
vt 0.606098 0.124138
vt 0.454355 0.118447
vt 0.532028 0.116468
vt 0.429934 0.109909
vt 0.643713 0.112968
vt 0.592972 0.113018
vt 0.518999 0.109589
vt 0.405800 0.103106
vt 0.506000 0.102619
vt 0.579389 0.102731
vt 0.629744 0.099317
vt 0.492634 0.096403
vt 0.565407 0.093178
vt 0.479103 0.090670
vt 0.615165 0.086721
vt 0.465333 0.085719
vt 0.551063 0.084240
vt 0.451581 0.081337
vt 0.437758 0.077897
vt 0.424263 0.075318
vt 0.600069 0.075101
vt 0.411063 0.074178
vt 0.536443 0.075804
vt 0.521222 0.068505
vt 0.584514 0.064381
vt 0.505728 0.061727
vt 0.568527 0.054509
vt 0.489918 0.055620
vt 0.473713 0.050294
vt 0.552074 0.045515
vt 0.457075 0.045865
vt 0.439864 0.042511
vt 0.421931 0.040465
vt 0.402946 0.040073
vt 0.535335 0.037066
vt 0.518126 0.029507
vt 0.500452 0.022808
vt 0.482287 0.017032
vt 0.463609 0.012279
vt 0.444409 0.008679
vt 0.424762 0.006286
vt 0.404867 0.004884
vt 0.670297 0.501711
vt 0.688951 0.507188
vt 0.668905 0.510493
vt 0.706682 0.514115
vt 0.686397 0.515904
vt 0.724175 0.521758
vt 0.703606 0.522681
vt 0.741307 0.530077
vt 0.720814 0.530200
vt 0.758240 0.538822
vt 0.737722 0.538437
vt 0.774833 0.547985
vt 0.754490 0.547098
vt 0.657166 0.542890
vt 0.791212 0.557376
vt 0.770934 0.556205
vt 0.690454 0.555760
vt 0.787179 0.565546
vt 0.807330 0.566879
vt 0.803083 0.575143
vt 0.823112 0.576581
vt 0.723645 0.570635
vt 0.642215 0.574498
vt 0.818838 0.584646
vt 0.838682 0.586076
vt 0.756169 0.587382
vt 0.834368 0.594108
vt 0.854136 0.595266
vt 0.675720 0.587659
vt 0.849819 0.603297
vt 0.869613 0.604140
vt 0.787945 0.605385
vt 0.708940 0.601588
vt 0.865292 0.612177
vt 0.885222 0.612674
vt 0.628540 0.605212
vt 0.880859 0.620684
vt 0.901080 0.621145
vt 0.741512 0.616979
vt 0.819102 0.623670
vt 0.662149 0.617162
vt 0.896591 0.629094
vt 0.917170 0.629773
vt 0.695463 0.629508
vt 0.773562 0.633734
vt 0.912329 0.637481
vt 0.618869 0.631832
vt 0.933484 0.639842
vt 0.850047 0.641114
vt 0.927876 0.646746
vt 0.728253 0.643063
vt 0.652763 0.641874
vt 0.805275 0.651058
vt 0.881199 0.657029
vt 0.686591 0.652197
vt 0.760792 0.658027
vt 0.610663 0.659310
vt 0.720031 0.663473
vt 0.836990 0.667693
vt 0.912960 0.672241
vt 0.645568 0.667155
vt 0.793411 0.673914
vt 0.753395 0.675916
vt 0.679940 0.675181
vt 0.869068 0.682379
vt 0.714148 0.683818
vt 0.826505 0.689507
vt 0.787067 0.689279
vt 0.604812 0.688073
vt 0.901949 0.695069
vt 0.748393 0.693319
vt 0.640004 0.693380
vt 0.674972 0.698841
vt 0.860273 0.702946
vt 0.821433 0.702592
vt 0.783047 0.703556
vt 0.709832 0.704668
vt 0.894506 0.713199
vt 0.744814 0.711037
vt 0.856525 0.714047
vt 0.818446 0.713840
vt 0.780273 0.717895
vt 0.601199 0.717334
vt 0.891611 0.722331
vt 0.636643 0.720016
vt 0.854459 0.722718
vt 0.671949 0.722788
vt 0.816473 0.724824
vt 0.707210 0.725743
vt 0.890066 0.729038
vt 0.742657 0.728954
vt 0.853140 0.730845
vt 0.778628 0.732393
vt 0.889072 0.735120
vt 0.815322 0.735885
vt 0.852370 0.738958
vt 0.888465 0.741150
vt 0.778085 0.746983
vt 0.814955 0.747024
vt 0.741916 0.746969
vt 0.706304 0.746919
vt 0.599973 0.746786
vt 0.670911 0.746859
vt 0.635502 0.746810
vt 0.852117 0.747122
vt 0.888227 0.747246
vt 0.888357 0.753371
vt 0.852386 0.755287
vt 0.815376 0.758158
vt 0.888843 0.759474
vt 0.778657 0.761566
vt 0.853172 0.763406
vt 0.742596 0.764984
vt 0.889822 0.765644
vt 0.707118 0.768107
vt 0.816582 0.769205
vt 0.671861 0.770947
vt 0.854452 0.771557
vt 0.636581 0.773608
vt 0.891327 0.772422
vt 0.601167 0.776218
vt 0.780349 0.776036
vt 0.818515 0.780183
vt 0.856476 0.780260
vt 0.744684 0.782900
vt 0.894044 0.781665
vt 0.709640 0.789216
vt 0.783078 0.790348
vt 0.821470 0.791423
vt 0.860018 0.791496
vt 0.674778 0.794949
vt 0.639848 0.800265
vt 0.748370 0.800571
vt 0.901050 0.799775
vt 0.604748 0.805417
vt 0.787064 0.804584
vt 0.826254 0.804657
vt 0.713843 0.810105
vt 0.868199 0.812208
vt 0.679607 0.818704
vt 0.753293 0.817948
vt 0.793057 0.820092
vt 0.645205 0.826563
vt 0.719792 0.830466
vt 0.835907 0.826691
vt 0.610599 0.834069
vt 0.916269 0.831011
vt 0.760293 0.835983
vt 0.686117 0.841766
vt 0.803912 0.843212
vt 0.652302 0.851937
vt 0.884387 0.846485
vt 0.727601 0.851055
vt 0.927744 0.850479
vt 0.618362 0.861451
vt 0.933484 0.857492
vt 0.771971 0.860548
vt 0.694662 0.864687
vt 0.912206 0.859842
vt 0.852810 0.862087
vt 0.916942 0.867742
vt 0.896171 0.868156
vt 0.661363 0.876861
vt 0.739803 0.877416
vt 0.900434 0.876285
vt 0.880222 0.876434
vt 0.821377 0.878960
vt 0.627676 0.888181
vt 0.884300 0.884611
vt 0.864414 0.884716
vt 0.707213 0.892901
vt 0.868427 0.892922
vt 0.848806 0.893357
vt 0.789774 0.896847
vt 0.674141 0.906672
vt 0.852812 0.901543
vt 0.833238 0.902257
vt 0.837265 0.910426
vt 0.757705 0.914782
vt 0.817684 0.911445
vt 0.640665 0.919267
vt 0.821743 0.919571
vt 0.802043 0.920894
vt 0.725002 0.931652
vt 0.806097 0.928781
vt 0.786198 0.930369
vt 0.790399 0.938416
vt 0.770124 0.939819
vt 0.691754 0.946576
vt 0.774282 0.947909
vt 0.753765 0.949099
vt 0.658297 0.959174
vt 0.737051 0.957930
vt 0.757792 0.957249
vt 0.720094 0.966364
vt 0.740914 0.966175
vt 0.702803 0.974021
vt 0.723708 0.974717
vt 0.685452 0.980906
vt 0.706109 0.982545
vt 0.667870 0.986171
vt 0.688165 0.989679
vt 0.669227 0.995117
vt 0.849526 0.566067
vt 0.831052 0.559937
vt 0.851235 0.557337
vt 0.813534 0.552343
vt 0.833925 0.551324
vt 0.796282 0.544032
vt 0.816924 0.543896
vt 0.779423 0.535037
vt 0.799961 0.535723
vt 0.762796 0.525624
vt 0.783328 0.526822
vt 0.861658 0.530842
vt 0.746536 0.515787
vt 0.766869 0.517502
vt 0.828755 0.516887
vt 0.730512 0.505735
vt 0.750757 0.507728
vt 0.734869 0.497733
vt 0.714758 0.495560
vt 0.796064 0.500884
vt 0.719333 0.487474
vt 0.699360 0.485211
vt 0.703955 0.477327
vt 0.763956 0.482999
vt 0.880787 0.492063
vt 0.684172 0.475058
vt 0.688805 0.467204
vt 0.669080 0.465247
vt 0.847894 0.477920
vt 0.732630 0.463878
vt 0.673711 0.457396
vt 0.653957 0.455726
vt 0.815365 0.462873
vt 0.658592 0.447862
vt 0.638651 0.446578
vt 0.895133 0.461752
vt 0.701942 0.444496
vt 0.643323 0.438745
vt 0.623096 0.437465
vt 0.783426 0.446213
vt 0.861929 0.448818
vt 0.627900 0.429696
vt 0.607257 0.428211
vt 0.671465 0.425916
vt 0.829116 0.435269
vt 0.612388 0.420700
vt 0.752066 0.428129
vt 0.591349 0.417483
vt 0.905776 0.435564
vt 0.597229 0.410805
vt 0.796816 0.420345
vt 0.872021 0.424377
vt 0.640763 0.408693
vt 0.721045 0.409405
vt 0.838611 0.412778
vt 0.764871 0.403978
vt 0.609527 0.391979
vt 0.914666 0.408463
vt 0.805583 0.400103
vt 0.689954 0.391333
vt 0.880285 0.399427
vt 0.732937 0.386690
vt 0.772711 0.386218
vt 0.846183 0.390054
vt 0.658371 0.375299
vt 0.812308 0.380014
vt 0.700547 0.369727
vt 0.739627 0.371412
vt 0.921720 0.380029
vt 0.625987 0.361538
vt 0.778455 0.369053
vt 0.886803 0.373400
vt 0.852076 0.366590
vt 0.667378 0.355010
vt 0.705899 0.356703
vt 0.744254 0.357332
vt 0.817469 0.359346
vt 0.633669 0.343775
vt 0.782769 0.351503
vt 0.671375 0.343960
vt 0.709342 0.345596
vt 0.747624 0.343132
vt 0.926524 0.350974
vt 0.636723 0.334665
vt 0.891219 0.346915
vt 0.673760 0.335369
vt 0.856056 0.342767
vt 0.711758 0.334709
vt 0.820943 0.338386
vt 0.638469 0.327956
vt 0.785658 0.333689
vt 0.675388 0.327297
vt 0.749863 0.328719
vt 0.639659 0.321829
vt 0.713353 0.323707
vt 0.676471 0.319220
vt 0.640469 0.315749
vt 0.928945 0.321608
vt 0.893444 0.320192
vt 0.858066 0.318752
vt 0.822707 0.317259
vt 0.787132 0.315718
vt 0.751000 0.314164
vt 0.714168 0.312594
vt 0.677041 0.311074
vt 0.640922 0.309633
vt 0.641003 0.303534
vt 0.677093 0.302907
vt 0.714194 0.301451
vt 0.640714 0.297488
vt 0.751024 0.299569
vt 0.676630 0.294766
vt 0.787188 0.297689
vt 0.640046 0.291378
vt 0.822754 0.296057
vt 0.858091 0.294649
vt 0.713432 0.290359
vt 0.893452 0.293376
vt 0.675615 0.286572
vt 0.638733 0.284610
vt 0.928945 0.292145
vt 0.749927 0.285035
vt 0.711943 0.279304
vt 0.673927 0.277800
vt 0.785837 0.279700
vt 0.636168 0.275358
vt 0.821092 0.274869
vt 0.747798 0.270611
vt 0.856143 0.270563
vt 0.709450 0.267945
vt 0.670646 0.266521
vt 0.891254 0.266616
vt 0.782889 0.261888
vt 0.629405 0.256903
vt 0.926538 0.262801
vt 0.744427 0.256203
vt 0.704947 0.254661
vt 0.817747 0.253835
vt 0.662693 0.245536
vt 0.852262 0.246655
vt 0.778718 0.244305
vt 0.738781 0.240624
vt 0.886923 0.240142
vt 0.619290 0.233544
vt 0.812648 0.233254
vt 0.695409 0.232422
vt 0.921818 0.233894
vt 0.772165 0.226163
vt 0.846662 0.223378
vt 0.651612 0.219588
vt 0.727950 0.217365
vt 0.880760 0.214535
vt 0.805392 0.212520
vt 0.605481 0.207268
vt 0.915131 0.206049
vt 0.683542 0.205286
vt 0.600018 0.200039
vt 0.760520 0.201460
vt 0.838771 0.200278
vt 0.621372 0.198539
vt 0.616937 0.190462
vt 0.637607 0.190857
vt 0.872557 0.189304
vt 0.715379 0.189522
vt 0.793326 0.185955
vt 0.633663 0.182572
vt 0.653824 0.183233
vt 0.906516 0.179067
vt 0.650064 0.174905
vt 0.669898 0.175576
vt 0.826508 0.171765
vt 0.747429 0.172721
vt 0.666205 0.167224
vt 0.685822 0.167602
vt 0.860237 0.159136
vt 0.682136 0.159264
vt 0.701714 0.159329
vt 0.779947 0.155916
vt 0.698009 0.151011
vt 0.717612 0.150809
vt 0.894266 0.147559
vt 0.813060 0.140233
vt 0.713877 0.142526
vt 0.733604 0.141995
vt 0.729867 0.133952
vt 0.749797 0.133194
vt 0.846778 0.126499
vt 0.745923 0.124981
vt 0.766212 0.124401
vt 0.880576 0.115036
vt 0.782890 0.115796
vt 0.762384 0.116149
vt 0.799896 0.107636
vt 0.779193 0.107490
vt 0.817113 0.099882
vt 0.796363 0.099245
vt 0.834625 0.092900
vt 0.813824 0.091396
vt 0.852158 0.086683
vt 0.831644 0.084258
vt 0.869894 0.082037
vt 0.849774 0.077814
vt 0.868865 0.073050
vt 0.268924 0.004883
vn -1.000000 0.000000 -0.000000
vn -1.000000 0.000000 -0.000000
vn -1.000000 0.000000 -0.000001
vn -1.000000 0.000000 -0.000001
vn -1.000000 0.000000 -0.000000
vn -1.000000 0.000000 -0.000000
vn -1.000000 0.000000 -0.000000
vn -1.000000 0.000000 -0.000000
vn -1.000000 0.000000 -0.000001
vn -1.000000 0.000000 -0.000001
vn -1.000000 0.000000 -0.000000
vn -1.000000 0.000000 -0.000000
vn -1.000000 0.000000 -0.000000
vn -1.000000 0.000000 -0.000000
vn -1.000000 0.000000 -0.000001
vn -1.000000 0.000000 -0.000001
vn -1.000000 0.000000 0.000000
vn -1.000000 0.000000 0.000000
vn -1.000000 0.000000 -0.000000
vn -1.000000 0.000000 -0.000000
vn -1.000000 0.000000 0.000000
vn -1.000000 0.000000 0.000000
vn -1.000000 0.000001 0.000001
vn -1.000000 0.000001 0.000001
vn -1.000000 0.000001 0.000001
vn -1.000000 0.000001 0.000001
vn -1.000000 0.000000 -0.000000
vn -1.000000 0.000000 0.000000
vn -1.000000 0.000000 0.000000
vn -1.000000 0.000000 -0.000000
vn -1.000000 0.000000 -0.000001
vn -1.000000 0.000000 -0.000001
vn -1.000000 0.000000 -0.000001
vn -1.000000 0.000000 -0.000001
vn -1.000000 0.000000 -0.000000
vn -1.000000 0.000000 -0.000000
vn -1.000000 0.000000 -0.000000
vn -1.000000 0.000000 -0.000000
vn -1.000000 0.000000 -0.000000
vn -1.000000 0.000000 -0.000000
vn -1.000000 0.000000 -0.000000
vn -1.000000 0.000000 -0.000000
vn -1.000000 0.000000 -0.000000
vn -1.000000 0.000000 -0.000000
vn -1.000000 0.000000 -0.000000
vn -1.000000 0.000000 -0.000000
vn -1.000000 0.000000 0.000000
vn -1.000000 0.000000 0.000000
vn -1.000000 0.000000 0.000000
vn -1.000000 0.000000 0.000000
vn -1.000000 0.000000 0.000000
vn -1.000000 0.000000 0.000000
vn -1.000000 0.000000 0.000001
vn -1.000000 0.000000 0.000001
vn -1.000000 0.000000 0.000001
vn -1.000000 0.000000 0.000001
vn -1.000000 0.000000 -0.000000
vn -1.000000 0.000000 -0.000000
vn -1.000000 0.000000 0.000001
vn -1.000000 0.000000 0.000001
vn -1.000000 0.000000 -0.000001
vn -1.000000 0.000000 -0.000001
vn -1.000000 0.000000 -0.000000
vn -1.000000 0.000000 -0.000000
vn 0.000000 0.195091 0.980785
vn 0.000000 0.195091 0.980785
vn 0.000000 0.382683 0.923880
vn 0.000000 0.382683 0.923880
vn 0.000000 0.382683 0.923880
vn 0.000000 0.382683 0.923880
vn 0.000000 0.555570 0.831470
vn 0.000000 0.555570 0.831470
vn 0.000000 0.195091 -0.980785
vn 0.000000 0.195091 -0.980785
vn 0.000000 0.000000 -1.000000
vn 0.000000 0.000000 -1.000000
vn 0.000000 0.555570 0.831470
vn 0.000000 0.555570 0.831470
vn 0.000000 0.707107 0.707107
vn 0.000000 0.707107 0.707107
vn 0.000000 0.382683 -0.923880
vn 0.000000 0.382683 -0.923880
vn 0.000000 0.195091 -0.980785
vn 0.000000 0.195091 -0.980785
vn 0.000000 0.707107 0.707107
vn 0.000000 0.707107 0.707107
vn 0.000000 0.831470 0.555570
vn 0.000000 0.831470 0.555570
vn 0.000000 0.555570 -0.831470
vn 0.000000 0.555570 -0.831470
vn 0.000000 0.382683 -0.923880
vn 0.000000 0.382683 -0.923880
vn 0.000000 0.831470 0.555570
vn 0.000000 0.831470 0.555570
vn 0.000000 0.923880 0.382683
vn 0.000000 0.923880 0.382683
vn 0.000000 0.707107 -0.707107
vn 0.000000 0.707107 -0.707107
vn 0.000000 0.555570 -0.831470
vn 0.000000 0.555570 -0.831470
vn 0.000000 0.923880 0.382683
vn 0.000000 0.923880 0.382683
vn 0.000000 0.980785 0.195091
vn 0.000000 0.980785 0.195091
vn 0.000000 0.831470 -0.555570
vn 0.000000 0.831470 -0.555570
vn 0.000000 0.707107 -0.707107
vn 0.000000 0.707107 -0.707107
vn 0.000000 0.980785 0.195091
vn 0.000000 0.980785 0.195091
vn 0.000000 1.000000 -0.000000
vn 0.000000 1.000000 -0.000000
vn 0.000000 0.923880 -0.382683
vn 0.000000 0.923880 -0.382683
vn 0.000000 0.831470 -0.555570
vn 0.000000 0.831470 -0.555570
vn 0.000000 0.980785 -0.195091
vn 0.000000 0.980785 -0.195091
vn 0.000000 0.923880 -0.382683
vn 0.000000 0.923880 -0.382683
vn 0.000000 1.000000 -0.000000
vn 0.000000 1.000000 -0.000000
vn 0.000000 0.980785 -0.195091
vn 0.000000 0.980785 -0.195091
vn 0.000000 0.000000 1.000000
vn 0.000000 0.000000 1.000000
vn 0.000000 0.195091 0.980785
vn 0.000000 0.195091 0.980785
vn 1.000000 -0.000000 0.000000
vn 1.000000 -0.000000 0.000000
vn 1.000000 -0.000001 0.000000
vn 1.000000 -0.000001 0.000000
vn 1.000000 -0.000001 0.000000
vn 1.000000 -0.000001 0.000000
vn 1.000000 0.000000 0.000000
vn 1.000000 0.000000 0.000000
vn 1.000000 0.000000 0.000000
vn 1.000000 0.000000 0.000000
vn 1.000000 0.000000 0.000000
vn 1.000000 0.000000 0.000000
vn 1.000000 0.000000 0.000000
vn 1.000000 0.000000 0.000000
vn 1.000000 0.000000 0.000000
vn 1.000000 0.000000 0.000000
vn 1.000000 0.000000 0.000000
vn 1.000000 0.000000 0.000000
vn 1.000000 -0.000000 0.000001
vn 1.000000 -0.000000 0.000001
vn 1.000000 -0.000000 0.000001
vn 1.000000 -0.000000 0.000001
vn 1.000000 -0.000000 0.000000
vn 1.000000 -0.000000 0.000000
vn 1.000000 -0.000000 0.000000
vn 1.000000 -0.000000 0.000000
vn 1.000000 0.000000 0.000000
vn 1.000000 0.000000 0.000000
vn 1.000000 0.000000 0.000000
vn 1.000000 0.000000 0.000000
vn 1.000000 0.000000 0.000000
vn 1.000000 0.000000 0.000000
vn 1.000000 0.000000 -0.000000
vn 1.000000 0.000000 -0.000000
vn 1.000000 0.000000 0.000000
vn 1.000000 0.000000 0.000000
vn 1.000000 0.000000 -0.000000
vn 1.000000 0.000000 -0.000000
vn 1.000000 0.000000 -0.000000
vn 1.000000 0.000000 -0.000000
vn 1.000000 0.000000 0.000000
vn 1.000000 0.000000 0.000000
vn 1.000000 0.000000 -0.000000
vn 1.000000 0.000000 -0.000000
vn 1.000000 0.000000 0.000000
vn 1.000000 0.000000 0.000000
vn 1.000000 0.000000 0.000000
vn 1.000000 0.000000 0.000000
vn 1.000000 0.000000 0.000000
vn 1.000000 0.000000 0.000000
vn 1.000000 0.000000 0.000000
vn 1.000000 0.000000 0.000000
vn 1.000000 0.000000 0.000000
vn 1.000000 0.000000 0.000000
vn 1.000000 0.000000 0.000000
vn 1.000000 0.000000 0.000000
vn 1.000000 0.000000 0.000000
vn 1.000000 0.000000 0.000000
vn 1.000000 0.000000 0.000000
vn 1.000000 0.000000 0.000000
vn 1.000000 0.000000 0.000000
vn 1.000000 0.000000 0.000000
vn 1.000000 0.000000 0.000000
vn 1.000000 0.000000 0.000000
vn 0.000000 1.000000 0.000000
vn 0.000000 1.000000 0.000000
vn -0.000000 1.000000 0.000000
vn -0.000000 1.000000 0.000000
vn 0.000000 1.000000 0.000000
vn 0.000000 1.000000 0.000000
vn 0.000000 1.000000 0.000000
vn 0.000000 1.000000 0.000000
vn -0.000000 1.000000 0.000000
vn -0.000000 1.000000 0.000000
vn 0.000000 1.000000 0.000000
vn 0.000000 1.000000 0.000000
vn -0.000000 1.000000 0.000000
vn -0.000000 1.000000 0.000000
vn -0.000000 1.000000 0.000000
vn -0.000000 1.000000 0.000000
vn -0.000000 1.000000 0.000000
vn -0.000000 1.000000 0.000000
vn -0.000000 1.000000 0.000000
vn -0.000000 1.000000 0.000000
vn 0.000000 1.000000 0.000000
vn 0.000000 1.000000 0.000000
vn -0.000000 1.000000 0.000000
vn -0.000000 1.000000 0.000000
vn 0.000001 1.000000 0.000000
vn 0.000001 1.000000 0.000000
vn 0.000000 1.000000 0.000000
vn 0.000000 1.000000 0.000000
vn 0.000000 1.000000 0.000000
vn 0.000000 1.000000 0.000000
vn 0.000001 1.000000 0.000000
vn 0.000001 1.000000 0.000000
vn 0.000000 1.000000 0.000000
vn 0.000000 1.000000 0.000000
vn 0.000000 1.000000 0.000000
vn 0.000000 1.000000 0.000000
vn 0.000000 1.000000 0.000000
vn 0.000000 1.000000 0.000000
vn 0.000000 1.000000 0.000000
vn 0.000000 1.000000 0.000000
vn 0.000000 1.000000 0.000000
vn 0.000000 1.000000 0.000000
vn -0.000001 1.000000 0.000000
vn -0.000001 1.000000 0.000000
vn -0.000001 1.000000 0.000000
vn -0.000001 1.000000 0.000000
vn -0.000000 1.000000 0.000000
vn -0.000000 1.000000 0.000000
vn -0.000000 1.000000 0.000000
vn -0.000000 1.000000 0.000000
vn 0.000000 1.000000 0.000000
vn 0.000000 1.000000 0.000000
vn 0.000000 1.000000 0.000000
vn 0.000000 1.000000 0.000000
vn 0.000001 1.000000 0.000000
vn 0.000001 1.000000 0.000000
vn 0.000001 1.000000 0.000000
vn 0.000001 1.000000 0.000000
vn 0.000001 1.000000 0.000000
vn 0.000001 1.000000 0.000000
vn 0.000001 1.000000 0.000000
vn 0.000001 1.000000 0.000000
vn 0.000000 1.000000 0.000000
vn 0.000000 1.000000 0.000000
vn -0.555570 0.000000 -0.831470
vn -0.555570 0.000000 -0.831470
vn -0.707107 0.000000 -0.707107
vn -0.707107 0.000000 -0.707107
vn -0.980785 0.000000 0.195091
vn -0.980785 0.000000 0.195091
vn -0.923880 0.000000 0.382683
vn -0.923880 0.000000 0.382683
vn -0.707107 0.000000 -0.707107
vn -0.707107 0.000000 -0.707107
vn -0.831470 0.000000 -0.555570
vn -0.831470 0.000000 -0.555570
vn -1.000000 0.000000 0.000000
vn -1.000000 0.000000 0.000000
vn -0.980785 0.000000 0.195091
vn -0.980785 0.000000 0.195091
vn -0.831470 0.000000 -0.555570
vn -0.831470 0.000000 -0.555570
vn -0.923880 0.000000 -0.382683
vn -0.923880 0.000000 -0.382683
vn -0.923880 0.000000 -0.382683
vn -0.923880 0.000000 -0.382683
vn -0.980785 0.000000 -0.195091
vn -0.980785 0.000000 -0.195091
vn -0.980785 0.000000 -0.195091
vn -0.980785 0.000000 -0.195091
vn -1.000000 0.000000 0.000000
vn -1.000000 0.000000 0.000000
vn -0.195091 0.000000 0.980785
vn -0.195091 0.000000 0.980785
vn -0.000000 0.000000 1.000000
vn -0.000000 0.000000 1.000000
vn -0.382683 0.000000 0.923880
vn -0.382683 0.000000 0.923880
vn -0.195091 0.000000 0.980785
vn -0.195091 0.000000 0.980785
vn -0.555570 0.000000 0.831470
vn -0.555570 0.000000 0.831470
vn -0.382683 0.000000 0.923880
vn -0.382683 0.000000 0.923880
vn -0.000000 0.000000 -1.000000
vn -0.000000 0.000000 -1.000000
vn -0.195091 0.000000 -0.980785
vn -0.195091 0.000000 -0.980785
vn -0.707107 0.000000 0.707107
vn -0.707107 0.000000 0.707107
vn -0.555570 0.000000 0.831470
vn -0.555570 0.000000 0.831470
vn -0.195091 0.000000 -0.980785
vn -0.195091 0.000000 -0.980785
vn -0.382683 0.000000 -0.923880
vn -0.382683 0.000000 -0.923880
vn -0.831470 0.000000 0.555570
vn -0.831470 0.000000 0.555570
vn -0.707107 0.000000 0.707107
vn -0.707107 0.000000 0.707107
vn -0.382683 0.000000 -0.923880
vn -0.382683 0.000000 -0.923880
vn -0.555570 0.000000 -0.831470
vn -0.555570 0.000000 -0.831470
vn -0.923880 0.000000 0.382683
vn -0.923880 0.000000 0.382683
vn -0.831470 0.000000 0.555570
vn -0.831470 0.000000 0.555570
vn 0.000000 -1.000000 -0.000001
vn 0.000000 -1.000000 -0.000001
vn 0.000000 -1.000000 -0.000001
vn 0.000000 -1.000000 -0.000001
vn 0.000000 -1.000000 -0.000001
vn 0.000001 -1.000000 -0.000001
vn 0.000001 -1.000000 -0.000001
vn 0.000000 -1.000000 -0.000001
vn 0.000001 -1.000000 -0.000001
vn 0.000001 -1.000000 -0.000001
vn 0.000001 -1.000000 -0.000001
vn 0.000001 -1.000000 -0.000001
vn 0.000001 -1.000000 -0.000001
vn 0.000001 -1.000000 -0.000001
vn 0.000001 -1.000000 -0.000001
vn 0.000001 -1.000000 -0.000001
vn 0.000001 -1.000000 -0.000001
vn 0.000001 -1.000000 -0.000000
vn 0.000001 -1.000000 -0.000000
vn 0.000001 -1.000000 -0.000001
vn 0.000001 -1.000000 -0.000000
vn 0.000001 -1.000000 -0.000000
vn 0.000001 -1.000000 -0.000000
vn 0.000001 -1.000000 -0.000000
vn 0.000001 -1.000000 -0.000000
vn 0.000001 -1.000000 -0.000000
vn 0.000001 -1.000000 0.000000
vn 0.000001 -1.000000 -0.000000
vn 0.000000 -1.000000 0.000001
vn -0.000000 -1.000000 0.000001
vn -0.000000 -1.000000 0.000001
vn 0.000000 -1.000000 0.000001
vn 0.000000 -1.000000 0.000001
vn 0.000000 -1.000000 0.000001
vn 0.000000 -1.000000 0.000001
vn 0.000000 -1.000000 0.000001
vn 0.000000 -1.000000 0.000001
vn 0.000000 -1.000000 0.000001
vn 0.000000 -1.000000 0.000001
vn 0.000000 -1.000000 0.000001
vn 0.000001 -1.000000 0.000001
vn 0.000000 -1.000000 0.000001
vn 0.000000 -1.000000 0.000001
vn 0.000001 -1.000000 0.000001
vn 0.000001 -1.000000 0.000001
vn 0.000001 -1.000000 0.000001
vn 0.000001 -1.000000 0.000001
vn 0.000001 -1.000000 0.000001
vn 0.000001 -1.000000 0.000000
vn 0.000001 -1.000000 0.000001
vn 0.000001 -1.000000 0.000001
vn 0.000001 -1.000000 0.000000
vn 0.000001 -1.000000 0.000000
vn 0.000001 -1.000000 0.000000
vn 0.000001 -1.000000 0.000000
vn 0.000001 -1.000000 0.000000
vn 0.000001 -1.000000 -0.000000
vn 0.000001 -1.000000 0.000000
vn 0.000001 -1.000000 0.000000
vn 0.000001 -1.000000 0.000000
vn -0.000000 -1.000000 -0.000001
vn 0.000000 -1.000000 -0.000001
vn 0.000000 -1.000000 -0.000001
vn -0.000000 -1.000000 -0.000001
vn -1.000000 0.000000 -0.000001
vn -1.000000 0.000000 -0.000001
vn -1.000000 0.000000 -0.000001
vn -1.000000 0.000000 -0.000001
vn -0.000000 1.000000 0.000000
vn -0.000000 1.000000 0.000000
vn -0.000000 1.000000 0.000000
vn -0.000000 1.000000 0.000000
vn -1.000000 0.000000 0.000000
vn -1.000000 0.000000 -0.000001
vn -1.000000 0.000000 -0.000001
vn -1.000000 0.000000 0.000000
vn 0.000000 1.000000 0.000000
vn -0.000000 1.000000 0.000000
vn -0.000000 1.000000 0.000000
vn 0.000000 1.000000 0.000000
vn -1.000000 0.000000 -0.000000
vn -1.000000 0.000000 0.000000
vn -1.000000 0.000000 0.000000
vn -1.000000 0.000000 0.000000
vn 0.000000 1.000000 0.000000
vn 0.000000 1.000000 0.000000
vn 0.000000 1.000000 0.000000
vn 0.000000 1.000000 0.000000
vn -1.000000 0.000000 -0.000000
vn -1.000000 0.000000 -0.000000
vn -1.000000 0.000000 0.000000
vn -1.000000 0.000000 -0.000000
vn 0.000000 1.000000 0.000000
vn 0.000000 1.000000 0.000000
vn 0.000000 1.000000 0.000000
vn 0.000000 1.000000 0.000000
vn -1.000000 0.000000 0.000000
vn -1.000000 0.000000 -0.000000
vn -1.000000 0.000000 -0.000000
vn -1.000000 0.000000 0.000000
vn 0.000000 1.000000 0.000000
vn 0.000000 1.000000 0.000000
vn 0.000000 1.000000 0.000000
vn 0.000000 1.000000 0.000000
vn -0.000001 1.000000 0.000000
vn 0.000000 1.000000 0.000000
vn 0.000000 1.000000 0.000000
vn -0.000001 1.000000 0.000000
vn -1.000000 0.000000 0.000000
vn -1.000000 -0.000001 0.000000
vn -1.000000 -0.000001 0.000000
vn -1.000000 0.000000 0.000000
vn -0.000001 1.000000 0.000000
vn -0.000001 1.000000 0.000000
vn -0.000001 1.000000 0.000000
vn -0.000001 1.000000 0.000000
vn -1.000000 -0.000001 0.000000
vn -1.000000 0.000000 0.000000
vn -1.000000 0.000000 0.000000
vn -1.000000 -0.000001 0.000000
vn 0.000000 1.000000 0.000000
vn -0.000001 1.000000 0.000000
vn -0.000001 1.000000 0.000000
vn 0.000000 1.000000 0.000000
vn -1.000000 0.000000 0.000000
vn -1.000000 0.000000 -0.000001
vn -1.000000 0.000000 -0.000001
vn -1.000000 0.000000 0.000000
vn -1.000000 0.000000 -0.000001
vn -1.000000 0.000000 -0.000001
vn -1.000000 0.000000 -0.000001
vn -1.000000 0.000000 -0.000001
vn -1.000000 0.000000 -0.000001
vn -1.000000 -0.000000 -0.000001
vn -1.000000 -0.000000 -0.000001
vn -1.000000 0.000000 -0.000001
vn -1.000000 -0.000000 -0.000001
vn -1.000000 -0.000000 -0.000001
vn -1.000000 -0.000000 -0.000001
vn -1.000000 -0.000000 -0.000001
vn -1.000000 -0.000000 -0.000001
vn -1.000000 0.000000 0.000000
vn -1.000000 0.000000 0.000000
vn -1.000000 -0.000000 -0.000001
vn -1.000000 0.000000 0.000000
vn -1.000000 0.000000 0.000000
vn -1.000000 0.000000 0.000000
vn -1.000000 0.000000 0.000000
vn 0.000000 1.000000 0.000000
vn -0.000000 1.000000 0.000000
vn -0.000000 1.000000 0.000000
vn 0.000000 1.000000 0.000000
vn -0.000000 1.000000 0.000000
vn -0.000000 1.000000 0.000000
vn -0.000000 1.000000 0.000000
vn -0.000000 1.000000 0.000000
vn -0.000000 1.000000 0.000000
vn 0.000000 1.000000 0.000000
vn 0.000000 1.000000 0.000000
vn -0.000000 1.000000 0.000000
vn 0.000000 1.000000 0.000000
vn 0.000000 1.000000 0.000000
vn 0.000000 1.000000 0.000000
vn 0.000000 1.000000 0.000000
vn 0.000000 1.000000 0.000000
vn 0.000000 1.000000 0.000000
vn 0.000000 1.000000 0.000000
vn 0.000000 1.000000 0.000000
vn 0.000000 1.000000 0.000000
vn -0.000001 1.000000 0.000000
vn -0.000001 1.000000 0.000000
vn 0.000000 1.000000 0.000000
vn -1.000000 0.000000 0.000001
vn -1.000000 0.000000 0.000001
vn -1.000000 0.000000 0.000001
vn -1.000000 0.000000 0.000001
vn -0.000001 1.000000 0.000000
vn -0.000001 1.000000 0.000000
vn -0.000001 1.000000 0.000000
vn -0.000001 1.000000 0.000000
vn -1.000000 0.000000 0.000000
vn -1.000000 0.000000 0.000001
vn -1.000000 0.000000 0.000001
vn -1.000000 0.000000 0.000000
vn -0.000001 1.000000 0.000000
vn 0.000000 1.000000 0.000000
vn 0.000000 1.000000 0.000000
vn -0.000001 1.000000 0.000000
vn -1.000000 0.000000 -0.000001
vn -1.000000 0.000000 0.000000
vn -1.000000 0.000000 0.000000
vn -1.000000 0.000000 -0.000001
vn 0.000000 -0.195091 0.980785
vn 0.000000 -0.382683 0.923880
vn 0.000000 -0.382683 0.923880
vn 0.000000 -0.195091 0.980785
vn 0.000000 -0.382683 0.923880
vn 0.000000 -0.555570 0.831470
vn 0.000000 -0.555570 0.831470
vn 0.000000 -0.382683 0.923880
vn 0.000000 -0.195091 -0.980785
vn 0.000000 0.000000 -1.000000
vn 0.000000 0.000000 -1.000000
vn 0.000000 -0.195091 -0.980785
vn 0.000000 -0.555570 0.831470
vn 0.000000 -0.707107 0.707107
vn 0.000000 -0.707107 0.707107
vn 0.000000 -0.555570 0.831470
vn 0.000000 -0.382683 -0.923880
vn 0.000000 -0.195091 -0.980785
vn 0.000000 -0.195091 -0.980785
vn 0.000000 -0.382683 -0.923880
vn 0.000000 -0.707107 0.707107
vn 0.000000 -0.831470 0.555570
vn 0.000000 -0.831470 0.555570
vn 0.000000 -0.707107 0.707107
vn 0.000000 -0.555570 -0.831470
vn 0.000000 -0.382683 -0.923880
vn 0.000000 -0.382683 -0.923880
vn 0.000000 -0.555570 -0.831470
vn 0.000000 -0.831470 0.555570
vn 0.000000 -0.923880 0.382683
vn 0.000000 -0.923880 0.382683
vn 0.000000 -0.831470 0.555570
vn 0.000000 -0.707107 -0.707107
vn 0.000000 -0.555570 -0.831470
vn 0.000000 -0.555570 -0.831470
vn 0.000000 -0.707107 -0.707107
vn 0.000000 -0.923880 0.382683
vn 0.000000 -0.980785 0.195091
vn 0.000000 -0.980785 0.195091
vn 0.000000 -0.923880 0.382683
vn 0.000000 -0.831470 -0.555570
vn 0.000000 -0.707107 -0.707107
vn 0.000000 -0.707107 -0.707107
vn 0.000000 -0.831470 -0.555570
vn 0.000000 -0.980785 0.195091
vn 0.000000 -1.000000 -0.000000
vn 0.000000 -1.000000 -0.000000
vn 0.000000 -0.980785 0.195091
vn 0.000000 -0.923880 -0.382683
vn 0.000000 -0.831470 -0.555570
vn 0.000000 -0.831470 -0.555570
vn 0.000000 -0.923880 -0.382683
vn 0.000000 -0.980785 -0.195091
vn 0.000000 -0.923880 -0.382683
vn 0.000000 -0.923880 -0.382683
vn 0.000000 -0.980785 -0.195091
vn 0.000000 -1.000000 -0.000000
vn 0.000000 -0.980785 -0.195091
vn 0.000000 -0.980785 -0.195091
vn 0.000000 -1.000000 -0.000000
vn 0.000000 0.000000 1.000000
vn 0.000000 -0.195091 0.980785
vn 0.000000 -0.195091 0.980785
vn 0.000000 0.000000 1.000000
vn 0.555570 0.000000 -0.831470
vn 0.707107 0.000000 -0.707107
vn 0.707107 0.000000 -0.707107
vn 0.555570 0.000000 -0.831470
vn 0.980785 0.000000 0.195091
vn 0.923880 0.000000 0.382683
vn 0.923880 0.000000 0.382683
vn 0.980785 0.000000 0.195091
vn 0.707107 0.000000 -0.707107
vn 0.831470 0.000000 -0.555570
vn 0.831470 0.000000 -0.555570
vn 0.707107 0.000000 -0.707107
vn 1.000000 0.000000 0.000000
vn 0.980785 0.000000 0.195091
vn 0.980785 0.000000 0.195091
vn 1.000000 0.000000 0.000000
vn 0.831470 0.000000 -0.555570
vn 0.923880 0.000000 -0.382683
vn 0.923880 0.000000 -0.382683
vn 0.831470 0.000000 -0.555570
vn 0.923880 0.000000 -0.382683
vn 0.980785 0.000000 -0.195091
vn 0.980785 0.000000 -0.195091
vn 0.923880 0.000000 -0.382683
vn 0.980785 0.000000 -0.195091
vn 1.000000 0.000000 0.000000
vn 1.000000 0.000000 0.000000
vn 0.980785 0.000000 -0.195091
vn 0.195091 0.000000 0.980785
vn -0.000000 0.000000 1.000000
vn -0.000000 0.000000 1.000000
vn 0.195091 0.000000 0.980785
vn 0.382683 0.000000 0.923880
vn 0.195091 0.000000 0.980785
vn 0.195091 0.000000 0.980785
vn 0.382683 0.000000 0.923880
vn 0.555570 0.000000 0.831470
vn 0.382683 0.000000 0.923880
vn 0.382683 0.000000 0.923880
vn 0.555570 0.000000 0.831470
vn -0.000000 0.000000 -1.000000
vn 0.195091 0.000000 -0.980785
vn 0.195091 0.000000 -0.980785
vn -0.000000 0.000000 -1.000000
vn 0.707107 0.000000 0.707107
vn 0.555570 0.000000 0.831470
vn 0.555570 0.000000 0.831470
vn 0.707107 0.000000 0.707107
vn 0.195091 0.000000 -0.980785
vn 0.382683 0.000000 -0.923880
vn 0.382683 0.000000 -0.923880
vn 0.195091 0.000000 -0.980785
vn 0.831470 0.000000 0.555570
vn 0.707107 0.000000 0.707107
vn 0.707107 0.000000 0.707107
vn 0.831470 0.000000 0.555570
vn 0.382683 0.000000 -0.923880
vn 0.555570 0.000000 -0.831470
vn 0.555570 0.000000 -0.831470
vn 0.382683 0.000000 -0.923880
vn 0.923880 0.000000 0.382683
vn 0.831470 0.000000 0.555570
vn 0.831470 0.000000 0.555570
vn 0.923880 0.000000 0.382683
vn 1.000000 -0.000000 0.000000
vn 1.000000 0.000001 0.000000
vn 1.000000 0.000001 0.000000
vn 1.000000 -0.000000 0.000000
vn 1.000000 0.000001 0.000000
vn 1.000000 0.000000 0.000000
vn 1.000000 0.000000 0.000000
vn 1.000000 0.000001 0.000000
vn 1.000000 0.000000 0.000000
vn 1.000000 0.000000 0.000000
vn 1.000000 0.000000 0.000000
vn 1.000000 0.000000 0.000000
vn 1.000000 0.000000 0.000000
vn 1.000000 0.000000 0.000000
vn 1.000000 0.000000 0.000000
vn 1.000000 0.000000 0.000000
vn 1.000000 0.000000 0.000000
vn 1.000000 0.000000 0.000001
vn 1.000000 0.000000 0.000001
vn 1.000000 0.000000 0.000000
vn 1.000000 0.000000 0.000001
vn 1.000000 0.000000 0.000000
vn 1.000000 0.000000 0.000000
vn 1.000000 0.000000 0.000001
vn 1.000000 0.000000 0.000000
vn 1.000000 0.000000 -0.000000
vn 1.000000 0.000000 -0.000000
vn 1.000000 0.000000 0.000000
vn 1.000000 0.000000 -0.000000
vn 1.000000 0.000000 0.000000
vn 1.000000 0.000000 -0.000000
vn 1.000000 0.000000 -0.000000
vn 1.000000 0.000000 0.000000
vn 1.000000 0.000000 0.000000
vn 1.000000 0.000000 0.000000
vn 1.000000 0.000000 0.000000
vn 1.000000 0.000000 0.000000
vn 1.000000 0.000000 0.000000
vn 1.000000 0.000000 0.000000
vn 1.000000 0.000000 0.000000
vn 1.000000 0.000000 0.000000
vn 1.000000 0.000000 0.000000
vn 1.000000 0.000000 0.000000
vn 1.000000 0.000000 0.000000
vn 1.000000 0.000000 0.000000
vn 1.000000 0.000000 0.000000
vn 1.000000 0.000000 0.000000
vn 1.000000 0.000000 0.000000
vn 1.000000 0.000000 -0.000000
vn 1.000000 0.000000 0.000000
vn 1.000000 0.000000 0.000000
vn 1.000000 0.000000 -0.000000
vn 1.000000 0.000000 -0.000000
vn 1.000000 0.000000 -0.000000
vn 1.000000 0.000000 -0.000000
vn 1.000000 0.000000 -0.000000
vn 1.000000 0.000000 0.000000
vn 1.000000 0.000000 -0.000000
vn 1.000000 0.000000 -0.000000
vn 1.000000 0.000000 0.000000
vn 1.000000 0.000000 0.000000
vn 1.000000 0.000000 0.000000
vn 1.000000 0.000000 0.000000
vn 1.000000 0.000000 -0.000000
vn -0.000000 -1.000000 -0.000001
vn -0.000000 -1.000000 -0.000001
vn -0.000000 -1.000000 -0.000001
vn -0.000000 -1.000000 -0.000001
vn -0.000000 -1.000000 -0.000001
vn -0.000000 -1.000000 -0.000001
vn -0.000000 -1.000000 -0.000001
vn -0.000000 -1.000000 -0.000001
vn -0.000000 -1.000000 -0.000001
vn -0.000000 -1.000000 -0.000001
vn -0.000001 -1.000000 -0.000001
vn -0.000001 -1.000000 -0.000001
vn -0.000001 -1.000000 -0.000001
vn -0.000001 -1.000000 -0.000001
vn -0.000001 -1.000000 -0.000001
vn -0.000001 -1.000000 -0.000001
vn -0.000001 -1.000000 -0.000001
vn -0.000001 -1.000000 -0.000001
vn -0.000001 -1.000000 -0.000000
vn -0.000001 -1.000000 -0.000000
vn -0.000001 -1.000000 -0.000000
vn -0.000001 -1.000000 -0.000000
vn -0.000001 -1.000000 -0.000000
vn -0.000001 -1.000000 -0.000000
vn -0.000001 -1.000000 -0.000000
vn -0.000001 -1.000000 -0.000000
vn -0.000001 -1.000000 0.000000
vn -0.000001 -1.000000 0.000000
vn -0.000000 -1.000000 0.000001
vn -0.000000 -1.000000 0.000001
vn -0.000000 -1.000000 0.000001
vn -0.000000 -1.000000 0.000001
vn -0.000000 -1.000000 0.000001
vn -0.000000 -1.000000 0.000001
vn -0.000000 -1.000000 0.000001
vn -0.000000 -1.000000 0.000001
vn -0.000000 -1.000000 0.000001
vn -0.000000 -1.000000 0.000001
vn -0.000000 -1.000000 0.000001
vn -0.000000 -1.000000 0.000001
vn -0.000001 -1.000000 0.000001
vn -0.000001 -1.000000 0.000001
vn -0.000000 -1.000000 0.000001
vn -0.000000 -1.000000 0.000001
vn -0.000002 -1.000000 0.000001
vn -0.000002 -1.000000 0.000001
vn -0.000001 -1.000000 0.000001
vn -0.000001 -1.000000 0.000001
vn -0.000001 -1.000000 0.000000
vn -0.000001 -1.000000 0.000000
vn -0.000002 -1.000000 0.000001
vn -0.000002 -1.000000 0.000001
vn -0.000001 -1.000000 0.000000
vn -0.000001 -1.000000 0.000000
vn -0.000001 -1.000000 0.000000
vn -0.000001 -1.000000 0.000000
vn -0.000001 -1.000000 0.000000
vn -0.000001 -1.000000 0.000000
vn -0.000001 -1.000000 0.000000
vn -0.000001 -1.000000 0.000000
vn -0.000000 -1.000000 -0.000001
vn -0.000000 -1.000000 -0.000001
vn -0.000000 -1.000000 -0.000001
vn -0.000000 -1.000000 -0.000001
vn -0.000040 0.019616 -0.999808
vn 0.196395 0.039836 -0.979715
vn 0.000000 0.021070 -0.999778
vn -0.706170 0.024106 0.707632
vn -0.708133 0.011342 0.705988
vn -0.919176 0.020864 0.393293
vn -0.919520 0.022314 0.392410
vn -0.919520 0.022314 0.392410
vn -0.919176 0.020864 0.393293
vn -0.999692 0.024814 -0.000000
vn -0.999862 0.016632 0.000000
vn -0.000040 0.019616 -0.999808
vn -0.195827 0.038166 -0.979895
vn -0.383723 0.021908 -0.923188
vn -0.383723 0.021908 -0.923188
vn -0.195827 0.038166 -0.979895
vn -0.382746 0.024734 -0.923522
vn -0.000040 0.019615 0.999808
vn -0.001816 -0.009251 0.999956
vn -0.386763 -0.000252 0.922179
vn -0.383723 0.021908 0.923188
vn -0.383723 0.021908 0.923188
vn -0.386763 -0.000252 0.922179
vn -0.708133 0.011342 0.705988
vn -0.706170 0.024106 0.707632
vn -0.383723 0.021908 -0.923188
vn -0.554780 0.039060 -0.831080
vn -0.706170 0.024106 -0.707632
vn -0.706170 0.024106 -0.707632
vn -0.554780 0.039060 -0.831080
vn -0.707089 0.024239 -0.706709
vn 0.708222 0.023389 0.705602
vn 0.710044 -0.007613 0.704117
vn 0.384375 -0.011810 0.923102
vn 0.383764 0.020888 0.923195
vn 0.383764 0.020888 0.923195
vn 0.384375 -0.011810 0.923102
vn -0.001816 -0.009251 0.999956
vn -0.000040 0.019615 0.999808
vn -0.706170 0.024106 -0.707632
vn -0.830619 0.038199 -0.555530
vn -0.919520 0.022314 -0.392410
vn -0.919520 0.022314 -0.392410
vn -0.830619 0.038199 -0.555530
vn -0.923636 0.023387 -0.382557
vn 0.999691 0.024880 0.000000
vn 1.000000 0.000449 0.000000
vn 0.922795 -0.001946 0.385286
vn 0.921712 0.027483 0.386902
vn 0.921712 0.027483 0.386902
vn 0.922795 -0.001946 0.385286
vn 0.710044 -0.007613 0.704117
vn 0.708222 0.023389 0.705602
vn -0.919520 0.022314 -0.392410
vn -0.979178 0.026475 -0.201269
vn -0.999862 0.016632 0.000000
vn -0.999862 0.016632 0.000000
vn -0.979178 0.026475 -0.201269
vn -0.999999 0.001776 -0.000000
vn 0.708222 0.023389 -0.705602
vn 0.710044 -0.007613 -0.704116
vn 0.922796 -0.001946 -0.385285
vn 0.921712 0.027483 -0.386901
vn 0.921712 0.027483 -0.386901
vn 0.922796 -0.001946 -0.385285
vn 1.000000 0.000449 0.000000
vn 0.999691 0.024880 0.000000
vn -0.999862 0.016632 0.000000
vn -0.979178 0.026475 0.201269
vn -0.919520 0.022314 0.392410
vn -0.919520 0.022314 0.392410
vn -0.979178 0.026475 0.201269
vn -0.923636 0.023387 0.382557
vn -0.000040 0.019616 -0.999808
vn -0.001815 -0.009251 -0.999956
vn 0.384375 -0.011810 -0.923102
vn 0.383764 0.020888 -0.923195
vn 0.383764 0.020888 -0.923195
vn 0.384375 -0.011810 -0.923102
vn 0.710044 -0.007613 -0.704116
vn 0.708222 0.023389 -0.705602
vn -0.919520 0.022314 0.392410
vn -0.830619 0.038199 0.555530
vn -0.706170 0.024106 0.707632
vn -0.706170 0.024106 0.707632
vn -0.830619 0.038199 0.555530
vn -0.707089 0.024239 0.706709
vn -0.706170 0.024106 -0.707632
vn -0.708133 0.011342 -0.705988
vn -0.386763 -0.000253 -0.922179
vn -0.383723 0.021908 -0.923188
vn -0.383723 0.021908 -0.923188
vn -0.386763 -0.000253 -0.922179
vn -0.001815 -0.009251 -0.999956
vn -0.000040 0.019616 -0.999808
vn -0.706170 0.024106 0.707632
vn -0.554780 0.039060 0.831080
vn -0.383723 0.021908 0.923188
vn -0.383723 0.021908 0.923188
vn -0.554780 0.039060 0.831080
vn -0.382746 0.024733 0.923523
vn -0.999862 0.016632 0.000000
vn -0.999692 0.024814 -0.000000
vn -0.919176 0.020864 -0.393294
vn -0.919520 0.022314 -0.392410
vn -0.919520 0.022314 -0.392410
vn -0.919176 0.020864 -0.393294
vn -0.708133 0.011342 -0.705988
vn -0.706170 0.024106 -0.707632
vn -0.383723 0.021908 0.923188
vn -0.195827 0.038166 0.979895
vn -0.000040 0.019615 0.999808
vn -0.708133 0.011342 0.705988
vn -0.706794 0.084009 0.702414
vn -0.914012 0.117605 0.388266
vn -0.919176 0.020864 0.393293
vn -0.706794 0.084009 0.702414
vn -0.689164 0.184669 0.700679
vn -0.890882 0.245948 0.381889
vn -0.914012 0.117605 0.388266
vn -0.914012 0.117605 0.388266
vn -0.890882 0.245948 0.381889
vn -0.962853 0.270028 -0.000000
vn -0.991204 0.132344 -0.000000
vn -0.919176 0.020864 0.393293
vn -0.914012 0.117605 0.388266
vn -0.991204 0.132344 -0.000000
vn -0.999692 0.024814 -0.000000
vn -0.001816 -0.009251 0.999956
vn -0.008728 0.001659 0.999961
vn -0.389812 0.042836 0.919898
vn -0.386763 -0.000252 0.922179
vn -0.008728 0.001659 0.999961
vn -0.009702 0.003227 0.999948
vn -0.380180 0.099583 0.919536
vn -0.389812 0.042836 0.919898
vn -0.389812 0.042836 0.919898
vn -0.380180 0.099583 0.919536
vn -0.689164 0.184669 0.700679
vn -0.706794 0.084009 0.702414
vn -0.386763 -0.000252 0.922179
vn -0.389812 0.042836 0.919898
vn -0.706794 0.084009 0.702414
vn -0.708133 0.011342 0.705988
vn 0.710044 -0.007613 0.704117
vn 0.705523 -0.041775 0.707455
vn 0.377273 -0.028984 0.925648
vn 0.384375 -0.011810 0.923102
vn 0.705523 -0.041775 0.707455
vn 0.687399 -0.151801 0.710239
vn 0.365959 -0.086481 0.926604
vn 0.377273 -0.028984 0.925648
vn 0.377273 -0.028984 0.925648
vn 0.365959 -0.086481 0.926604
vn -0.009702 0.003227 0.999948
vn -0.008728 0.001659 0.999961
vn 0.384375 -0.011810 0.923102
vn 0.377273 -0.028984 0.925648
vn -0.008728 0.001659 0.999961
vn -0.001816 -0.009251 0.999956
vn 1.000000 0.000449 0.000000
vn 0.999240 -0.038973 0.000000
vn 0.920761 -0.040862 0.387982
vn 0.922795 -0.001946 0.385286
vn 0.999240 -0.038973 0.000000
vn 0.982679 -0.185318 0.000000
vn 0.902641 -0.180571 0.390683
vn 0.920761 -0.040862 0.387982
vn 0.920761 -0.040862 0.387982
vn 0.902641 -0.180571 0.390683
vn 0.687399 -0.151801 0.710239
vn 0.705523 -0.041775 0.707455
vn 0.922795 -0.001946 0.385286
vn 0.920761 -0.040862 0.387982
vn 0.705523 -0.041775 0.707455
vn 0.710044 -0.007613 0.704117
vn 0.710044 -0.007613 -0.704116
vn 0.705523 -0.041774 -0.707455
vn 0.920761 -0.040861 -0.387982
vn 0.922796 -0.001946 -0.385285
vn 0.705523 -0.041774 -0.707455
vn 0.687399 -0.151801 -0.710239
vn 0.902641 -0.180571 -0.390683
vn 0.920761 -0.040861 -0.387982
vn 0.920761 -0.040861 -0.387982
vn 0.902641 -0.180571 -0.390683
vn 0.982679 -0.185318 0.000000
vn 0.999240 -0.038973 0.000000
vn 0.922796 -0.001946 -0.385285
vn 0.920761 -0.040861 -0.387982
vn 0.999240 -0.038973 0.000000
vn 1.000000 0.000449 0.000000
vn -0.001815 -0.009251 -0.999956
vn -0.008728 0.001659 -0.999961
vn 0.377274 -0.028984 -0.925648
vn 0.384375 -0.011810 -0.923102
vn -0.008728 0.001659 -0.999961
vn -0.009701 0.003227 -0.999948
vn 0.365960 -0.086481 -0.926604
vn 0.377274 -0.028984 -0.925648
vn 0.377274 -0.028984 -0.925648
vn 0.365960 -0.086481 -0.926604
vn 0.687399 -0.151801 -0.710239
vn 0.705523 -0.041774 -0.707455
vn 0.384375 -0.011810 -0.923102
vn 0.377274 -0.028984 -0.925648
vn 0.705523 -0.041774 -0.707455
vn 0.710044 -0.007613 -0.704116
vn -0.708133 0.011342 -0.705988
vn -0.706794 0.084009 -0.702414
vn -0.389811 0.042836 -0.919898
vn -0.386763 -0.000253 -0.922179
vn -0.706794 0.084009 -0.702414
vn -0.689164 0.184669 -0.700679
vn -0.380180 0.099583 -0.919536
vn -0.389811 0.042836 -0.919898
vn -0.389811 0.042836 -0.919898
vn -0.380180 0.099583 -0.919536
vn -0.009701 0.003227 -0.999948
vn -0.008728 0.001659 -0.999961
vn -0.386763 -0.000253 -0.922179
vn -0.389811 0.042836 -0.919898
vn -0.008728 0.001659 -0.999961
vn -0.001815 -0.009251 -0.999956
vn -0.999692 0.024814 -0.000000
vn -0.991204 0.132344 -0.000000
vn -0.914012 0.117605 -0.388267
vn -0.919176 0.020864 -0.393294
vn -0.991204 0.132344 -0.000000
vn -0.962853 0.270028 -0.000000
vn -0.890882 0.245948 -0.381890
vn -0.914012 0.117605 -0.388267
vn -0.914012 0.117605 -0.388267
vn -0.890882 0.245948 -0.381890
vn -0.689164 0.184669 -0.700679
vn -0.706794 0.084009 -0.702414
vn -0.919176 0.020864 -0.393294
vn -0.914012 0.117605 -0.388267
vn -0.706794 0.084009 -0.702414
vn -0.708133 0.011342 -0.705988
vn -0.689164 0.184669 0.700679
vn -0.658677 0.276291 0.699863
vn -0.853016 0.360066 0.377777
vn -0.890882 0.245948 0.381889
vn -0.658677 0.276291 0.699863
vn -0.618773 0.357815 0.699349
vn -0.801919 0.463839 0.376537
vn -0.853016 0.360066 0.377777
vn -0.853016 0.360066 0.377777
vn -0.801919 0.463839 0.376537
vn -0.865610 0.500719 0.000000
vn -0.920777 0.390091 -0.000000
vn -0.890882 0.245948 0.381889
vn -0.853016 0.360066 0.377777
vn -0.920777 0.390091 -0.000000
vn -0.962853 0.270028 -0.000000
vn -0.009702 0.003227 0.999948
vn -0.007569 0.003479 0.999965
vn -0.362175 0.151280 0.919752
vn -0.380180 0.099583 0.919536
vn -0.007569 0.003479 0.999965
vn -0.007201 0.004222 0.999965
vn -0.340163 0.196620 0.919582
vn -0.362175 0.151280 0.919752
vn -0.362175 0.151280 0.919752
vn -0.340163 0.196620 0.919582
vn -0.618773 0.357815 0.699349
vn -0.658677 0.276291 0.699863
vn -0.380180 0.099583 0.919536
vn -0.362175 0.151280 0.919752
vn -0.658677 0.276291 0.699863
vn -0.689164 0.184669 0.700679
vn 0.687399 -0.151801 0.710239
vn 0.654938 -0.263134 0.708391
vn 0.350533 -0.143036 0.925563
vn 0.365959 -0.086481 0.926604
vn 0.654938 -0.263134 0.708391
vn 0.612503 -0.352088 0.707725
vn 0.328479 -0.189246 0.925358
vn 0.350533 -0.143036 0.925563
vn 0.350533 -0.143036 0.925563
vn 0.328479 -0.189246 0.925358
vn -0.007201 0.004222 0.999965
vn -0.007569 0.003479 0.999965
vn 0.365959 -0.086481 0.926604
vn 0.350533 -0.143036 0.925563
vn -0.007569 0.003479 0.999965
vn -0.009702 0.003227 0.999948
vn 0.982679 -0.185318 0.000000
vn 0.935141 -0.354276 0.000000
vn 0.859572 -0.333486 0.387200
vn 0.902641 -0.180571 0.390683
vn 0.935141 -0.354276 0.000000
vn 0.872746 -0.488174 0.000000
vn 0.803303 -0.454866 0.384448
vn 0.859572 -0.333486 0.387200
vn 0.859572 -0.333486 0.387200
vn 0.803303 -0.454866 0.384448
vn 0.612503 -0.352088 0.707725
vn 0.654938 -0.263134 0.708391
vn 0.902641 -0.180571 0.390683
vn 0.859572 -0.333486 0.387200
vn 0.654938 -0.263134 0.708391
vn 0.687399 -0.151801 0.710239
vn 0.687399 -0.151801 -0.710239
vn 0.654937 -0.263134 -0.708391
vn 0.859572 -0.333486 -0.387199
vn 0.902641 -0.180571 -0.390683
vn 0.654937 -0.263134 -0.708391
vn 0.612503 -0.352088 -0.707724
vn 0.803304 -0.454866 -0.384448
vn 0.859572 -0.333486 -0.387199
vn 0.859572 -0.333486 -0.387199
vn 0.803304 -0.454866 -0.384448
vn 0.872746 -0.488174 0.000000
vn 0.935141 -0.354276 0.000000
vn 0.902641 -0.180571 -0.390683
vn 0.859572 -0.333486 -0.387199
vn 0.935141 -0.354276 0.000000
vn 0.982679 -0.185318 0.000000
vn -0.009701 0.003227 -0.999948
vn -0.007569 0.003478 -0.999965
vn 0.350533 -0.143037 -0.925563
vn 0.365960 -0.086481 -0.926604
vn -0.007569 0.003478 -0.999965
vn -0.007200 0.004221 -0.999965
vn 0.328479 -0.189247 -0.925358
vn 0.350533 -0.143037 -0.925563
vn 0.350533 -0.143037 -0.925563
vn 0.328479 -0.189247 -0.925358
vn 0.612503 -0.352088 -0.707724
vn 0.654937 -0.263134 -0.708391
vn 0.365960 -0.086481 -0.926604
vn 0.350533 -0.143037 -0.925563
vn 0.654937 -0.263134 -0.708391
vn 0.687399 -0.151801 -0.710239
vn -0.689164 0.184669 -0.700679
vn -0.658677 0.276290 -0.699863
vn -0.362174 0.151279 -0.919752
vn -0.380180 0.099583 -0.919536
vn -0.658677 0.276290 -0.699863
vn -0.618773 0.357815 -0.699349
vn -0.340162 0.196619 -0.919582
vn -0.362174 0.151279 -0.919752
vn -0.362174 0.151279 -0.919752
vn -0.340162 0.196619 -0.919582
vn -0.007200 0.004221 -0.999965
vn -0.007569 0.003478 -0.999965
vn -0.380180 0.099583 -0.919536
vn -0.362174 0.151279 -0.919752
vn -0.007569 0.003478 -0.999965
vn -0.009701 0.003227 -0.999948
vn -0.962853 0.270028 -0.000000
vn -0.920777 0.390091 -0.000000
vn -0.853016 0.360066 -0.377777
vn -0.890882 0.245948 -0.381890
vn -0.920777 0.390091 -0.000000
vn -0.865610 0.500719 0.000000
vn -0.801919 0.463839 -0.376537
vn -0.853016 0.360066 -0.377777
vn -0.853016 0.360066 -0.377777
vn -0.801919 0.463839 -0.376537
vn -0.618773 0.357815 -0.699349
vn -0.658677 0.276290 -0.699863
vn -0.890882 0.245948 -0.381890
vn -0.853016 0.360066 -0.377777
vn -0.658677 0.276290 -0.699863
vn -0.689164 0.184669 -0.700679
vn -0.618773 0.357815 0.699349
vn -0.567125 0.435171 0.699282
vn -0.734982 0.563972 0.376480
vn -0.801919 0.463839 0.376537
vn -0.567125 0.435171 0.699282
vn -0.505477 0.505478 0.699274
vn -0.655082 0.655083 0.376476
vn -0.734982 0.563972 0.376480
vn -0.734982 0.563972 0.376480
vn -0.655082 0.655083 0.376476
vn -0.707107 0.707107 -0.000000
vn -0.793353 0.608762 -0.000000
vn -0.801919 0.463839 0.376537
vn -0.734982 0.563972 0.376480
vn -0.793353 0.608762 -0.000000
vn -0.865610 0.500719 0.000000
vn -0.007201 0.004222 0.999965
vn -0.006601 0.005065 0.999965
vn -0.311758 0.239220 0.919555
vn -0.340163 0.196620 0.919582
vn -0.006601 0.005065 0.999965
vn -0.005900 0.005901 0.999965
vn -0.277877 0.277878 0.919548
vn -0.311758 0.239220 0.919555
vn -0.311758 0.239220 0.919555
vn -0.277877 0.277878 0.919548
vn -0.505477 0.505478 0.699274
vn -0.567125 0.435171 0.699282
vn -0.340163 0.196620 0.919582
vn -0.311758 0.239220 0.919555
vn -0.567125 0.435171 0.699282
vn -0.618773 0.357815 0.699349
vn 0.612503 -0.352088 0.707725
vn 0.560668 -0.430216 0.707507
vn 0.300883 -0.230876 0.925292
vn 0.328479 -0.189246 0.925358
vn 0.560668 -0.430216 0.707507
vn 0.499706 -0.499705 0.707523
vn 0.268157 -0.268157 0.925302
vn 0.300883 -0.230876 0.925292
vn 0.300883 -0.230876 0.925292
vn 0.268157 -0.268157 0.925302
vn -0.005900 0.005901 0.999965
vn -0.006601 0.005065 0.999965
vn 0.328479 -0.189246 0.925358
vn 0.300883 -0.230876 0.925292
vn -0.006601 0.005065 0.999965
vn -0.007201 0.004222 0.999965
vn 0.872746 -0.488174 0.000000
vn 0.796581 -0.604532 0.000000
vn 0.734514 -0.560335 0.382770
vn 0.803303 -0.454866 0.384448
vn 0.796581 -0.604532 0.000000
vn 0.707989 -0.706223 0.000000
vn 0.653857 -0.653004 0.382174
vn 0.734514 -0.560335 0.382770
vn 0.734514 -0.560335 0.382770
vn 0.653857 -0.653004 0.382174
vn 0.499706 -0.499705 0.707523
vn 0.560668 -0.430216 0.707507
vn 0.803303 -0.454866 0.384448
vn 0.734514 -0.560335 0.382770
vn 0.560668 -0.430216 0.707507
vn 0.612503 -0.352088 0.707725
vn 0.612503 -0.352088 -0.707724
vn 0.560668 -0.430216 -0.707506
vn 0.734514 -0.560336 -0.382770
vn 0.803304 -0.454866 -0.384448
vn 0.560668 -0.430216 -0.707506
vn 0.499706 -0.499706 -0.707523
vn 0.653857 -0.653004 -0.382174
vn 0.734514 -0.560336 -0.382770
vn 0.734514 -0.560336 -0.382770
vn 0.653857 -0.653004 -0.382174
vn 0.707989 -0.706223 0.000000
vn 0.796581 -0.604532 0.000000
vn 0.803304 -0.454866 -0.384448
vn 0.734514 -0.560336 -0.382770
vn 0.796581 -0.604532 0.000000
vn 0.872746 -0.488174 0.000000
vn -0.007200 0.004221 -0.999965
vn -0.006600 0.005065 -0.999965
vn 0.300884 -0.230876 -0.925292
vn 0.328479 -0.189247 -0.925358
vn -0.006600 0.005065 -0.999965
vn -0.005900 0.005900 -0.999965
vn 0.268158 -0.268157 -0.925302
vn 0.300884 -0.230876 -0.925292
vn 0.300884 -0.230876 -0.925292
vn 0.268158 -0.268157 -0.925302
vn 0.499706 -0.499706 -0.707523
vn 0.560668 -0.430216 -0.707506
vn 0.328479 -0.189247 -0.925358
vn 0.300884 -0.230876 -0.925292
vn 0.560668 -0.430216 -0.707506
vn 0.612503 -0.352088 -0.707724
vn -0.618773 0.357815 -0.699349
vn -0.567125 0.435171 -0.699282
vn -0.311758 0.239220 -0.919555
vn -0.340162 0.196619 -0.919582
vn -0.567125 0.435171 -0.699282
vn -0.505477 0.505478 -0.699275
vn -0.277877 0.277877 -0.919548
vn -0.311758 0.239220 -0.919555
vn -0.311758 0.239220 -0.919555
vn -0.277877 0.277877 -0.919548
vn -0.005900 0.005900 -0.999965
vn -0.006600 0.005065 -0.999965
vn -0.340162 0.196619 -0.919582
vn -0.311758 0.239220 -0.919555
vn -0.006600 0.005065 -0.999965
vn -0.007200 0.004221 -0.999965
vn -0.865610 0.500719 0.000000
vn -0.793353 0.608762 -0.000000
vn -0.734982 0.563972 -0.376480
vn -0.801919 0.463839 -0.376537
vn -0.793353 0.608762 -0.000000
vn -0.707107 0.707107 -0.000000
vn -0.655082 0.655083 -0.376476
vn -0.734982 0.563972 -0.376480
vn -0.734982 0.563972 -0.376480
vn -0.655082 0.655083 -0.376476
vn -0.505477 0.505478 -0.699275
vn -0.567125 0.435171 -0.699282
vn -0.801919 0.463839 -0.376537
vn -0.734982 0.563972 -0.376480
vn -0.567125 0.435171 -0.699282
vn -0.618773 0.357815 -0.699349
vn -0.505477 0.505478 0.699274
vn -0.435171 0.567125 0.699282
vn -0.563972 0.734982 0.376480
vn -0.655082 0.655083 0.376476
vn -0.435171 0.567125 0.699282
vn -0.357815 0.618773 0.699349
vn -0.463839 0.801919 0.376537
vn -0.563972 0.734982 0.376480
vn -0.563972 0.734982 0.376480
vn -0.463839 0.801919 0.376537
vn -0.500719 0.865610 0.000000
vn -0.608761 0.793353 0.000000
vn -0.655082 0.655083 0.376476
vn -0.563972 0.734982 0.376480
vn -0.608761 0.793353 0.000000
vn -0.707107 0.707107 -0.000000
vn -0.005900 0.005901 0.999965
vn -0.005065 0.006601 0.999965
vn -0.239220 0.311758 0.919555
vn -0.277877 0.277878 0.919548
vn -0.005065 0.006601 0.999965
vn -0.004222 0.007201 0.999965
vn -0.196620 0.340163 0.919582
vn -0.239220 0.311758 0.919555
vn -0.239220 0.311758 0.919555
vn -0.196620 0.340163 0.919582
vn -0.357815 0.618773 0.699349
vn -0.435171 0.567125 0.699282
vn -0.277877 0.277878 0.919548
vn -0.239220 0.311758 0.919555
vn -0.435171 0.567125 0.699282
vn -0.505477 0.505478 0.699274
vn 0.499706 -0.499705 0.707523
vn 0.430216 -0.560668 0.707507
vn 0.230876 -0.300883 0.925292
vn 0.268157 -0.268157 0.925302
vn 0.430216 -0.560668 0.707507
vn 0.352088 -0.612503 0.707725
vn 0.189246 -0.328479 0.925358
vn 0.230876 -0.300883 0.925292
vn 0.230876 -0.300883 0.925292
vn 0.189246 -0.328479 0.925358
vn -0.004222 0.007201 0.999965
vn -0.005065 0.006601 0.999965
vn 0.268157 -0.268157 0.925302
vn 0.230876 -0.300883 0.925292
vn -0.005065 0.006601 0.999965
vn -0.005900 0.005901 0.999965
vn 0.707989 -0.706223 0.000000
vn 0.608761 -0.793353 0.000000
vn 0.562584 -0.733174 0.382042
vn 0.653857 -0.653004 0.382174
vn 0.608761 -0.793353 0.000000
vn 0.496917 -0.867798 0.000000
vn 0.459605 -0.801633 0.382293
vn 0.562584 -0.733174 0.382042
vn 0.562584 -0.733174 0.382042
vn 0.459605 -0.801633 0.382293
vn 0.352088 -0.612503 0.707725
vn 0.430216 -0.560668 0.707507
vn 0.653857 -0.653004 0.382174
vn 0.562584 -0.733174 0.382042
vn 0.430216 -0.560668 0.707507
vn 0.499706 -0.499705 0.707523
vn 0.499706 -0.499706 -0.707523
vn 0.430216 -0.560668 -0.707506
vn 0.562584 -0.733174 -0.382041
vn 0.653857 -0.653004 -0.382174
vn 0.430216 -0.560668 -0.707506
vn 0.352088 -0.612503 -0.707725
vn 0.459605 -0.801633 -0.382292
vn 0.562584 -0.733174 -0.382041
vn 0.562584 -0.733174 -0.382041
vn 0.459605 -0.801633 -0.382292
vn 0.496917 -0.867798 0.000000
vn 0.608761 -0.793353 0.000000
vn 0.653857 -0.653004 -0.382174
vn 0.562584 -0.733174 -0.382041
vn 0.608761 -0.793353 0.000000
vn 0.707989 -0.706223 0.000000
vn -0.005900 0.005900 -0.999965
vn -0.005064 0.006601 -0.999965
vn 0.230876 -0.300883 -0.925292
vn 0.268158 -0.268157 -0.925302
vn -0.005064 0.006601 -0.999965
vn -0.004221 0.007200 -0.999965
vn 0.189246 -0.328479 -0.925358
vn 0.230876 -0.300883 -0.925292
vn 0.230876 -0.300883 -0.925292
vn 0.189246 -0.328479 -0.925358
vn 0.352088 -0.612503 -0.707725
vn 0.430216 -0.560668 -0.707506
vn 0.268158 -0.268157 -0.925302
vn 0.230876 -0.300883 -0.925292
vn 0.430216 -0.560668 -0.707506
vn 0.499706 -0.499706 -0.707523
vn -0.505477 0.505478 -0.699275
vn -0.435170 0.567125 -0.699282
vn -0.239220 0.311758 -0.919555
vn -0.277877 0.277877 -0.919548
vn -0.435170 0.567125 -0.699282
vn -0.357814 0.618772 -0.699349
vn -0.196619 0.340162 -0.919582
vn -0.239220 0.311758 -0.919555
vn -0.239220 0.311758 -0.919555
vn -0.196619 0.340162 -0.919582
vn -0.004221 0.007200 -0.999965
vn -0.005064 0.006601 -0.999965
vn -0.277877 0.277877 -0.919548
vn -0.239220 0.311758 -0.919555
vn -0.005064 0.006601 -0.999965
vn -0.005900 0.005900 -0.999965
vn -0.707107 0.707107 -0.000000
vn -0.608761 0.793353 0.000000
vn -0.563972 0.734982 -0.376480
vn -0.655082 0.655083 -0.376476
vn -0.608761 0.793353 0.000000
vn -0.500719 0.865610 0.000000
vn -0.463839 0.801919 -0.376537
vn -0.563972 0.734982 -0.376480
vn -0.563972 0.734982 -0.376480
vn -0.463839 0.801919 -0.376537
vn -0.357814 0.618772 -0.699349
vn -0.435170 0.567125 -0.699282
vn -0.655082 0.655083 -0.376476
vn -0.563972 0.734982 -0.376480
vn -0.435170 0.567125 -0.699282
vn -0.505477 0.505478 -0.699275
vn -0.357815 0.618773 0.699349
vn -0.276109 0.658882 0.699741
vn -0.358581 0.854042 0.376870
vn -0.463839 0.801919 0.376537
vn -0.276109 0.658882 0.699741
vn -0.189352 0.688278 0.700299
vn -0.247371 0.892383 0.377438
vn -0.358581 0.854042 0.376870
vn -0.358581 0.854042 0.376870
vn -0.247371 0.892383 0.377438
vn -0.267736 0.963492 -0.000000
vn -0.387327 0.921942 -0.000000
vn -0.463839 0.801919 0.376537
vn -0.358581 0.854042 0.376870
vn -0.387327 0.921942 -0.000000
vn -0.500719 0.865610 0.000000
vn -0.004222 0.007201 0.999965
vn -0.003479 0.007569 0.999965
vn -0.151280 0.362175 0.919752
vn -0.196620 0.340163 0.919582
vn -0.003479 0.007569 0.999965
vn -0.002911 0.008365 0.999961
vn -0.102791 0.378466 0.919890
vn -0.151280 0.362175 0.919752
vn -0.151280 0.362175 0.919752
vn -0.102791 0.378466 0.919890
vn -0.189352 0.688278 0.700299
vn -0.276109 0.658882 0.699741
vn -0.196620 0.340163 0.919582
vn -0.151280 0.362175 0.919752
vn -0.276109 0.658882 0.699741
vn -0.357815 0.618773 0.699349
vn 0.352088 -0.612503 0.707725
vn 0.263133 -0.654938 0.708391
vn 0.143036 -0.350533 0.925563
vn 0.189246 -0.328479 0.925358
vn 0.263133 -0.654938 0.708391
vn 0.163394 -0.685872 0.709141
vn 0.091794 -0.366203 0.925996
vn 0.143036 -0.350533 0.925563
vn 0.143036 -0.350533 0.925563
vn 0.091794 -0.366203 0.925996
vn -0.002911 0.008365 0.999961
vn -0.003479 0.007569 0.999965
vn 0.189246 -0.328479 0.925358
vn 0.143036 -0.350533 0.925563
vn -0.003479 0.007569 0.999965
vn -0.004222 0.007201 0.999965
vn 0.496917 -0.867798 0.000000
vn 0.364571 -0.931176 0.000000
vn 0.339209 -0.859214 0.383001
vn 0.459605 -0.801633 0.382293
vn 0.364571 -0.931176 0.000000
vn 0.214833 -0.976651 0.000000
vn 0.203248 -0.900945 0.383390
vn 0.339209 -0.859214 0.383001
vn 0.339209 -0.859214 0.383001
vn 0.203248 -0.900945 0.383390
vn 0.163394 -0.685872 0.709141
vn 0.263133 -0.654938 0.708391
vn 0.459605 -0.801633 0.382293
vn 0.339209 -0.859214 0.383001
vn 0.263133 -0.654938 0.708391
vn 0.352088 -0.612503 0.707725
vn 0.352088 -0.612503 -0.707725
vn 0.263134 -0.654938 -0.708391
vn 0.339210 -0.859214 -0.383000
vn 0.459605 -0.801633 -0.382292
vn 0.263134 -0.654938 -0.708391
vn 0.163394 -0.685873 -0.709141
vn 0.203247 -0.900945 -0.383390
vn 0.339210 -0.859214 -0.383000
vn 0.339210 -0.859214 -0.383000
vn 0.203247 -0.900945 -0.383390
vn 0.214833 -0.976651 0.000000
vn 0.364571 -0.931176 0.000000
vn 0.459605 -0.801633 -0.382292
vn 0.339210 -0.859214 -0.383000
vn 0.364571 -0.931176 0.000000
vn 0.496917 -0.867798 0.000000
vn -0.004221 0.007200 -0.999965
vn -0.003479 0.007568 -0.999965
vn 0.143036 -0.350534 -0.925563
vn 0.189246 -0.328479 -0.925358
vn -0.003479 0.007568 -0.999965
vn -0.002911 0.008365 -0.999961
vn 0.091794 -0.366203 -0.925996
vn 0.143036 -0.350534 -0.925563
vn 0.143036 -0.350534 -0.925563
vn 0.091794 -0.366203 -0.925996
vn 0.163394 -0.685873 -0.709141
vn 0.263134 -0.654938 -0.708391
vn 0.189246 -0.328479 -0.925358
vn 0.143036 -0.350534 -0.925563
vn 0.263134 -0.654938 -0.708391
vn 0.352088 -0.612503 -0.707725
vn -0.357814 0.618772 -0.699349
vn -0.276110 0.658882 -0.699741
vn -0.151280 0.362174 -0.919752
vn -0.196619 0.340162 -0.919582
vn -0.276110 0.658882 -0.699741
vn -0.189352 0.688278 -0.700299
vn -0.102791 0.378465 -0.919890
vn -0.151280 0.362174 -0.919752
vn -0.151280 0.362174 -0.919752
vn -0.102791 0.378465 -0.919890
vn -0.002911 0.008365 -0.999961
vn -0.003479 0.007568 -0.999965
vn -0.196619 0.340162 -0.919582
vn -0.151280 0.362174 -0.919752
vn -0.003479 0.007568 -0.999965
vn -0.004221 0.007200 -0.999965
vn -0.500719 0.865610 0.000000
vn -0.387327 0.921942 -0.000000
vn -0.358581 0.854042 -0.376870
vn -0.463839 0.801919 -0.376537
vn -0.387327 0.921942 -0.000000
vn -0.267736 0.963492 -0.000000
vn -0.247371 0.892383 -0.377438
vn -0.358581 0.854042 -0.376870
vn -0.358581 0.854042 -0.376870
vn -0.247371 0.892383 -0.377438
vn -0.189352 0.688278 -0.700299
vn -0.276110 0.658882 -0.699741
vn -0.463839 0.801919 -0.376537
vn -0.358581 0.854042 -0.376870
vn -0.276110 0.658882 -0.699741
vn -0.357814 0.618772 -0.699349
vn -0.189352 0.688278 0.700299
vn -0.101827 0.705443 0.701414
vn -0.135041 0.915753 0.378366
vn -0.247371 0.892383 0.377438
vn -0.101827 0.705443 0.701414
vn -0.038304 0.709397 0.703768
vn -0.052171 0.923494 0.380048
vn -0.135041 0.915753 0.378366
vn -0.135041 0.915753 0.378366
vn -0.052171 0.923494 0.380048
vn -0.057254 0.998360 -0.000000
vn -0.146890 0.989153 -0.000000
vn -0.247371 0.892383 0.377438
vn -0.135041 0.915753 0.378366
vn -0.146890 0.989153 -0.000000
vn -0.267736 0.963492 -0.000000
vn -0.002911 0.008365 0.999961
vn -0.001689 0.007339 0.999972
vn -0.053899 0.387030 0.920490
vn -0.102791 0.378466 0.919890
vn -0.001689 0.007339 0.999972
vn -0.000680 0.003198 0.999995
vn -0.019396 0.386559 0.922061
vn -0.053899 0.387030 0.920490
vn -0.053899 0.387030 0.920490
vn -0.019396 0.386559 0.922061
vn -0.038304 0.709397 0.703768
vn -0.101827 0.705443 0.701414
vn -0.102791 0.378466 0.919890
vn -0.053899 0.387030 0.920490
vn -0.101827 0.705443 0.701414
vn -0.189352 0.688278 0.700299
vn 0.163394 -0.685872 0.709141
vn 0.072243 -0.702566 0.707942
vn 0.043325 -0.376300 0.925484
vn 0.091794 -0.366203 0.925996
vn 0.072243 -0.702566 0.707942
vn 0.019970 -0.707625 0.706305
vn 0.013162 -0.381814 0.924145
vn 0.043325 -0.376300 0.925484
vn 0.043325 -0.376300 0.925484
vn 0.013162 -0.381814 0.924145
vn -0.000680 0.003198 0.999995
vn -0.001689 0.007339 0.999972
vn 0.091794 -0.366203 0.925996
vn 0.043325 -0.376300 0.925484
vn -0.001689 0.007339 0.999972
vn -0.002911 0.008365 0.999961
vn 0.214833 -0.976651 0.000000
vn 0.086931 -0.996214 0.000000
vn 0.084480 -0.920218 0.382181
vn 0.203248 -0.900945 0.383390
vn 0.086931 -0.996214 0.000000
vn 0.021351 -0.999772 0.000000
vn 0.021488 -0.924157 0.381409
vn 0.084480 -0.920218 0.382181
vn 0.084480 -0.920218 0.382181
vn 0.021488 -0.924157 0.381409
vn 0.019970 -0.707625 0.706305
vn 0.072243 -0.702566 0.707942
vn 0.203248 -0.900945 0.383390
vn 0.084480 -0.920218 0.382181
vn 0.072243 -0.702566 0.707942
vn 0.163394 -0.685872 0.709141
vn 0.163394 -0.685873 -0.709141
vn 0.072242 -0.702566 -0.707942
vn 0.084479 -0.920218 -0.382180
vn 0.203247 -0.900945 -0.383390
vn 0.072242 -0.702566 -0.707942
vn 0.019970 -0.707626 -0.706305
vn 0.021488 -0.924157 -0.381409
vn 0.084479 -0.920218 -0.382180
vn 0.084479 -0.920218 -0.382180
vn 0.021488 -0.924157 -0.381409
vn 0.021351 -0.999772 0.000000
vn 0.086931 -0.996214 0.000000
vn 0.203247 -0.900945 -0.383390
vn 0.084479 -0.920218 -0.382180
vn 0.086931 -0.996214 0.000000
vn 0.214833 -0.976651 0.000000
vn -0.002911 0.008365 -0.999961
vn -0.001689 0.007339 -0.999972
vn 0.043325 -0.376300 -0.925484
vn 0.091794 -0.366203 -0.925996
vn -0.001689 0.007339 -0.999972
vn -0.000680 0.003198 -0.999995
vn 0.013162 -0.381814 -0.924145
vn 0.043325 -0.376300 -0.925484
vn 0.043325 -0.376300 -0.925484
vn 0.013162 -0.381814 -0.924145
vn 0.019970 -0.707626 -0.706305
vn 0.072242 -0.702566 -0.707942
vn 0.091794 -0.366203 -0.925996
vn 0.043325 -0.376300 -0.925484
vn 0.072242 -0.702566 -0.707942
vn 0.163394 -0.685873 -0.709141
vn -0.189352 0.688278 -0.700299
vn -0.101827 0.705443 -0.701414
vn -0.053899 0.387030 -0.920491
vn -0.102791 0.378465 -0.919890
vn -0.101827 0.705443 -0.701414
vn -0.038304 0.709397 -0.703768
vn -0.019396 0.386559 -0.922061
vn -0.053899 0.387030 -0.920491
vn -0.053899 0.387030 -0.920491
vn -0.019396 0.386559 -0.922061
vn -0.000680 0.003198 -0.999995
vn -0.001689 0.007339 -0.999972
vn -0.102791 0.378465 -0.919890
vn -0.053899 0.387030 -0.920491
vn -0.001689 0.007339 -0.999972
vn -0.002911 0.008365 -0.999961
vn -0.267736 0.963492 -0.000000
vn -0.146890 0.989153 -0.000000
vn -0.135041 0.915753 -0.378367
vn -0.247371 0.892383 -0.377438
vn -0.146890 0.989153 -0.000000
vn -0.057254 0.998360 -0.000000
vn -0.052171 0.923494 -0.380048
vn -0.135041 0.915753 -0.378367
vn -0.135041 0.915753 -0.378367
vn -0.052171 0.923494 -0.380048
vn -0.038304 0.709397 -0.703768
vn -0.101827 0.705443 -0.701414
vn -0.247371 0.892383 -0.377438
vn -0.135041 0.915753 -0.378367
vn -0.101827 0.705443 -0.701414
vn -0.189352 0.688278 -0.700299
vn -0.038304 0.709397 0.703768
vn -0.028731 0.707973 0.705655
vn -0.032472 0.923787 0.381527
vn -0.052171 0.923494 0.380048
vn -0.022858 0.000740 -0.999738
vn -0.002519 -0.000496 -0.999997
vn -0.031590 -0.196845 -0.979926
vn -0.023710 -0.382827 -0.923516
vn -0.031590 -0.196845 -0.979926
vn -0.010786 -0.383226 -0.923592
vn -0.052171 0.923494 0.380048
vn -0.032472 0.923787 0.381527
vn -0.033121 0.999451 -0.000000
vn -0.057254 0.998360 -0.000000
vn -0.000680 0.003198 0.999995
vn -0.022859 0.000740 0.999738
vn -0.025802 0.383915 0.923008
vn -0.019396 0.386559 0.922061
vn -0.023710 -0.382827 -0.923516
vn -0.010786 -0.383226 -0.923592
vn -0.038522 -0.555065 -0.830915
vn -0.025105 -0.707471 -0.706296
vn -0.038522 -0.555065 -0.830915
vn -0.012018 -0.707463 -0.706648
vn -0.019396 0.386559 0.922061
vn -0.025802 0.383915 0.923008
vn -0.028731 0.707973 0.705655
vn -0.038304 0.709397 0.703768
vn 0.019970 -0.707625 0.706305
vn -0.025106 -0.707471 0.706297
vn -0.023711 -0.382826 0.923516
vn 0.013162 -0.381814 0.924145
vn -0.025105 -0.707471 -0.706296
vn -0.012018 -0.707463 -0.706648
vn -0.045473 -0.831753 -0.553280
vn -0.028608 -0.923776 -0.381863
vn -0.045473 -0.831753 -0.553280
vn -0.020938 -0.923812 -0.382273
vn 0.013162 -0.381814 0.924145
vn -0.023711 -0.382826 0.923516
vn -0.022859 0.000740 0.999738
vn -0.000680 0.003198 0.999995
vn 0.021351 -0.999772 0.000000
vn -0.028899 -0.999582 0.000000
vn -0.028609 -0.923776 0.381864
vn 0.021488 -0.924157 0.381409
vn -0.028608 -0.923776 -0.381863
vn -0.020938 -0.923812 -0.382273
vn -0.049781 -0.979408 -0.195660
vn -0.028899 -0.999582 0.000000
vn -0.049781 -0.979408 -0.195660
vn -0.018381 -0.999831 0.000000
vn 0.021488 -0.924157 0.381409
vn -0.028609 -0.923776 0.381864
vn -0.025106 -0.707471 0.706297
vn 0.019970 -0.707625 0.706305
vn 0.019970 -0.707626 -0.706305
vn -0.025105 -0.707471 -0.706296
vn -0.028608 -0.923776 -0.381863
vn 0.021488 -0.924157 -0.381409
vn -0.028899 -0.999582 0.000000
vn -0.018381 -0.999831 0.000000
vn -0.049782 -0.979408 0.195660
vn -0.028609 -0.923776 0.381864
vn -0.049782 -0.979408 0.195660
vn -0.020939 -0.923812 0.382273
vn 0.021488 -0.924157 -0.381409
vn -0.028608 -0.923776 -0.381863
vn -0.028899 -0.999582 0.000000
vn 0.021351 -0.999772 0.000000
vn -0.000680 0.003198 -0.999995
vn -0.022858 0.000740 -0.999738
vn -0.023710 -0.382827 -0.923516
vn 0.013162 -0.381814 -0.924145
vn -0.028609 -0.923776 0.381864
vn -0.020939 -0.923812 0.382273
vn -0.045475 -0.831753 0.553280
vn -0.025106 -0.707471 0.706297
vn -0.045475 -0.831753 0.553280
vn -0.012020 -0.707463 0.706648
vn 0.013162 -0.381814 -0.924145
vn -0.023710 -0.382827 -0.923516
vn -0.025105 -0.707471 -0.706296
vn 0.019970 -0.707626 -0.706305
vn -0.038304 0.709397 -0.703768
vn -0.028730 0.707973 -0.705655
vn -0.025801 0.383914 -0.923008
vn -0.019396 0.386559 -0.922061
vn -0.025106 -0.707471 0.706297
vn -0.012020 -0.707463 0.706648
vn -0.038525 -0.555064 0.830915
vn -0.023711 -0.382826 0.923516
vn -0.038525 -0.555064 0.830915
vn -0.010788 -0.383226 0.923592
vn -0.019396 0.386559 -0.922061
vn -0.025801 0.383914 -0.923008
vn -0.022858 0.000740 -0.999738
vn -0.000680 0.003198 -0.999995
vn -0.057254 0.998360 -0.000000
vn -0.033121 0.999451 -0.000000
vn -0.032471 0.923787 -0.381528
vn -0.052171 0.923494 -0.380048
vn -0.023711 -0.382826 0.923516
vn -0.010788 -0.383226 0.923592
vn -0.031592 -0.196845 0.979926
vn -0.022859 0.000740 0.999738
vn -0.031592 -0.196845 0.979926
vn -0.002522 -0.000496 0.999997
vn -0.052171 0.923494 -0.380048
vn -0.032471 0.923787 -0.381528
vn -0.028730 0.707973 -0.705655
vn -0.038304 0.709397 -0.703768
vn 0.706958 -0.041659 -0.706028
vn 0.921366 -0.038570 -0.386779
vn 0.919027 -0.006472 -0.394142
vn 0.706879 -0.007415 -0.707296
vn 0.706879 -0.007415 -0.707296
vn 0.919027 -0.006472 -0.394142
vn 0.917795 -0.020184 -0.396540
vn 0.708109 -0.010951 -0.706019
vn 0.919027 -0.006472 -0.394142
vn 0.999993 -0.003881 0.000000
vn 0.999709 -0.024106 0.000000
vn 0.917795 -0.020184 -0.396540
vn 0.921366 -0.038570 -0.386779
vn 0.999407 -0.034434 0.000000
vn 0.999993 -0.003881 0.000000
vn 0.919027 -0.006472 -0.394142
vn 0.000556 -0.040933 -0.999162
vn 0.383203 -0.041563 -0.922729
vn 0.384022 -0.003357 -0.923318
vn 0.000190 0.000370 -1.000000
vn 0.000190 0.000370 -1.000000
vn 0.384022 -0.003357 -0.923318
vn 0.386321 0.000384 -0.922364
vn 0.001108 0.009343 -0.999956
vn 0.384022 -0.003357 -0.923318
vn 0.706879 -0.007415 -0.707296
vn 0.708109 -0.010951 -0.706019
vn 0.386321 0.000384 -0.922364
vn 0.383203 -0.041563 -0.922729
vn 0.706958 -0.041659 -0.706028
vn 0.706879 -0.007415 -0.707296
vn 0.384022 -0.003357 -0.923318
vn -0.706725 -0.043582 -0.706144
vn -0.382172 -0.042082 -0.923132
vn -0.383536 0.001563 -0.923525
vn -0.708544 0.000228 -0.705666
vn -0.708544 0.000228 -0.705666
vn -0.383536 0.001563 -0.923525
vn -0.384900 0.012123 -0.922879
vn -0.710739 0.008252 -0.703408
vn -0.383536 0.001563 -0.923525
vn 0.000190 0.000370 -1.000000
vn 0.001108 0.009343 -0.999956
vn -0.384900 0.012123 -0.922879
vn -0.382172 -0.042082 -0.923132
vn 0.000556 -0.040933 -0.999162
vn 0.000190 0.000370 -1.000000
vn -0.383536 0.001563 -0.923525
vn -0.999193 -0.040158 -0.000000
vn -0.922367 -0.042637 -0.383955
vn -0.921881 -0.001133 -0.387470
vn -0.999999 -0.001122 -0.000000
vn -0.999999 -0.001122 -0.000000
vn -0.921881 -0.001133 -0.387470
vn -0.922341 0.002846 -0.386367
vn -1.000000 0.000472 -0.000000
vn -0.921881 -0.001133 -0.387470
vn -0.708544 0.000228 -0.705666
vn -0.710739 0.008252 -0.703408
vn -0.922341 0.002846 -0.386367
vn -0.922367 -0.042637 -0.383955
vn -0.706725 -0.043582 -0.706144
vn -0.708544 0.000228 -0.705666
vn -0.921881 -0.001133 -0.387470
vn -0.706726 -0.043582 0.706144
vn -0.922367 -0.042637 0.383955
vn -0.921882 -0.001132 0.387470
vn -0.708545 0.000228 0.705666
vn -0.708545 0.000228 0.705666
vn -0.921882 -0.001132 0.387470
vn -0.922341 0.002846 0.386366
vn -0.710739 0.008252 0.703408
vn -0.921882 -0.001132 0.387470
vn -0.999999 -0.001122 -0.000000
vn -1.000000 0.000472 -0.000000
vn -0.922341 0.002846 0.386366
vn -0.922367 -0.042637 0.383955
vn -0.999193 -0.040158 -0.000000
vn -0.999999 -0.001122 -0.000000
vn -0.921882 -0.001132 0.387470
vn 0.000556 -0.040933 0.999162
vn -0.382173 -0.042082 0.923132
vn -0.383537 0.001563 0.923524
vn 0.000190 0.000370 1.000000
vn 0.000190 0.000370 1.000000
vn -0.383537 0.001563 0.923524
vn -0.384900 0.012123 0.922879
vn 0.001108 0.009343 0.999956
vn -0.383537 0.001563 0.923524
vn -0.708545 0.000228 0.705666
vn -0.710739 0.008252 0.703408
vn -0.384900 0.012123 0.922879
vn -0.382173 -0.042082 0.923132
vn -0.706726 -0.043582 0.706144
vn -0.708545 0.000228 0.705666
vn -0.383537 0.001563 0.923524
vn 0.706958 -0.041659 0.706028
vn 0.383203 -0.041563 0.922729
vn 0.384022 -0.003357 0.923318
vn 0.706879 -0.007415 0.707296
vn 0.706879 -0.007415 0.707296
vn 0.384022 -0.003357 0.923318
vn 0.386321 0.000384 0.922364
vn 0.708109 -0.010951 0.706019
vn 0.384022 -0.003357 0.923318
vn 0.000190 0.000370 1.000000
vn 0.001108 0.009343 0.999956
vn 0.386321 0.000384 0.922364
vn 0.383203 -0.041563 0.922729
vn 0.000556 -0.040933 0.999162
vn 0.000190 0.000370 1.000000
vn 0.384022 -0.003357 0.923318
vn 0.999407 -0.034434 0.000000
vn 0.921365 -0.038570 0.386779
vn 0.919027 -0.006472 0.394142
vn 0.999993 -0.003881 0.000000
vn 0.999993 -0.003881 0.000000
vn 0.919027 -0.006472 0.394142
vn 0.917795 -0.020184 0.396540
vn 0.999709 -0.024106 0.000000
vn 0.919027 -0.006472 0.394142
vn 0.706879 -0.007415 0.707296
vn 0.708109 -0.010951 0.706019
vn 0.917795 -0.020184 0.396540
vn 0.921365 -0.038570 0.386779
vn 0.706958 -0.041659 0.706028
vn 0.706879 -0.007415 0.707296
vn 0.919027 -0.006472 0.394142
vn 0.708109 -0.010951 -0.706019
vn 0.917795 -0.020184 -0.396540
vn 0.912787 -0.117105 -0.391287
vn 0.705933 -0.083256 -0.703369
vn 0.705933 -0.083256 -0.703369
vn 0.912787 -0.117105 -0.391287
vn 0.889995 -0.246205 -0.383786
vn 0.687972 -0.184189 -0.701975
vn 0.912787 -0.117105 -0.391287
vn 0.991205 -0.132337 0.000000
vn 0.962560 -0.271067 0.000000
vn 0.889995 -0.246205 -0.383786
vn 0.917795 -0.020184 -0.396540
vn 0.999709 -0.024106 0.000000
vn 0.991205 -0.132337 0.000000
vn 0.912787 -0.117105 -0.391287
vn 0.001108 0.009343 -0.999956
vn 0.386321 0.000384 -0.922364
vn 0.387500 -0.042231 -0.920902
vn 0.005419 -0.001042 -0.999985
vn 0.005419 -0.001042 -0.999985
vn 0.387500 -0.042231 -0.920902
vn 0.377357 -0.098713 -0.920792
vn 0.005743 -0.002112 -0.999981
vn 0.387500 -0.042231 -0.920902
vn 0.705933 -0.083256 -0.703369
vn 0.687972 -0.184189 -0.701975
vn 0.377357 -0.098713 -0.920792
vn 0.386321 0.000384 -0.922364
vn 0.708109 -0.010951 -0.706019
vn 0.705933 -0.083256 -0.703369
vn 0.387500 -0.042231 -0.920902
vn -0.710739 0.008252 -0.703408
vn -0.384900 0.012123 -0.922879
vn -0.380387 0.029903 -0.924344
vn -0.707764 0.043493 -0.705109
vn -0.707764 0.043493 -0.705109
vn -0.380387 0.029903 -0.924344
vn -0.370088 0.087473 -0.924869
vn -0.690747 0.152459 -0.706842
vn -0.380387 0.029903 -0.924344
vn 0.005419 -0.001042 -0.999985
vn 0.005743 -0.002112 -0.999981
vn -0.370088 0.087473 -0.924869
vn -0.384900 0.012123 -0.922879
vn 0.001108 0.009343 -0.999956
vn 0.005419 -0.001042 -0.999985
vn -0.380387 0.029903 -0.924344
vn -1.000000 0.000472 -0.000000
vn -0.922341 0.002846 -0.386367
vn -0.920541 0.044102 -0.388149
vn -0.999058 0.043396 -0.000000
vn -0.999058 0.043396 -0.000000
vn -0.920541 0.044102 -0.388149
vn -0.903034 0.181342 -0.389416
vn -0.982401 0.186785 -0.000000
vn -0.920541 0.044102 -0.388149
vn -0.707764 0.043493 -0.705109
vn -0.690747 0.152459 -0.706842
vn -0.903034 0.181342 -0.389416
vn -0.922341 0.002846 -0.386367
vn -0.710739 0.008252 -0.703408
vn -0.707764 0.043493 -0.705109
vn -0.920541 0.044102 -0.388149
vn -0.710739 0.008252 0.703408
vn -0.922341 0.002846 0.386366
vn -0.920541 0.044102 0.388148
vn -0.707764 0.043492 0.705108
vn -0.707764 0.043492 0.705108
vn -0.920541 0.044102 0.388148
vn -0.903034 0.181342 0.389416
vn -0.690747 0.152459 0.706841
vn -0.920541 0.044102 0.388148
vn -0.999058 0.043396 -0.000000
vn -0.982401 0.186785 -0.000000
vn -0.903034 0.181342 0.389416
vn -0.922341 0.002846 0.386366
vn -1.000000 0.000472 -0.000000
vn -0.999058 0.043396 -0.000000
vn -0.920541 0.044102 0.388148
vn 0.001108 0.009343 0.999956
vn -0.384900 0.012123 0.922879
vn -0.380388 0.029903 0.924344
vn 0.005419 -0.001042 0.999985
vn 0.005419 -0.001042 0.999985
vn -0.380388 0.029903 0.924344
vn -0.370088 0.087473 0.924869
vn 0.005742 -0.002112 0.999981
vn -0.380388 0.029903 0.924344
vn -0.707764 0.043492 0.705108
vn -0.690747 0.152459 0.706841
vn -0.370088 0.087473 0.924869
vn -0.384900 0.012123 0.922879
vn -0.710739 0.008252 0.703408
vn -0.707764 0.043492 0.705108
vn -0.380388 0.029903 0.924344
vn 0.708109 -0.010951 0.706019
vn 0.386321 0.000384 0.922364
vn 0.387499 -0.042231 0.920902
vn 0.705933 -0.083256 0.703368
vn 0.705933 -0.083256 0.703368
vn 0.387499 -0.042231 0.920902
vn 0.377357 -0.098712 0.920792
vn 0.687972 -0.184189 0.701975
vn 0.387499 -0.042231 0.920902
vn 0.005419 -0.001042 0.999985
vn 0.005742 -0.002112 0.999981
vn 0.377357 -0.098712 0.920792
vn 0.386321 0.000384 0.922364
vn 0.001108 0.009343 0.999956
vn 0.005419 -0.001042 0.999985
vn 0.387499 -0.042231 0.920902
vn 0.999709 -0.024106 0.000000
vn 0.917795 -0.020184 0.396540
vn 0.912787 -0.117105 0.391287
vn 0.991205 -0.132337 0.000000
vn 0.991205 -0.132337 0.000000
vn 0.912787 -0.117105 0.391287
vn 0.889995 -0.246205 0.383786
vn 0.962560 -0.271067 0.000000
vn 0.912787 -0.117105 0.391287
vn 0.705933 -0.083256 0.703368
vn 0.687972 -0.184189 0.701975
vn 0.889995 -0.246205 0.383786
vn 0.917795 -0.020184 0.396540
vn 0.708109 -0.010951 0.706019
vn 0.705933 -0.083256 0.703368
vn 0.912787 -0.117105 0.391287
vn 0.687972 -0.184189 -0.701975
vn 0.889995 -0.246205 -0.383786
vn 0.852544 -0.360093 -0.378816
vn 0.657532 -0.275777 -0.701141
vn 0.657532 -0.275777 -0.701141
vn 0.852544 -0.360093 -0.378816
vn 0.801668 -0.463551 -0.377424
vn 0.617668 -0.357063 -0.700709
vn 0.852544 -0.360093 -0.378816
vn 0.920593 -0.390523 0.000000
vn 0.865666 -0.500622 0.000000
vn 0.801668 -0.463551 -0.377424
vn 0.889995 -0.246205 -0.383786
vn 0.962560 -0.271067 0.000000
vn 0.920593 -0.390523 0.000000
vn 0.852544 -0.360093 -0.378816
vn 0.005743 -0.002112 -0.999981
vn 0.377357 -0.098713 -0.920792
vn 0.359727 -0.150212 -0.920887
vn 0.004431 -0.002113 -0.999988
vn 0.004431 -0.002113 -0.999988
vn 0.359727 -0.150212 -0.920887
vn 0.337876 -0.195243 -0.920717
vn 0.004246 -0.002468 -0.999988
vn 0.359727 -0.150212 -0.920887
vn 0.657532 -0.275777 -0.701141
vn 0.617668 -0.357063 -0.700709
vn 0.337876 -0.195243 -0.920717
vn 0.377357 -0.098713 -0.920792
vn 0.687972 -0.184189 -0.701975
vn 0.657532 -0.275777 -0.701141
vn 0.359727 -0.150212 -0.920887
vn -0.690747 0.152459 -0.706842
vn -0.370088 0.087473 -0.924869
vn -0.353579 0.144012 -0.924253
vn -0.657359 0.262763 -0.706282
vn -0.657359 0.262763 -0.706282
vn -0.353579 0.144012 -0.924253
vn -0.331319 0.190867 -0.924011
vn -0.614441 0.352823 -0.705675
vn -0.353579 0.144012 -0.924253
vn 0.004431 -0.002113 -0.999988
vn 0.004246 -0.002468 -0.999988
vn -0.331319 0.190867 -0.924011
vn -0.370088 0.087473 -0.924869
vn 0.005743 -0.002112 -0.999981
vn 0.004431 -0.002113 -0.999988
vn -0.353579 0.144012 -0.924253
vn -0.982401 0.186785 -0.000000
vn -0.903034 0.181342 -0.389416
vn -0.860535 0.331483 -0.386780
vn -0.936002 0.351994 -0.000000
vn -0.936002 0.351994 -0.000000
vn -0.860535 0.331483 -0.386780
vn -0.803918 0.454466 -0.383636
vn -0.873094 0.487551 -0.000000
vn -0.860535 0.331483 -0.386780
vn -0.657359 0.262763 -0.706282
vn -0.614441 0.352823 -0.705675
vn -0.803918 0.454466 -0.383636
vn -0.903034 0.181342 -0.389416
vn -0.690747 0.152459 -0.706842
vn -0.657359 0.262763 -0.706282
vn -0.860535 0.331483 -0.386780
vn -0.690747 0.152459 0.706841
vn -0.903034 0.181342 0.389416
vn -0.860535 0.331483 0.386780
vn -0.657359 0.262763 0.706282
vn -0.657359 0.262763 0.706282
vn -0.860535 0.331483 0.386780
vn -0.803918 0.454466 0.383635
vn -0.614441 0.352824 0.705675
vn -0.860535 0.331483 0.386780
vn -0.936002 0.351994 -0.000000
vn -0.873094 0.487551 -0.000000
vn -0.803918 0.454466 0.383635
vn -0.903034 0.181342 0.389416
vn -0.982401 0.186785 -0.000000
vn -0.936002 0.351994 -0.000000
vn -0.860535 0.331483 0.386780
vn 0.005742 -0.002112 0.999981
vn -0.370088 0.087473 0.924869
vn -0.353579 0.144012 0.924252
vn 0.004431 -0.002113 0.999988
vn 0.004431 -0.002113 0.999988
vn -0.353579 0.144012 0.924252
vn -0.331320 0.190868 0.924011
vn 0.004246 -0.002467 0.999988
vn -0.353579 0.144012 0.924252
vn -0.657359 0.262763 0.706282
vn -0.614441 0.352824 0.705675
vn -0.331320 0.190868 0.924011
vn -0.370088 0.087473 0.924869
vn -0.690747 0.152459 0.706841
vn -0.657359 0.262763 0.706282
vn -0.353579 0.144012 0.924252
vn 0.687972 -0.184189 0.701975
vn 0.377357 -0.098712 0.920792
vn 0.359727 -0.150212 0.920887
vn 0.657532 -0.275777 0.701141
vn 0.657532 -0.275777 0.701141
vn 0.359727 -0.150212 0.920887
vn 0.337876 -0.195243 0.920717
vn 0.617667 -0.357063 0.700709
vn 0.359727 -0.150212 0.920887
vn 0.004431 -0.002113 0.999988
vn 0.004246 -0.002467 0.999988
vn 0.337876 -0.195243 0.920717
vn 0.377357 -0.098712 0.920792
vn 0.005742 -0.002112 0.999981
vn 0.004431 -0.002113 0.999988
vn 0.359727 -0.150212 0.920887
vn 0.962560 -0.271067 0.000000
vn 0.889995 -0.246205 0.383786
vn 0.852544 -0.360093 0.378817
vn 0.920593 -0.390523 0.000000
vn 0.920593 -0.390523 0.000000
vn 0.852544 -0.360093 0.378817
vn 0.801668 -0.463551 0.377424
vn 0.865666 -0.500622 0.000000
vn 0.852544 -0.360093 0.378817
vn 0.657532 -0.275777 0.701141
vn 0.617667 -0.357063 0.700709
vn 0.801668 -0.463551 0.377424
vn 0.889995 -0.246205 0.383786
vn 0.687972 -0.184189 0.701975
vn 0.657532 -0.275777 0.701141
vn 0.852544 -0.360093 0.378817
vn 0.617668 -0.357063 -0.700709
vn 0.801668 -0.463551 -0.377424
vn 0.734697 -0.563727 -0.377402
vn 0.566039 -0.434320 -0.700690
vn 0.566039 -0.434320 -0.700690
vn 0.734697 -0.563727 -0.377402
vn 0.654815 -0.654816 -0.377404
vn 0.504498 -0.504498 -0.700688
vn 0.734697 -0.563727 -0.377402
vn 0.793368 -0.608743 0.000000
vn 0.707107 -0.707107 0.000000
vn 0.654815 -0.654816 -0.377404
vn 0.801668 -0.463551 -0.377424
vn 0.865666 -0.500622 0.000000
vn 0.793368 -0.608743 0.000000
vn 0.734697 -0.563727 -0.377402
vn 0.004246 -0.002468 -0.999988
vn 0.337876 -0.195243 -0.920717
vn 0.309628 -0.237575 -0.920700
vn 0.003887 -0.002973 -0.999988
vn 0.003887 -0.002973 -0.999988
vn 0.309628 -0.237575 -0.920700
vn 0.275969 -0.275970 -0.920696
vn 0.003471 -0.003471 -0.999988
vn 0.309628 -0.237575 -0.920700
vn 0.566039 -0.434320 -0.700690
vn 0.504498 -0.504498 -0.700688
vn 0.275969 -0.275970 -0.920696
vn 0.337876 -0.195243 -0.920717
vn 0.617668 -0.357063 -0.700709
vn 0.566039 -0.434320 -0.700690
vn 0.309628 -0.237575 -0.920700
vn -0.614441 0.352823 -0.705675
vn -0.331319 0.190867 -0.924011
vn -0.303467 0.232853 -0.923952
vn -0.562269 0.431328 -0.705556
vn -0.562269 0.431328 -0.705556
vn -0.303467 0.232853 -0.923952
vn -0.270473 0.270472 -0.923953
vn -0.501089 0.501078 -0.705571
vn -0.303467 0.232853 -0.923952
vn 0.003887 -0.002973 -0.999988
vn 0.003471 -0.003471 -0.999988
vn -0.270473 0.270472 -0.923953
vn -0.331319 0.190867 -0.924011
vn 0.004246 -0.002468 -0.999988
vn 0.003887 -0.002973 -0.999988
vn -0.303467 0.232853 -0.923952
vn -0.873094 0.487551 -0.000000
vn -0.803918 0.454466 -0.383636
vn -0.735022 0.560417 -0.381675
vn -0.796789 0.604258 -0.000000
vn -0.796789 0.604258 -0.000000
vn -0.735022 0.560417 -0.381675
vn -0.654328 0.653316 -0.380832
vn -0.708147 0.706065 -0.000000
vn -0.735022 0.560417 -0.381675
vn -0.562269 0.431328 -0.705556
vn -0.501089 0.501078 -0.705571
vn -0.654328 0.653316 -0.380832
vn -0.803918 0.454466 -0.383636
vn -0.614441 0.352823 -0.705675
vn -0.562269 0.431328 -0.705556
vn -0.735022 0.560417 -0.381675
vn -0.614441 0.352824 0.705675
vn -0.803918 0.454466 0.383635
vn -0.735022 0.560417 0.381675
vn -0.562269 0.431328 0.705556
vn -0.562269 0.431328 0.705556
vn -0.735022 0.560417 0.381675
vn -0.654328 0.653317 0.380831
vn -0.501090 0.501078 0.705571
vn -0.735022 0.560417 0.381675
vn -0.796789 0.604258 -0.000000
vn -0.708147 0.706065 -0.000000
vn -0.654328 0.653317 0.380831
vn -0.803918 0.454466 0.383635
vn -0.873094 0.487551 -0.000000
vn -0.796789 0.604258 -0.000000
vn -0.735022 0.560417 0.381675
vn 0.004246 -0.002467 0.999988
vn -0.331320 0.190868 0.924011
vn -0.303467 0.232853 0.923952
vn 0.003887 -0.002973 0.999988
vn 0.003887 -0.002973 0.999988
vn -0.303467 0.232853 0.923952
vn -0.270473 0.270473 0.923953
vn 0.003470 -0.003471 0.999988
vn -0.303467 0.232853 0.923952
vn -0.562269 0.431328 0.705556
vn -0.501090 0.501078 0.705571
vn -0.270473 0.270473 0.923953
vn -0.331320 0.190868 0.924011
vn -0.614441 0.352824 0.705675
vn -0.562269 0.431328 0.705556
vn -0.303467 0.232853 0.923952
vn 0.617667 -0.357063 0.700709
vn 0.337876 -0.195243 0.920717
vn 0.309628 -0.237575 0.920700
vn 0.566039 -0.434320 0.700689
vn 0.566039 -0.434320 0.700689
vn 0.309628 -0.237575 0.920700
vn 0.275969 -0.275970 0.920696
vn 0.504498 -0.504498 0.700688
vn 0.309628 -0.237575 0.920700
vn 0.003887 -0.002973 0.999988
vn 0.003470 -0.003471 0.999988
vn 0.275969 -0.275970 0.920696
vn 0.337876 -0.195243 0.920717
vn 0.004246 -0.002467 0.999988
vn 0.003887 -0.002973 0.999988
vn 0.309628 -0.237575 0.920700
vn 0.865666 -0.500622 0.000000
vn 0.801668 -0.463551 0.377424
vn 0.734696 -0.563727 0.377403
vn 0.793368 -0.608743 0.000000
vn 0.793368 -0.608743 0.000000
vn 0.734696 -0.563727 0.377403
vn 0.654815 -0.654815 0.377404
vn 0.707107 -0.707107 0.000000
vn 0.734696 -0.563727 0.377403
vn 0.566039 -0.434320 0.700689
vn 0.504498 -0.504498 0.700688
vn 0.654815 -0.654815 0.377404
vn 0.801668 -0.463551 0.377424
vn 0.617667 -0.357063 0.700709
vn 0.566039 -0.434320 0.700689
vn 0.734696 -0.563727 0.377403
vn 0.504498 -0.504498 -0.700688
vn 0.654815 -0.654816 -0.377404
vn 0.563727 -0.734697 -0.377403
vn 0.434320 -0.566039 -0.700690
vn 0.434320 -0.566039 -0.700690
vn 0.563727 -0.734697 -0.377403
vn 0.463591 -0.801638 -0.377437
vn 0.357090 -0.617624 -0.700734
vn 0.563727 -0.734697 -0.377403
vn 0.608743 -0.793368 -0.000000
vn 0.500645 -0.865653 -0.000000
vn 0.463591 -0.801638 -0.377437
vn 0.654815 -0.654816 -0.377404
vn 0.707107 -0.707107 0.000000
vn 0.608743 -0.793368 -0.000000
vn 0.563727 -0.734697 -0.377403
vn 0.003471 -0.003471 -0.999988
vn 0.275969 -0.275970 -0.920696
vn 0.237575 -0.309628 -0.920700
vn 0.002973 -0.003887 -0.999988
vn 0.002973 -0.003887 -0.999988
vn 0.237575 -0.309628 -0.920700
vn 0.195246 -0.337868 -0.920719
vn 0.002468 -0.004247 -0.999988
vn 0.237575 -0.309628 -0.920700
vn 0.434320 -0.566039 -0.700690
vn 0.357090 -0.617624 -0.700734
vn 0.195246 -0.337868 -0.920719
vn 0.275969 -0.275970 -0.920696
vn 0.504498 -0.504498 -0.700688
vn 0.434320 -0.566039 -0.700690
vn 0.237575 -0.309628 -0.920700
vn -0.501089 0.501078 -0.705571
vn -0.270473 0.270472 -0.923953
vn -0.232853 0.303467 -0.923952
vn -0.431313 0.562224 -0.705602
vn -0.431313 0.562224 -0.705602
vn -0.232853 0.303467 -0.923952
vn -0.190868 0.331319 -0.924011
vn -0.352762 0.614303 -0.705826
vn -0.232853 0.303467 -0.923952
vn 0.002973 -0.003887 -0.999988
vn 0.002468 -0.004247 -0.999988
vn -0.190868 0.331319 -0.924011
vn -0.270473 0.270472 -0.923953
vn 0.003471 -0.003471 -0.999988
vn 0.002973 -0.003887 -0.999988
vn -0.232853 0.303467 -0.923952
vn -0.708147 0.706065 -0.000000
vn -0.654328 0.653316 -0.380832
vn -0.562789 0.733733 -0.380664
vn -0.608589 0.793485 -0.000000
vn -0.608589 0.793485 -0.000000
vn -0.562789 0.733733 -0.380664
vn -0.459171 0.802540 -0.380910
vn -0.495955 0.868348 -0.000000
vn -0.562789 0.733733 -0.380664
vn -0.431313 0.562224 -0.705602
vn -0.352762 0.614303 -0.705826
vn -0.459171 0.802540 -0.380910
vn -0.654328 0.653316 -0.380832
vn -0.501089 0.501078 -0.705571
vn -0.431313 0.562224 -0.705602
vn -0.562789 0.733733 -0.380664
vn -0.501090 0.501078 0.705571
vn -0.654328 0.653317 0.380831
vn -0.562789 0.733733 0.380664
vn -0.431313 0.562224 0.705601
vn -0.431313 0.562224 0.705601
vn -0.562789 0.733733 0.380664
vn -0.459171 0.802540 0.380910
vn -0.352762 0.614304 0.705826
vn -0.562789 0.733733 0.380664
vn -0.608589 0.793485 -0.000000
vn -0.495955 0.868348 -0.000000
vn -0.459171 0.802540 0.380910
vn -0.654328 0.653317 0.380831
vn -0.708147 0.706065 -0.000000
vn -0.608589 0.793485 -0.000000
vn -0.562789 0.733733 0.380664
vn 0.003470 -0.003471 0.999988
vn -0.270473 0.270473 0.923953
vn -0.232853 0.303467 0.923952
vn 0.002972 -0.003887 0.999988
vn 0.002972 -0.003887 0.999988
vn -0.232853 0.303467 0.923952
vn -0.190868 0.331320 0.924011
vn 0.002467 -0.004246 0.999988
vn -0.232853 0.303467 0.923952
vn -0.431313 0.562224 0.705601
vn -0.352762 0.614304 0.705826
vn -0.190868 0.331320 0.924011
vn -0.270473 0.270473 0.923953
vn -0.501090 0.501078 0.705571
vn -0.431313 0.562224 0.705601
vn -0.232853 0.303467 0.923952
vn 0.504498 -0.504498 0.700688
vn 0.275969 -0.275970 0.920696
vn 0.237575 -0.309628 0.920700
vn 0.434320 -0.566039 0.700690
vn 0.434320 -0.566039 0.700690
vn 0.237575 -0.309628 0.920700
vn 0.195246 -0.337867 0.920720
vn 0.357090 -0.617624 0.700734
vn 0.237575 -0.309628 0.920700
vn 0.002972 -0.003887 0.999988
vn 0.002467 -0.004246 0.999988
vn 0.195246 -0.337867 0.920720
vn 0.275969 -0.275970 0.920696
vn 0.003470 -0.003471 0.999988
vn 0.002972 -0.003887 0.999988
vn 0.237575 -0.309628 0.920700
vn 0.707107 -0.707107 0.000000
vn 0.654815 -0.654815 0.377404
vn 0.563727 -0.734697 0.377403
vn 0.608743 -0.793368 -0.000000
vn 0.608743 -0.793368 -0.000000
vn 0.563727 -0.734697 0.377403
vn 0.463591 -0.801639 0.377437
vn 0.500645 -0.865653 -0.000000
vn 0.563727 -0.734697 0.377403
vn 0.434320 -0.566039 0.700690
vn 0.357090 -0.617624 0.700734
vn 0.463591 -0.801639 0.377437
vn 0.654815 -0.654815 0.377404
vn 0.504498 -0.504498 0.700688
vn 0.434320 -0.566039 0.700690
vn 0.563727 -0.734697 0.377403
vn 0.357090 -0.617624 -0.700734
vn 0.463591 -0.801638 -0.377437
vn 0.358481 -0.853691 -0.377760
vn 0.275601 -0.657637 -0.701111
vn 0.275601 -0.657637 -0.701111
vn 0.358481 -0.853691 -0.377760
vn 0.247262 -0.892018 -0.378372
vn 0.188941 -0.686944 -0.701718
vn 0.358481 -0.853691 -0.377760
vn 0.387375 -0.921922 0.000000
vn 0.267739 -0.963492 0.000000
vn 0.247262 -0.892018 -0.378372
vn 0.463591 -0.801638 -0.377437
vn 0.500645 -0.865653 -0.000000
vn 0.387375 -0.921922 0.000000
vn 0.358481 -0.853691 -0.377760
vn 0.002468 -0.004247 -0.999988
vn 0.195246 -0.337868 -0.920719
vn 0.150212 -0.359741 -0.920882
vn 0.002102 -0.004441 -0.999988
vn 0.002102 -0.004441 -0.999988
vn 0.150212 -0.359741 -0.920882
vn 0.101980 -0.375842 -0.921055
vn 0.001877 -0.004938 -0.999986
vn 0.150212 -0.359741 -0.920882
vn 0.275601 -0.657637 -0.701111
vn 0.188941 -0.686944 -0.701718
vn 0.101980 -0.375842 -0.921055
vn 0.195246 -0.337868 -0.920719
vn 0.357090 -0.617624 -0.700734
vn 0.275601 -0.657637 -0.701111
vn 0.150212 -0.359741 -0.920882
vn -0.352762 0.614303 -0.705826
vn -0.190868 0.331319 -0.924011
vn -0.144238 0.353598 -0.924210
vn -0.263476 0.656954 -0.706393
vn -0.263476 0.656954 -0.706393
vn -0.144238 0.353598 -0.924210
vn -0.092822 0.369615 -0.924537
vn -0.164327 0.688011 -0.706850
vn -0.144238 0.353598 -0.924210
vn 0.002102 -0.004441 -0.999988
vn 0.001877 -0.004938 -0.999986
vn -0.092822 0.369615 -0.924537
vn -0.190868 0.331319 -0.924011
vn 0.002468 -0.004247 -0.999988
vn 0.002102 -0.004441 -0.999988
vn -0.144238 0.353598 -0.924210
vn -0.495955 0.868348 -0.000000
vn -0.459171 0.802540 -0.380910
vn -0.338746 0.860097 -0.381424
vn -0.363801 0.931477 -0.000000
vn -0.363801 0.931477 -0.000000
vn -0.338746 0.860097 -0.381424
vn -0.204590 0.901409 -0.381581
vn -0.216538 0.976274 -0.000000
vn -0.338746 0.860097 -0.381424
vn -0.263476 0.656954 -0.706393
vn -0.164327 0.688011 -0.706850
vn -0.204590 0.901409 -0.381581
vn -0.459171 0.802540 -0.380910
vn -0.352762 0.614303 -0.705826
vn -0.263476 0.656954 -0.706393
vn -0.338746 0.860097 -0.381424
vn -0.352762 0.614304 0.705826
vn -0.459171 0.802540 0.380910
vn -0.338746 0.860097 0.381424
vn -0.263477 0.656954 0.706393
vn -0.263477 0.656954 0.706393
vn -0.338746 0.860097 0.381424
vn -0.204590 0.901410 0.381580
vn -0.164327 0.688012 0.706850
vn -0.338746 0.860097 0.381424
vn -0.363801 0.931477 -0.000000
vn -0.216538 0.976274 -0.000000
vn -0.204590 0.901410 0.381580
vn -0.459171 0.802540 0.380910
vn -0.495955 0.868348 -0.000000
vn -0.363801 0.931477 -0.000000
vn -0.338746 0.860097 0.381424
vn 0.002467 -0.004246 0.999988
vn -0.190868 0.331320 0.924011
vn -0.144238 0.353599 0.924210
vn 0.002102 -0.004440 0.999988
vn 0.002102 -0.004440 0.999988
vn -0.144238 0.353599 0.924210
vn -0.092822 0.369615 0.924537
vn 0.001877 -0.004938 0.999986
vn -0.144238 0.353599 0.924210
vn -0.263477 0.656954 0.706393
vn -0.164327 0.688012 0.706850
vn -0.092822 0.369615 0.924537
vn -0.190868 0.331320 0.924011
vn -0.352762 0.614304 0.705826
vn -0.263477 0.656954 0.706393
vn -0.144238 0.353599 0.924210
vn 0.357090 -0.617624 0.700734
vn 0.195246 -0.337867 0.920720
vn 0.150212 -0.359741 0.920882
vn 0.275601 -0.657638 0.701111
vn 0.275601 -0.657638 0.701111
vn 0.150212 -0.359741 0.920882
vn 0.101980 -0.375841 0.921056
vn 0.188941 -0.686944 0.701719
vn 0.150212 -0.359741 0.920882
vn 0.002102 -0.004440 0.999988
vn 0.001877 -0.004938 0.999986
vn 0.101980 -0.375841 0.921056
vn 0.195246 -0.337867 0.920720
vn 0.002467 -0.004246 0.999988
vn 0.002102 -0.004440 0.999988
vn 0.150212 -0.359741 0.920882
vn 0.500645 -0.865653 -0.000000
vn 0.463591 -0.801639 0.377437
vn 0.358481 -0.853691 0.377760
vn 0.387375 -0.921922 0.000000
vn 0.387375 -0.921922 0.000000
vn 0.358481 -0.853691 0.377760
vn 0.247262 -0.892018 0.378372
vn 0.267739 -0.963492 0.000000
vn 0.358481 -0.853691 0.377760
vn 0.275601 -0.657638 0.701111
vn 0.188941 -0.686944 0.701719
vn 0.247262 -0.892018 0.378372
vn 0.463591 -0.801639 0.377437
vn 0.357090 -0.617624 0.700734
vn 0.275601 -0.657638 0.701111
vn 0.358481 -0.853691 0.377760
vn 0.188941 -0.686944 -0.701718
vn 0.247262 -0.892018 -0.378372
vn 0.134534 -0.915479 -0.379209
vn 0.101311 -0.704279 -0.702658
vn 0.101311 -0.704279 -0.702658
vn 0.134534 -0.915479 -0.379209
vn 0.051745 -0.923310 -0.380554
vn 0.037972 -0.708718 -0.704469
vn 0.134534 -0.915479 -0.379209
vn 0.146382 -0.989228 -0.000000
vn 0.056782 -0.998387 0.000000
vn 0.051745 -0.923310 -0.380554
vn 0.247262 -0.892018 -0.378372
vn 0.267739 -0.963492 0.000000
vn 0.146382 -0.989228 -0.000000
vn 0.134534 -0.915479 -0.379209
vn 0.001877 -0.004938 -0.999986
vn 0.101980 -0.375842 -0.921055
vn 0.053353 -0.384755 -0.921475
vn 0.001098 -0.004491 -0.999989
vn 0.001098 -0.004491 -0.999989
vn 0.053353 -0.384755 -0.921475
vn 0.019158 -0.385366 -0.922565
vn 0.000455 -0.001874 -0.999998
vn 0.053353 -0.384755 -0.921475
vn 0.101311 -0.704279 -0.702658
vn 0.037972 -0.708718 -0.704469
vn 0.019158 -0.385366 -0.922565
vn 0.101980 -0.375842 -0.921055
vn 0.188941 -0.686944 -0.701718
vn 0.101311 -0.704279 -0.702658
vn 0.053353 -0.384755 -0.921475
vn -0.164327 0.688011 -0.706850
vn -0.092822 0.369615 -0.924537
vn -0.044101 0.378932 -0.924373
vn -0.073490 0.704003 -0.706385
vn -0.073490 0.704003 -0.706385
vn -0.044101 0.378932 -0.924373
vn -0.013514 0.382948 -0.923671
vn -0.020505 0.708247 -0.705667
vn -0.044101 0.378932 -0.924373
vn 0.001098 -0.004491 -0.999989
vn 0.000455 -0.001874 -0.999998
vn -0.013514 0.382948 -0.923671
vn -0.092822 0.369615 -0.924537
vn 0.001877 -0.004938 -0.999986
vn 0.001098 -0.004491 -0.999989
vn -0.044101 0.378932 -0.924373
vn -0.216538 0.976274 -0.000000
vn -0.204590 0.901409 -0.381581
vn -0.086550 0.920487 -0.381068
vn -0.089430 0.995993 -0.000000
vn -0.089430 0.995993 -0.000000
vn -0.086550 0.920487 -0.381068
vn -0.022184 0.924344 -0.380914
vn -0.022091 0.999756 -0.000000
vn -0.086550 0.920487 -0.381068
vn -0.073490 0.704003 -0.706385
vn -0.020505 0.708247 -0.705667
vn -0.022184 0.924344 -0.380914
vn -0.204590 0.901409 -0.381581
vn -0.164327 0.688011 -0.706850
vn -0.073490 0.704003 -0.706385
vn -0.086550 0.920487 -0.381068
vn -0.164327 0.688012 0.706850
vn -0.204590 0.901410 0.381580
vn -0.086550 0.920487 0.381067
vn -0.073489 0.704003 0.706384
vn -0.073489 0.704003 0.706384
vn -0.086550 0.920487 0.381067
vn -0.022184 0.924345 0.380914
vn -0.020505 0.708247 0.705667
vn -0.086550 0.920487 0.381067
vn -0.089430 0.995993 -0.000000
vn -0.022091 0.999756 -0.000000
vn -0.022184 0.924345 0.380914
vn -0.204590 0.901410 0.381580
vn -0.216538 0.976274 -0.000000
vn -0.089430 0.995993 -0.000000
vn -0.086550 0.920487 0.381067
vn 0.001877 -0.004938 0.999986
vn -0.092822 0.369615 0.924537
vn -0.044101 0.378932 0.924373
vn 0.001098 -0.004491 0.999989
vn 0.001098 -0.004491 0.999989
vn -0.044101 0.378932 0.924373
vn -0.013514 0.382948 0.923671
vn 0.000455 -0.001873 0.999998
vn -0.044101 0.378932 0.924373
vn -0.073489 0.704003 0.706384
vn -0.020505 0.708247 0.705667
vn -0.013514 0.382948 0.923671
vn -0.092822 0.369615 0.924537
vn -0.164327 0.688012 0.706850
vn -0.073489 0.704003 0.706384
vn -0.044101 0.378932 0.924373
vn 0.188941 -0.686944 0.701719
vn 0.101980 -0.375841 0.921056
vn 0.053353 -0.384755 0.921476
vn 0.101311 -0.704278 0.702658
vn 0.101311 -0.704278 0.702658
vn 0.053353 -0.384755 0.921476
vn 0.019158 -0.385366 0.922565
vn 0.037972 -0.708718 0.704470
vn 0.053353 -0.384755 0.921476
vn 0.001098 -0.004491 0.999989
vn 0.000455 -0.001873 0.999998
vn 0.019158 -0.385366 0.922565
vn 0.101980 -0.375841 0.921056
vn 0.001877 -0.004938 0.999986
vn 0.001098 -0.004491 0.999989
vn 0.053353 -0.384755 0.921476
vn 0.267739 -0.963492 0.000000
vn 0.247262 -0.892018 0.378372
vn 0.134535 -0.915479 0.379209
vn 0.146382 -0.989228 -0.000000
vn 0.146382 -0.989228 -0.000000
vn 0.134535 -0.915479 0.379209
vn 0.051745 -0.923310 0.380554
vn 0.056782 -0.998387 0.000000
vn 0.134535 -0.915479 0.379209
vn 0.101311 -0.704278 0.702658
vn 0.037972 -0.708718 0.704470
vn 0.051745 -0.923310 0.380554
vn 0.247262 -0.892018 0.378372
vn 0.188941 -0.686944 0.701719
vn 0.101311 -0.704278 0.702658
vn 0.134535 -0.915479 0.379209
vn 0.037972 -0.708718 -0.704469
vn 0.051745 -0.923310 -0.380554
vn 0.015427 -0.924053 -0.381953
vn 0.010942 -0.707885 -0.706243
vn 0.010942 -0.707885 -0.706243
vn 0.015427 -0.924053 -0.381953
vn 0.027575 -0.923656 -0.382229
vn 0.027057 -0.707273 -0.706422
vn 0.015427 -0.924053 -0.381953
vn 0.017119 -0.999854 0.000000
vn 0.027371 -0.999625 0.000000
vn 0.027575 -0.923656 -0.382229
vn 0.051745 -0.923310 -0.380554
vn 0.056782 -0.998387 0.000000
vn 0.017119 -0.999854 0.000000
vn 0.015427 -0.924053 -0.381953
vn 0.000455 -0.001874 -0.999998
vn 0.019158 -0.385366 -0.922565
vn 0.005220 -0.383588 -0.923490
vn 0.000210 -0.000376 -1.000000
vn 0.000210 -0.000376 -1.000000
vn 0.005220 -0.383588 -0.923490
vn 0.027412 -0.383156 -0.923277
vn 0.027772 -0.000620 -0.999614
vn 0.005220 -0.383588 -0.923490
vn 0.010942 -0.707885 -0.706243
vn 0.027057 -0.707273 -0.706422
vn 0.027412 -0.383156 -0.923277
vn 0.019158 -0.385366 -0.922565
vn 0.037972 -0.708718 -0.704469
vn 0.010942 -0.707885 -0.706243
vn 0.005220 -0.383588 -0.923490
vn -0.020505 0.708247 -0.705667
vn -0.013514 0.382948 -0.923671
vn -0.002701 0.383102 -0.923702
vn -0.003255 0.707726 -0.706480
vn -0.003255 0.707726 -0.706480
vn -0.002701 0.383102 -0.923702
vn 0.029502 0.382148 -0.923630
vn 0.031090 0.706612 -0.706918
vn -0.002701 0.383102 -0.923702
vn 0.000210 -0.000376 -1.000000
vn 0.027772 -0.000620 -0.999614
vn 0.029502 0.382148 -0.923630
vn -0.013514 0.382948 -0.923671
vn 0.000455 -0.001874 -0.999998
vn 0.000210 -0.000376 -1.000000
vn -0.002701 0.383102 -0.923702
vn -0.022091 0.999756 -0.000000
vn -0.022184 0.924344 -0.380914
vn -0.002563 0.924151 -0.382020
vn -0.002096 0.999998 -0.000000
vn -0.002096 0.999998 -0.000000
vn -0.002563 0.924151 -0.382020
vn 0.033050 0.923351 -0.382532
vn 0.033402 0.999442 -0.000000
vn -0.002563 0.924151 -0.382020
vn -0.003255 0.707726 -0.706480
vn 0.031090 0.706612 -0.706918
vn 0.033050 0.923351 -0.382532
vn -0.022184 0.924344 -0.380914
vn -0.020505 0.708247 -0.705667
vn -0.003255 0.707726 -0.706480
vn -0.002563 0.924151 -0.382020
vn -0.020505 0.708247 0.705667
vn -0.022184 0.924345 0.380914
vn -0.002563 0.924151 0.382019
vn -0.003255 0.707726 0.706479
vn -0.003255 0.707726 0.706479
vn -0.002563 0.924151 0.382019
vn 0.033049 0.923351 0.382532
vn 0.031090 0.706613 0.706917
vn -0.002563 0.924151 0.382019
vn -0.002096 0.999998 -0.000000
vn 0.033402 0.999442 -0.000000
vn 0.033049 0.923351 0.382532
vn -0.022184 0.924345 0.380914
vn -0.022091 0.999756 -0.000000
vn -0.002096 0.999998 -0.000000
vn -0.002563 0.924151 0.382019
vn 0.000455 -0.001873 0.999998
vn -0.013514 0.382948 0.923671
vn -0.002701 0.383103 0.923702
vn 0.000210 -0.000376 1.000000
vn 0.000210 -0.000376 1.000000
vn -0.002701 0.383103 0.923702
vn 0.029501 0.382148 0.923630
vn 0.027771 -0.000619 0.999614
vn -0.002701 0.383103 0.923702
vn -0.003255 0.707726 0.706479
vn 0.031090 0.706613 0.706917
vn 0.029501 0.382148 0.923630
vn -0.013514 0.382948 0.923671
vn -0.020505 0.708247 0.705667
vn -0.003255 0.707726 0.706479
vn -0.002701 0.383103 0.923702
vn 0.037972 -0.708718 0.704470
vn 0.019158 -0.385366 0.922565
vn 0.005220 -0.383588 0.923490
vn 0.010942 -0.707885 0.706243
vn 0.010942 -0.707885 0.706243
vn 0.005220 -0.383588 0.923490
vn 0.027412 -0.383156 0.923277
vn 0.027057 -0.707273 0.706423
vn 0.005220 -0.383588 0.923490
vn 0.000210 -0.000376 1.000000
vn 0.027771 -0.000619 0.999614
vn 0.027412 -0.383156 0.923277
vn 0.019158 -0.385366 0.922565
vn 0.000455 -0.001873 0.999998
vn 0.000210 -0.000376 1.000000
vn 0.005220 -0.383588 0.923490
vn 0.056782 -0.998387 0.000000
vn 0.051745 -0.923310 0.380554
vn 0.015427 -0.924053 0.381954
vn 0.017119 -0.999854 0.000000
vn 0.017119 -0.999854 0.000000
vn 0.015427 -0.924053 0.381954
vn 0.027575 -0.923656 0.382230
vn 0.027371 -0.999625 0.000000
vn 0.015427 -0.924053 0.381954
vn 0.010942 -0.707885 0.706243
vn 0.027057 -0.707273 0.706423
vn 0.027575 -0.923656 0.382230
vn 0.051745 -0.923310 0.380554
vn 0.037972 -0.708718 0.704470
vn 0.010942 -0.707885 0.706243
vn 0.015427 -0.924053 0.381954
vn 0.000556 -0.040933 0.999162
vn -0.196364 -0.043528 0.979565
vn -0.382173 -0.042082 0.923132
vn -0.382173 -0.042082 0.923132
vn -0.196364 -0.043528 0.979565
vn -0.383263 -0.038340 0.922843
vn -0.382173 -0.042082 0.923132
vn -0.555020 -0.046150 0.830556
vn -0.706726 -0.043582 0.706144
vn -0.706726 -0.043582 0.706144
vn -0.555020 -0.046150 0.830556
vn -0.707660 -0.037485 0.705559
vn -0.706726 -0.043582 0.706144
vn -0.831669 -0.048216 0.553174
vn -0.922367 -0.042637 0.383955
vn -0.922367 -0.042637 0.383955
vn -0.831669 -0.048216 0.553174
vn -0.923435 -0.041776 0.381473
vn -0.922367 -0.042637 0.383955
vn -0.979597 -0.049004 0.194904
vn -0.999193 -0.040158 -0.000000
vn -0.999193 -0.040158 -0.000000
vn -0.979597 -0.049004 0.194904
vn -0.999198 -0.040038 0.000000
vn -0.999193 -0.040158 -0.000000
vn -0.979598 -0.049004 -0.194903
vn -0.922367 -0.042637 -0.383955
vn -0.922367 -0.042637 -0.383955
vn -0.979598 -0.049004 -0.194903
vn -0.923435 -0.041776 -0.381473
vn -0.922367 -0.042637 -0.383955
vn -0.831669 -0.048216 -0.553174
vn -0.706725 -0.043582 -0.706144
vn -0.706725 -0.043582 -0.706144
vn -0.831669 -0.048216 -0.553174
vn -0.707659 -0.037485 -0.705559
vn -0.706725 -0.043582 -0.706144
vn -0.555020 -0.046150 -0.830556
vn -0.382172 -0.042082 -0.923132
vn -0.382172 -0.042082 -0.923132
vn -0.555020 -0.046150 -0.830556
vn -0.383262 -0.038341 -0.922843
vn -0.382172 -0.042082 -0.923132
vn -0.196364 -0.043528 -0.979565
vn 0.000556 -0.040933 -0.999162
vn 0.000556 -0.040933 -0.999162
vn -0.196364 -0.043528 -0.979565
vn -0.000447 -0.032329 -0.999477
vn 0.027412 -0.383156 -0.923277
vn 0.033165 -0.195386 -0.980166
vn 0.027772 -0.000620 -0.999614
vn 0.027412 -0.383156 -0.923277
vn 0.029968 -0.554170 -0.831864
vn 0.025079 -0.382116 -0.923774
vn 0.027057 -0.707273 -0.706422
vn 0.029968 -0.554170 -0.831864
vn 0.027412 -0.383156 -0.923277
vn 0.027057 -0.707273 -0.706422
vn 0.027497 -0.831499 -0.554846
vn 0.019064 -0.706726 -0.707231
vn 0.027575 -0.923656 -0.382229
vn 0.027497 -0.831499 -0.554846
vn 0.027057 -0.707273 -0.706422
vn 0.027575 -0.923656 -0.382229
vn 0.026179 -0.980245 -0.196048
vn 0.020165 -0.923619 -0.382780
vn 0.027371 -0.999625 0.000000
vn 0.026179 -0.980245 -0.196048
vn 0.027575 -0.923656 -0.382229
vn 0.027371 -0.999625 0.000000
vn 0.026179 -0.980245 0.196048
vn 0.016388 -0.999866 -0.000000
vn 0.027575 -0.923656 0.382230
vn 0.026179 -0.980245 0.196048
vn 0.027371 -0.999625 0.000000
vn 0.027575 -0.923656 0.382230
vn 0.027496 -0.831498 0.554846
vn 0.020165 -0.923619 0.382781
vn 0.027057 -0.707273 0.706423
vn 0.027496 -0.831498 0.554846
vn 0.027575 -0.923656 0.382230
vn 0.027057 -0.707273 0.706423
vn 0.029967 -0.554170 0.831864
vn 0.019063 -0.706726 0.707231
vn 0.027412 -0.383156 0.923277
vn 0.029967 -0.554170 0.831864
vn 0.027057 -0.707273 0.706423
vn 0.027412 -0.383156 0.923277
vn 0.033163 -0.195386 0.980165
vn 0.025078 -0.382116 0.923774
vn 0.027771 -0.000619 0.999614
vn 0.033163 -0.195386 0.980165
vn 0.027412 -0.383156 0.923277
vn 0.027771 -0.000619 0.999614
vn 0.036716 0.196356 0.979845
vn 0.025489 0.000547 0.999675
vn 0.029501 0.382148 0.923630
vn 0.036716 0.196356 0.979845
vn 0.027771 -0.000619 0.999614
vn 0.029501 0.382148 0.923630
vn 0.039999 0.554699 0.831089
vn 0.032040 0.382977 0.923202
vn 0.031090 0.706613 0.706917
vn 0.039999 0.554699 0.831089
vn 0.029501 0.382148 0.923630
vn 0.031090 0.706613 0.706917
vn 0.042607 0.831378 0.554071
vn 0.031972 0.707045 0.706445
vn 0.033049 0.923351 0.382532
vn 0.042607 0.831378 0.554071
vn 0.031090 0.706613 0.706917
vn 0.033049 0.923351 0.382532
vn 0.044012 0.979672 0.195717
vn 0.037050 0.923336 0.382202
vn 0.033402 0.999442 -0.000000
vn 0.044012 0.979672 0.195717
vn 0.033049 0.923351 0.382532
vn 0.033402 0.999442 -0.000000
vn 0.044013 0.979672 -0.195717
vn 0.034701 0.999398 -0.000000
vn 0.033050 0.923351 -0.382532
vn 0.044013 0.979672 -0.195717
vn 0.033402 0.999442 -0.000000
vn 0.033050 0.923351 -0.382532
vn 0.042608 0.831378 -0.554071
vn 0.037051 0.923336 -0.382202
vn 0.031090 0.706612 -0.706918
vn 0.042608 0.831378 -0.554071
vn 0.033050 0.923351 -0.382532
vn 0.031090 0.706612 -0.706918
vn 0.040001 0.554698 -0.831089
vn 0.031973 0.707045 -0.706445
vn 0.029502 0.382148 -0.923630
vn 0.040001 0.554698 -0.831089
vn 0.031090 0.706612 -0.706918
vn 0.029502 0.382148 -0.923630
vn 0.036718 0.196355 -0.979845
vn 0.032042 0.382977 -0.923202
vn 0.027772 -0.000620 -0.999614
vn 0.036718 0.196355 -0.979845
vn 0.029502 0.382148 -0.923630
vn 0.027772 -0.000620 -0.999614
vn 0.033165 -0.195386 -0.980166
vn 0.025491 0.000547 -0.999675
vn 0.027412 -0.383156 -0.923277
vn 0.025079 -0.382116 -0.923774
vn 0.033165 -0.195386 -0.980166
vn 0.027057 -0.707273 -0.706422
vn 0.019064 -0.706726 -0.707231
vn 0.029968 -0.554170 -0.831864
vn 0.027575 -0.923656 -0.382229
vn 0.020165 -0.923619 -0.382780
vn 0.027497 -0.831499 -0.554846
vn 0.027371 -0.999625 0.000000
vn 0.016388 -0.999866 -0.000000
vn 0.026179 -0.980245 -0.196048
vn 0.027575 -0.923656 0.382230
vn 0.020165 -0.923619 0.382781
vn 0.026179 -0.980245 0.196048
vn 0.027057 -0.707273 0.706423
vn 0.019063 -0.706726 0.707231
vn 0.027496 -0.831498 0.554846
vn 0.027412 -0.383156 0.923277
vn 0.025078 -0.382116 0.923774
vn 0.029967 -0.554170 0.831864
vn 0.027771 -0.000619 0.999614
vn 0.025489 0.000547 0.999675
vn 0.033163 -0.195386 0.980165
vn 0.029501 0.382148 0.923630
vn 0.032040 0.382977 0.923202
vn 0.036716 0.196356 0.979845
vn 0.031090 0.706613 0.706917
vn 0.031972 0.707045 0.706445
vn 0.039999 0.554699 0.831089
vn 0.033049 0.923351 0.382532
vn 0.037050 0.923336 0.382202
vn 0.042607 0.831378 0.554071
vn 0.033402 0.999442 -0.000000
vn 0.034701 0.999398 -0.000000
vn 0.044012 0.979672 0.195717
vn 0.033050 0.923351 -0.382532
vn 0.037051 0.923336 -0.382202
vn 0.044013 0.979672 -0.195717
vn 0.031090 0.706612 -0.706918
vn 0.031973 0.707045 -0.706445
vn 0.042608 0.831378 -0.554071
vn 0.029502 0.382148 -0.923630
vn 0.032042 0.382977 -0.923202
vn 0.040001 0.554698 -0.831089
vn 0.027772 -0.000620 -0.999614
vn 0.025491 0.000547 -0.999675
vn 0.036718 0.196355 -0.979845
vn 0.000556 -0.040933 0.999162
vn 0.195526 -0.040550 0.979860
vn -0.000447 -0.032329 0.999477
vn 0.383203 -0.041563 0.922729
vn 0.195526 -0.040550 0.979860
vn 0.000556 -0.040933 0.999162
vn 0.383203 -0.041563 0.922729
vn 0.554614 -0.037794 0.831249
vn 0.382574 -0.032455 0.923355
vn 0.706958 -0.041659 0.706028
vn 0.554614 -0.037794 0.831249
vn 0.383203 -0.041563 0.922729
vn 0.706958 -0.041659 0.706028
vn 0.831835 -0.035352 0.553896
vn 0.707400 -0.026538 0.706315
vn 0.921365 -0.038570 0.386779
vn 0.831835 -0.035352 0.553896
vn 0.706958 -0.041659 0.706028
vn 0.921365 -0.038570 0.386779
vn 0.979934 -0.029997 0.197053
vn 0.923694 -0.026959 0.382183
vn 0.999407 -0.034434 0.000000
vn 0.979934 -0.029997 0.197053
vn 0.921365 -0.038570 0.386779
vn 0.999407 -0.034434 0.000000
vn 0.979934 -0.029997 -0.197053
vn 0.999847 -0.017516 -0.000000
vn 0.921366 -0.038570 -0.386779
vn 0.979934 -0.029997 -0.197053
vn 0.999407 -0.034434 0.000000
vn 0.921366 -0.038570 -0.386779
vn 0.831836 -0.035353 -0.553895
vn 0.923694 -0.026959 -0.382182
vn 0.706958 -0.041659 -0.706028
vn 0.831836 -0.035353 -0.553895
vn 0.921366 -0.038570 -0.386779
vn 0.706958 -0.041659 -0.706028
vn 0.554614 -0.037795 -0.831249
vn 0.707399 -0.026538 -0.706316
vn 0.383203 -0.041563 -0.922729
vn 0.554614 -0.037795 -0.831249
vn 0.706958 -0.041659 -0.706028
vn 0.383203 -0.041563 -0.922729
vn 0.195526 -0.040550 -0.979860
vn 0.382574 -0.032456 -0.923355
vn 0.000556 -0.040933 -0.999162
vn 0.195526 -0.040550 -0.979860
vn 0.383203 -0.041563 -0.922729
vn 0.000556 -0.040933 0.999162
vn -0.000447 -0.032329 0.999477
vn -0.196364 -0.043528 0.979565
vn -0.382173 -0.042082 0.923132
vn -0.383263 -0.038340 0.922843
vn -0.555020 -0.046150 0.830556
vn -0.706726 -0.043582 0.706144
vn -0.707660 -0.037485 0.705559
vn -0.831669 -0.048216 0.553174
vn -0.922367 -0.042637 0.383955
vn -0.923435 -0.041776 0.381473
vn -0.979597 -0.049004 0.194904
vn -0.999193 -0.040158 -0.000000
vn -0.999198 -0.040038 0.000000
vn -0.979598 -0.049004 -0.194903
vn -0.922367 -0.042637 -0.383955
vn -0.923435 -0.041776 -0.381473
vn -0.831669 -0.048216 -0.553174
vn -0.706725 -0.043582 -0.706144
vn -0.707659 -0.037485 -0.705559
vn -0.555020 -0.046150 -0.830556
vn -0.382172 -0.042082 -0.923132
vn -0.383262 -0.038341 -0.922843
vn -0.196364 -0.043528 -0.979565
vn 0.383203 -0.041563 0.922729
vn 0.382574 -0.032455 0.923355
vn 0.195526 -0.040550 0.979860
vn 0.706958 -0.041659 0.706028
vn 0.707400 -0.026538 0.706315
vn 0.554614 -0.037794 0.831249
vn 0.921365 -0.038570 0.386779
vn 0.923694 -0.026959 0.382183
vn 0.831835 -0.035352 0.553896
vn 0.999407 -0.034434 0.000000
vn 0.999847 -0.017516 -0.000000
vn 0.979934 -0.029997 0.197053
vn 0.921366 -0.038570 -0.386779
vn 0.923694 -0.026959 -0.382182
vn 0.979934 -0.029997 -0.197053
vn 0.706958 -0.041659 -0.706028
vn 0.707399 -0.026538 -0.706316
vn 0.831836 -0.035353 -0.553895
vn 0.383203 -0.041563 -0.922729
vn 0.382574 -0.032456 -0.923355
vn 0.554614 -0.037795 -0.831249
vn 0.000556 -0.040933 -0.999162
vn -0.000447 -0.032329 -0.999477
vn 0.195526 -0.040550 -0.979860
vn -0.022858 0.000740 -0.999738
vn -0.026237 0.195700 -0.980313
vn -0.002519 -0.000496 -0.999997
vn -0.025801 0.383914 -0.923008
vn -0.004018 0.382387 -0.923994
vn -0.026237 0.195700 -0.980313
vn -0.025801 0.383914 -0.923008
vn -0.023251 0.554532 -0.831838
vn -0.004018 0.382387 -0.923994
vn -0.028730 0.707973 -0.705655
vn 0.000232 0.706994 -0.707219
vn -0.023251 0.554532 -0.831838
vn -0.028730 0.707973 -0.705655
vn -0.021975 0.831887 -0.554510
vn 0.000232 0.706994 -0.707219
vn -0.032471 0.923787 -0.381528
vn -0.003542 0.923852 -0.382734
vn -0.021975 0.831887 -0.554510
vn -0.032471 0.923787 -0.381528
vn -0.021672 0.980373 -0.195959
vn -0.003542 0.923852 -0.382734
vn -0.033121 0.999451 -0.000000
vn -0.000247 1.000000 0.000000
vn -0.021672 0.980373 -0.195959
vn -0.033121 0.999451 -0.000000
vn -0.021672 0.980373 0.195959
vn -0.000247 1.000000 0.000000
vn -0.032472 0.923787 0.381527
vn -0.003542 0.923852 0.382734
vn -0.021672 0.980373 0.195959
vn -0.032472 0.923787 0.381527
vn -0.021976 0.831887 0.554510
vn -0.003542 0.923852 0.382734
vn -0.028731 0.707973 0.705655
vn 0.000231 0.706994 0.707219
vn -0.021976 0.831887 0.554510
vn -0.028731 0.707973 0.705655
vn -0.023252 0.554532 0.831838
vn 0.000231 0.706994 0.707219
vn -0.025802 0.383915 0.923008
vn -0.004019 0.382387 0.923994
vn -0.023252 0.554532 0.831838
vn -0.025802 0.383915 0.923008
vn -0.026239 0.195701 0.980313
vn -0.004019 0.382387 0.923994
vn -0.022859 0.000740 0.999738
vn -0.002522 -0.000496 0.999997
vn -0.026239 0.195701 0.980313
vn -0.023710 -0.382827 -0.923516
vn -0.022858 0.000740 -0.999738
vn -0.031590 -0.196845 -0.979926
vn -0.025105 -0.707471 -0.706296
vn -0.023710 -0.382827 -0.923516
vn -0.038522 -0.555065 -0.830915
vn -0.028608 -0.923776 -0.381863
vn -0.025105 -0.707471 -0.706296
vn -0.045473 -0.831753 -0.553280
vn -0.028899 -0.999582 0.000000
vn -0.028608 -0.923776 -0.381863
vn -0.049781 -0.979408 -0.195660
vn -0.028609 -0.923776 0.381864
vn -0.028899 -0.999582 0.000000
vn -0.049782 -0.979408 0.195660
vn -0.025106 -0.707471 0.706297
vn -0.028609 -0.923776 0.381864
vn -0.045475 -0.831753 0.553280
vn -0.023711 -0.382826 0.923516
vn -0.025106 -0.707471 0.706297
vn -0.038525 -0.555064 0.830915
vn -0.022859 0.000740 0.999738
vn -0.023711 -0.382826 0.923516
vn -0.031592 -0.196845 0.979926
vn -0.022858 0.000740 -0.999738
vn -0.025801 0.383914 -0.923008
vn -0.026237 0.195700 -0.980313
vn -0.025801 0.383914 -0.923008
vn -0.028730 0.707973 -0.705655
vn -0.023251 0.554532 -0.831838
vn -0.028730 0.707973 -0.705655
vn -0.032471 0.923787 -0.381528
vn -0.021975 0.831887 -0.554510
vn -0.032471 0.923787 -0.381528
vn -0.033121 0.999451 -0.000000
vn -0.021672 0.980373 -0.195959
vn -0.033121 0.999451 -0.000000
vn -0.032472 0.923787 0.381527
vn -0.021672 0.980373 0.195959
vn -0.032472 0.923787 0.381527
vn -0.028731 0.707973 0.705655
vn -0.021976 0.831887 0.554510
vn -0.028731 0.707973 0.705655
vn -0.025802 0.383915 0.923008
vn -0.023252 0.554532 0.831838
vn -0.025802 0.383915 0.923008
vn -0.022859 0.000740 0.999738
vn -0.026239 0.195701 0.980313
vn 0.383764 0.020888 -0.923195
vn 0.196395 0.039836 -0.979715
vn -0.000040 0.019616 -0.999808
vn 0.383764 0.020888 -0.923195
vn 0.555080 0.043957 -0.830635
vn 0.382742 0.026333 -0.923480
vn 0.708222 0.023389 -0.705602
vn 0.555080 0.043957 -0.830635
vn 0.383764 0.020888 -0.923195
vn 0.708222 0.023389 -0.705602
vn 0.831516 0.049004 -0.553335
vn 0.707058 0.027220 -0.706631
vn 0.921712 0.027483 -0.386901
vn 0.831516 0.049004 -0.553335
vn 0.708222 0.023389 -0.705602
vn 0.921712 0.027483 -0.386901
vn 0.978608 0.041907 -0.201421
vn 0.923410 0.034576 -0.382254
vn 0.999691 0.024880 0.000000
vn 0.978608 0.041907 -0.201421
vn 0.921712 0.027483 -0.386901
vn 0.999691 0.024880 0.000000
vn 0.978608 0.041907 0.201421
vn 0.999931 0.011781 0.000000
vn 0.921712 0.027483 0.386902
vn 0.978608 0.041907 0.201421
vn 0.999691 0.024880 0.000000
vn 0.921712 0.027483 0.386902
vn 0.831516 0.049004 0.553335
vn 0.923410 0.034576 0.382254
vn 0.708222 0.023389 0.705602
vn 0.831516 0.049004 0.553335
vn 0.921712 0.027483 0.386902
vn 0.708222 0.023389 0.705602
vn 0.555080 0.043957 0.830635
vn 0.707058 0.027220 0.706631
vn 0.383764 0.020888 0.923195
vn 0.555080 0.043957 0.830635
vn 0.708222 0.023389 0.705602
vn 0.383764 0.020888 0.923195
vn 0.196395 0.039836 0.979715
vn 0.382742 0.026333 0.923480
vn -0.000040 0.019615 0.999808
vn 0.196395 0.039836 0.979715
vn 0.383764 0.020888 0.923195
vn -0.000040 0.019615 0.999808
vn -0.195827 0.038166 0.979895
vn 0.000000 0.021070 0.999778
vn -0.000040 0.019616 -0.999808
vn 0.000000 0.021070 -0.999778
vn -0.195827 0.038166 -0.979895
vn -0.383723 0.021908 -0.923188
vn -0.382746 0.024734 -0.923522
vn -0.554780 0.039060 -0.831080
vn -0.706170 0.024106 -0.707632
vn -0.707089 0.024239 -0.706709
vn -0.830619 0.038199 -0.555530
vn -0.919520 0.022314 -0.392410
vn -0.923636 0.023387 -0.382557
vn -0.979178 0.026475 -0.201269
vn -0.999862 0.016632 0.000000
vn -0.999999 0.001776 -0.000000
vn -0.979178 0.026475 0.201269
vn -0.919520 0.022314 0.392410
vn -0.923636 0.023387 0.382557
vn -0.830619 0.038199 0.555530
vn -0.706170 0.024106 0.707632
vn -0.707089 0.024239 0.706709
vn -0.554780 0.039060 0.831080
vn -0.383723 0.021908 0.923188
vn -0.382746 0.024733 0.923523
vn -0.195827 0.038166 0.979895
vn 0.383764 0.020888 -0.923195
vn 0.382742 0.026333 -0.923480
vn 0.196395 0.039836 -0.979715
vn 0.708222 0.023389 -0.705602
vn 0.707058 0.027220 -0.706631
vn 0.555080 0.043957 -0.830635
vn 0.921712 0.027483 -0.386901
vn 0.923410 0.034576 -0.382254
vn 0.831516 0.049004 -0.553335
vn 0.999691 0.024880 0.000000
vn 0.999931 0.011781 0.000000
vn 0.978608 0.041907 -0.201421
vn 0.921712 0.027483 0.386902
vn 0.923410 0.034576 0.382254
vn 0.978608 0.041907 0.201421
vn 0.708222 0.023389 0.705602
vn 0.707058 0.027220 0.706631
vn 0.831516 0.049004 0.553335
vn 0.383764 0.020888 0.923195
vn 0.382742 0.026333 0.923480
vn 0.555080 0.043957 0.830635
vn -0.000040 0.019615 0.999808
vn 0.000000 0.021070 0.999778
vn 0.196395 0.039836 0.979715
s off
g Pipe2
usemtl Pipe_2SG
f 14/723/1 31/720/2 30/722/3 13/726/4
f 15/721/5 32/718/6 31/720/7 14/723/8
f 16/719/9 33/716/10 32/718/11 15/721/12
f 17/717/13 34/714/14 33/716/15 16/719/16
f 9/715/17 26/713/18 34/714/19 17/717/20
f 1/692/21 18/694/22 19/696/23 2/695/24
f 2/695/25 19/696/26 20/699/27 3/697/28
f 3/697/29 20/699/30 21/703/31 4/700/32
f 4/700/33 21/703/34 22/705/35 5/702/36
f 5/702/37 22/705/38 23/707/39 6/704/40
f 6/704/41 23/707/42 24/709/43 7/706/44
f 7/706/45 24/709/46 25/711/47 8/708/48
f 8/708/49 25/711/50 26/712/51 9/710/52
f 11/730/53 28/728/54 27/731/55 10/733/56
f 12/729/57 29/725/58 28/728/59 11/730/60
f 13/726/61 30/722/62 29/725/63 12/729/64
f 19/502/65 36/491/66 37/493/67 20/503/68
f 20/503/69 37/493/70 38/495/71 21/504/72
f 28/7/73 45/18/74 44/19/75 27/11/76
f 21/504/77 38/495/78 39/496/79 22/505/80
f 29/6/81 46/16/82 45/18/83 28/7/84
f 22/505/85 39/496/86 40/498/87 23/506/88
f 30/5/89 47/14/90 46/16/91 29/6/92
f 23/506/93 40/498/94 41/499/95 24/507/96
f 31/4/97 48/13/98 47/14/99 30/5/100
f 24/507/101 41/499/102 42/500/103 25/508/104
f 32/3/105 49/12/106 48/13/107 31/4/108
f 25/508/109 42/500/110 43/501/111 26/509/112
f 33/2/113 50/10/114 49/12/115 32/3/116
f 34/1/117 51/9/118 50/10/119 33/2/120
f 26/916/121 43/8/122 51/9/123 34/1/124
f 18/497/125 35/490/126 36/491/127 19/502/128
f 35/490/129 52/474/130 53/476/131 36/491/132
f 36/491/133 53/476/134 54/479/135 37/493/136
f 37/493/137 54/479/138 55/481/139 38/495/140
f 38/495/141 55/481/142 56/483/143 39/496/144
f 39/496/145 56/483/146 57/485/147 40/498/148
f 40/498/149 57/485/150 58/486/151 41/499/152
f 41/499/153 58/486/154 59/487/155 42/500/156
f 42/500/157 59/487/158 60/489/159 43/501/160
f 45/18/161 62/31/162 61/35/163 44/19/164
f 46/16/165 63/30/166 62/31/167 45/18/168
f 47/14/169 64/28/170 63/30/171 46/16/172
f 48/13/173 65/26/174 64/28/175 47/14/176
f 49/12/177 66/24/178 65/26/179 48/13/180
f 50/10/181 67/23/182 66/24/183 49/12/184
f 51/9/185 68/21/186 67/23/187 50/10/188
f 43/8/189 60/20/190 68/21/191 51/9/192
f 70/527/193 87/524/194 86/528/195 69/529/196
f 71/525/197 88/521/198 87/524/199 70/527/200
f 72/522/201 89/519/202 88/521/203 71/525/204
f 73/520/205 90/517/206 89/519/207 72/522/208
f 74/518/209 91/515/210 90/517/211 73/520/212
f 75/516/213 92/513/214 91/515/215 74/518/216
f 76/514/217 93/511/218 92/513/219 75/516/220
f 77/512/221 94/510/222 93/511/223 76/514/224
f 78/896/225 95/897/226 96/900/227 79/898/228
f 79/898/229 96/900/230 97/904/231 80/901/232
f 80/901/233 97/904/234 98/906/235 81/903/236
f 81/903/237 98/906/238 99/908/239 82/905/240
f 82/905/241 99/908/242 100/910/243 83/907/244
f 83/907/245 100/910/246 101/912/247 84/909/248
f 84/909/249 101/912/250 102/914/251 85/911/252
f 85/911/253 102/914/254 94/915/255 77/913/256
f 98/249/257 115/240/258 116/241/259 99/250/260
f 93/256/261 110/264/262 109/265/263 92/257/264
f 99/250/265 116/241/266 117/243/267 100/251/268
f 94/255/269 111/263/270 110/264/271 93/256/272
f 100/251/273 117/243/274 118/244/275 101/252/276
f 101/252/277 118/244/278 119/245/279 102/253/280
f 102/253/281 119/245/282 111/246/283 94/254/284
f 87/262/285 104/272/286 103/275/287 86/267/288
f 88/261/289 105/271/290 104/272/291 87/262/292
f 89/260/293 106/269/294 105/271/295 88/261/296
f 95/242/297 112/234/298 113/236/299 96/247/300
f 90/259/301 107/268/302 106/269/303 89/260/304
f 96/247/305 113/236/306 114/238/307 97/248/308
f 91/258/309 108/266/310 107/268/311 90/259/312
f 97/248/313 114/238/314 115/240/315 98/249/316
f 92/257/317 109/265/318 108/266/319 91/258/320
f 104/272/321 105/271/322 122/285/323 121/286/324
f 105/271/325 106/269/326 123/282/327 122/285/328
f 106/269/329 107/268/330 124/281/331 123/282/332
f 107/268/333 108/266/334 125/279/335 124/281/336
f 108/266/337 109/265/338 126/277/339 125/279/340
f 109/265/341 110/264/342 127/276/343 126/277/344
f 110/264/345 111/263/346 128/274/347 127/276/348
f 113/236/349 112/234/350 129/219/351 130/222/352
f 114/238/353 113/236/354 130/222/355 131/224/356
f 115/240/357 114/238/358 131/224/359 132/226/360
f 116/241/361 115/240/362 132/226/363 133/228/364
f 117/243/365 116/241/366 133/228/367 134/230/368
f 118/244/369 117/243/370 134/230/371 135/231/372
f 119/245/373 118/244/374 135/231/375 136/233/376
f 111/246/377 119/245/378 136/233/379 128/235/380
f 103/275/381 104/272/382 121/286/383 120/290/384
f 163/746/385 162/743/386 192/740/387 193/744/388
f 137/533/389 69/529/390 86/528/391 167/530/392
f 164/750/393 163/746/394 193/744/395 194/747/396
f 138/536/397 137/533/398 167/530/399 168/534/400
f 165/754/401 164/750/402 194/747/403 195/751/404
f 139/539/405 138/536/406 168/534/407 169/537/408
f 166/758/409 165/754/410 195/751/411 196/755/412
f 140/543/413 139/539/414 169/537/415 170/540/416
f 159/762/417 166/758/418 196/755/419 189/760/420
f 141/546/421 140/543/422 170/540/423 171/544/424
f 142/551/425 141/546/426 171/544/427 172/547/428
f 1/692/429 152/689/430 182/691/431 18/694/432
f 143/555/433 142/551/434 172/547/435 173/552/436
f 152/689/437 153/686/438 183/687/439 182/691/440
f 144/559/441 143/555/442 173/552/443 174/557/444
f 153/686/445 154/682/446 184/685/447 183/687/448
f 154/682/449 155/679/450 185/681/451 184/685/452
f 155/679/453 156/675/454 186/678/455 185/681/456
f 156/675/457 157/671/458 187/674/459 186/678/460
f 157/671/461 158/668/462 188/670/463 187/674/464
f 158/668/465 159/663/466 189/665/467 188/670/468
f 78/896/469 145/892/470 175/895/471 95/897/472
f 145/892/473 146/889/474 176/891/475 175/895/476
f 146/889/477 147/886/478 177/888/479 176/891/480
f 147/886/481 148/882/482 178/885/483 177/888/484
f 148/882/485 149/879/486 179/881/487 178/885/488
f 149/879/489 150/874/490 180/878/491 179/881/492
f 160/735/493 10/733/494 27/731/495 190/734/496
f 150/874/497 151/872/498 181/873/499 180/878/500
f 161/739/501 160/735/502 190/734/503 191/738/504
f 151/872/505 144/866/506 174/869/507 181/873/508
f 162/743/509 161/739/510 191/738/511 192/740/512
f 182/494/513 183/492/514 198/480/515 197/484/516
f 183/492/517 184/488/518 199/477/519 198/480/520
f 190/15/521 27/11/522 44/19/523 205/25/524
f 184/488/525 185/482/526 200/473/527 199/477/528
f 191/17/529 190/15/530 205/25/531 206/29/532
f 185/482/533 186/478/534 201/468/535 200/473/536
f 192/22/537 191/17/538 206/29/539 207/32/540
f 186/478/541 187/472/542 202/462/543 201/468/544
f 193/27/545 192/22/546 207/32/547 208/36/548
f 187/472/549 188/466/550 203/457/551 202/462/552
f 194/33/553 193/27/554 208/36/555 209/42/556
f 188/466/557 189/460/558 204/451/559 203/457/560
f 195/39/561 194/33/562 209/42/563 210/47/564
f 196/43/565 195/39/566 210/47/567 211/52/568
f 189/50/569 196/43/570 211/52/571 204/58/572
f 18/497/573 182/494/574 197/484/575 35/490/576
f 177/232/577 178/227/578 223/217/579 222/221/580
f 173/299/581 172/294/582 217/302/583 218/307/584
f 178/227/585 179/223/586 224/213/587 223/217/588
f 174/305/589 173/299/590 218/307/591 219/312/592
f 179/223/593 180/216/594 225/208/595 224/213/596
f 180/216/597 181/211/598 226/202/599 225/208/600
f 181/211/601 174/205/602 219/197/603 226/202/604
f 167/270/605 86/267/606 103/275/607 212/280/608
f 168/273/609 167/270/610 212/280/611 213/284/612
f 169/278/613 168/273/614 213/284/615 214/287/616
f 95/242/617 175/239/618 220/229/619 112/234/620
f 170/283/621 169/278/622 214/287/623 215/292/624
f 175/239/625 176/237/626 221/225/627 220/229/628
f 171/288/629 170/283/630 215/292/631 216/297/632
f 176/237/633 177/232/634 222/221/635 221/225/636
f 172/294/637 171/288/638 216/297/639 217/302/640
f 35/490/641 197/484/642 242/470/643 52/474/644
f 197/484/645 198/480/646 243/467/647 242/470/648
f 198/480/649 199/477/650 244/465/651 243/467/652
f 199/477/653 200/473/654 245/461/655 244/465/656
f 200/473/657 201/468/658 246/456/659 245/461/660
f 201/468/661 202/462/662 247/453/663 246/456/664
f 202/462/665 203/457/666 248/450/667 247/453/668
f 203/457/669 204/451/670 249/446/671 248/450/672
f 205/25/673 44/19/674 61/35/675 250/38/676
f 206/29/677 205/25/678 250/38/679 251/41/680
f 207/32/681 206/29/682 251/41/683 252/45/684
f 208/36/685 207/32/686 252/45/687 253/49/688
f 209/42/689 208/36/690 253/49/691 254/54/692
f 210/47/693 209/42/694 254/54/695 255/57/696
f 211/52/697 210/47/698 255/57/699 256/59/700
f 204/58/701 211/52/702 256/59/703 249/64/704
f 212/280/705 227/293/706 228/296/707 213/284/708
f 213/284/709 228/296/710 229/300/711 214/287/712
f 214/287/713 229/300/714 230/303/715 215/292/716
f 215/292/717 230/303/718 231/308/719 216/297/720
f 216/297/721 231/308/722 232/311/723 217/302/724
f 217/302/725 232/311/726 233/315/727 218/307/728
f 218/307/729 233/315/730 234/319/731 219/312/732
f 220/229/733 235/215/734 129/219/735 112/234/736
f 221/225/737 236/212/738 235/215/739 220/229/740
f 222/221/741 237/209/742 236/212/743 221/225/744
f 223/217/745 238/206/746 237/209/747 222/221/748
f 224/213/749 239/201/750 238/206/751 223/217/752
f 225/208/753 240/198/754 239/201/755 224/213/756
f 226/202/757 241/195/758 240/198/759 225/208/760
f 219/197/761 234/190/762 241/195/763 226/202/764
f 103/275/765 120/290/766 227/293/767 212/280/768
f 381/884/769 145/892/770 78/896/771
f 313/531/772 257/542/773 320/538/774 433/526/775
f 433/526/776 320/538/777 264/532/778 383/523/779
f 381/884/780 79/898/781 439/890/782
f 439/890/783 79/898/784 80/901/785
f 377/541/786 258/554/787 314/548/788 434/535/789
f 434/535/790 314/548/791 257/542/792 313/531/793
f 439/890/794 81/903/795 319/894/796
f 319/894/797 81/903/798 82/905/799
f 315/558/800 259/568/801 378/562/802 435/549/803
f 435/549/804 378/562/805 258/554/806 377/541/807
f 319/894/808 83/907/809 440/899/810
f 440/899/811 83/907/812 84/909/813
f 379/569/814 260/579/815 316/574/816 436/563/817
f 436/563/818 316/574/819 259/568/820 315/558/821
f 440/899/822 85/911/823 383/902/824
f 383/902/825 85/911/826 77/913/827
f 317/868/828 261/858/829 380/851/830 437/862/831
f 437/862/832 380/851/833 260/846/834 379/856/835
f 383/523/836 76/514/837 433/526/838
f 433/526/839 76/514/840 75/516/841
f 381/884/842 262/870/843 318/863/844 438/876/845
f 438/876/846 318/863/847 261/858/848 317/868/849
f 433/526/850 74/518/851 313/531/852
f 313/531/853 74/518/854 73/520/855
f 319/894/856 263/883/857 382/877/858 439/890/859
f 439/890/860 382/877/861 262/870/862 381/884/863
f 313/531/864 72/522/865 434/535/866
f 434/535/867 72/522/868 71/525/869
f 383/902/870 264/893/871 374/887/872 440/899/873
f 440/899/874 374/887/875 263/883/876 319/894/877
f 434/535/878 70/527/879 377/541/880
f 257/542/881 321/553/882 441/550/883 320/538/884
f 321/553/885 265/564/886 328/561/887 441/550/888
f 441/550/889 328/561/890 272/556/891 390/545/892
f 320/538/893 441/550/894 390/545/895 264/532/896
f 258/554/897 384/565/898 442/560/899 314/548/900
f 384/565/901 266/572/902 322/567/903 442/560/904
f 442/560/905 322/567/906 265/564/907 321/553/908
f 314/548/909 442/560/910 321/553/911 257/542/912
f 259/568/913 323/576/914 443/571/915 378/562/916
f 323/576/917 267/584/918 385/577/919 443/571/920
f 443/571/921 385/577/922 266/572/923 384/565/924
f 378/562/925 443/571/926 384/565/927 258/554/928
f 260/579/929 386/587/930 444/583/931 316/574/932
f 386/587/933 268/593/934 324/589/935 444/583/936
f 444/583/937 324/589/938 267/584/939 323/576/940
f 316/574/941 444/583/942 323/576/943 259/568/944
f 261/858/945 325/849/946 445/843/947 380/851/948
f 325/849/949 269/842/950 387/836/951 445/843/952
f 445/843/953 387/836/954 268/832/955 386/838/956
f 380/851/957 445/843/958 386/838/959 260/846/960
f 262/870/961 388/860/962 446/854/963 318/863/964
f 388/860/965 270/853/966 326/848/967 446/854/968
f 446/854/969 326/848/970 269/842/971 325/849/972
f 318/863/973 446/854/974 325/849/975 261/858/976
f 263/883/977 327/871/978 447/865/979 382/877/980
f 327/871/981 271/861/982 389/857/983 447/865/984
f 447/865/985 389/857/986 270/853/987 388/860/988
f 382/877/989 447/865/990 388/860/991 262/870/992
f 264/893/993 390/880/994 448/875/995 374/887/996
f 390/880/997 272/867/998 401/864/999 448/875/1000
f 448/875/1001 401/864/1002 271/861/1003 327/871/1004
f 374/887/1005 448/875/1006 327/871/1007 263/883/1008
f 265/564/1009 329/573/1010 449/570/1011 328/561/1012
f 329/573/1013 273/582/1014 336/581/1015 449/570/1016
f 449/570/1017 336/581/1018 280/578/1019 397/566/1020
f 328/561/1021 449/570/1022 397/566/1023 272/556/1024
f 266/572/1025 391/580/1026 450/575/1027 322/567/1028
f 391/580/1029 274/588/1030 330/586/1031 450/575/1032
f 450/575/1033 330/586/1034 273/582/1035 329/573/1036
f 322/567/1037 450/575/1038 329/573/1039 265/564/1040
f 267/584/1041 331/590/1042 451/585/1043 385/577/1044
f 331/590/1045 275/597/1046 392/591/1047 451/585/1048
f 451/585/1049 392/591/1050 274/588/1051 391/580/1052
f 385/577/1053 451/585/1054 391/580/1055 266/572/1056
f 268/593/1057 393/599/1058 452/595/1059 324/589/1060
f 393/599/1061 276/603/1062 332/601/1063 452/595/1064
f 452/595/1065 332/601/1066 275/597/1067 331/590/1068
f 324/589/1069 452/595/1070 331/590/1071 267/584/1072
f 269/842/1073 333/835/1074 453/831/1075 387/836/1076
f 333/835/1077 277/829/1078 394/824/1079 453/831/1080
f 453/831/1081 394/824/1082 276/822/1083 393/826/1084
f 387/836/1085 453/831/1086 393/826/1087 268/832/1088
f 270/853/1089 395/845/1090 454/840/1091 326/848/1092
f 395/845/1093 278/837/1094 334/834/1095 454/840/1096
f 454/840/1097 334/834/1098 277/829/1099 333/835/1100
f 326/848/1101 454/840/1102 333/835/1103 269/842/1104
f 271/861/1105 335/852/1106 455/850/1107 389/857/1108
f 335/852/1109 279/841/1110 396/839/1111 455/850/1112
f 455/850/1113 396/839/1114 278/837/1115 395/845/1116
f 389/857/1117 455/850/1118 395/845/1119 270/853/1120
f 272/867/1121 397/859/1122 456/855/1123 401/864/1124
f 397/859/1125 280/847/1126 430/844/1127 456/855/1128
f 456/855/1129 430/844/1130 279/841/1131 335/852/1132
f 401/864/1133 456/855/1134 335/852/1135 271/861/1136
f 273/582/1137 337/596/1138 457/594/1139 336/581/1140
f 337/596/1141 281/612/1142 344/613/1143 457/594/1144
f 457/594/1145 344/613/1146 288/611/1147 404/592/1148
f 336/581/1149 457/594/1150 404/592/1151 280/578/1152
f 274/588/1153 398/600/1154 458/598/1155 330/586/1156
f 398/600/1157 282/609/1158 338/610/1159 458/598/1160
f 458/598/1161 338/610/1162 281/612/1163 337/596/1164
f 330/586/1165 458/598/1166 337/596/1167 273/582/1168
f 275/597/1169 339/604/1170 459/602/1171 392/591/1172
f 339/604/1173 283/608/1174 399/607/1175 459/602/1176
f 459/602/1177 399/607/1178 282/609/1179 398/600/1180
f 392/591/1181 459/602/1182 398/600/1183 274/588/1184
f 276/603/1185 400/606/1186 460/605/1187 332/601/1188
f 400/606/1189 284/615/1190 340/614/1191 460/605/1192
f 460/605/1193 340/614/1194 283/608/1195 339/604/1196
f 332/601/1197 460/605/1198 339/604/1199 275/597/1200
f 277/829/1201 341/821/1202 461/820/1203 394/824/1204
f 341/821/1205 285/816/1206 376/817/1207 461/820/1208
f 461/820/1209 376/817/1210 284/818/1211 400/819/1212
f 394/824/1213 461/820/1214 400/819/1215 276/822/1216
f 278/837/1217 402/825/1218 462/823/1219 334/834/1220
f 402/825/1221 286/814/1222 342/815/1223 462/823/1224
f 462/823/1225 342/815/1226 285/816/1227 341/821/1228
f 334/834/1229 462/823/1230 341/821/1231 277/829/1232
f 279/841/1233 343/828/1234 463/827/1235 396/839/1236
f 343/828/1237 287/812/1238 403/813/1239 463/827/1240
f 463/827/1241 403/813/1242 286/814/1243 402/825/1244
f 396/839/1245 463/827/1246 402/825/1247 278/837/1248
f 280/847/1249 404/833/1250 464/830/1251 430/844/1252
f 404/833/1253 288/810/1254 432/811/1255 464/830/1256
f 464/830/1257 432/811/1258 287/812/1259 343/828/1260
f 430/844/1261 464/830/1262 343/828/1263 279/841/1264
f 281/612/1265 345/626/1266 465/628/1267 344/613/1268
f 345/626/1269 289/640/1270 352/641/1271 465/628/1272
f 465/628/1273 352/641/1274 296/644/1275 411/630/1276
f 344/613/1277 465/628/1278 411/630/1279 288/611/1280
f 282/609/1281 405/622/1282 466/624/1283 338/610/1284
f 405/622/1285 290/634/1286 346/636/1287 466/624/1288
f 466/624/1289 346/636/1290 289/640/1291 345/626/1292
f 338/610/1293 466/624/1294 345/626/1295 281/612/1296
f 283/608/1297 347/618/1298 467/620/1299 399/607/1300
f 347/618/1301 291/625/1302 406/631/1303 467/620/1304
f 467/620/1305 406/631/1306 290/634/1307 405/622/1308
f 399/607/1309 467/620/1310 405/622/1311 282/609/1312
f 284/615/1313 407/616/1314 468/617/1315 340/614/1316
f 407/616/1317 292/619/1318 348/621/1319 468/617/1320
f 468/617/1321 348/621/1322 291/625/1323 347/618/1324
f 340/614/1325 468/617/1326 347/618/1327 283/608/1328
f 285/816/1329 349/807/1330 469/808/1331 376/817/1332
f 349/807/1333 293/800/1334 408/804/1335 469/808/1336
f 469/808/1337 408/804/1338 292/806/1339 407/809/1340
f 376/817/1341 469/808/1342 407/809/1343 284/818/1344
f 286/814/1345 409/803/1346 470/805/1347 342/815/1348
f 409/803/1349 294/791/1350 350/794/1351 470/805/1352
f 470/805/1353 350/794/1354 293/800/1355 349/807/1356
f 342/815/1357 470/805/1358 349/807/1359 285/816/1360
f 287/812/1361 351/799/1362 471/801/1363 403/813/1364
f 351/799/1365 295/785/1366 410/789/1367 471/801/1368
f 471/801/1369 410/789/1370 294/791/1371 409/803/1372
f 403/813/1373 471/801/1374 409/803/1375 286/814/1376
f 288/810/1377 411/795/1378 472/797/1379 432/811/1380
f 411/795/1381 296/781/1382 373/784/1383 472/797/1384
f 472/797/1385 373/784/1386 295/785/1387 351/799/1388
f 432/811/1389 472/797/1390 351/799/1391 287/812/1392
f 289/640/1393 353/649/1394 473/652/1395 352/641/1396
f 353/649/1397 297/658/1398 360/660/1399 473/652/1400
f 473/652/1401 360/660/1402 304/664/1403 418/655/1404
f 352/641/1405 473/652/1406 418/655/1407 296/644/1408
f 290/634/1409 412/642/1410 474/647/1411 346/636/1412
f 412/642/1413 298/650/1414 354/653/1415 474/647/1416
f 474/647/1417 354/653/1418 297/658/1419 353/649/1420
f 346/636/1421 474/647/1422 353/649/1423 289/640/1424
f 291/625/1425 355/632/1426 475/637/1427 406/631/1428
f 355/632/1429 299/638/1430 413/645/1431 475/637/1432
f 475/637/1433 413/645/1434 298/650/1435 412/642/1436
f 406/631/1437 475/637/1438 412/642/1439 290/634/1440
f 292/619/1441 414/623/1442 476/627/1443 348/621/1444
f 414/623/1445 300/629/1446 356/633/1447 476/627/1448
f 476/627/1449 356/633/1450 299/638/1451 355/632/1452
f 348/621/1453 476/627/1454 355/632/1455 291/625/1456
f 293/800/1457 357/793/1458 477/798/1459 408/804/1460
f 357/793/1461 301/787/1462 415/792/1463 477/798/1464
f 477/798/1465 415/792/1466 300/796/1467 414/802/1468
f 408/804/1469 477/798/1470 414/802/1471 292/806/1472
f 294/791/1473 416/783/1474 478/788/1475 350/794/1476
f 416/783/1477 302/775/1478 358/780/1479 478/788/1480
f 478/788/1481 358/780/1482 301/787/1483 357/793/1484
f 350/794/1485 478/788/1486 357/793/1487 293/800/1488
f 295/785/1489 359/776/1490 479/778/1491 410/789/1492
f 359/776/1493 303/767/1494 417/771/1495 479/778/1496
f 479/778/1497 417/771/1498 302/775/1499 416/783/1500
f 410/789/1501 479/778/1502 416/783/1503 294/791/1504
f 296/781/1505 418/770/1506 480/773/1507 373/784/1508
f 418/770/1509 304/761/1510 375/764/1511 480/773/1512
f 480/773/1513 375/764/1514 303/767/1515 359/776/1516
f 373/784/1517 480/773/1518 359/776/1519 295/785/1520
f 297/658/1521 361/667/1522 481/672/1523 360/660/1524
f 361/667/1525 305/680/1526 368/684/1527 481/672/1528
f 481/672/1529 368/684/1530 312/690/1531 425/677/1532
f 360/660/1533 481/672/1534 425/677/1535 304/664/1536
f 298/650/1537 419/657/1538 482/662/1539 354/653/1540
f 419/657/1541 306/666/1542 362/673/1543 482/662/1544
f 482/662/1545 362/673/1546 305/680/1547 361/667/1548
f 354/653/1549 482/662/1550 361/667/1551 297/658/1552
f 299/638/1553 363/646/1554 483/651/1555 413/645/1556
f 363/646/1557 307/654/1558 420/659/1559 483/651/1560
f 483/651/1561 420/659/1562 306/666/1563 419/657/1564
f 413/645/1565 483/651/1566 419/657/1567 298/650/1568
f 300/629/1569 421/635/1570 484/639/1571 356/633/1572
f 421/635/1573 308/643/1574 364/648/1575 484/639/1576
f 484/639/1577 364/648/1578 307/654/1579 363/646/1580
f 356/633/1581 484/639/1582 363/646/1583 299/638/1584
f 301/787/1585 365/779/1586 485/786/1587 415/792/1588
f 365/779/1589 309/772/1590 422/777/1591 485/786/1592
f 485/786/1593 422/777/1594 308/782/1595 421/790/1596
f 415/792/1597 485/786/1598 421/790/1599 300/796/1600
f 302/775/1601 423/768/1602 486/774/1603 358/780/1604
f 423/768/1605 310/759/1606 366/766/1607 486/774/1608
f 486/774/1609 366/766/1610 309/772/1611 365/779/1612
f 358/780/1613 486/774/1614 365/779/1615 301/787/1616
f 303/767/1617 367/757/1618 487/763/1619 417/771/1620
f 367/757/1621 311/745/1622 424/752/1623 487/763/1624
f 487/763/1625 424/752/1626 310/759/1627 423/768/1628
f 417/771/1629 487/763/1630 423/768/1631 302/775/1632
f 304/761/1633 425/748/1634 488/753/1635 375/764/1636
f 425/748/1637 312/737/1638 431/741/1639 488/753/1640
f 488/753/1641 431/741/1642 311/745/1643 367/757/1644
f 375/764/1645 488/753/1646 367/757/1647 303/767/1648
f 305/680/1649 369/693/1650 489/698/1651 368/684/1652
f 428/742/1653 10/733/1654 160/735/1655
f 494/749/1656 160/735/1657 161/739/1658
f 368/684/1659 489/698/1660 429/701/1661 312/690/1662
f 306/666/1663 426/683/1664 490/688/1665 362/673/1666
f 494/749/1667 161/739/1668 162/743/1669
f 371/756/1670 162/743/1671 163/746/1672
f 362/673/1673 490/688/1674 369/693/1675 305/680/1676
f 307/654/1677 370/669/1678 491/676/1679 420/659/1680
f 371/756/1681 163/746/1682 164/750/1683
f 493/765/1684 164/750/1685 165/754/1686
f 420/659/1687 491/676/1688 426/683/1689 306/666/1690
f 308/643/1691 427/656/1692 492/661/1693 364/648/1694
f 493/765/1695 165/754/1696 166/758/1697
f 427/769/1698 166/758/1699 159/762/1700
f 364/648/1701 492/661/1702 370/669/1703 307/654/1704
f 309/772/1705 371/756/1706 493/765/1707 422/777/1708
f 427/656/1709 159/663/1710 158/668/1711
f 492/661/1712 158/668/1713 157/671/1714
f 422/777/1715 493/765/1716 427/769/1717 308/782/1718
f 310/759/1719 428/742/1720 494/749/1721 366/766/1722
f 492/661/1723 157/671/1724 156/675/1725
f 370/669/1726 156/675/1727 155/679/1728
f 366/766/1729 494/749/1730 371/756/1731 309/772/1732
f 311/745/1733 372/732/1734 495/736/1735 424/752/1736
f 370/669/1737 155/679/1738 154/682/1739
f 491/676/1740 154/682/1741 153/686/1742
f 424/752/1743 495/736/1744 428/742/1745 310/759/1746
f 312/737/1747 429/724/1748 496/727/1749 431/741/1750
f 491/676/1751 153/686/1752 152/689/1753
f 426/683/1754 152/689/1755 1/692/1756
f 431/741/1757 496/727/1758 372/732/1759 311/745/1760
f 497/295/1761 572/291/1762 705/306/1763 573/309/1764
f 573/309/1765 705/306/1766 580/318/1767 505/320/1768
f 705/306/1769 651/301/1770 512/314/1771 580/318/1772
f 572/291/1773 504/289/1774 651/301/1775 705/306/1776
f 498/304/1777 569/298/1778 706/313/1779 645/317/1780
f 645/317/1781 706/313/1782 574/323/1783 506/328/1784
f 706/313/1785 573/309/1786 505/320/1787 574/323/1788
f 569/298/1789 497/295/1790 573/309/1791 706/313/1792
f 499/316/1793 642/310/1794 707/322/1795 575/325/1796
f 575/325/1797 707/322/1798 646/331/1799 507/335/1800
f 707/322/1801 645/317/1802 506/328/1803 646/331/1804
f 642/310/1805 498/304/1806 645/317/1807 707/322/1808
f 500/326/1809 570/321/1810 708/330/1811 647/336/1812
f 647/336/1813 708/330/1814 576/339/1815 508/346/1816
f 708/330/1817 575/325/1818 507/335/1819 576/339/1820
f 570/321/1821 499/316/1822 575/325/1823 708/330/1824
f 501/193/1825 643/189/1826 709/180/1827 577/184/1828
f 577/184/1829 709/180/1830 648/170/1831 509/175/1832
f 709/180/1833 647/174/1834 508/165/1835 648/170/1836
f 643/189/1837 500/183/1838 647/174/1839 709/180/1840
f 502/204/1841 571/199/1842 710/187/1843 649/192/1844
f 649/192/1845 710/187/1846 578/178/1847 510/181/1848
f 710/187/1849 577/184/1850 509/175/1851 578/178/1852
f 571/199/1853 501/193/1854 577/184/1855 710/187/1856
f 503/214/1857 644/210/1858 711/196/1859 579/200/1860
f 579/200/1861 711/196/1862 650/186/1863 511/188/1864
f 711/196/1865 649/192/1866 510/181/1867 650/186/1868
f 644/210/1869 502/204/1870 649/192/1871 711/196/1872
f 504/220/1873 637/218/1874 712/203/1875 651/207/1876
f 651/207/1877 712/203/1878 639/191/1879 512/194/1880
f 712/203/1881 579/200/1882 511/188/1883 639/191/1884
f 637/218/1885 503/214/1886 579/200/1887 712/203/1888
f 505/320/1889 580/318/1890 713/327/1891 581/329/1892
f 581/329/1893 713/327/1894 588/334/1895 513/338/1896
f 713/327/1897 658/324/1898 520/332/1899 588/334/1900
f 580/318/1901 512/314/1902 658/324/1903 713/327/1904
f 506/328/1905 574/323/1906 714/333/1907 652/337/1908
f 652/337/1909 714/333/1910 582/341/1911 514/343/1912
f 714/333/1913 581/329/1914 513/338/1915 582/341/1916
f 574/323/1917 505/320/1918 581/329/1919 714/333/1920
f 507/335/1921 646/331/1922 715/340/1923 583/344/1924
f 583/344/1925 715/340/1926 653/348/1927 515/351/1928
f 715/340/1929 652/337/1930 514/343/1931 653/348/1932
f 646/331/1933 506/328/1934 652/337/1935 715/340/1936
f 508/346/1937 576/339/1938 716/349/1939 654/353/1940
f 654/353/1941 716/349/1942 584/357/1943 516/361/1944
f 716/349/1945 583/344/1946 515/351/1947 584/357/1948
f 576/339/1949 507/335/1950 583/344/1951 716/349/1952
f 509/175/1953 648/170/1954 717/160/1955 585/166/1956
f 585/166/1957 717/160/1958 655/154/1959 517/158/1960
f 717/160/1961 654/156/1962 516/149/1963 655/154/1964
f 648/170/1965 508/165/1966 654/156/1967 717/160/1968
f 510/181/1969 578/178/1970 718/169/1971 656/172/1972
f 656/172/1973 718/169/1974 586/161/1975 518/164/1976
f 718/169/1977 585/166/1978 517/158/1979 586/161/1980
f 578/178/1981 509/175/1982 585/166/1983 718/169/1984
f 511/188/1985 650/186/1986 719/176/1987 587/179/1988
f 587/179/1989 719/176/1990 657/168/1991 519/171/1992
f 719/176/1993 656/172/1994 518/164/1995 657/168/1996
f 650/186/1997 510/181/1998 656/172/1999 719/176/2000
f 512/194/2001 639/191/2002 720/182/2003 658/185/2004
f 658/185/2005 720/182/2006 669/173/2007 520/177/2008
f 720/182/2009 587/179/2010 519/171/2011 669/173/2012
f 639/191/2013 511/188/2014 587/179/2015 720/182/2016
f 513/338/2017 588/334/2018 721/345/2019 589/347/2020
f 589/347/2021 721/345/2022 596/355/2023 521/358/2024
f 721/345/2025 665/342/2026 528/354/2027 596/355/2028
f 588/334/2029 520/332/2030 665/342/2031 721/345/2032
f 514/343/2033 582/341/2034 722/350/2035 659/352/2036
f 659/352/2037 722/350/2038 590/360/2039 522/362/2040
f 722/350/2041 589/347/2042 521/358/2043 590/360/2044
f 582/341/2045 513/338/2046 589/347/2047 722/350/2048
f 515/351/2049 653/348/2050 723/356/2051 591/359/2052
f 591/359/2053 723/356/2054 660/364/2055 523/366/2056
f 723/356/2057 659/352/2058 522/362/2059 660/364/2060
f 653/348/2061 514/343/2062 659/352/2063 723/356/2064
f 516/361/2065 584/357/2066 724/363/2067 661/365/2068
f 661/365/2069 724/363/2070 592/369/2071 524/372/2072
f 724/363/2073 591/359/2074 523/366/2075 592/369/2076
f 584/357/2077 515/351/2078 591/359/2079 724/363/2080
f 517/158/2081 655/154/2082 725/146/2083 593/150/2084
f 593/150/2085 725/146/2086 662/140/2087 525/143/2088
f 725/146/2089 661/144/2090 524/137/2091 662/140/2092
f 655/154/2093 516/149/2094 661/144/2095 725/146/2096
f 518/164/2097 586/161/2098 726/153/2099 663/157/2100
f 663/157/2101 726/153/2102 594/145/2103 526/147/2104
f 726/153/2105 593/150/2106 525/143/2107 594/145/2108
f 586/161/2109 517/158/2110 593/150/2111 726/153/2112
f 519/171/2113 657/168/2114 727/159/2115 595/162/2116
f 595/162/2117 727/159/2118 664/148/2119 527/151/2120
f 727/159/2121 663/157/2122 526/147/2123 664/148/2124
f 657/168/2125 518/164/2126 663/157/2127 727/159/2128
f 520/177/2129 669/173/2130 728/163/2131 665/167/2132
f 665/167/2133 728/163/2134 701/152/2135 528/155/2136
f 728/163/2137 595/162/2138 527/151/2139 701/152/2140
f 669/173/2141 519/171/2142 595/162/2143 728/163/2144
f 521/358/2145 596/355/2146 729/368/2147 597/370/2148
f 597/370/2149 729/368/2150 604/379/2151 529/380/2152
f 729/368/2153 672/367/2154 536/378/2155 604/379/2156
f 596/355/2157 528/354/2158 672/367/2159 729/368/2160
f 522/362/2161 590/360/2162 730/371/2163 666/373/2164
f 666/373/2165 730/371/2166 598/381/2167 530/382/2168
f 730/371/2169 597/370/2170 529/380/2171 598/381/2172
f 590/360/2173 521/358/2174 597/370/2175 730/371/2176
f 523/366/2177 660/364/2178 731/374/2179 599/375/2180
f 599/375/2181 731/374/2182 667/383/2183 531/384/2184
f 731/374/2185 666/373/2186 530/382/2187 667/383/2188
f 660/364/2189 522/362/2190 666/373/2191 731/374/2192
f 524/372/2193 592/369/2194 732/376/2195 668/377/2196
f 668/377/2197 732/376/2198 600/385/2199 532/386/2200
f 732/376/2201 599/375/2202 531/384/2203 600/385/2204
f 592/369/2205 523/366/2206 599/375/2207 732/376/2208
f 525/143/2209 662/140/2210 733/133/2211 601/134/2212
f 601/134/2213 733/133/2214 641/129/2215 533/131/2216
f 733/133/2217 668/132/2218 532/124/2219 641/129/2220
f 662/140/2221 524/137/2222 668/132/2223 733/133/2224
f 526/147/2225 594/145/2226 734/135/2227 670/136/2228
f 670/136/2229 734/135/2230 602/130/2231 534/128/2232
f 734/135/2233 601/134/2234 533/131/2235 602/130/2236
f 594/145/2237 525/143/2238 601/134/2239 734/135/2240
f 527/151/2241 664/148/2242 735/138/2243 603/139/2244
f 603/139/2245 735/138/2246 671/127/2247 535/126/2248
f 735/138/2249 670/136/2250 534/128/2251 671/127/2252
f 664/148/2253 526/147/2254 670/136/2255 735/138/2256
f 528/155/2257 701/152/2258 736/141/2259 672/142/2260
f 672/142/2261 736/141/2262 704/125/2263 536/123/2264
f 736/141/2265 603/139/2266 535/126/2267 704/125/2268
f 701/152/2269 527/151/2270 603/139/2271 736/141/2272
f 529/380/2273 604/379/2274 737/395/2275 605/394/2276
f 605/394/2277 737/395/2278 612/407/2279 537/406/2280
f 737/395/2281 679/397/2282 544/410/2283 612/407/2284
f 604/379/2285 536/378/2286 679/397/2287 737/395/2288
f 530/382/2289 598/381/2290 738/392/2291 673/391/2292
f 673/391/2293 738/392/2294 606/403/2295 538/402/2296
f 738/392/2297 605/394/2298 537/406/2299 606/403/2300
f 598/381/2301 529/380/2302 605/394/2303 738/392/2304
f 531/384/2305 667/383/2306 739/390/2307 607/389/2308
f 607/389/2309 739/390/2310 674/400/2311 539/398/2312
f 739/390/2313 673/391/2314 538/402/2315 674/400/2316
f 667/383/2317 530/382/2318 673/391/2319 739/390/2320
f 532/386/2321 600/385/2322 740/388/2323 675/387/2324
f 675/387/2325 740/388/2326 608/396/2327 540/393/2328
f 740/388/2329 607/389/2330 539/398/2331 608/396/2332
f 600/385/2333 531/384/2334 607/389/2335 740/388/2336
f 533/131/2337 641/129/2338 741/121/2339 609/120/2340
f 609/120/2341 741/121/2342 676/114/2343 541/111/2344
f 741/121/2345 675/122/2346 540/117/2347 676/114/2348
f 641/129/2349 532/124/2350 675/122/2351 741/121/2352
f 534/128/2353 602/130/2354 742/119/2355 677/118/2356
f 677/118/2357 742/119/2358 610/109/2359 542/107/2360
f 742/119/2361 609/120/2362 541/111/2363 610/109/2364
f 602/130/2365 533/131/2366 609/120/2367 742/119/2368
f 535/126/2369 671/127/2370 743/116/2371 611/115/2372
f 611/115/2373 743/116/2374 678/106/2375 543/103/2376
f 743/116/2377 677/118/2378 542/107/2379 678/106/2380
f 671/127/2381 534/128/2382 677/118/2383 743/116/2384
f 536/123/2385 704/125/2386 744/113/2387 679/112/2388
f 679/112/2389 744/113/2390 638/102/2391 544/99/2392
f 744/113/2393 611/115/2394 543/103/2395 638/102/2396
f 704/125/2397 535/126/2398 611/115/2399 744/113/2400
f 537/406/2401 612/407/2402 745/418/2403 613/417/2404
f 613/417/2405 745/418/2406 620/428/2407 545/426/2408
f 745/418/2409 686/422/2410 552/431/2411 620/428/2412
f 612/407/2413 544/410/2414 686/422/2415 745/418/2416
f 538/402/2417 606/403/2418 746/414/2419 680/412/2420
f 680/412/2421 746/414/2422 614/423/2423 546/420/2424
f 746/414/2425 613/417/2426 545/426/2427 614/423/2428
f 606/403/2429 537/406/2430 613/417/2431 746/414/2432
f 539/398/2433 674/400/2434 747/408/2435 615/405/2436
f 615/405/2437 747/408/2438 681/416/2439 547/413/2440
f 747/408/2441 680/412/2442 546/420/2443 681/416/2444
f 674/400/2445 538/402/2446 680/412/2447 747/408/2448
f 540/393/2449 608/396/2450 748/401/2451 682/399/2452
f 682/399/2453 748/401/2454 616/409/2455 548/404/2456
f 748/401/2457 615/405/2458 547/413/2459 616/409/2460
f 608/396/2461 539/398/2462 615/405/2463 748/401/2464
f 541/111/2465 676/114/2466 749/108/2467 617/104/2468
f 617/104/2469 749/108/2470 683/101/2471 549/96/2472
f 749/108/2473 682/110/2474 548/105/2475 683/101/2476
f 676/114/2477 540/117/2478 682/110/2479 749/108/2480
f 542/107/2481 610/109/2482 750/100/2483 684/97/2484
f 684/97/2485 750/100/2486 618/93/2487 550/88/2488
f 750/100/2489 617/104/2490 549/96/2491 618/93/2492
f 610/109/2493 541/111/2494 617/104/2495 750/100/2496
f 543/103/2497 678/106/2498 751/95/2499 619/92/2500
f 619/92/2501 751/95/2502 685/86/2503 551/83/2504
f 751/95/2505 684/97/2506 550/88/2507 685/86/2508
f 678/106/2509 542/107/2510 684/97/2511 751/95/2512
f 544/99/2513 638/102/2514 752/91/2515 686/87/2516
f 686/87/2517 752/91/2518 640/81/2519 552/78/2520
f 752/91/2521 619/92/2522 551/83/2523 640/81/2524
f 638/102/2525 543/103/2526 619/92/2527 752/91/2528
f 545/426/2529 620/428/2530 753/435/2531 621/434/2532
f 621/434/2533 753/435/2534 628/445/2535 553/442/2536
f 753/435/2537 693/439/2538 560/447/2539 628/445/2540
f 620/428/2541 552/431/2542 693/439/2543 753/435/2544
f 546/420/2545 614/423/2546 754/430/2547 687/427/2548
f 687/427/2549 754/430/2550 622/440/2551 554/436/2552
f 754/430/2553 621/434/2554 553/442/2555 622/440/2556
f 614/423/2557 545/426/2558 621/434/2559 754/430/2560
f 547/413/2561 681/416/2562 755/424/2563 623/419/2564
f 623/419/2565 755/424/2566 688/433/2567 555/429/2568
f 755/424/2569 687/427/2570 554/436/2571 688/433/2572
f 681/416/2573 546/420/2574 687/427/2575 755/424/2576
f 548/404/2577 616/409/2578 756/415/2579 689/411/2580
f 689/411/2581 756/415/2582 624/425/2583 556/421/2584
f 756/415/2585 623/419/2586 555/429/2587 624/425/2588
f 616/409/2589 547/413/2590 623/419/2591 756/415/2592
f 549/96/2593 683/101/2594 757/94/2595 625/90/2596
f 625/90/2597 757/94/2598 690/84/2599 557/80/2600
f 757/94/2601 689/98/2602 556/89/2603 690/84/2604
f 683/101/2605 548/105/2606 689/98/2607 757/94/2608
f 550/88/2609 618/93/2610 758/85/2611 691/82/2612
f 691/82/2613 758/85/2614 626/76/2615 558/73/2616
f 758/85/2617 625/90/2618 557/80/2619 626/76/2620
f 618/93/2621 549/96/2622 625/90/2623 758/85/2624
f 551/83/2625 685/86/2626 759/79/2627 627/75/2628
f 627/75/2629 759/79/2630 692/69/2631 559/67/2632
f 759/79/2633 691/82/2634 558/73/2635 692/69/2636
f 685/86/2637 550/88/2638 691/82/2639 759/79/2640
f 552/78/2641 640/81/2642 760/72/2643 693/70/2644
f 693/70/2645 760/72/2646 703/63/2647 560/61/2648
f 760/72/2649 627/75/2650 559/67/2651 703/63/2652
f 640/81/2653 551/83/2654 627/75/2655 760/72/2656
f 553/442/2657 628/445/2658 761/459/2659 629/455/2660
f 629/455/2661 761/459/2662 636/471/2663 561/469/2664
f 761/459/2665 700/463/2666 568/475/2667 636/471/2668
f 628/445/2669 560/447/2670 700/463/2671 761/459/2672
f 554/436/2673 622/440/2674 762/452/2675 694/449/2676
f 694/449/2677 762/452/2678 630/464/2679 562/458/2680
f 762/452/2681 629/455/2682 561/469/2683 630/464/2684
f 622/440/2685 553/442/2686 629/455/2687 762/452/2688
f 555/429/2689 688/433/2690 763/444/2691 631/441/2692
f 631/441/2693 763/444/2694 695/454/2695 563/448/2696
f 763/444/2697 694/449/2698 562/458/2699 695/454/2700
f 688/433/2701 554/436/2702 694/449/2703 763/444/2704
f 556/421/2705 624/425/2706 764/437/2707 696/432/2708
f 696/432/2709 764/437/2710 632/443/2711 564/438/2712
f 764/437/2713 631/441/2714 563/448/2715 632/443/2716
f 624/425/2717 555/429/2718 631/441/2719 764/437/2720
f 557/80/2721 690/84/2722 765/74/2723 633/68/2724
f 633/68/2725 765/74/2726 697/66/2727 565/62/2728
f 765/74/2729 696/77/2730 564/71/2731 697/66/2732
f 690/84/2733 556/89/2734 696/77/2735 765/74/2736
f 558/73/2737 626/76/2738 766/65/2739 698/60/2740
f 698/60/2741 766/65/2742 634/55/2743 566/51/2744
f 766/65/2745 633/68/2746 565/62/2747 634/55/2748
f 626/76/2749 557/80/2750 633/68/2751 766/65/2752
f 559/67/2753 692/69/2754 767/56/2755 635/53/2756
f 635/53/2757 767/56/2758 699/44/2759 567/40/2760
f 767/56/2761 698/60/2762 566/51/2763 699/44/2764
f 692/69/2765 558/73/2766 698/60/2767 767/56/2768
f 560/61/2769 703/63/2770 768/48/2771 700/46/2772
f 700/46/2773 768/48/2774 702/37/2775 568/34/2776
f 768/48/2777 635/53/2778 567/40/2779 702/37/2780
f 703/63/2781 559/67/2782 635/53/2783 768/48/2784
f 502/204/2785 235/215/2786 571/199/2787
f 571/199/2788 235/215/2789 236/212/2790
f 571/199/2791 237/209/2792 501/193/2793
f 501/193/2794 237/209/2795 238/206/2796
f 501/193/2797 239/201/2798 643/189/2799
f 643/189/2800 239/201/2801 240/198/2802
f 643/189/2803 241/195/2804 500/183/2805
f 500/183/2806 241/195/2807 234/190/2808
f 500/326/2809 233/315/2810 570/321/2811
f 570/321/2812 233/315/2813 232/311/2814
f 570/321/2815 231/308/2816 499/316/2817
f 499/316/2818 231/308/2819 230/303/2820
f 499/316/2821 229/300/2822 642/310/2823
f 642/310/2824 229/300/2825 228/296/2826
f 642/310/2827 227/293/2828 498/304/2829
f 498/304/2830 227/293/2831 120/290/2832
f 630/464/2833 53/476/2834 562/458/2835
f 630/464/2836 55/481/2837 54/479/2838
f 561/469/2839 55/481/2840 630/464/2841
f 561/469/2842 57/485/2843 56/483/2844
f 636/471/2845 57/485/2846 561/469/2847
f 636/471/2848 59/487/2849 58/486/2850
f 568/475/2851 59/487/2852 636/471/2853
f 568/34/2854 68/21/2855 60/20/2856
f 702/37/2857 68/21/2858 568/34/2859
f 702/37/2860 66/24/2861 67/23/2862
f 567/40/2863 66/24/2864 702/37/2865
f 567/40/2866 64/28/2867 65/26/2868
f 699/44/2869 64/28/2870 567/40/2871
f 699/44/2872 62/31/2873 63/30/2874
f 566/51/2875 62/31/2876 699/44/2877
f 566/51/2878 250/38/2879 61/35/2880
f 634/55/2881 250/38/2882 566/51/2883
f 634/55/2884 252/45/2885 251/41/2886
f 565/62/2887 252/45/2888 634/55/2889
f 565/62/2890 254/54/2891 253/49/2892
f 697/66/2893 254/54/2894 565/62/2895
f 697/66/2896 256/59/2897 255/57/2898
f 564/71/2899 256/59/2900 697/66/2901
f 564/438/2902 248/450/2903 249/446/2904
f 632/443/2905 248/450/2906 564/438/2907
f 632/443/2908 246/456/2909 247/453/2910
f 563/448/2911 246/456/2912 632/443/2913
f 563/448/2914 244/465/2915 245/461/2916
f 695/454/2917 244/465/2918 563/448/2919
f 695/454/2920 242/470/2921 243/467/2922
f 562/458/2923 242/470/2924 695/454/2925
f 562/458/2926 53/476/2927 52/474/2928
f 630/464/2929 54/479/2930 53/476/2931
f 561/469/2932 56/483/2933 55/481/2934
f 636/471/2935 58/486/2936 57/485/2937
f 568/475/2938 60/489/2939 59/487/2940
f 702/37/2941 67/23/2942 68/21/2943
f 567/40/2944 65/26/2945 66/24/2946
f 699/44/2947 63/30/2948 64/28/2949
f 566/51/2950 61/35/2951 62/31/2952
f 634/55/2953 251/41/2954 250/38/2955
f 565/62/2956 253/49/2957 252/45/2958
f 697/66/2959 255/57/2960 254/54/2961
f 564/71/2962 249/64/2963 256/59/2964
f 632/443/2965 247/453/2966 248/450/2967
f 563/448/2968 245/461/2969 246/456/2970
f 695/454/2971 243/467/2972 244/465/2973
f 562/458/2974 52/474/2975 242/470/2976
f 502/204/2977 130/222/2978 129/219/2979
f 644/210/2980 130/222/2981 502/204/2982
f 644/210/2983 132/226/2984 131/224/2985
f 503/214/2986 132/226/2987 644/210/2988
f 503/214/2989 134/230/2990 133/228/2991
f 637/218/2992 134/230/2993 503/214/2994
f 637/218/2995 136/233/2996 135/231/2997
f 504/220/2998 136/233/2999 637/218/3000
f 504/289/3001 127/276/3002 128/274/3003
f 572/291/3004 127/276/3005 504/289/3006
f 572/291/3007 125/279/3008 126/277/3009
f 497/295/3010 125/279/3011 572/291/3012
f 497/295/3013 123/282/3014 124/281/3015
f 569/298/3016 123/282/3017 497/295/3018
f 569/298/3019 121/286/3020 122/285/3021
f 498/304/3022 121/286/3023 569/298/3024
f 502/204/3025 129/219/3026 235/215/3027
f 571/199/3028 236/212/3029 237/209/3030
f 501/193/3031 238/206/3032 239/201/3033
f 643/189/3034 240/198/3035 241/195/3036
f 500/326/3037 234/319/3038 233/315/3039
f 570/321/3040 232/311/3041 231/308/3042
f 499/316/3043 230/303/3044 229/300/3045
f 642/310/3046 228/296/3047 227/293/3048
f 644/210/3049 131/224/3050 130/222/3051
f 503/214/3052 133/228/3053 132/226/3054
f 637/218/3055 135/231/3056 134/230/3057
f 504/220/3058 128/235/3059 136/233/3060
f 572/291/3061 126/277/3062 127/276/3063
f 497/295/3064 124/281/3065 125/279/3066
f 569/298/3067 122/285/3068 123/282/3069
f 498/304/3070 120/290/3071 121/286/3072
f 428/742/3073 11/730/3074 10/733/3075
f 495/736/3076 12/729/3077 11/730/3078
f 495/736/3079 13/726/3080 12/729/3081
f 372/732/3082 14/723/3083 13/726/3084
f 372/732/3085 15/721/3086 14/723/3087
f 496/727/3088 16/719/3089 15/721/3090
f 496/727/3091 17/717/3092 16/719/3093
f 429/724/3094 9/715/3095 17/717/3096
f 429/701/3097 8/708/3098 9/710/3099
f 489/698/3100 7/706/3101 8/708/3102
f 489/698/3103 6/704/3104 7/706/3105
f 369/693/3106 5/702/3107 6/704/3108
f 369/693/3109 4/700/3110 5/702/3111
f 490/688/3112 3/697/3113 4/700/3114
f 490/688/3115 2/695/3116 3/697/3117
f 426/683/3118 1/692/3119 2/695/3120
f 494/749/3121 428/742/3122 160/735/3123
f 371/756/3124 494/749/3125 162/743/3126
f 493/765/3127 371/756/3128 164/750/3129
f 427/769/3130 493/765/3131 166/758/3132
f 492/661/3133 427/656/3134 158/668/3135
f 370/669/3136 492/661/3137 156/675/3138
f 491/676/3139 370/669/3140 154/682/3141
f 426/683/3142 491/676/3143 152/689/3144
f 428/742/3145 495/736/3146 11/730/3147
f 495/736/3148 372/732/3149 13/726/3150
f 372/732/3151 496/727/3152 15/721/3153
f 496/727/3154 429/724/3155 17/717/3156
f 429/701/3157 489/698/3158 8/708/3159
f 489/698/3160 369/693/3161 6/704/3162
f 369/693/3163 490/688/3164 4/700/3165
f 490/688/3166 426/683/3167 2/695/3168
f 438/876/3169 145/892/3170 381/884/3171
f 438/876/3172 147/886/3173 146/889/3174
f 317/868/3175 147/886/3176 438/876/3177
f 317/868/3178 149/879/3179 148/882/3180
f 437/862/3181 149/879/3182 317/868/3183
f 437/862/3184 151/872/3185 150/874/3186
f 379/856/3187 151/872/3188 437/862/3189
f 379/569/3190 143/555/3191 144/559/3192
f 436/563/3193 143/555/3194 379/569/3195
f 436/563/3196 141/546/3197 142/551/3198
f 315/558/3199 141/546/3200 436/563/3201
f 315/558/3202 139/539/3203 140/543/3204
f 435/549/3205 139/539/3206 315/558/3207
f 435/549/3208 137/533/3209 138/536/3210
f 377/541/3211 137/533/3212 435/549/3213
f 377/541/3214 70/527/3215 69/529/3216
f 381/884/3217 78/896/3218 79/898/3219
f 439/890/3220 80/901/3221 81/903/3222
f 319/894/3223 82/905/3224 83/907/3225
f 440/899/3226 84/909/3227 85/911/3228
f 383/523/3229 77/512/3230 76/514/3231
f 433/526/3232 75/516/3233 74/518/3234
f 313/531/3235 73/520/3236 72/522/3237
f 434/535/3238 71/525/3239 70/527/3240
f 438/876/3241 146/889/3242 145/892/3243
f 317/868/3244 148/882/3245 147/886/3246
f 437/862/3247 150/874/3248 149/879/3249
f 379/856/3250 144/866/3251 151/872/3252
f 436/563/3253 142/551/3254 143/555/3255
f 315/558/3256 140/543/3257 141/546/3258
f 435/549/3259 138/536/3260 139/539/3261
f 377/541/3262 69/529/3263 137/533/3264
