# This file uses centimeters as units for non-parametric coordinates.

mtllib UPipe.mtl
g default
v -55.068649 13.950722 -36.712433
v -55.068649 87.375587 -36.712433
v -47.906403 13.950722 -36.007011
v -47.906403 87.375587 -36.007011
v -41.019402 13.950722 -33.917862
v -41.019402 87.375587 -33.917862
v -34.672318 13.950722 -30.525269
v -34.672318 87.375587 -30.525269
v -29.109039 13.950722 -25.959610
v -29.109039 87.375587 -25.959610
v -24.543381 13.950722 -20.396336
v -24.543381 87.375587 -20.396336
v -21.150791 13.950722 -14.049240
v -21.150791 87.375587 -14.049240
v -19.061642 13.950722 -7.162241
v -19.061642 87.375587 -7.162241
v -18.356216 13.950722 0.000000
v -18.356216 87.375587 0.000000
v -19.061642 13.950722 7.162241
v -19.061642 87.375587 7.162241
v -21.150791 13.950722 14.049240
v -21.150791 87.375587 14.049240
v -24.543381 13.950722 20.396336
v -24.543381 87.375587 20.396336
v -29.109039 13.950722 25.959610
v -29.109039 87.375587 25.959610
v -34.672318 13.950722 30.525269
v -34.672318 87.375587 30.525269
v -41.019402 13.950722 33.917862
v -41.019402 87.375587 33.917862
v -47.906403 13.950722 36.007011
v -47.906403 87.375587 36.007011
v -55.068649 13.950722 36.712433
v -55.068649 87.375587 36.712433
v -62.230896 13.950722 36.007011
v -62.230896 87.375587 36.007011
v -69.117889 13.950722 33.917862
v -69.117889 87.375587 33.917862
v -75.464981 13.950722 30.525269
v -75.464981 87.375587 30.525269
v -81.028259 13.950722 25.959610
v -81.028259 87.375587 25.959610
v -85.593933 13.950722 20.396336
v -85.593933 87.375587 20.396336
v -88.986526 13.950722 14.049240
v -88.986526 87.375587 14.049240
v -91.075653 13.950722 7.162241
v -91.075653 87.375587 7.162241
v -91.781082 13.950722 0.000000
v -91.781082 87.375587 0.000000
v -91.075653 13.950722 -7.162241
v -91.075653 87.375587 -7.162241
v -88.986526 13.950722 -14.049240
v -88.986526 87.375587 -14.049240
v -85.593933 13.950722 -20.396336
v -85.593933 87.375587 -20.396336
v -81.028259 13.950722 -25.959610
v -81.028259 87.375587 -25.959610
v -75.464981 13.950722 -30.525269
v -75.464981 87.375587 -30.525269
v -69.117889 13.950722 -33.917862
v -69.117889 87.375587 -33.917862
v -62.230896 13.950722 -36.007011
v -62.230896 87.375587 -36.007011
v 55.068649 13.950722 -36.712433
v 55.068649 87.375587 -36.712433
v 62.230888 13.950722 -36.007011
v 62.230888 87.375587 -36.007011
v 69.117889 13.950722 -33.917862
v 69.117889 87.375587 -33.917862
v 75.464981 13.950722 -30.525269
v 75.464981 87.375587 -30.525269
v 81.028259 13.950722 -25.959610
v 81.028259 87.375587 -25.959610
v 85.593918 13.950722 -20.396336
v 85.593918 87.375587 -20.396336
v 88.986511 13.950722 -14.049240
v 88.986511 87.375587 -14.049240
v 91.075668 13.950722 -7.162241
v 91.075668 87.375587 -7.162241
v 91.781082 13.950722 0.000000
v 91.781082 87.375587 0.000000
v 91.075668 13.950722 7.162241
v 91.075668 87.375587 7.162241
v 88.986511 13.950722 14.049240
v 88.986511 87.375587 14.049240
v 85.593918 13.950722 20.396336
v 85.593918 87.375587 20.396336
v 81.028259 13.950722 25.959610
v 81.028259 87.375587 25.959610
v 75.464981 13.950722 30.525269
v 75.464981 87.375587 30.525269
v 69.117889 13.950722 33.917862
v 69.117889 87.375587 33.917862
v 62.230888 13.950722 36.007011
v 62.230888 87.375587 36.007011
v 55.068649 13.950722 36.712433
v 55.068649 87.375587 36.712433
v 47.906410 13.950722 36.007011
v 47.906410 87.375587 36.007011
v 41.019402 13.950722 33.917862
v 41.019402 87.375587 33.917862
v 34.672318 13.950722 30.525269
v 34.672318 87.375587 30.525269
v 29.109035 13.950722 25.959610
v 29.109035 87.375587 25.959610
v 24.543381 13.950722 20.396336
v 24.543381 87.375587 20.396336
v 21.150780 13.950722 14.049240
v 21.150780 87.375587 14.049240
v 19.061630 13.950722 7.162241
v 19.061630 87.375587 7.162241
v 18.356216 13.950722 0.000000
v 18.356216 87.375587 0.000000
v 19.061630 13.950722 -7.162241
v 19.061630 87.375587 -7.162241
v 21.150780 13.950722 -14.049240
v 21.150780 87.375587 -14.049240
v 24.543381 13.950722 -20.396336
v 24.543381 87.375587 -20.396336
v 29.109035 13.950722 -25.959610
v 29.109035 87.375587 -25.959610
v 34.672318 13.950722 -30.525269
v 34.672318 87.375587 -30.525269
v 41.019402 13.950722 -33.917862
v 41.019402 87.375587 -33.917862
v 47.906410 13.950722 -36.007011
v 47.906410 87.375587 -36.007011
v -53.463150 101.985634 -36.712433
v -48.967743 114.347984 -36.712433
v -42.064095 124.462624 -36.712433
v -33.233841 132.329559 -36.712433
v -22.958641 137.948822 -36.712433
v -11.720144 141.320374 -36.712433
v 0.000007 142.444214 -36.712433
v 11.720160 141.320374 -36.712433
v 22.958660 137.948822 -36.712433
v 33.233856 132.329559 -36.712433
v 42.064110 124.462624 -36.712433
v 48.967758 114.347984 -36.712433
v 53.463165 101.985634 -36.712433
v -60.416580 103.885811 -36.007011
v -55.336502 117.856010 -36.007011
v -47.534958 129.286163 -36.007011
v -37.556259 138.176300 -36.007011
v -25.944664 144.526398 -36.007011
v -13.244480 148.336426 -36.007011
v -0.000006 149.606445 -36.007011
v 13.244469 148.336426 -36.007011
v 25.944645 144.526398 -36.007011
v 37.556236 138.176300 -36.007011
v 47.534943 129.286163 -36.007011
v 55.336487 117.856010 -36.007011
v 60.416557 103.885811 -36.007011
v -67.102798 105.712990 -33.917862
v -61.460510 121.229240 -33.917862
v -52.795593 133.924377 -33.917862
v -41.712547 143.798340 -33.917862
v -28.815910 150.851196 -33.917862
v -14.710224 155.082886 -33.917862
v -0.000010 156.493469 -33.917862
v 14.710213 155.082886 -33.917862
v 28.815907 150.851196 -33.917862
v 41.712532 143.798340 -33.917862
v 52.795578 133.924377 -33.917862
v 61.460503 121.229240 -33.917862
v 67.102783 105.712990 -33.917862
v -73.264832 107.396904 -30.525269
v -67.104431 124.338020 -30.525269
v -57.643799 138.198914 -30.525269
v -45.542999 148.979645 -30.525269
v -31.462082 156.680145 -30.525269
v -16.061066 161.300446 -30.525269
v -0.000004 162.840546 -30.525269
v 16.061054 161.300446 -30.525269
v 31.462063 156.680145 -30.525269
v 45.542984 148.979614 -30.525269
v 57.643776 138.198914 -30.525269
v 67.104401 124.338005 -30.525269
v 73.264801 107.396889 -30.525269
v -78.665924 108.872871 -25.959610
v -72.051376 127.062889 -25.959610
v -61.893311 141.945648 -25.959610
v -48.900436 153.521088 -25.959610
v -33.781471 161.789276 -25.959610
v -17.245087 166.750214 -25.959610
v -0.000012 168.403839 -25.959610
v 17.245071 166.750214 -25.959610
v 33.781448 161.789276 -25.959610
v 48.900421 153.521088 -25.959610
v 61.893288 141.945648 -25.959610
v 72.051346 127.062889 -25.959610
v 78.665894 108.872871 -25.959610
v -83.098465 110.084160 -20.396336
v -76.111206 129.299133 -20.396336
v -65.380783 145.020447 -20.396336
v -51.655807 157.248169 -20.396336
v -35.684921 165.982239 -20.396336
v -18.216778 171.222687 -20.396336
v 0.000004 172.969482 -20.396336
v 18.216789 171.222687 -20.396336
v 35.684940 165.982239 -20.396336
v 51.655823 157.248138 -20.396336
v 65.380798 145.020447 -20.396336
v 76.111237 129.299103 -20.396336
v 83.098511 110.084160 -20.396336
v -86.392166 110.984245 -14.049240
v -79.127960 130.960815 -14.049240
v -67.972214 147.305267 -14.049240
v -53.703232 160.017639 -14.049240
v -37.099335 169.097900 -14.049240
v -18.938828 174.546051 -14.049240
v 0.000006 176.362091 -14.049240
v 18.938824 174.546051 -14.049240
v 37.099342 169.097900 -14.049240
v 53.703239 160.017639 -14.049240
v 67.972229 147.305267 -14.049240
v 79.127975 130.960815 -14.049240
v 86.392181 110.984261 -14.049240
v -88.420395 111.538506 -7.162241
v -80.985641 131.984070 -7.162241
v -69.567993 148.712250 -7.162241
v -54.964020 161.723053 -7.162241
v -37.970322 171.016479 -7.162241
v -19.383442 176.592560 -7.162241
v 0.000010 178.451233 -7.162241
v 19.383453 176.592560 -7.162241
v 37.970322 171.016479 -7.162241
v 54.964035 161.723053 -7.162241
v 69.568001 148.712250 -7.162241
v 80.985641 131.984070 -7.162241
v 88.420395 111.538506 -7.162241
v -89.105255 111.725670 0.000000
v -81.612915 132.329590 0.000000
v -70.106842 149.187317 0.000000
v -55.389755 162.298889 0.000000
v -38.264420 171.664307 0.000000
v -19.533596 177.283569 0.000000
v -0.000015 179.156647 0.000000
v 19.533569 177.283569 0.000000
v 38.264404 171.664307 0.000000
v 55.389740 162.298889 0.000000
v 70.106819 149.187317 0.000000
v 81.612900 132.329559 0.000000
v 89.105225 111.725655 0.000000
v -88.420395 111.538506 7.162241
v -80.985641 131.984070 7.162241
v -69.567993 148.712250 7.162241
v -54.964020 161.723053 7.162241
v -37.970322 171.016479 7.162241
v -19.383442 176.592560 7.162241
v 0.000010 178.451233 7.162241
v 19.383453 176.592560 7.162241
v 37.970322 171.016479 7.162241
v 54.964035 161.723053 7.162241
v 69.568001 148.712250 7.162241
v 80.985641 131.984070 7.162241
v 88.420395 111.538506 7.162241
v -86.392166 110.984245 14.049240
v -79.127960 130.960815 14.049240
v -67.972214 147.305267 14.049240
v -53.703232 160.017639 14.049240
v -37.099335 169.097900 14.049240
v -18.938828 174.546051 14.049240
v 0.000006 176.362091 14.049240
v 18.938824 174.546051 14.049240
v 37.099342 169.097900 14.049240
v 53.703239 160.017639 14.049240
v 67.972229 147.305267 14.049240
v 79.127975 130.960815 14.049240
v 86.392181 110.984261 14.049240
v -83.098465 110.084160 20.396336
v -76.111206 129.299133 20.396336
v -65.380783 145.020447 20.396336
v -51.655807 157.248169 20.396336
v -35.684921 165.982239 20.396336
v -18.216778 171.222687 20.396336
v 0.000004 172.969482 20.396336
v 18.216789 171.222687 20.396336
v 35.684940 165.982239 20.396336
v 51.655823 157.248138 20.396336
v 65.380798 145.020447 20.396336
v 76.111237 129.299103 20.396336
v 83.098511 110.084160 20.396336
v -78.665924 108.872871 25.959610
v -72.051376 127.062889 25.959610
v -61.893311 141.945648 25.959610
v -48.900436 153.521088 25.959610
v -33.781471 161.789276 25.959610
v -17.245087 166.750214 25.959610
v -0.000012 168.403839 25.959610
v 17.245071 166.750214 25.959610
v 33.781448 161.789276 25.959610
v 48.900421 153.521088 25.959610
v 61.893288 141.945648 25.959610
v 72.051346 127.062889 25.959610
v 78.665894 108.872871 25.959610
v -73.264832 107.396904 30.525269
v -67.104431 124.338020 30.525269
v -57.643799 138.198914 30.525269
v -45.542999 148.979645 30.525269
v -31.462082 156.680145 30.525269
v -16.061066 161.300446 30.525269
v -0.000004 162.840546 30.525269
v 16.061054 161.300446 30.525269
v 31.462063 156.680145 30.525269
v 45.542984 148.979614 30.525269
v 57.643776 138.198914 30.525269
v 67.104401 124.338005 30.525269
v 73.264801 107.396889 30.525269
v -67.102798 105.712990 33.917862
v -61.460510 121.229240 33.917862
v -52.795593 133.924377 33.917862
v -41.712547 143.798340 33.917862
v -28.815910 150.851196 33.917862
v -14.710224 155.082886 33.917862
v -0.000010 156.493469 33.917862
v 14.710213 155.082886 33.917862
v 28.815907 150.851196 33.917862
v 41.712532 143.798340 33.917862
v 52.795578 133.924377 33.917862
v 61.460503 121.229240 33.917862
v 67.102783 105.712990 33.917862
v -60.416580 103.885811 36.007011
v -55.336502 117.856010 36.007011
v -47.534958 129.286163 36.007011
v -37.556259 138.176300 36.007011
v -25.944664 144.526398 36.007011
v -13.244480 148.336426 36.007011
v -0.000006 149.606445 36.007011
v 13.244469 148.336426 36.007011
v 25.944645 144.526398 36.007011
v 37.556236 138.176300 36.007011
v 47.534943 129.286163 36.007011
v 55.336487 117.856010 36.007011
v 60.416557 103.885811 36.007011
v -53.463150 101.985634 36.712433
v -48.967743 114.347984 36.712433
v -42.064095 124.462624 36.712433
v -33.233841 132.329559 36.712433
v -22.958641 137.948822 36.712433
v -11.720144 141.320374 36.712433
v 0.000007 142.444214 36.712433
v 11.720160 141.320374 36.712433
v 22.958660 137.948822 36.712433
v 33.233856 132.329559 36.712433
v 42.064110 124.462624 36.712433
v 48.967758 114.347984 36.712433
v 53.463165 101.985634 36.712433
v -46.509720 100.085442 36.007011
v -42.598991 110.839943 36.007011
v -36.593231 119.639076 36.007011
v -28.911453 126.482857 36.007011
v -19.972645 131.371246 36.007011
v -10.195827 134.304291 36.007011
v 0.000006 135.281982 36.007011
v 10.195831 134.304291 36.007011
v 19.972649 131.371246 36.007011
v 28.911453 126.482857 36.007011
v 36.593239 119.639076 36.007011
v 42.598999 110.839943 36.007011
v 46.509727 100.085457 36.007011
v -39.823509 98.258278 33.917862
v -36.474983 107.466713 33.917862
v -31.332603 115.000893 33.917862
v -24.755157 120.860802 33.917862
v -17.101379 125.046471 33.917862
v -8.730082 127.557854 33.917862
v 0.000000 128.394989 33.917862
v 8.730074 127.557854 33.917862
v 17.101379 125.046471 33.917862
v 24.755142 120.860802 33.917862
v 31.332600 115.000893 33.917862
v 36.474968 107.466728 33.917862
v 39.823486 98.258293 33.917862
v -33.661461 96.574364 30.525269
v -30.831062 104.357933 30.525269
v -26.484390 110.726326 30.525269
v -20.924698 115.679512 30.525269
v -14.455231 119.217491 30.525269
v -7.379242 121.340294 30.525269
v -0.000004 122.047890 30.525269
v 7.379234 121.340294 30.525269
v 14.455219 119.217491 30.525269
v 20.924686 115.679512 30.525269
v 26.484390 110.726326 30.525269
v 30.831066 104.357948 30.525269
v 33.661457 96.574364 30.525269
v -28.260384 95.098396 25.959610
v -25.884125 101.633064 25.959610
v -22.234886 106.979637 25.959610
v -17.567257 111.138054 25.959610
v -12.135845 114.108376 25.959610
v -6.195219 115.890556 25.959610
v -0.000004 116.484612 25.959610
v 6.195219 115.890556 25.959610
v 12.135838 114.108360 25.959610
v 17.567261 111.138054 25.959610
v 22.234894 106.979622 25.959610
v 25.884132 101.633064 25.959610
v 28.260380 95.098381 25.959610
v -23.827835 93.887100 20.396336
v -21.824287 99.396828 20.396336
v -18.747414 103.904808 20.396336
v -14.811897 107.411003 20.396336
v -10.232368 109.915428 20.396336
v -5.223518 111.418083 20.396336
v 0.000004 111.918968 20.396336
v 5.223519 111.418083 20.396336
v 10.232370 109.915428 20.396336
v 14.811893 107.411003 20.396336
v 18.747425 103.904808 20.396336
v 21.824291 99.396828 20.396336
v 23.827827 93.887093 20.396336
v -20.534142 92.987022 14.049240
v -18.807541 97.735146 14.049240
v -16.155994 101.619987 14.049240
v -12.764469 104.641533 14.049240
v -8.817968 106.799767 14.049240
v -4.501478 108.094719 14.049240
v -0.000002 108.526360 14.049240
v 4.501474 108.094719 14.049240
v 8.817963 106.799767 14.049240
v 12.764465 104.641518 14.049240
v 16.155991 101.619972 14.049240
v 18.807549 97.735146 14.049240
v 20.534138 92.987015 14.049240
v -18.505905 92.432755 7.162241
v -16.949856 96.711891 7.162241
v -14.560196 100.213005 7.162241
v -11.503672 102.936089 7.162241
v -7.946981 104.881157 7.162241
v -4.056857 106.048195 7.162241
v -0.000009 106.437202 7.162241
v 4.056840 106.048180 7.162241
v 7.946972 104.881142 7.162241
v 11.503662 102.936073 7.162241
v 14.560192 100.212990 7.162241
v 16.949841 96.711876 7.162241
v 18.505894 92.432724 7.162241
v -17.821053 92.245605 0.000000
v -16.322578 96.366379 0.000000
v -14.021366 99.737923 0.000000
v -11.077950 102.360252 0.000000
v -7.652884 104.233330 0.000000
v -3.906719 105.357170 0.000000
v 0.000000 105.731789 0.000000
v 3.906719 105.357170 0.000000
v 7.652884 104.233330 0.000000
v 11.077950 102.360252 0.000000
v 14.021366 99.737923 0.000000
v 16.322578 96.366379 0.000000
v 17.821053 92.245605 0.000000
v -18.505905 92.432755 -7.162241
v -16.949856 96.711891 -7.162241
v -14.560196 100.213005 -7.162241
v -11.503672 102.936089 -7.162241
v -7.946981 104.881157 -7.162241
v -4.056857 106.048195 -7.162241
v -0.000009 106.437202 -7.162241
v 4.056840 106.048180 -7.162241
v 7.946972 104.881142 -7.162241
v 11.503662 102.936073 -7.162241
v 14.560192 100.212990 -7.162241
v 16.949841 96.711876 -7.162241
v 18.505894 92.432724 -7.162241
v -20.534142 92.987022 -14.049240
v -18.807541 97.735146 -14.049240
v -16.155994 101.619987 -14.049240
v -12.764469 104.641533 -14.049240
v -8.817968 106.799767 -14.049240
v -4.501478 108.094719 -14.049240
v -0.000002 108.526360 -14.049240
v 4.501474 108.094719 -14.049240
v 8.817963 106.799767 -14.049240
v 12.764465 104.641518 -14.049240
v 16.155991 101.619972 -14.049240
v 18.807549 97.735146 -14.049240
v 20.534138 92.987015 -14.049240
v -23.827835 93.887100 -20.396336
v -21.824287 99.396828 -20.396336
v -18.747414 103.904808 -20.396336
v -14.811897 107.411003 -20.396336
v -10.232368 109.915428 -20.396336
v -5.223518 111.418083 -20.396336
v 0.000004 111.918968 -20.396336
v 5.223519 111.418083 -20.396336
v 10.232370 109.915428 -20.396336
v 14.811893 107.411003 -20.396336
v 18.747425 103.904808 -20.396336
v 21.824291 99.396828 -20.396336
v 23.827827 93.887093 -20.396336
v -28.260384 95.098396 -25.959610
v -25.884125 101.633064 -25.959610
v -22.234886 106.979637 -25.959610
v -17.567257 111.138054 -25.959610
v -12.135845 114.108376 -25.959610
v -6.195219 115.890556 -25.959610
v -0.000004 116.484612 -25.959610
v 6.195219 115.890556 -25.959610
v 12.135838 114.108360 -25.959610
v 17.567261 111.138054 -25.959610
v 22.234894 106.979622 -25.959610
v 25.884132 101.633064 -25.959610
v 28.260380 95.098381 -25.959610
v -33.661461 96.574364 -30.525269
v -30.831062 104.357933 -30.525269
v -26.484390 110.726326 -30.525269
v -20.924698 115.679512 -30.525269
v -14.455231 119.217491 -30.525269
v -7.379242 121.340294 -30.525269
v -0.000004 122.047890 -30.525269
v 7.379234 121.340294 -30.525269
v 14.455219 119.217491 -30.525269
v 20.924686 115.679512 -30.525269
v 26.484390 110.726326 -30.525269
v 30.831066 104.357948 -30.525269
v 33.661457 96.574364 -30.525269
v -39.823509 98.258278 -33.917862
v -36.474983 107.466713 -33.917862
v -31.332603 115.000893 -33.917862
v -24.755157 120.860802 -33.917862
v -17.101379 125.046471 -33.917862
v -8.730082 127.557854 -33.917862
v 0.000000 128.394989 -33.917862
v 8.730074 127.557854 -33.917862
v 17.101379 125.046471 -33.917862
v 24.755142 120.860802 -33.917862
v 31.332600 115.000893 -33.917862
v 36.474968 107.466728 -33.917862
v 39.823486 98.258293 -33.917862
v 46.509727 100.085457 -36.007011
v 42.598999 110.839943 -36.007011
v 36.593239 119.639076 -36.007011
v 28.911453 126.482857 -36.007011
v 19.972649 131.371246 -36.007011
v 10.195831 134.304291 -36.007011
v 0.000006 135.281982 -36.007011
v -10.195827 134.304291 -36.007011
v -19.972645 131.371246 -36.007011
v -28.911453 126.482857 -36.007011
v -36.593231 119.639076 -36.007011
v -42.598991 110.839943 -36.007011
v -46.509720 100.085442 -36.007011
v -55.068649 13.950722 -25.698704
v -55.031052 87.371452 -25.698765
v -50.055084 13.950722 -25.204910
v -50.018707 87.489723 -25.198338
v -45.234177 13.950722 -23.742504
v -45.201035 87.603775 -23.731392
v -40.791214 13.950722 -21.367691
v -40.762245 87.709091 -21.354465
v -36.896919 13.950722 -18.171726
v -36.872154 87.801491 -18.158661
v -33.700958 13.950722 -14.277433
v -33.679756 87.877327 -14.266319
v -31.326149 13.950722 -9.834469
v -31.307526 87.933685 -9.826509
v -29.863739 13.950722 -5.013568
v -29.846649 87.968376 -5.009443
v -29.369949 13.950722 0.000000
v -29.353340 87.980072 0.000000
v -29.863739 13.950722 5.013568
v -29.846649 87.968376 5.009443
v -31.326149 13.950722 9.834469
v -31.307526 87.933685 9.826509
v -33.700958 13.950722 14.277433
v -33.679756 87.877327 14.266319
v -36.896919 13.950722 18.171726
v -36.872154 87.801491 18.158661
v -40.791214 13.950722 21.367691
v -40.762245 87.709091 21.354465
v -45.234177 13.950722 23.742504
v -45.201035 87.603775 23.731392
v -50.055084 13.950722 25.204910
v -50.018707 87.489723 25.198338
v -55.068649 13.950722 25.698704
v -55.031052 87.371452 25.698765
v -60.082214 13.950722 25.204910
v -60.046310 87.253677 25.212803
v -64.903122 13.950722 23.742504
v -64.872208 87.140968 23.758072
v -69.346085 13.950722 21.367687
v -69.323242 87.037682 21.389236
v -73.240372 13.950722 18.171726
v -73.227722 86.947647 18.196186
v -76.436340 13.950722 14.277433
v -76.434418 86.874168 14.300880
v -78.811157 13.950722 9.834465
v -78.818726 86.819809 9.852884
v -80.273560 13.950722 5.013571
v -80.287628 86.786446 5.023697
v -80.767349 13.950722 0.000000
v -80.783737 86.775192 0.000000
v -80.273560 13.950722 -5.013571
v -80.287628 86.786446 -5.023697
v -78.811157 13.950722 -9.834465
v -78.818726 86.819809 -9.852884
v -76.436340 13.950722 -14.277433
v -76.434418 86.874161 -14.300880
v -73.240372 13.950722 -18.171726
v -73.227722 86.947647 -18.196186
v -69.346085 13.950722 -21.367687
v -69.323242 87.037682 -21.389236
v -64.903122 13.950722 -23.742504
v -64.872208 87.140968 -23.758072
v -60.082214 13.950722 -25.204910
v -60.046310 87.253677 -25.212803
v 55.068649 13.950722 -25.698704
v 55.031052 87.371460 -25.698765
v 60.082214 13.950722 -25.204910
v 60.046303 87.253677 -25.212803
v 64.903114 13.950722 -23.742504
v 64.872200 87.140961 -23.758072
v 69.346077 13.950722 -21.367687
v 69.323242 87.037666 -21.389236
v 73.240372 13.950722 -18.171726
v 73.227730 86.947647 -18.196177
v 76.436340 13.950722 -14.277433
v 76.434418 86.874176 -14.300875
v 78.811157 13.950722 -9.834465
v 78.818726 86.819809 -9.852896
v 80.273560 13.950722 -5.013571
v 80.287628 86.786446 -5.023704
v 80.767349 13.950722 0.000000
v 80.783722 86.775200 0.000000
v 80.273560 13.950722 5.013571
v 80.287628 86.786446 5.023704
v 78.811157 13.950722 9.834465
v 78.818726 86.819809 9.852896
v 76.436340 13.950722 14.277433
v 76.434418 86.874176 14.300877
v 73.240372 13.950722 18.171726
v 73.227730 86.947647 18.196177
v 69.346077 13.950722 21.367687
v 69.323242 87.037666 21.389236
v 64.903114 13.950722 23.742504
v 64.872200 87.140961 23.758072
v 60.082214 13.950722 25.204910
v 60.046303 87.253677 25.212803
v 55.068649 13.950722 25.698704
v 55.031052 87.371460 25.698765
v 50.055084 13.950722 25.204910
v 50.018707 87.489723 25.198338
v 45.234177 13.950722 23.742504
v 45.201027 87.603775 23.731392
v 40.791214 13.950722 21.367687
v 40.762260 87.709091 21.354465
v 36.896923 13.950722 18.171726
v 36.872162 87.801491 18.158661
v 33.700962 13.950722 14.277433
v 33.679756 87.877327 14.266317
v 31.326138 13.950722 9.834465
v 31.307514 87.933685 9.826502
v 29.863735 13.950722 5.013571
v 29.846638 87.968369 5.009445
v 29.369946 13.950722 0.000000
v 29.353344 87.980080 0.000000
v 29.863735 13.950722 -5.013571
v 29.846638 87.968369 -5.009445
v 31.326138 13.950722 -9.834465
v 31.307514 87.933685 -9.826502
v 33.700962 13.950722 -14.277433
v 33.679756 87.877327 -14.266317
v 36.896923 13.950722 -18.171726
v 36.872162 87.801491 -18.158661
v 40.791214 13.950722 -21.367687
v 40.762260 87.709091 -21.354465
v 45.234177 13.950722 -23.742504
v 45.201027 87.603775 -23.731392
v 50.055084 13.950722 -25.204910
v 50.018707 87.489723 -25.198338
v -53.382721 101.970100 -25.699005
v -48.891144 114.311577 -25.699028
v -42.002136 124.408363 -25.699009
v -33.190918 132.265625 -25.698971
v -22.933163 137.882233 -25.698933
v -11.708591 141.254211 -25.698902
v 0.000007 142.378540 -25.698895
v 11.708603 141.254211 -25.698902
v 22.933186 137.882233 -25.698933
v 33.190937 132.265625 -25.698971
v 42.002144 124.408363 -25.699009
v 48.891159 114.311577 -25.699028
v 53.382721 101.970100 -25.699005
v -58.257843 103.386482 -25.218464
v -53.376785 116.854774 -25.215385
v -45.888809 127.839790 -25.213478
v -36.294487 136.382843 -25.213787
v -25.098305 142.494812 -25.215416
v -12.821362 146.168732 -25.217003
v -0.000005 147.394775 -25.217636
v 12.821346 146.168732 -25.217003
v 25.098289 142.494781 -25.215416
v 36.294468 136.382843 -25.213787
v 45.888794 127.839790 -25.213478
v 53.376770 116.854759 -25.215385
v 58.257828 103.386482 -25.218464
v -62.948944 104.748512 -23.763180
v -57.689774 119.299446 -23.751270
v -49.624390 131.137787 -23.745312
v -39.277771 140.341034 -23.748245
v -27.180351 146.931580 -23.755978
v -13.891808 150.898163 -23.763039
v -0.000010 152.222900 -23.765793
v 13.891788 150.898163 -23.763042
v 27.180340 146.931580 -23.755978
v 39.277756 140.341034 -23.748245
v 49.624367 131.137787 -23.745316
v 57.689751 119.299446 -23.751274
v 62.948929 104.748497 -23.763184
v -67.273148 106.003120 -21.389664
v -61.659790 121.549232 -21.366623
v -53.060684 134.171570 -21.355888
v -42.023132 143.983948 -21.362534
v -29.098038 151.019165 -21.378307
v -14.878475 155.259247 -21.392479
v -0.000005 156.676575 -21.397968
v 14.878464 155.259247 -21.392479
v 29.098019 151.019165 -21.378307
v 42.023102 143.983948 -21.362534
v 53.060654 134.171570 -21.355888
v 61.659752 121.549217 -21.366623
v 67.273109 106.003105 -21.389664
v -71.062561 107.101845 -18.190790
v -65.132309 123.516762 -18.158728
v -56.063950 136.822998 -18.144264
v -44.423920 147.169891 -18.154152
v -30.777077 154.598907 -18.176638
v -15.743263 159.083160 -18.196663
v -0.000009 160.583435 -18.204397
v 15.743240 159.083160 -18.196663
v 30.777065 154.598938 -18.176634
v 44.423904 147.169891 -18.154144
v 56.063942 136.823029 -18.144249
v 65.132301 123.516762 -18.158703
v 71.062561 107.101845 -18.190765
v -74.171005 108.002556 -14.291466
v -67.974976 125.127174 -14.256409
v -58.520325 138.991638 -14.240858
v -46.388878 149.777557 -14.252062
v -32.153206 157.533417 -14.276979
v -16.452820 162.221924 -14.299044
v 0.000003 163.791870 -14.307537
v 16.452835 162.221924 -14.299040
v 32.153210 157.533386 -14.276974
v 46.388893 149.777557 -14.252052
v 58.520363 138.991638 -14.240841
v 67.975014 125.127174 -14.256388
v 74.171051 108.002556 -14.291451
v -76.479507 108.671135 -9.843164
v -70.082062 126.320763 -9.813223
v -60.339615 140.597809 -9.800058
v -47.845154 151.710266 -9.809826
v -33.174416 159.711426 -9.831276
v -16.979958 164.554413 -9.850193
v -0.000001 166.177246 -9.857462
v 16.979969 164.554413 -9.850191
v 33.174419 159.711426 -9.831272
v 47.845161 151.710266 -9.809826
v 60.339638 140.597809 -9.800066
v 70.082069 126.320763 -9.813234
v 76.479523 108.671150 -9.843184
v -77.900375 109.082497 -5.017595
v -71.377029 127.054268 -5.000345
v -61.457016 141.584290 -4.992800
v -48.740067 152.897919 -4.998491
v -33.802612 161.051361 -5.010906
v -17.304489 165.990723 -5.021827
v 0.000007 167.646667 -5.026018
v 17.304504 165.990723 -5.021831
v 33.802616 161.051331 -5.010916
v 48.740067 152.897919 -4.998512
v 61.457016 141.584290 -4.992828
v 71.377029 127.054268 -5.000383
v 77.900375 109.082497 -5.017624
v -78.380020 109.221321 0.000000
v -71.813828 127.301659 0.000000
v -61.833786 141.916901 0.000000
v -49.041901 153.298523 0.000000
v -34.014618 161.503540 0.000000
v -17.414082 166.475677 0.000000
v -0.000010 168.142914 0.000000
v 17.414059 166.475677 -0.000000
v 34.014595 161.503540 -0.000000
v 49.041885 153.298523 -0.000000
v 61.833763 141.916901 0.000000
v 71.813797 127.301659 -0.000000
v 78.380005 109.221306 0.000000
v -77.900375 109.082497 5.017595
v -71.377029 127.054268 5.000345
v -61.457016 141.584290 4.992800
v -48.740067 152.897919 4.998492
v -33.802605 161.051331 5.010906
v -17.304489 165.990723 5.021826
v 0.000007 167.646667 5.026018
v 17.304504 165.990723 5.021831
v 33.802616 161.051331 5.010916
v 48.740067 152.897919 4.998512
v 61.457016 141.584290 4.992828
v 71.377029 127.054268 5.000384
v 77.900375 109.082497 5.017624
v -76.479507 108.671135 9.843164
v -70.082062 126.320763 9.813223
v -60.339615 140.597809 9.800060
v -47.845154 151.710266 9.809828
v -33.174416 159.711426 9.831278
v -16.979958 164.554413 9.850193
v -0.000001 166.177246 9.857462
v 16.979969 164.554413 9.850191
v 33.174419 159.711426 9.831272
v 47.845161 151.710266 9.809826
v 60.339638 140.597809 9.800064
v 70.082069 126.320763 9.813234
v 76.479523 108.671150 9.843184
v -74.171005 108.002556 14.291466
v -67.974976 125.127174 14.256409
v -58.520325 138.991638 14.240858
v -46.388878 149.777557 14.252064
v -32.153206 157.533417 14.276979
v -16.452820 162.221924 14.299044
v 0.000003 163.791870 14.307537
v 16.452835 162.221924 14.299040
v 32.153210 157.533386 14.276974
v 46.388893 149.777557 14.252050
v 58.520363 138.991638 14.240839
v 67.975014 125.127174 14.256388
v 74.171051 108.002556 14.291451
v -71.062561 107.101845 18.190788
v -65.132309 123.516762 18.158728
v -56.063950 136.822998 18.144266
v -44.423920 147.169891 18.154150
v -30.777077 154.598907 18.176638
v -15.743263 159.083160 18.196663
v -0.000009 160.583435 18.204395
v 15.743240 159.083160 18.196663
v 30.777065 154.598938 18.176634
v 44.423904 147.169891 18.154144
v 56.063942 136.823029 18.144249
v 65.132309 123.516762 18.158703
v 71.062561 107.101845 18.190765
v -67.273148 106.003120 21.389664
v -61.659790 121.549232 21.366623
v -53.060684 134.171570 21.355888
v -42.023125 143.983948 21.362534
v -29.098038 151.019165 21.378307
v -14.878475 155.259247 21.392479
v -0.000005 156.676575 21.397968
v 14.878464 155.259247 21.392479
v 29.098019 151.019165 21.378307
v 42.023102 143.983948 21.362534
v 53.060654 134.171570 21.355888
v 61.659752 121.549217 21.366623
v 67.273109 106.003105 21.389664
v -62.948944 104.748512 23.763180
v -57.689774 119.299446 23.751270
v -49.624390 131.137787 23.745312
v -39.277771 140.341034 23.748245
v -27.180351 146.931580 23.755978
v -13.891808 150.898163 23.763039
v -0.000010 152.222900 23.765793
v 13.891788 150.898163 23.763039
v 27.180340 146.931580 23.755978
v 39.277756 140.341034 23.748245
v 49.624367 131.137787 23.745319
v 57.689751 119.299446 23.751274
v 62.948929 104.748497 23.763184
v -58.257843 103.386482 25.218464
v -53.376785 116.854774 25.215385
v -45.888809 127.839790 25.213478
v -36.294487 136.382843 25.213787
v -25.098305 142.494812 25.215416
v -12.821362 146.168732 25.217003
v -0.000005 147.394775 25.217636
v 12.821346 146.168732 25.217003
v 25.098289 142.494781 25.215416
v 36.294468 136.382843 25.213787
v 45.888794 127.839790 25.213478
v 53.376770 116.854759 25.215385
v 58.257828 103.386482 25.218464
v -53.382721 101.970100 25.699005
v -48.891144 114.311577 25.699028
v -42.002136 124.408363 25.699009
v -33.190918 132.265625 25.698971
v -22.933163 137.882233 25.698933
v -11.708591 141.254211 25.698902
v 0.000007 142.378540 25.698895
v 11.708603 141.254211 25.698902
v 22.933186 137.882233 25.698933
v 33.190937 132.265625 25.698971
v 42.002144 124.408363 25.699009
v 48.891159 114.311577 25.699028
v 53.382721 101.970100 25.699005
v -48.513672 100.554634 25.187294
v -44.411156 111.770851 25.183346
v -38.119896 120.980782 25.182438
v -30.090363 128.153137 25.184692
v -20.769772 133.274658 25.188328
v -10.596601 136.344727 25.191357
v -0.000002 137.367340 25.192505
v 10.596613 136.344727 25.191357
v 20.769779 133.274658 25.188328
v 30.090363 128.153137 25.184692
v 38.119896 120.980782 25.182438
v 44.411156 111.770851 25.183346
v 48.513672 100.554634 25.187294
v -43.839935 99.195259 23.705490
v -40.114319 109.333214 23.691738
v -34.397018 117.693871 23.687542
v -27.115654 124.208397 23.694172
v -18.692688 128.852173 23.705776
v -9.528358 131.629608 23.715622
v -0.000000 132.553467 23.719372
v 9.528351 131.629608 23.715622
v 18.692677 128.852173 23.705776
v 27.115639 124.208412 23.694168
v 34.397003 117.693871 23.687542
v 40.114319 109.333214 23.691738
v 43.839920 99.195259 23.705490
v -39.541847 97.944618 21.314098
v -36.168846 107.094139 21.288193
v -30.980080 114.676994 21.279560
v -24.383331 120.585945 21.291260
v -16.782486 124.786140 21.312435
v -8.544971 127.290001 21.330467
v -0.000004 128.121124 21.337334
v 8.544966 127.290001 21.330467
v 16.782478 124.786140 21.312435
v 24.383324 120.585945 21.291260
v 30.980080 114.676994 21.279560
v 36.168839 107.094139 21.288193
v 39.541847 97.944618 21.314102
v -35.783401 96.850662 18.108747
v -32.725769 105.139519 18.072979
v -28.000229 112.045982 18.060551
v -21.998211 117.424614 18.076197
v -15.112358 121.232079 18.104969
v -7.684084 123.491508 18.129473
v -0.000005 124.239433 18.138790
v 7.684086 123.491508 18.129473
v 15.112358 121.232079 18.104969
v 21.998215 117.424614 18.076199
v 28.000229 112.045982 18.060553
v 32.725780 105.139519 18.072981
v 35.783398 96.850655 18.108749
v -32.706100 95.954758 14.215448
v -29.913147 103.542290 14.176394
v -25.567886 109.898354 14.162491
v -20.049294 114.842033 14.179291
v -13.745270 118.323540 14.210426
v -6.978420 120.378212 14.236904
v 0.000005 121.056099 14.246954
v 6.978430 120.378212 14.236902
v 13.745274 118.323540 14.210426
v 20.049286 114.842033 14.179287
v 25.567886 109.898369 14.162491
v 29.913155 103.542290 14.176394
v 32.706100 95.954773 14.215448
v -30.424133 95.290321 9.784847
v -27.832008 102.360130 9.751461
v -23.769493 108.310432 9.739401
v -18.606895 112.931038 9.753632
v -12.731800 116.167732 9.780111
v -6.454617 118.067345 9.802586
v 0.000009 118.692009 9.811098
v 6.454630 118.067345 9.802580
v 12.731796 116.167717 9.780102
v 18.606880 112.931038 9.753614
v 23.769493 108.310417 9.739386
v 27.832008 102.360115 9.751446
v 30.424129 95.290314 9.784834
v -29.021072 94.881744 4.985985
v -26.554604 101.634361 4.966732
v -22.666325 107.336342 4.959721
v -17.721390 111.758049 4.967894
v -12.108829 114.842720 4.983126
v -6.132322 116.645470 4.996035
v 0.000002 117.236778 5.000921
v 6.132315 116.645454 4.996037
v 12.108810 114.842720 4.983130
v 17.721382 111.758049 4.967898
v 22.666313 107.336327 4.959726
v 26.554596 101.634331 4.966737
v 29.021053 94.881721 4.985986
v -28.547691 94.743889 0.000000
v -26.124023 101.389717 0.000000
v -22.294598 107.008141 0.000000
v -17.422890 111.362694 0.000000
v -11.898659 114.395790 0.000000
v -6.023529 116.165565 0.000000
v 0.000002 116.745522 -0.000000
v 6.023533 116.165565 0.000000
v 11.898670 114.395790 0.000000
v 17.422905 111.362679 -0.000000
v 22.294605 107.008125 -0.000000
v 26.124031 101.389717 0.000000
v 28.547688 94.743896 0.000000
v -29.021072 94.881744 -4.985985
v -26.554604 101.634361 -4.966732
v -22.666325 107.336342 -4.959721
v -17.721390 111.758049 -4.967893
v -12.108829 114.842720 -4.983126
v -6.132322 116.645470 -4.996035
v 0.000002 117.236778 -5.000921
v 6.132315 116.645454 -4.996037
v 12.108807 114.842720 -4.983130
v 17.721386 111.758049 -4.967898
v 22.666313 107.336327 -4.959726
v 26.554596 101.634331 -4.966737
v 29.021053 94.881721 -4.985986
v -30.424133 95.290314 -9.784847
v -27.832008 102.360130 -9.751461
v -23.769493 108.310432 -9.739401
v -18.606895 112.931038 -9.753632
v -12.731800 116.167732 -9.780113
v -6.454617 118.067345 -9.802584
v 0.000009 118.692009 -9.811098
v 6.454630 118.067345 -9.802582
v 12.731796 116.167717 -9.780102
v 18.606880 112.931038 -9.753614
v 23.769493 108.310417 -9.739386
v 27.832008 102.360115 -9.751446
v 30.424129 95.290314 -9.784834
v -32.706100 95.954758 -14.215448
v -29.913147 103.542290 -14.176394
v -25.567886 109.898354 -14.162491
v -20.049294 114.842033 -14.179291
v -13.745270 118.323540 -14.210428
v -6.978418 120.378212 -14.236906
v 0.000005 121.056099 -14.246954
v 6.978430 120.378212 -14.236902
v 13.745274 118.323540 -14.210426
v 20.049286 114.842033 -14.179287
v 25.567886 109.898369 -14.162491
v 29.913158 103.542290 -14.176392
v 32.706100 95.954773 -14.215448
v -35.783401 96.850662 -18.108749
v -32.725777 105.139519 -18.072979
v -28.000229 112.045982 -18.060551
v -21.998211 117.424614 -18.076197
v -15.112358 121.232079 -18.104971
v -7.684084 123.491508 -18.129477
v -0.000005 124.239433 -18.138790
v 7.684088 123.491508 -18.129473
v 15.112358 121.232079 -18.104971
v 21.998215 117.424614 -18.076199
v 28.000229 112.045982 -18.060555
v 32.725780 105.139519 -18.072983
v 35.783394 96.850655 -18.108749
v -39.541847 97.944618 -21.314098
v -36.168846 107.094139 -21.288193
v -30.980080 114.676994 -21.279560
v -24.383331 120.585945 -21.291260
v -16.782490 124.786140 -21.312435
v -8.544970 127.290001 -21.330471
v -0.000004 128.121124 -21.337334
v 8.544966 127.290001 -21.330467
v 16.782478 124.786140 -21.312435
v 24.383324 120.585945 -21.291260
v 30.980080 114.676994 -21.279560
v 36.168839 107.094139 -21.288193
v 39.541847 97.944618 -21.314102
v -43.839935 99.195259 -23.705490
v -40.114319 109.333214 -23.691738
v -34.397018 117.693871 -23.687538
v -27.115654 124.208397 -23.694168
v -18.692688 128.852173 -23.705776
v -9.528358 131.629608 -23.715622
v -0.000000 132.553467 -23.719372
v 9.528351 131.629608 -23.715622
v 18.692677 128.852173 -23.705776
v 27.115639 124.208397 -23.694168
v 34.397003 117.693871 -23.687538
v 40.114319 109.333214 -23.691738
v 43.839920 99.195274 -23.705490
v 48.513672 100.554634 -25.187294
v 44.411156 111.770851 -25.183346
v 38.119896 120.980782 -25.182438
v 30.090363 128.153137 -25.184692
v 20.769779 133.274658 -25.188328
v 10.596613 136.344727 -25.191357
v -0.000002 137.367340 -25.192509
v -10.596601 136.344727 -25.191357
v -20.769772 133.274658 -25.188328
v -30.090363 128.153137 -25.184692
v -38.119896 120.980782 -25.182438
v -44.411156 111.770851 -25.183346
v -48.513672 100.554634 -25.187294
v -55.068649 13.950722 -40.383675
v -47.190186 13.950722 -39.607712
v -39.614487 13.950722 -37.309647
v -32.632683 13.950722 -33.577797
v -26.513084 13.950722 -28.555569
v -21.490856 13.950722 -22.435966
v -17.758999 13.950722 -15.454165
v -15.460930 13.950722 -7.878465
v -14.684978 13.950722 0.000000
v -15.460930 13.950722 7.878465
v -17.758999 13.950722 15.454165
v -21.490856 13.950722 22.435966
v -26.513084 13.950722 28.555569
v -32.632683 13.950722 33.577797
v -39.614487 13.950722 37.309647
v -47.190186 13.950722 39.607712
v -55.068649 13.950722 40.383675
v -62.947113 13.950722 39.607712
v -70.522812 13.950722 37.309647
v -77.504608 13.950722 33.577797
v -83.624222 13.950722 28.555569
v -88.646454 13.950722 22.435966
v -92.378311 13.950722 15.454165
v -94.676376 13.950722 7.878465
v -95.452316 13.950722 0.000000
v -94.676376 13.950722 -7.878465
v -92.378311 13.950722 -15.454165
v -88.646454 13.950722 -22.435966
v -83.624222 13.950722 -28.555569
v -77.504608 13.950722 -33.577797
v -70.522812 13.950722 -37.309647
v -62.947113 13.950722 -39.607712
v 55.068649 13.950722 -40.383675
v 62.947113 13.950722 -39.607712
v 70.522812 13.950722 -37.309647
v 77.504608 13.950722 -33.577797
v 83.624222 13.950722 -28.555569
v 88.646439 13.950722 -22.435966
v 92.378296 13.950722 -15.454165
v 94.676361 13.950722 -7.878465
v 95.452332 13.950722 0.000000
v 94.676361 13.950722 7.878465
v 92.378296 13.950722 15.454165
v 88.646439 13.950722 22.435966
v 83.624222 13.950722 28.555569
v 77.504608 13.950722 33.577797
v 70.522812 13.950722 37.309647
v 62.947113 13.950722 39.607712
v 55.068649 13.950722 40.383675
v 47.190186 13.950722 39.607712
v 39.614487 13.950722 37.309647
v 32.632683 13.950722 33.577797
v 26.513073 13.950722 28.555569
v 21.490849 13.950722 22.435966
v 17.758991 13.950722 15.454165
v 15.460930 13.950722 7.878465
v 14.684971 13.950722 0.000000
v 15.460930 13.950722 -7.878465
v 17.758991 13.950722 -15.454165
v 21.490849 13.950722 -22.435966
v 26.513073 13.950722 -28.555569
v 32.632683 13.950722 -33.577797
v 39.614487 13.950722 -37.309647
v 47.190186 13.950722 -39.607712
v -55.068649 0.000000 -40.383675
v -47.190186 0.000000 -39.607712
v -39.614487 0.000000 -37.309647
v -32.632683 0.000000 -33.577797
v -26.513084 0.000000 -28.555569
v -21.490856 0.000000 -22.435966
v -17.758999 0.000000 -15.454165
v -15.460930 0.000000 -7.878465
v -14.684978 0.000000 0.000000
v -15.460930 0.000000 7.878465
v -17.758999 0.000000 15.454165
v -21.490856 0.000000 22.435966
v -26.513084 0.000000 28.555569
v -32.632683 0.000000 33.577797
v -39.614487 0.000000 37.309647
v -47.190186 0.000000 39.607712
v -55.068649 0.000000 40.383675
v -62.947113 0.000000 39.607712
v -70.522812 0.000000 37.309647
v -77.504608 0.000000 33.577797
v -83.624222 0.000000 28.555569
v -88.646454 0.000000 22.435966
v -92.378311 0.000000 15.454165
v -94.676376 0.000000 7.878465
v -95.452316 0.000000 0.000000
v -94.676376 0.000000 -7.878465
v -92.378311 0.000000 -15.454165
v -88.646454 0.000000 -22.435966
v -83.624222 0.000000 -28.555569
v -77.504608 0.000000 -33.577797
v -70.522812 0.000000 -37.309647
v -62.947113 0.000000 -39.607712
v 55.068649 0.000000 -40.383675
v 62.947113 0.000000 -39.607712
v 70.522812 0.000000 -37.309647
v 77.504608 0.000000 -33.577797
v 83.624222 0.000000 -28.555569
v 88.646439 0.000000 -22.435966
v 92.378296 0.000000 -15.454165
v 94.676361 0.000000 -7.878465
v 95.452332 0.000000 0.000000
v 94.676361 0.000000 7.878465
v 92.378296 0.000000 15.454165
v 88.646439 0.000000 22.435966
v 83.624222 0.000000 28.555569
v 77.504608 0.000000 33.577797
v 70.522812 0.000000 37.309647
v 62.947113 0.000000 39.607712
v 55.068649 0.000000 40.383675
v 47.190186 0.000000 39.607712
v 39.614487 0.000000 37.309647
v 32.632683 0.000000 33.577797
v 26.513073 0.000000 28.555569
v 21.490849 0.000000 22.435966
v 17.758991 0.000000 15.454165
v 15.460930 0.000000 7.878465
v 14.684971 0.000000 0.000000
v 15.460930 0.000000 -7.878465
v 17.758991 0.000000 -15.454165
v 21.490849 0.000000 -22.435966
v 26.513073 0.000000 -28.555569
v 32.632683 0.000000 -33.577797
v 39.614487 0.000000 -37.309647
v 47.190186 0.000000 -39.607712
v -55.068649 0.000000 -25.743652
v -50.046310 0.000000 -25.248993
v -45.216980 0.000000 -23.784031
v -40.766251 0.000000 -21.405064
v -36.865135 0.000000 -18.203510
v -33.663582 0.000000 -14.302406
v -31.284615 0.000000 -9.851669
v -29.819649 0.000000 -5.022336
v -29.324997 0.000000 0.000000
v -29.819649 0.000000 5.022337
v -31.284615 0.000000 9.851669
v -33.663582 0.000000 14.302406
v -36.865135 0.000000 18.203510
v -40.766251 0.000000 21.405064
v -45.216980 0.000000 23.784031
v -50.046310 0.000000 25.248993
v -55.068649 0.000000 25.743652
v -60.090988 0.000000 25.248993
v -64.920319 0.000000 23.784031
v -69.371048 0.000000 21.405060
v -73.272156 0.000000 18.203510
v -76.473709 0.000000 14.302406
v -78.852692 0.000000 9.851667
v -80.317642 0.000000 5.022340
v -80.812302 0.000000 0.000000
v -80.317642 0.000000 -5.022340
v -78.852692 0.000000 -9.851667
v -76.473709 0.000000 -14.302406
v -73.272156 0.000000 -18.203510
v -69.371048 0.000000 -21.405060
v -64.920319 0.000000 -23.784031
v -60.090988 0.000000 -25.248993
v 55.068649 0.000000 -25.743652
v 60.090981 0.000000 -25.248993
v 64.920319 0.000000 -23.784031
v 69.371048 0.000000 -21.405060
v 73.272163 0.000000 -18.203510
v 76.473709 0.000000 -14.302406
v 78.852692 0.000000 -9.851667
v 80.317642 0.000000 -5.022340
v 80.812302 0.000000 0.000000
v 80.317642 0.000000 5.022340
v 78.852692 0.000000 9.851667
v 76.473709 0.000000 14.302406
v 73.272163 0.000000 18.203510
v 69.371048 0.000000 21.405060
v 64.920319 0.000000 23.784031
v 60.090981 0.000000 25.248993
v 55.068649 0.000000 25.743652
v 50.046310 0.000000 25.248993
v 45.216980 0.000000 23.784031
v 40.766243 0.000000 21.405060
v 36.865135 0.000000 18.203510
v 33.663586 0.000000 14.302406
v 31.284611 0.000000 9.851667
v 29.819649 0.000000 5.022340
v 29.324997 0.000000 0.000000
v 29.819649 0.000000 -5.022340
v 31.284611 0.000000 -9.851667
v 33.663586 0.000000 -14.302406
v 36.865135 0.000000 -18.203510
v 40.766243 0.000000 -21.405060
v 45.216980 0.000000 -23.784031
v 50.046310 0.000000 -25.248993
vt 0.062629 0.716400
vt 0.502762 0.714001
vt 0.078169 0.712850
vt 0.487239 0.710401
vt 0.093599 0.708927
vt 0.471854 0.706425
vt 0.108879 0.704650
vt 0.456644 0.702101
vt 0.123972 0.700055
vt 0.441643 0.697469
vt 0.138843 0.695191
vt 0.426884 0.692588
vt 0.153459 0.690125
vt 0.412397 0.687531
vt 0.167794 0.684939
vt 0.398204 0.682386
vt 0.181827 0.679732
vt 0.384323 0.677258
vt 0.195546 0.674615
vt 0.370765 0.672267
vt 0.208946 0.669715
vt 0.357532 0.667544
vt 0.222028 0.665168
vt 0.344618 0.663231
vt 0.234806 0.661121
vt 0.332002 0.659476
vt 0.247305 0.657718
vt 0.319653 0.656422
vt 0.259564 0.655097
vt 0.307518 0.654201
vt 0.271636 0.653377
vt 0.295528 0.652917
vt 0.283595 0.652638
vt 0.532573 0.573422
vt 0.516942 0.569794
vt 0.032567 0.575170
vt 0.501322 0.565401
vt 0.048187 0.571474
vt 0.063784 0.567000
vt 0.485752 0.560233
vt 0.079314 0.561738
vt 0.470262 0.554296
vt 0.094748 0.555699
vt 0.454867 0.547617
vt 0.110070 0.548909
vt 0.439571 0.540241
vt 0.125275 0.541415
vt 0.424361 0.532234
vt 0.140379 0.533288
vt 0.409206 0.523696
vt 0.155411 0.524626
vt 0.544011 0.534875
vt 0.528287 0.532052
vt 0.394059 0.514762
vt 0.512592 0.528755
vt 0.020618 0.536369
vt 0.170424 0.515570
vt 0.036337 0.533537
vt 0.496920 0.524941
vt 0.052020 0.530210
vt 0.481262 0.520583
vt 0.067672 0.526349
vt 0.378851 0.505623
vt 0.465607 0.515665
vt 0.083302 0.521928
vt 0.185489 0.506310
vt 0.449935 0.510182
vt 0.098921 0.516933
vt 0.363494 0.496544
vt 0.114548 0.511361
vt 0.434216 0.504144
vt 0.200699 0.497113
vt 0.130213 0.505223
vt 0.418412 0.497581
vt 0.347888 0.487889
vt 0.145952 0.498551
vt 0.402473 0.490560
vt 0.216164 0.488345
vt 0.552077 0.501193
vt 0.161818 0.491413
vt 0.536249 0.499216
vt 0.520439 0.496856
vt 0.386337 0.483200
vt 0.331934 0.480145
vt 0.504624 0.494085
vt 0.012281 0.502454
vt 0.231989 0.480491
vt 0.177874 0.483931
vt 0.028109 0.500501
vt 0.488780 0.490883
vt 0.043915 0.498145
vt 0.472881 0.487231
vt 0.059721 0.495362
vt 0.369928 0.475702
vt 0.315573 0.473919
vt 0.075552 0.492129
vt 0.456898 0.483116
vt 0.248245 0.474153
vt 0.194198 0.476308
vt 0.091433 0.488430
vt 0.440798 0.478528
vt 0.107392 0.484252
vt 0.298831 0.469869
vt 0.353163 0.468379
vt 0.264918 0.469987
vt 0.424541 0.473475
vt 0.281864 0.468541
vt 0.123463 0.479589
vt 0.210877 0.468860
vt 0.139686 0.474445
vt 0.408074 0.467987
vt 0.335968 0.461682
vt 0.156112 0.468854
vt 0.227992 0.462041
vt 0.391336 0.462137
vt 0.172804 0.462891
vt 0.318305 0.456202
vt 0.556966 0.470314
vt 0.541107 0.469208
vt 0.245588 0.456440
vt 0.374252 0.456071
vt 0.525228 0.467690
vt 0.509306 0.465786
vt 0.300227 0.452584
vt 0.493317 0.463503
vt 0.189837 0.456704
vt 0.263622 0.452702
vt 0.007256 0.471387
vt 0.477236 0.460841
vt 0.281917 0.451329
vt 0.023114 0.470328
vt 0.038992 0.468838
vt 0.356741 0.450041
vt 0.461040 0.457795
vt 0.054910 0.466942
vt 0.070892 0.464651
vt 0.207295 0.450547
vt 0.444695 0.454360
vt 0.086962 0.461965
vt 0.103147 0.458878
vt 0.428166 0.450535
vt 0.338731 0.444436
vt 0.119475 0.455386
vt 0.225255 0.444813
vt 0.411403 0.446337
vt 0.135984 0.451489
vt 0.320193 0.439786
vt 0.394339 0.441814
vt 0.152725 0.447203
vt 0.243750 0.440035
vt 0.301197 0.436678
vt 0.169761 0.442577
vt 0.262716 0.436801
vt 0.376893 0.437069
vt 0.281952 0.435564
vt 0.187177 0.437717
vt 0.358972 0.432295
vt 0.559225 0.441549
vt 0.543292 0.440990
vt 0.527366 0.440074
vt 0.511414 0.438833
vt 0.205066 0.432819
vt 0.495405 0.437285
vt 0.479309 0.435438
vt 0.340491 0.427806
vt 0.463094 0.433293
vt 0.223516 0.428200
vt 0.004926 0.442496
vt 0.020859 0.441991
vt 0.036785 0.441114
vt 0.446722 0.430846
vt 0.052734 0.439895
vt 0.068739 0.438353
vt 0.321418 0.424044
vt 0.084830 0.436496
vt 0.430147 0.428097
vt 0.242561 0.424305
vt 0.101038 0.434325
vt 0.413311 0.425055
vt 0.117401 0.431836
vt 0.301832 0.421506
vt 0.262127 0.421636
vt 0.281977 0.420558
vt 0.133965 0.429028
vt 0.396139 0.421750
vt 0.150788 0.425911
vt 0.378541 0.418254
vt 0.167944 0.422514
vt 0.185525 0.418910
vt 0.360412 0.414707
vt 0.203634 0.415243
vt 0.341664 0.411346
vt 0.222362 0.411753
vt 0.322263 0.408510
vt 0.559908 0.413975
vt 0.543962 0.413792
vt 0.241745 0.408781
vt 0.528020 0.413320
vt 0.512057 0.412598
vt 0.302296 0.406590
vt 0.496049 0.411651
vt 0.261699 0.406726
vt 0.479968 0.410491
vt 0.281996 0.405927
vt 0.463781 0.409125
vt 0.447447 0.407552
vt 0.430914 0.405774
vt 0.020158 0.414714
vt 0.004212 0.414835
vt 0.036099 0.414287
vt 0.052060 0.413595
vt 0.068066 0.412662
vt 0.414114 0.403796
vt 0.084144 0.411502
vt 0.100327 0.410119
vt 0.116656 0.408513
vt 0.396962 0.401636
vt 0.133183 0.406686
vt 0.379352 0.399340
vt 0.149975 0.404640
vt 0.167118 0.402396
vt 0.361170 0.397001
vt 0.184717 0.400000
vt 0.342315 0.394777
vt 0.202888 0.397544
vt 0.221730 0.395191
vt 0.322751 0.392895
vt 0.241284 0.393173
vt 0.302567 0.391626
vt 0.261459 0.391765
vt 0.282012 0.391218
vt 0.559810 0.387243
vt 0.543869 0.387217
vt 0.527937 0.387024
vt 0.511992 0.386694
vt 0.496014 0.386244
vt 0.479975 0.385685
vt 0.463844 0.385021
vt 0.447577 0.384255
vt 0.431116 0.383387
vt 0.414386 0.382421
vt 0.397291 0.381366
vt 0.379718 0.380246
vt 0.036173 0.387953
vt 0.052116 0.387656
vt 0.020242 0.388098
vt 0.068093 0.387224
vt 0.004301 0.388060
vt 0.084129 0.386669
vt 0.100257 0.385993
vt 0.116522 0.385199
vt 0.361540 0.379105
vt 0.132979 0.384287
vt 0.149704 0.383259
vt 0.166793 0.382124
vt 0.342652 0.378023
vt 0.184360 0.380906
vt 0.323015 0.377112
vt 0.202531 0.379652
vt 0.221413 0.378442
vt 0.302721 0.376510
vt 0.241044 0.377395
vt 0.282026 0.376346
vt 0.261333 0.376652
vt 0.559540 0.360980
vt 0.543621 0.360945
vt 0.527719 0.360917
vt 0.511813 0.360897
vt 0.495882 0.360885
vt 0.479899 0.360880
vt 0.463829 0.360883
vt 0.447623 0.360895
vt 0.431219 0.360915
vt 0.414535 0.360944
vt 0.397471 0.360982
vt 0.379909 0.361029
vt 0.361725 0.361085
vt 0.342816 0.361148
vt 0.323145 0.361216
vt 0.302806 0.361287
vt 0.282040 0.361358
vt 0.261273 0.361430
vt 0.240937 0.361501
vt 0.221268 0.361569
vt 0.202361 0.361634
vt 0.184180 0.361691
vt 0.166621 0.361740
vt 0.149560 0.361781
vt 0.132878 0.361812
vt 0.116476 0.361836
vt 0.100273 0.361851
vt 0.084204 0.361860
vt 0.068223 0.361861
vt 0.052294 0.361855
vt 0.036389 0.361843
vt 0.020487 0.361824
vt 0.004569 0.361798
vt 0.302747 0.346064
vt 0.282053 0.346371
vt 0.323038 0.345322
vt 0.261358 0.346207
vt 0.342672 0.344275
vt 0.361556 0.343065
vt 0.241065 0.345605
vt 0.379731 0.341812
vt 0.221430 0.344695
vt 0.397302 0.340595
vt 0.414395 0.339462
vt 0.431123 0.338436
vt 0.202543 0.343614
vt 0.447583 0.337527
vt 0.463850 0.336735
vt 0.479981 0.336063
vt 0.559816 0.334700
vt 0.496020 0.335512
vt 0.543875 0.334655
vt 0.511998 0.335085
vt 0.527943 0.334793
vt 0.184367 0.342476
vt 0.166796 0.341358
vt 0.149703 0.340306
vt 0.132975 0.339344
vt 0.116515 0.338481
vt 0.100249 0.337720
vt 0.084119 0.337063
vt 0.068081 0.336511
vt 0.052103 0.336069
vt 0.036159 0.335748
vt 0.020227 0.335566
vt 0.004286 0.335551
vt 0.282067 0.331499
vt 0.302621 0.330951
vt 0.261510 0.331092
vt 0.322798 0.329543
vt 0.241327 0.329824
vt 0.342354 0.327525
vt 0.361201 0.325172
vt 0.221764 0.327943
vt 0.379375 0.322717
vt 0.202909 0.325720
vt 0.396978 0.320321
vt 0.414125 0.318078
vt 0.184728 0.323383
vt 0.430921 0.316034
vt 0.167119 0.321091
vt 0.447451 0.314207
vt 0.463783 0.312604
vt 0.479969 0.311222
vt 0.149967 0.318935
vt 0.496049 0.310064
vt 0.512057 0.309134
vt 0.528020 0.308444
vt 0.559908 0.307903
vt 0.543962 0.308021
vt 0.133168 0.316961
vt 0.116635 0.315188
vt 0.100302 0.313622
vt 0.282081 0.316790
vt 0.084114 0.312263
vt 0.302379 0.315991
vt 0.068033 0.311112
vt 0.261780 0.316128
vt 0.052025 0.310174
vt 0.036062 0.309462
vt 0.322336 0.313935
vt 0.020120 0.309002
vt 0.004174 0.308832
vt 0.241812 0.314209
vt 0.341722 0.310963
vt 0.222411 0.311374
vt 0.360454 0.307472
vt 0.203662 0.308015
vt 0.378566 0.303805
vt 0.396151 0.300202
vt 0.185534 0.304472
vt 0.413311 0.296805
vt 0.167934 0.300979
vt 0.430137 0.293688
vt 0.282098 0.302159
vt 0.301950 0.301081
vt 0.262241 0.301212
vt 0.446704 0.290880
vt 0.150762 0.297679
vt 0.463071 0.288391
vt 0.321519 0.298410
vt 0.133926 0.294642
vt 0.479282 0.286220
vt 0.242654 0.298676
vt 0.495374 0.284363
vt 0.511381 0.282821
vt 0.117350 0.291900
vt 0.527332 0.281603
vt 0.543258 0.280725
vt 0.559192 0.280220
vt 0.340566 0.294515
vt 0.100977 0.289460
vt 0.223580 0.294916
vt 0.084760 0.287322
vt 0.068664 0.285484
vt 0.359019 0.289896
vt 0.052654 0.283946
vt 0.036701 0.282717
vt 0.020774 0.281813
vt 0.004841 0.281266
vt 0.205098 0.290430
vt 0.376911 0.284997
vt 0.282120 0.287154
vt 0.187175 0.285659
vt 0.301358 0.285915
vt 0.394330 0.280137
vt 0.262873 0.286042
vt 0.320327 0.282681
vt 0.411370 0.275511
vt 0.169727 0.280918
vt 0.243876 0.282935
vt 0.428113 0.271224
vt 0.152661 0.276400
vt 0.338824 0.277902
vt 0.444626 0.267326
vt 0.225335 0.278287
vt 0.135896 0.272208
vt 0.460956 0.263832
vt 0.477143 0.260744
vt 0.119365 0.268390
vt 0.356786 0.272168
vt 0.493215 0.258056
vt 0.509198 0.255762
vt 0.103019 0.264962
vt 0.207322 0.272685
vt 0.525117 0.253864
vt 0.540995 0.252370
vt 0.282152 0.271389
vt 0.086820 0.261924
vt 0.556853 0.251306
vt 0.300449 0.270015
vt 0.374247 0.266010
vt 0.070738 0.259272
vt 0.263840 0.270136
vt 0.054747 0.256999
vt 0.038823 0.255105
vt 0.189809 0.266659
vt 0.318485 0.266276
vt 0.022943 0.253599
vt 0.007083 0.252506
vt 0.245759 0.266520
vt 0.391282 0.259821
vt 0.172722 0.260597
vt 0.336082 0.260674
vt 0.407976 0.253857
vt 0.228093 0.261042
vt 0.155981 0.254753
vt 0.424403 0.248264
vt 0.353199 0.253854
vt 0.440628 0.243119
vt 0.282201 0.254177
vt 0.139511 0.249270
vt 0.299149 0.252730
vt 0.210894 0.254349
vt 0.265231 0.252851
vt 0.456700 0.238453
vt 0.123250 0.244224
vt 0.472660 0.234273
vt 0.369879 0.246404
vt 0.315823 0.248563
vt 0.107148 0.239644
vt 0.488541 0.230570
vt 0.248486 0.248804
vt 0.194126 0.247029
vt 0.504372 0.227333
vt 0.091162 0.235537
vt 0.520179 0.224544
vt 0.075260 0.231894
vt 0.535984 0.222182
vt 0.386204 0.238780
vt 0.332081 0.242224
vt 0.551812 0.220221
vt 0.059414 0.228701
vt 0.232121 0.242581
vt 0.177713 0.239536
vt 0.043596 0.225941
vt 0.027784 0.223593
vt 0.402261 0.231296
vt 0.011955 0.221627
vt 0.347906 0.234368
vt 0.161572 0.232181
vt 0.418126 0.224156
vt 0.216163 0.234840
vt 0.145630 0.225166
vt 0.433866 0.217481
vt 0.363370 0.225599
vt 0.129822 0.218611
vt 0.449530 0.211340
vt 0.200552 0.226189
vt 0.465156 0.205764
vt 0.114099 0.212580
vt 0.378580 0.216400
vt 0.480774 0.200764
vt 0.098422 0.207105
vt 0.185190 0.217114
vt 0.496403 0.196338
vt 0.082764 0.202195
vt 0.512054 0.192470
vt 0.067103 0.197846
vt 0.527736 0.189136
vt 0.393643 0.207138
vt 0.543453 0.186295
vt 0.051428 0.194041
vt 0.169977 0.207981
vt 0.035730 0.190754
vt 0.020005 0.187942
vt 0.408654 0.198078
vt 0.154825 0.199053
vt 0.423685 0.189413
vt 0.139665 0.190521
vt 0.438786 0.181282
vt 0.124449 0.182521
vt 0.453989 0.173783
vt 0.109149 0.175152
vt 0.469308 0.166988
vt 0.093750 0.168481
vt 0.484740 0.160943
vt 0.078256 0.162552
vt 0.500268 0.155675
vt 0.515863 0.151193
vt 0.062683 0.157392
vt 0.531481 0.147489
vt 0.047060 0.153008
vt 0.031427 0.149388
vt 0.280399 0.070085
vt 0.268464 0.069807
vt 0.292360 0.069344
vt 0.256471 0.068525
vt 0.304433 0.067621
vt 0.244333 0.066307
vt 0.316692 0.064999
vt 0.231980 0.063256
vt 0.329192 0.061594
vt 0.219361 0.059504
vt 0.341970 0.057544
vt 0.206442 0.055195
vt 0.355051 0.052995
vt 0.193205 0.050476
vt 0.368449 0.048092
vt 0.179643 0.045489
vt 0.382167 0.042972
vt 0.165758 0.040367
vt 0.396199 0.037760
vt 0.151561 0.035228
vt 0.410532 0.032570
vt 0.137069 0.030177
vt 0.425146 0.027500
vt 0.122307 0.025303
vt 0.440014 0.022630
vt 0.107303 0.020678
vt 0.455105 0.018029
vt 0.092090 0.016361
vt 0.470383 0.013746
vt 0.076702 0.012393
vt 0.485811 0.009816
vt 0.061177 0.008801
vt 0.501350 0.006258
vt 0.703339 0.005387
vt 0.715794 0.005855
vt 0.690644 0.004957
vt 0.740137 0.006743
vt 0.728048 0.006318
vt 0.775802 0.007572
vt 0.763976 0.007385
vt 0.752101 0.007105
vt 0.677670 0.004614
vt 0.835517 0.007208
vt 0.823370 0.007409
vt 0.811363 0.007567
vt 0.847840 0.006995
vt 0.799457 0.007657
vt 0.787617 0.007662
vt 0.664378 0.004421
vt 0.860379 0.006809
vt 0.650730 0.004452
vt 0.873171 0.006697
vt 0.886259 0.006718
vt 0.636694 0.004792
vt 0.899687 0.006940
vt 0.622245 0.005531
vt 0.913502 0.007445
vt 0.607382 0.006743
vt 0.927750 0.008329
vt 0.592145 0.008423
vt 0.715650 0.013825
vt 0.703240 0.013356
vt 0.727873 0.014289
vt 0.690607 0.012924
vt 0.739943 0.014715
vt 0.751895 0.015077
vt 0.942471 0.009688
vt 0.763765 0.015358
vt 0.787401 0.015634
vt 0.775589 0.015545
vt 0.677716 0.012579
vt 0.823130 0.015378
vt 0.811136 0.015537
vt 0.799238 0.015629
vt 0.835253 0.015174
vt 0.847542 0.014957
vt 0.664530 0.012381
vt 0.576652 0.010313
vt 0.860031 0.014766
vt 0.957681 0.011581
vt 0.651013 0.012403
vt 0.872757 0.014648
vt 0.561188 0.011329
vt 0.885760 0.014659
vt 0.637128 0.012727
vt 0.973330 0.013889
vt 0.899083 0.014867
vt 0.622839 0.013445
vt 0.912773 0.015354
vt 0.989202 0.015791
vt 0.608111 0.014630
vt 0.926884 0.016215
vt 0.592901 0.016290
vt 0.941475 0.017548
vt 0.577138 0.018197
vt 0.956617 0.019430
vt 0.560695 0.019490
vt 0.972431 0.021805
vt 0.989254 0.024112
vt 0.727837 0.044941
vt 0.739746 0.045375
vt 0.703666 0.043981
vt 0.715818 0.044466
vt 0.751570 0.045742
vt 0.775063 0.046210
vt 0.763334 0.046025
vt 0.798525 0.046276
vt 0.786784 0.046293
vt 0.691359 0.043526
vt 0.822168 0.045987
vt 0.810311 0.046168
vt 0.678872 0.043143
vt 0.834121 0.045756
vt 0.846193 0.045506
vt 0.858406 0.045273
vt 0.666182 0.042884
vt 0.870785 0.045097
vt 0.653257 0.042808
vt 0.883355 0.045028
vt 0.640055 0.042978
vt 0.896150 0.045122
vt 0.626517 0.043470
vt 0.909208 0.045446
vt 0.922586 0.046087
vt 0.612545 0.044369
vt 0.936368 0.047158
vt 0.597991 0.045796
vt 0.950675 0.048826
vt 0.582635 0.047959
vt 0.965670 0.051371
vt 0.566222 0.051369
vt 0.981469 0.055344
vt 0.762512 0.078479
vt 0.716095 0.076853
vt 0.692477 0.075838
vt 0.750982 0.078191
vt 0.785523 0.078727
vt 0.739411 0.077809
vt 0.808597 0.078529
vt 0.704327 0.076336
vt 0.774020 0.078660
vt 0.727786 0.077355
vt 0.668527 0.075055
vt 0.680543 0.075398
vt 0.797042 0.078681
vt 0.843609 0.077669
vt 0.831870 0.077995
vt 0.855426 0.077347
vt 0.820202 0.078291
vt 0.867323 0.077062
vt 0.656437 0.074854
vt 0.879298 0.076851
vt 0.644291 0.074840
vt 0.891344 0.076752
vt 0.903442 0.076805
vt 0.632119 0.075064
vt 0.619980 0.075589
vt 0.915563 0.077052
vt 0.927650 0.077544
vt 0.607969 0.076503
vt 0.939606 0.078360
vt 0.596258 0.077949
vt 0.951259 0.079648
vt 0.585132 0.080182
vt 0.962292 0.081721
vt 0.672014 0.105950
vt 0.683480 0.106525
vt 0.660542 0.105477
vt 0.694922 0.107173
vt 0.649083 0.105131
vt 0.706327 0.107859
vt 0.717688 0.108547
vt 0.864173 0.107846
vt 0.875652 0.107355
vt 0.637660 0.104927
vt 0.852721 0.108389
vt 0.887140 0.106941
vt 0.729000 0.109200
vt 0.841305 0.108951
vt 0.740262 0.109782
vt 0.898618 0.106624
vt 0.829936 0.109500
vt 0.626301 0.104870
vt 0.751479 0.110262
vt 0.818616 0.110004
vt 0.762662 0.110612
vt 0.807346 0.110430
vt 0.773819 0.110813
vt 0.910064 0.106417
vt 0.796119 0.110750
vt 0.784966 0.110858
vt 0.615030 0.104945
vt 0.921452 0.106321
vt 0.603871 0.105114
vt 0.932759 0.106316
vt 0.592839 0.105295
vt 0.943920 0.106346
vt 0.954982 0.106312
vt 0.596321 0.247862
vt 0.951885 0.247375
vt 0.607336 0.248660
vt 0.940843 0.248265
vt 0.618391 0.249920
vt 0.929749 0.249604
vt 0.629463 0.251644
vt 0.918678 0.251417
vt 0.640537 0.253822
vt 0.907606 0.253671
vt 0.651601 0.256432
vt 0.896545 0.256342
vt 0.662650 0.259437
vt 0.885501 0.259393
vt 0.673681 0.262783
vt 0.874476 0.262772
vt 0.684699 0.266397
vt 0.863464 0.266406
vt 0.695716 0.270186
vt 0.852457 0.270202
vt 0.706747 0.274028
vt 0.841437 0.274040
vt 0.717811 0.277776
vt 0.830385 0.277771
vt 0.728928 0.281252
vt 0.819280 0.281216
vt 0.740115 0.284253
vt 0.808104 0.284166
vt 0.751378 0.286565
vt 0.796838 0.286477
vt 0.762715 0.288080
vt 0.785477 0.288035
vt 0.774092 0.288614
vt 0.592116 0.284184
vt 0.956208 0.283270
vt 0.603111 0.284790
vt 0.945218 0.283996
vt 0.614112 0.285600
vt 0.934223 0.284919
vt 0.625132 0.286637
vt 0.923211 0.286061
vt 0.636180 0.287913
vt 0.912171 0.287436
vt 0.647267 0.289433
vt 0.901092 0.289045
vt 0.658404 0.291191
vt 0.889964 0.290884
vt 0.669601 0.293176
vt 0.878776 0.292938
vt 0.680869 0.295358
vt 0.867517 0.295179
vt 0.692220 0.297695
vt 0.856175 0.297562
vt 0.703664 0.300116
vt 0.844740 0.300019
vt 0.715207 0.302528
vt 0.833203 0.302455
vt 0.726854 0.304806
vt 0.821560 0.304752
vt 0.738601 0.306808
vt 0.809810 0.306783
vt 0.750437 0.308400
vt 0.798051 0.308279
vt 0.762293 0.309305
vt 0.786179 0.309251
vt 0.774233 0.309524
vt 0.589582 0.314468
vt 0.958984 0.313281
vt 0.600543 0.314722
vt 0.948026 0.313671
vt 0.611524 0.315135
vt 0.937050 0.314211
vt 0.622549 0.315720
vt 0.926031 0.314918
vt 0.633641 0.316488
vt 0.914947 0.315800
vt 0.644815 0.317446
vt 0.903781 0.316864
vt 0.656084 0.318593
vt 0.892521 0.318110
vt 0.667454 0.319927
vt 0.881161 0.319534
vt 0.678929 0.321433
vt 0.869696 0.321120
vt 0.690512 0.323084
vt 0.858124 0.322840
vt 0.702204 0.324834
vt 0.846443 0.324648
vt 0.714006 0.326614
vt 0.834653 0.326474
vt 0.725916 0.328327
vt 0.822755 0.328224
vt 0.737927 0.329857
vt 0.810757 0.329781
vt 0.750023 0.331072
vt 0.798678 0.331005
vt 0.762179 0.331836
vt 0.786537 0.331796
vt 0.774360 0.332089
vt 0.599725 0.341616
vt 0.610697 0.341666
vt 0.949109 0.340393
vt 0.588796 0.341761
vt 0.938138 0.340581
vt 0.960040 0.340393
vt 0.621739 0.341901
vt 0.927098 0.340947
vt 0.632873 0.342316
vt 0.915969 0.341487
vt 0.644112 0.342909
vt 0.904736 0.342197
vt 0.655463 0.343679
vt 0.893392 0.343077
vt 0.666928 0.344620
vt 0.881936 0.344121
vt 0.678501 0.345723
vt 0.870373 0.345317
vt 0.690178 0.346968
vt 0.858707 0.346645
vt 0.701956 0.348320
vt 0.846942 0.348070
vt 0.713834 0.349725
vt 0.835077 0.349536
vt 0.725811 0.351105
vt 0.823113 0.350967
vt 0.737885 0.352361
vt 0.811052 0.352263
vt 0.750045 0.353377
vt 0.798904 0.353311
vt 0.762262 0.354044
vt 0.786698 0.354010
vt 0.774482 0.354300
vt 0.611549 0.366669
vt 0.622579 0.366681
vt 0.937556 0.365484
vt 0.926526 0.365633
vt 0.633679 0.366864
vt 0.600569 0.366837
vt 0.948538 0.365511
vt 0.915428 0.365946
vt 0.644864 0.367211
vt 0.904247 0.366416
vt 0.589613 0.367207
vt 0.959498 0.365732
vt 0.656142 0.367716
vt 0.892974 0.367038
vt 0.667519 0.368376
vt 0.881605 0.367807
vt 0.678995 0.369182
vt 0.870138 0.368714
vt 0.690572 0.370120
vt 0.858571 0.369743
vt 0.702254 0.371164
vt 0.846900 0.370868
vt 0.714045 0.372272
vt 0.835121 0.372046
vt 0.725953 0.373380
vt 0.823225 0.373215
vt 0.737979 0.374406
vt 0.811211 0.374291
vt 0.750116 0.375248
vt 0.799085 0.375175
vt 0.762338 0.375804
vt 0.786871 0.375768
vt 0.774606 0.375986
vt 0.925274 0.389834
vt 0.624108 0.390937
vt 0.914214 0.390001
vt 0.635168 0.390971
vt 0.936296 0.389804
vt 0.613087 0.391046
vt 0.903107 0.390295
vt 0.646278 0.391138
vt 0.947293 0.389924
vt 0.602093 0.391312
vt 0.891942 0.390709
vt 0.657446 0.391433
vt 0.958280 0.390215
vt 0.591112 0.391755
vt 0.880712 0.391240
vt 0.668682 0.391851
vt 0.679994 0.392385
vt 0.869405 0.391878
vt 0.691396 0.393024
vt 0.858011 0.392613
vt 0.702903 0.393751
vt 0.846513 0.393426
vt 0.714532 0.394534
vt 0.834894 0.394285
vt 0.726300 0.395330
vt 0.823135 0.395146
vt 0.738219 0.396074
vt 0.811225 0.395947
vt 0.750286 0.396690
vt 0.799166 0.396610
vt 0.762474 0.397096
vt 0.786984 0.397058
vt 0.774730 0.397224
vt 0.924091 0.413962
vt 0.913083 0.414054
vt 0.625575 0.415092
vt 0.636583 0.415049
vt 0.935092 0.413950
vt 0.902058 0.414218
vt 0.614575 0.415221
vt 0.647609 0.415085
vt 0.946092 0.414028
vt 0.891006 0.414449
vt 0.603577 0.415446
vt 0.658663 0.415196
vt 0.957100 0.414213
vt 0.879913 0.414745
vt 0.669758 0.415377
vt 0.592574 0.415784
vt 0.868761 0.415099
vt 0.680913 0.415626
vt 0.857529 0.415507
vt 0.692150 0.415936
vt 0.846190 0.415956
vt 0.703494 0.416297
vt 0.834715 0.416431
vt 0.714974 0.416693
vt 0.823076 0.416906
vt 0.726617 0.417100
vt 0.811257 0.417348
vt 0.738442 0.417483
vt 0.799256 0.417717
vt 0.750447 0.417801
vt 0.787102 0.417969
vt 0.762605 0.418009
vt 0.774854 0.418069
vt 0.956537 0.437940
vt 0.945550 0.438011
vt 0.934577 0.438080
vt 0.923616 0.438146
vt 0.912660 0.438209
vt 0.901700 0.438269
vt 0.890725 0.438326
vt 0.879715 0.438380
vt 0.868648 0.438430
vt 0.857496 0.438477
vt 0.846227 0.438519
vt 0.834808 0.438557
vt 0.593417 0.439516
vt 0.823211 0.438590
vt 0.604405 0.439434
vt 0.615377 0.439356
vt 0.626338 0.439282
vt 0.637294 0.439210
vt 0.811416 0.438619
vt 0.648254 0.439143
vt 0.659229 0.439079
vt 0.670239 0.439019
vt 0.799424 0.438644
vt 0.681306 0.438964
vt 0.692458 0.438912
vt 0.787262 0.438666
vt 0.703727 0.438866
vt 0.715145 0.438825
vt 0.774977 0.438687
vt 0.726743 0.438788
vt 0.762691 0.438708
vt 0.738537 0.438757
vt 0.750529 0.438731
vt 0.775100 0.459305
vt 0.787348 0.459366
vt 0.762853 0.459406
vt 0.799505 0.459575
vt 0.750699 0.459659
vt 0.811509 0.459894
vt 0.738699 0.460029
vt 0.823333 0.460280
vt 0.726880 0.460473
vt 0.834976 0.460689
vt 0.715243 0.460951
vt 0.846456 0.461089
vt 0.703768 0.461428
vt 0.857799 0.461454
vt 0.692430 0.461882
vt 0.869035 0.461768
vt 0.681198 0.462294
vt 0.957373 0.461673
vt 0.880189 0.462022
vt 0.592862 0.463242
vt 0.670047 0.462654
vt 0.946369 0.462001
vt 0.891284 0.462210
vt 0.603869 0.463416
vt 0.658955 0.462955
vt 0.935371 0.462216
vt 0.902338 0.462328
vt 0.924372 0.462336
vt 0.647903 0.463193
vt 0.913363 0.462371
vt 0.614870 0.463485
vt 0.636879 0.463365
vt 0.625870 0.463464
vt 0.775223 0.480151
vt 0.787478 0.480279
vt 0.762970 0.480317
vt 0.799664 0.480686
vt 0.750790 0.480766
vt 0.811730 0.481304
vt 0.738733 0.481430
vt 0.823648 0.482051
vt 0.726824 0.482232
vt 0.835415 0.482849
vt 0.715067 0.483096
vt 0.847042 0.483636
vt 0.703449 0.483959
vt 0.858547 0.484367
vt 0.691952 0.484775
vt 0.869949 0.485011
vt 0.680559 0.485515
vt 0.881260 0.485550
vt 0.669254 0.486158
vt 0.958828 0.485701
vt 0.591689 0.487236
vt 0.892495 0.485974
vt 0.658024 0.486694
vt 0.947846 0.486135
vt 0.602676 0.487518
vt 0.903662 0.486276
vt 0.646861 0.487115
vt 0.936852 0.486391
vt 0.914771 0.486450
vt 0.925831 0.486492
vt 0.613673 0.487629
vt 0.635754 0.487416
vt 0.624695 0.487590
vt 0.775347 0.501390
vt 0.787613 0.501572
vt 0.763084 0.501608
vt 0.799833 0.502129
vt 0.750872 0.502201
vt 0.811968 0.502973
vt 0.738748 0.503087
vt 0.823992 0.504001
vt 0.726736 0.504164
vt 0.835898 0.505113
vt 0.714842 0.505336
vt 0.847688 0.506224
vt 0.703065 0.506517
vt 0.859368 0.507271
vt 0.691396 0.507645
vt 0.870943 0.508214
vt 0.679831 0.508679
vt 0.882418 0.509026
vt 0.668365 0.509590
vt 0.893793 0.509691
vt 0.656997 0.510364
vt 0.960319 0.510246
vt 0.905071 0.510203
vt 0.590477 0.511714
vt 0.645725 0.510992
vt 0.949363 0.510607
vt 0.916255 0.510556
vt 0.601437 0.511926
vt 0.634545 0.511469
vt 0.938383 0.510767
vt 0.927354 0.510747
vt 0.612419 0.511945
vt 0.623448 0.511788
vt 0.775471 0.523077
vt 0.787689 0.523334
vt 0.763257 0.523367
vt 0.799903 0.524002
vt 0.751053 0.524066
vt 0.812060 0.525020
vt 0.738908 0.525116
vt 0.824132 0.526277
vt 0.726850 0.526413
vt 0.836107 0.527661
vt 0.714888 0.527846
vt 0.847982 0.529069
vt 0.703026 0.529315
vt 0.859758 0.530425
vt 0.691262 0.530743
vt 0.871433 0.531674
vt 0.679598 0.532074
vt 0.883005 0.532782
vt 0.668037 0.533275
vt 0.894467 0.533729
vt 0.656583 0.534323
vt 0.905818 0.534504
vt 0.645241 0.535208
vt 0.917056 0.535103
vt 0.634009 0.535925
vt 0.928189 0.535525
vt 0.961131 0.535687
vt 0.622880 0.536471
vt 0.939230 0.535767
vt 0.950202 0.535824
vt 0.589940 0.537045
vt 0.611842 0.536843
vt 0.600870 0.537037
vt 0.775592 0.545290
vt 0.787771 0.545544
vt 0.763418 0.545582
vt 0.799923 0.546309
vt 0.751279 0.546374
vt 0.812017 0.547525
vt 0.739203 0.547599
vt 0.824025 0.549057
vt 0.727208 0.549157
vt 0.835933 0.550774
vt 0.715312 0.550909
vt 0.847732 0.552556
vt 0.703524 0.552737
vt 0.859422 0.554310
vt 0.691846 0.554548
vt 0.871003 0.555965
vt 0.680276 0.556271
vt 0.882476 0.557475
vt 0.668813 0.557861
vt 0.893844 0.558814
vt 0.657455 0.559288
vt 0.905111 0.559966
vt 0.646198 0.560539
vt 0.916284 0.560929
vt 0.635033 0.561607
vt 0.927375 0.561702
vt 0.623950 0.562494
vt 0.938399 0.562294
vt 0.612932 0.563205
vt 0.949379 0.562712
vt 0.601957 0.563751
vt 0.960341 0.562972
vt 0.590999 0.564147
vt 0.775719 0.567857
vt 0.787656 0.568076
vt 0.763775 0.568129
vt 0.799509 0.568982
vt 0.751905 0.569102
vt 0.811343 0.570576
vt 0.740149 0.570597
vt 0.823087 0.572580
vt 0.728402 0.572630
vt 0.834731 0.574861
vt 0.716761 0.574928
vt 0.846272 0.577275
vt 0.705227 0.577366
vt 0.857713 0.579700
vt 0.693794 0.579825
vt 0.869061 0.582040
vt 0.682454 0.582211
vt 0.880328 0.584226
vt 0.671197 0.584455
vt 0.891523 0.586214
vt 0.660011 0.586511
vt 0.902658 0.587977
vt 0.648885 0.588353
vt 0.913744 0.589500
vt 0.637807 0.589966
vt 0.924791 0.590781
vt 0.626768 0.591343
vt 0.935809 0.591822
vt 0.615757 0.592490
vt 0.946810 0.592637
vt 0.604763 0.593416
vt 0.957804 0.593248
vt 0.593773 0.594145
vt 0.775859 0.588768
vt 0.787233 0.589303
vt 0.764476 0.589346
vt 0.798567 0.590819
vt 0.753118 0.590904
vt 0.809828 0.593132
vt 0.741854 0.593216
vt 0.821013 0.596135
vt 0.730680 0.596167
vt 0.832127 0.599614
vt 0.719577 0.599613
vt 0.843189 0.603364
vt 0.708527 0.603345
vt 0.854217 0.607209
vt 0.697509 0.607184
vt 0.865232 0.611000
vt 0.686503 0.610982
vt 0.876249 0.614618
vt 0.675494 0.614618
vt 0.887278 0.617967
vt 0.664470 0.617998
vt 0.898325 0.620974
vt 0.653427 0.621052
vt 0.909388 0.623588
vt 0.642367 0.623725
vt 0.920461 0.625769
vt 0.631296 0.625980
vt 0.931532 0.627496
vt 0.620226 0.627795
vt 0.942586 0.628758
vt 0.609132 0.629135
vt 0.953602 0.629560
vt 0.598090 0.630027
vt 0.957083 0.772123
vt 0.594973 0.771075
vt 0.946051 0.772301
vt 0.606035 0.771040
vt 0.934893 0.772468
vt 0.617195 0.771070
vt 0.764975 0.766528
vt 0.776120 0.766574
vt 0.787275 0.766777
vt 0.923622 0.772541
vt 0.753823 0.766635
vt 0.798456 0.767128
vt 0.742598 0.766955
vt 0.628502 0.771065
vt 0.809672 0.767608
vt 0.731329 0.767380
vt 0.912263 0.772481
vt 0.820933 0.768192
vt 0.639890 0.770968
vt 0.720011 0.767883
vt 0.900841 0.772275
vt 0.832243 0.768847
vt 0.708643 0.768433
vt 0.651335 0.770760
vt 0.889383 0.771927
vt 0.843602 0.769537
vt 0.697229 0.768995
vt 0.877912 0.771452
vt 0.855006 0.770225
vt 0.662812 0.770443
vt 0.866447 0.770875
vt 0.685777 0.769537
vt 0.674300 0.770028
vt 0.964788 0.797237
vt 0.587660 0.795664
vt 0.953661 0.799468
vt 0.598693 0.797737
vt 0.941950 0.800911
vt 0.610346 0.799024
vt 0.622302 0.799840
vt 0.929940 0.801823
vt 0.917801 0.802346
vt 0.634388 0.800332
vt 0.905630 0.802568
vt 0.893484 0.802551
vt 0.646508 0.800578
vt 0.658606 0.800631
vt 0.881395 0.802348
vt 0.764414 0.798659
vt 0.682625 0.800321
vt 0.787422 0.798910
vt 0.706336 0.799714
vt 0.670651 0.800532
vt 0.729740 0.799093
vt 0.869380 0.802003
vt 0.752897 0.798704
vt 0.798951 0.799199
vt 0.775916 0.798727
vt 0.857447 0.801561
vt 0.822143 0.800039
vt 0.694521 0.800036
vt 0.718074 0.799388
vt 0.741343 0.798856
vt 0.845599 0.801061
vt 0.810519 0.799582
vt 0.833833 0.800542
vt 0.568482 0.822039
vt 0.983694 0.826053
vt 0.584281 0.826012
vt 0.967280 0.829460
vt 0.599276 0.828557
vt 0.951923 0.831621
vt 0.613582 0.830225
vt 0.937370 0.833044
vt 0.627363 0.831296
vt 0.923399 0.833941
vt 0.640741 0.831936
vt 0.909861 0.834430
vt 0.653798 0.832261
vt 0.896660 0.834598
vt 0.666591 0.832354
vt 0.883735 0.834519
vt 0.679160 0.832285
vt 0.691538 0.832109
vt 0.871046 0.834258
vt 0.715819 0.831627
vt 0.858561 0.833874
vt 0.703749 0.831876
vt 0.739626 0.831216
vt 0.846255 0.833416
vt 0.774869 0.831178
vt 0.810180 0.832017
vt 0.834105 0.832930
vt 0.751410 0.831110
vt 0.727770 0.831397
vt 0.798358 0.831648
vt 0.763149 0.831093
vt 0.786596 0.831364
vt 0.822088 0.832453
vt 0.560696 0.853271
vt 0.989214 0.857933
vt 0.577519 0.855578
vt 0.972772 0.859224
vt 0.593333 0.857953
vt 0.957009 0.861127
vt 0.608474 0.859835
vt 0.941799 0.862784
vt 0.623065 0.861168
vt 0.927071 0.863967
vt 0.637174 0.862028
vt 0.912783 0.864681
vt 0.650863 0.862514
vt 0.898899 0.865004
vt 0.664184 0.862723
vt 0.677185 0.862734
vt 0.885383 0.865023
vt 0.689910 0.862616
vt 0.702397 0.862425
vt 0.726806 0.862005
vt 0.872198 0.864823
vt 0.714684 0.862209
vt 0.786160 0.862031
vt 0.798028 0.862313
vt 0.822047 0.863105
vt 0.750693 0.861756
vt 0.809978 0.862677
vt 0.762528 0.861752
vt 0.774339 0.861842
vt 0.988721 0.866094
vt 0.738797 0.861847
vt 0.859308 0.864475
vt 0.560748 0.861592
vt 0.846676 0.864041
vt 0.834267 0.863570
vt 0.973256 0.867107
vt 0.576621 0.863495
vt 0.592269 0.865802
vt 0.957763 0.868994
vt 0.607478 0.867695
vt 0.942526 0.870672
vt 0.622198 0.869053
vt 0.927663 0.871881
vt 0.636445 0.869937
vt 0.913215 0.872617
vt 0.650258 0.870442
vt 0.689562 0.870573
vt 0.663685 0.870664
vt 0.676771 0.870684
vt 0.899180 0.872954
vt 0.885533 0.872983
vt 0.809783 0.870649
vt 0.714420 0.870174
vt 0.774124 0.869815
vt 0.797821 0.870285
vt 0.702098 0.870387
vt 0.738570 0.869817
vt 0.762311 0.869724
vt 0.872243 0.872787
vt 0.834122 0.871540
vt 0.726564 0.869974
vt 0.821870 0.871076
vt 0.785947 0.870004
vt 0.750473 0.869728
vt 0.859269 0.872443
vt 0.846576 0.872010
vn 0.000000 0.000000 -1.000000
vn -0.003413 0.000375 -0.999994
vn 0.191787 -0.010363 -0.981382
vn 0.195090 0.000000 -0.980785
vn 0.195090 0.000000 -0.980785
vn 0.191787 -0.010363 -0.981382
vn 0.379674 -0.020719 -0.924889
vn 0.382683 0.000000 -0.923880
vn 0.382683 0.000000 -0.923880
vn 0.379674 -0.020719 -0.924889
vn 0.552941 -0.030281 -0.832670
vn 0.555570 0.000000 -0.831470
vn 0.555570 0.000000 -0.831470
vn 0.552941 -0.030281 -0.832670
vn 0.704859 -0.038670 -0.708293
vn 0.707107 0.000000 -0.707107
vn 0.707107 0.000000 -0.707107
vn 0.704859 -0.038670 -0.708293
vn 0.829544 -0.045556 -0.556579
vn 0.831470 0.000000 -0.555570
vn 0.831470 0.000000 -0.555570
vn 0.829544 -0.045556 -0.556579
vn 0.922189 -0.050673 -0.383406
vn 0.923880 0.000000 -0.382683
vn 0.923880 0.000000 -0.382683
vn 0.922189 -0.050673 -0.383406
vn 0.979233 -0.053822 -0.195465
vn 0.980785 0.000000 -0.195090
vn 0.980785 0.000000 -0.195090
vn 0.979233 -0.053822 -0.195465
vn 0.998493 -0.054885 0.000000
vn 1.000000 0.000000 0.000000
vn 1.000000 0.000000 0.000000
vn 0.998493 -0.054885 0.000000
vn 0.979233 -0.053822 0.195465
vn 0.980785 0.000000 0.195090
vn 0.980785 0.000000 0.195090
vn 0.979233 -0.053822 0.195465
vn 0.922189 -0.050673 0.383406
vn 0.923880 0.000000 0.382683
vn 0.923880 0.000000 0.382683
vn 0.922189 -0.050673 0.383406
vn 0.829544 -0.045556 0.556579
vn 0.831470 0.000000 0.555570
vn 0.831470 0.000000 0.555570
vn 0.829544 -0.045556 0.556579
vn 0.704859 -0.038670 0.708293
vn 0.707107 0.000000 0.707107
vn 0.707107 0.000000 0.707107
vn 0.704859 -0.038670 0.708293
vn 0.552941 -0.030281 0.832670
vn 0.555570 0.000000 0.831470
vn 0.555570 0.000000 0.831470
vn 0.552941 -0.030281 0.832670
vn 0.379674 -0.020719 0.924889
vn 0.382683 0.000000 0.923880
vn 0.382683 0.000000 0.923880
vn 0.379674 -0.020719 0.924889
vn 0.191787 -0.010363 0.981382
vn 0.195090 0.000000 0.980785
vn 0.195090 0.000000 0.980785
vn 0.191787 -0.010363 0.981382
vn -0.003413 0.000375 0.999994
vn 0.000000 0.000000 1.000000
vn 0.000000 0.000000 1.000000
vn -0.003413 0.000375 0.999994
vn -0.198351 0.011069 0.980069
vn -0.195090 0.000000 0.980785
vn -0.195090 0.000000 0.980785
vn -0.198351 0.011069 0.980069
vn -0.385490 0.021302 0.922466
vn -0.382684 0.000000 0.923880
vn -0.382684 0.000000 0.923880
vn -0.385490 0.021302 0.922466
vn -0.557644 0.030681 0.829513
vn -0.555570 0.000000 0.831470
vn -0.555570 0.000000 0.831470
vn -0.557644 0.030681 0.829513
vn -0.708256 0.038855 0.704886
vn -0.707107 0.000000 0.707107
vn -0.707107 0.000000 0.707107
vn -0.708256 0.038855 0.704886
vn -0.831643 0.045527 0.553441
vn -0.831470 0.000000 0.555570
vn -0.831470 0.000000 0.555570
vn -0.831643 0.045527 0.553441
vn -0.923192 0.050462 0.381011
vn -0.923879 0.000000 0.382684
vn -0.923879 0.000000 0.382684
vn -0.923192 0.050462 0.381011
vn -0.979508 0.053492 0.194171
vn -0.980785 0.000000 0.195090
vn -0.980785 0.000000 0.195090
vn -0.979508 0.053492 0.194171
vn -0.998513 0.054513 0.000000
vn -1.000000 0.000000 0.000000
vn -1.000000 0.000000 0.000000
vn -0.998513 0.054513 0.000000
vn -0.979508 0.053492 -0.194171
vn -0.980785 0.000000 -0.195090
vn -0.980785 0.000000 -0.195090
vn -0.979508 0.053492 -0.194171
vn -0.923192 0.050462 -0.381011
vn -0.923879 0.000000 -0.382684
vn -0.923879 0.000000 -0.382684
vn -0.923192 0.050462 -0.381011
vn -0.831643 0.045527 -0.553441
vn -0.831470 0.000000 -0.555570
vn -0.831470 0.000000 -0.555570
vn -0.831643 0.045527 -0.553441
vn -0.708256 0.038855 -0.704886
vn -0.707107 0.000000 -0.707107
vn -0.707107 0.000000 -0.707107
vn -0.708256 0.038855 -0.704886
vn -0.557644 0.030681 -0.829513
vn -0.555570 0.000000 -0.831470
vn -0.555570 0.000000 -0.831470
vn -0.557644 0.030681 -0.829513
vn -0.385490 0.021302 -0.922466
vn -0.382684 0.000000 -0.923880
vn -0.382684 0.000000 -0.923880
vn -0.385490 0.021302 -0.922466
vn -0.198351 0.011069 -0.980069
vn -0.195090 0.000000 -0.980785
vn -0.195090 0.000000 -0.980785
vn -0.198351 0.011069 -0.980069
vn -0.003413 0.000375 -0.999994
vn 0.000000 0.000000 -1.000000
vn 0.000000 0.000000 -1.000000
vn 0.003413 0.000375 -0.999994
vn 0.198351 0.011070 -0.980069
vn 0.195090 0.000000 -0.980785
vn 0.195090 0.000000 -0.980785
vn 0.198351 0.011070 -0.980069
vn 0.385491 0.021303 -0.922466
vn 0.382684 0.000000 -0.923880
vn 0.382684 0.000000 -0.923880
vn 0.385491 0.021303 -0.922466
vn 0.557644 0.030681 -0.829513
vn 0.555570 0.000000 -0.831470
vn 0.555570 0.000000 -0.831470
vn 0.557644 0.030681 -0.829513
vn 0.708255 0.038855 -0.704887
vn 0.707107 0.000000 -0.707107
vn 0.707107 0.000000 -0.707107
vn 0.708255 0.038855 -0.704887
vn 0.831643 0.045526 -0.553442
vn 0.831470 0.000000 -0.555570
vn 0.831470 0.000000 -0.555570
vn 0.831643 0.045526 -0.553442
vn 0.923193 0.050462 -0.381010
vn 0.923879 0.000000 -0.382684
vn 0.923879 0.000000 -0.382684
vn 0.923193 0.050462 -0.381010
vn 0.979508 0.053492 -0.194170
vn 0.980785 0.000000 -0.195090
vn 0.980785 0.000000 -0.195090
vn 0.979508 0.053492 -0.194170
vn 0.998513 0.054513 0.000000
vn 1.000000 0.000000 0.000000
vn 1.000000 0.000000 0.000000
vn 0.998513 0.054513 0.000000
vn 0.979508 0.053492 0.194170
vn 0.980785 0.000000 0.195090
vn 0.980785 0.000000 0.195090
vn 0.979508 0.053492 0.194170
vn 0.923193 0.050462 0.381010
vn 0.923879 0.000000 0.382684
vn 0.923879 0.000000 0.382684
vn 0.923193 0.050462 0.381010
vn 0.831643 0.045526 0.553442
vn 0.831470 0.000000 0.555570
vn 0.831470 0.000000 0.555570
vn 0.831643 0.045526 0.553442
vn 0.708255 0.038855 0.704887
vn 0.707107 0.000000 0.707107
vn 0.707107 0.000000 0.707107
vn 0.708255 0.038855 0.704887
vn 0.557644 0.030681 0.829513
vn 0.555570 0.000000 0.831470
vn 0.555570 0.000000 0.831470
vn 0.557644 0.030681 0.829513
vn 0.385491 0.021303 0.922466
vn 0.382684 0.000000 0.923880
vn 0.382684 0.000000 0.923880
vn 0.385491 0.021303 0.922466
vn 0.198351 0.011070 0.980069
vn 0.195090 0.000000 0.980785
vn 0.195090 0.000000 0.980785
vn 0.198351 0.011070 0.980069
vn 0.003413 0.000375 0.999994
vn 0.000000 0.000000 1.000000
vn 0.000000 0.000000 1.000000
vn 0.003413 0.000375 0.999994
vn -0.191787 -0.010363 0.981382
vn -0.195090 0.000000 0.980785
vn -0.195090 0.000000 0.980785
vn -0.191787 -0.010363 0.981382
vn -0.379674 -0.020719 0.924888
vn -0.382684 0.000000 0.923880
vn -0.382684 0.000000 0.923880
vn -0.379674 -0.020719 0.924888
vn -0.552941 -0.030281 0.832670
vn -0.555570 0.000000 0.831470
vn -0.555570 0.000000 0.831470
vn -0.552941 -0.030281 0.832670
vn -0.704859 -0.038670 0.708293
vn -0.707107 0.000000 0.707107
vn -0.707107 0.000000 0.707107
vn -0.704859 -0.038670 0.708293
vn -0.829544 -0.045556 0.556580
vn -0.831470 0.000000 0.555570
vn -0.831470 0.000000 0.555570
vn -0.829544 -0.045556 0.556580
vn -0.922189 -0.050673 0.383407
vn -0.923879 0.000000 0.382684
vn -0.923879 0.000000 0.382684
vn -0.922189 -0.050673 0.383407
vn -0.979233 -0.053823 0.195465
vn -0.980785 0.000000 0.195090
vn -0.980785 0.000000 0.195090
vn -0.979233 -0.053823 0.195465
vn -0.998493 -0.054886 -0.000000
vn -1.000000 0.000000 0.000000
vn -1.000000 0.000000 0.000000
vn -0.998493 -0.054886 -0.000000
vn -0.979233 -0.053823 -0.195465
vn -0.980785 0.000000 -0.195090
vn -0.980785 0.000000 -0.195090
vn -0.979233 -0.053823 -0.195465
vn -0.922189 -0.050673 -0.383407
vn -0.923879 0.000000 -0.382684
vn -0.923879 0.000000 -0.382684
vn -0.922189 -0.050673 -0.383407
vn -0.829544 -0.045556 -0.556580
vn -0.831470 0.000000 -0.555570
vn -0.831470 0.000000 -0.555570
vn -0.829544 -0.045556 -0.556580
vn -0.704859 -0.038670 -0.708293
vn -0.707107 0.000000 -0.707107
vn -0.707107 0.000000 -0.707107
vn -0.704859 -0.038670 -0.708293
vn -0.552941 -0.030281 -0.832670
vn -0.555570 0.000000 -0.831470
vn -0.555570 0.000000 -0.831470
vn -0.552941 -0.030281 -0.832670
vn -0.379674 -0.020719 -0.924888
vn -0.382684 0.000000 -0.923880
vn -0.382684 0.000000 -0.923880
vn -0.379674 -0.020719 -0.924888
vn -0.191787 -0.010363 -0.981382
vn -0.195090 0.000000 -0.980785
vn -0.195090 0.000000 -0.980785
vn -0.191787 -0.010363 -0.981382
vn 0.003413 0.000375 -0.999994
vn 0.000000 0.000000 -1.000000
vn -0.191787 -0.010363 -0.981382
vn -0.379674 -0.020719 -0.924888
vn -0.364675 -0.085073 -0.927240
vn -0.181950 -0.042600 -0.982385
vn -0.379674 -0.020719 -0.924888
vn -0.552941 -0.030281 -0.832670
vn -0.533914 -0.124414 -0.836335
vn -0.364675 -0.085073 -0.927240
vn -0.552941 -0.030281 -0.832670
vn -0.704859 -0.038670 -0.708293
vn -0.683058 -0.159098 -0.712825
vn -0.533914 -0.124414 -0.836335
vn -0.704859 -0.038670 -0.708293
vn -0.829544 -0.045556 -0.556580
vn -0.806109 -0.187735 -0.561198
vn -0.683058 -0.159098 -0.712825
vn -0.829544 -0.045556 -0.556580
vn -0.922189 -0.050673 -0.383407
vn -0.897969 -0.209130 -0.387190
vn -0.806109 -0.187735 -0.561198
vn -0.922189 -0.050673 -0.383407
vn -0.979233 -0.053823 -0.195465
vn -0.954732 -0.222358 -0.197595
vn -0.897969 -0.209130 -0.387190
vn -0.979233 -0.053823 -0.195465
vn -0.998493 -0.054886 -0.000000
vn -0.973933 -0.226835 0.000000
vn -0.954732 -0.222358 -0.197595
vn -0.998493 -0.054886 -0.000000
vn -0.979233 -0.053823 0.195465
vn -0.954732 -0.222358 0.197595
vn -0.973933 -0.226835 0.000000
vn -0.979233 -0.053823 0.195465
vn -0.922189 -0.050673 0.383407
vn -0.897969 -0.209130 0.387190
vn -0.954732 -0.222358 0.197595
vn -0.922189 -0.050673 0.383407
vn -0.829544 -0.045556 0.556580
vn -0.806109 -0.187735 0.561198
vn -0.897969 -0.209130 0.387190
vn -0.829544 -0.045556 0.556580
vn -0.704859 -0.038670 0.708293
vn -0.683058 -0.159098 0.712825
vn -0.806109 -0.187735 0.561198
vn -0.704859 -0.038670 0.708293
vn -0.552941 -0.030281 0.832670
vn -0.533914 -0.124413 0.836335
vn -0.683058 -0.159098 0.712825
vn -0.552941 -0.030281 0.832670
vn -0.379674 -0.020719 0.924888
vn -0.364675 -0.085073 0.927240
vn -0.533914 -0.124413 0.836335
vn -0.379674 -0.020719 0.924888
vn -0.191787 -0.010363 0.981382
vn -0.181950 -0.042600 0.982385
vn -0.364675 -0.085073 0.927240
vn -0.191787 -0.010363 0.981382
vn 0.003413 0.000375 0.999994
vn 0.007303 0.001411 0.999972
vn -0.181950 -0.042600 0.982385
vn 0.003413 0.000375 0.999994
vn 0.198351 0.011070 0.980069
vn 0.196004 0.045337 0.979555
vn 0.007303 0.001411 0.999972
vn 0.198351 0.011070 0.980069
vn 0.385491 0.021303 0.922466
vn 0.377152 0.087571 0.922002
vn 0.196004 0.045337 0.979555
vn 0.385491 0.021303 0.922466
vn 0.557644 0.030681 0.829513
vn 0.544020 0.126550 0.829474
vn 0.377152 0.087571 0.922002
vn 0.557644 0.030681 0.829513
vn 0.708255 0.038855 0.704887
vn 0.690351 0.160803 0.705378
vn 0.544020 0.126550 0.829474
vn 0.708255 0.038855 0.704887
vn 0.831643 0.045526 0.553442
vn 0.810575 0.189002 0.554298
vn 0.690351 0.160803 0.705378
vn 0.831643 0.045526 0.553442
vn 0.923193 0.050462 0.381010
vn 0.900027 0.210021 0.381892
vn 0.810575 0.189002 0.554298
vn 0.923193 0.050462 0.381010
vn 0.979508 0.053492 0.194170
vn 0.955173 0.222997 0.194722
vn 0.900027 0.210021 0.381892
vn 0.979508 0.053492 0.194170
vn 0.998513 0.054513 0.000000
vn 0.973805 0.227383 0.000000
vn 0.955173 0.222997 0.194722
vn 0.998513 0.054513 0.000000
vn 0.979508 0.053492 -0.194170
vn 0.955173 0.222997 -0.194722
vn 0.973805 0.227383 0.000000
vn 0.979508 0.053492 -0.194170
vn 0.923193 0.050462 -0.381010
vn 0.900027 0.210021 -0.381892
vn 0.955173 0.222997 -0.194722
vn 0.923193 0.050462 -0.381010
vn 0.831643 0.045526 -0.553442
vn 0.810575 0.189002 -0.554298
vn 0.900027 0.210021 -0.381892
vn 0.831643 0.045526 -0.553442
vn 0.708255 0.038855 -0.704887
vn 0.690351 0.160803 -0.705378
vn 0.810575 0.189002 -0.554298
vn 0.708255 0.038855 -0.704887
vn 0.557644 0.030681 -0.829513
vn 0.544020 0.126550 -0.829474
vn 0.690351 0.160803 -0.705378
vn 0.557644 0.030681 -0.829513
vn 0.385491 0.021303 -0.922466
vn 0.377152 0.087571 -0.922002
vn 0.544020 0.126550 -0.829474
vn 0.385491 0.021303 -0.922466
vn 0.198351 0.011070 -0.980069
vn 0.196004 0.045337 -0.979555
vn 0.377152 0.087571 -0.922002
vn 0.198351 0.011070 -0.980069
vn 0.003413 0.000375 -0.999994
vn 0.007303 0.001411 -0.999972
vn 0.196004 0.045337 -0.979555
vn 0.003413 0.000375 -0.999994
vn -0.191787 -0.010363 -0.981382
vn -0.181950 -0.042600 -0.982385
vn 0.007303 0.001411 -0.999972
vn 0.196004 0.045337 -0.979555
vn 0.007303 0.001411 -0.999972
vn 0.006955 0.003305 -0.999970
vn 0.177934 0.090909 -0.979834
vn 0.177934 0.090909 -0.979834
vn 0.006955 0.003305 -0.999970
vn 0.005625 0.004927 -0.999972
vn 0.149464 0.131325 -0.980007
vn 0.149464 0.131325 -0.980007
vn 0.005625 0.004927 -0.999972
vn 0.003897 0.005805 -0.999976
vn 0.114563 0.162839 -0.979979
vn 0.114563 0.162839 -0.979979
vn 0.003897 0.005805 -0.999976
vn 0.002313 0.006047 -0.999979
vn 0.076845 0.184460 -0.979831
vn 0.076845 0.184460 -0.979831
vn 0.002313 0.006047 -0.999979
vn 0.001049 0.006007 -0.999981
vn 0.038417 0.196818 -0.979687
vn 0.038417 0.196818 -0.979687
vn 0.001049 0.006007 -0.999981
vn 0.000000 0.005962 -0.999982
vn -0.000000 0.200812 -0.979630
vn -0.000000 0.200812 -0.979630
vn 0.000000 0.005962 -0.999982
vn -0.001049 0.006007 -0.999981
vn -0.038417 0.196818 -0.979687
vn -0.038417 0.196818 -0.979687
vn -0.001049 0.006007 -0.999981
vn -0.002313 0.006047 -0.999979
vn -0.076845 0.184460 -0.979831
vn -0.076845 0.184460 -0.979831
vn -0.002313 0.006047 -0.999979
vn -0.003897 0.005805 -0.999976
vn -0.114563 0.162839 -0.979979
vn -0.114563 0.162839 -0.979979
vn -0.003897 0.005805 -0.999976
vn -0.005625 0.004927 -0.999972
vn -0.149464 0.131325 -0.980007
vn -0.149464 0.131325 -0.980007
vn -0.005625 0.004927 -0.999972
vn -0.006955 0.003305 -0.999970
vn -0.177934 0.090909 -0.979834
vn -0.177934 0.090909 -0.979834
vn -0.006955 0.003305 -0.999970
vn -0.007303 0.001411 -0.999972
vn -0.196004 0.045337 -0.979555
vn -0.196004 0.045337 -0.979555
vn -0.007303 0.001411 -0.999972
vn -0.003413 0.000375 -0.999994
vn -0.198351 0.011069 -0.980069
vn 0.377152 0.087571 -0.922002
vn 0.196004 0.045337 -0.979555
vn 0.177934 0.090909 -0.979834
vn 0.342368 0.175217 -0.923083
vn 0.342368 0.175217 -0.923083
vn 0.177934 0.090909 -0.979834
vn 0.149464 0.131325 -0.980007
vn 0.287933 0.253008 -0.923624
vn 0.287933 0.253008 -0.923624
vn 0.149464 0.131325 -0.980007
vn 0.114563 0.162839 -0.979979
vn 0.221068 0.313909 -0.923358
vn 0.221068 0.313909 -0.923358
vn 0.114563 0.162839 -0.979979
vn 0.076845 0.184460 -0.979831
vn 0.148502 0.355883 -0.922656
vn 0.148502 0.355883 -0.922656
vn 0.076845 0.184460 -0.979831
vn 0.038417 0.196818 -0.979687
vn 0.074310 0.379956 -0.922015
vn 0.074310 0.379956 -0.922015
vn 0.038417 0.196818 -0.979687
vn -0.000000 0.200812 -0.979630
vn 0.000000 0.387749 -0.921765
vn 0.000000 0.387749 -0.921765
vn -0.000000 0.200812 -0.979630
vn -0.038417 0.196818 -0.979687
vn -0.074310 0.379956 -0.922015
vn -0.074310 0.379956 -0.922015
vn -0.038417 0.196818 -0.979687
vn -0.076845 0.184460 -0.979831
vn -0.148502 0.355883 -0.922656
vn -0.148502 0.355883 -0.922656
vn -0.076845 0.184460 -0.979831
vn -0.114563 0.162839 -0.979979
vn -0.221068 0.313909 -0.923358
vn -0.221068 0.313909 -0.923358
vn -0.114563 0.162839 -0.979979
vn -0.149464 0.131325 -0.980007
vn -0.287932 0.253008 -0.923624
vn -0.287932 0.253008 -0.923624
vn -0.149464 0.131325 -0.980007
vn -0.177934 0.090909 -0.979834
vn -0.342368 0.175217 -0.923084
vn -0.342368 0.175217 -0.923084
vn -0.177934 0.090909 -0.979834
vn -0.196004 0.045337 -0.979555
vn -0.377152 0.087571 -0.922002
vn -0.377152 0.087571 -0.922002
vn -0.196004 0.045337 -0.979555
vn -0.198351 0.011069 -0.980069
vn -0.385490 0.021302 -0.922466
vn 0.544020 0.126550 -0.829474
vn 0.377152 0.087571 -0.922002
vn 0.342368 0.175217 -0.923083
vn 0.494351 0.253209 -0.831566
vn 0.494351 0.253209 -0.831566
vn 0.342368 0.175217 -0.923083
vn 0.287933 0.253008 -0.923624
vn 0.416128 0.365668 -0.832541
vn 0.416128 0.365668 -0.832541
vn 0.287933 0.253008 -0.923624
vn 0.221068 0.313909 -0.923358
vn 0.319591 0.453587 -0.831938
vn 0.319591 0.453587 -0.831938
vn 0.221068 0.313909 -0.923358
vn 0.148502 0.355883 -0.922656
vn 0.214645 0.513992 -0.830506
vn 0.214645 0.513992 -0.830506
vn 0.148502 0.355883 -0.922656
vn 0.074310 0.379956 -0.922015
vn 0.107374 0.548513 -0.829219
vn 0.107374 0.548513 -0.829219
vn 0.074310 0.379956 -0.922015
vn 0.000000 0.387749 -0.921765
vn 0.000000 0.559663 -0.828720
vn 0.000000 0.559663 -0.828720
vn 0.000000 0.387749 -0.921765
vn -0.074310 0.379956 -0.922015
vn -0.107374 0.548513 -0.829219
vn -0.107374 0.548513 -0.829219
vn -0.074310 0.379956 -0.922015
vn -0.148502 0.355883 -0.922656
vn -0.214645 0.513992 -0.830506
vn -0.214645 0.513992 -0.830506
vn -0.148502 0.355883 -0.922656
vn -0.221068 0.313909 -0.923358
vn -0.319590 0.453587 -0.831938
vn -0.319590 0.453587 -0.831938
vn -0.221068 0.313909 -0.923358
vn -0.287932 0.253008 -0.923624
vn -0.416128 0.365668 -0.832541
vn -0.416128 0.365668 -0.832541
vn -0.287932 0.253008 -0.923624
vn -0.342368 0.175217 -0.923084
vn -0.494351 0.253209 -0.831566
vn -0.494351 0.253209 -0.831566
vn -0.342368 0.175217 -0.923084
vn -0.377152 0.087571 -0.922002
vn -0.544020 0.126549 -0.829475
vn -0.544020 0.126549 -0.829475
vn -0.377152 0.087571 -0.922002
vn -0.385490 0.021302 -0.922466
vn -0.557644 0.030681 -0.829513
vn 0.690351 0.160803 -0.705378
vn 0.544020 0.126550 -0.829474
vn 0.494351 0.253209 -0.831566
vn 0.628220 0.321973 -0.708289
vn 0.628220 0.321973 -0.708289
vn 0.494351 0.253209 -0.831566
vn 0.416128 0.365668 -0.832541
vn 0.529280 0.465111 -0.709602
vn 0.529280 0.465111 -0.709602
vn 0.416128 0.365668 -0.832541
vn 0.319591 0.453587 -0.831938
vn 0.406448 0.576662 -0.708703
vn 0.406448 0.576662 -0.708703
vn 0.319591 0.453587 -0.831938
vn 0.214645 0.513992 -0.830506
vn 0.272785 0.652854 -0.706661
vn 0.272785 0.652854 -0.706661
vn 0.214645 0.513992 -0.830506
vn 0.107374 0.548513 -0.829219
vn 0.136360 0.696134 -0.704843
vn 0.136360 0.696134 -0.704843
vn 0.107374 0.548513 -0.829219
vn 0.000000 0.559663 -0.828720
vn -0.000000 0.710061 -0.704140
vn -0.000000 0.710061 -0.704140
vn 0.000000 0.559663 -0.828720
vn -0.107374 0.548513 -0.829219
vn -0.136360 0.696134 -0.704843
vn -0.136360 0.696134 -0.704843
vn -0.107374 0.548513 -0.829219
vn -0.214645 0.513992 -0.830506
vn -0.272785 0.652854 -0.706661
vn -0.272785 0.652854 -0.706661
vn -0.214645 0.513992 -0.830506
vn -0.319590 0.453587 -0.831938
vn -0.406449 0.576663 -0.708702
vn -0.406449 0.576663 -0.708702
vn -0.319590 0.453587 -0.831938
vn -0.416128 0.365668 -0.832541
vn -0.529281 0.465112 -0.709600
vn -0.529281 0.465112 -0.709600
vn -0.416128 0.365668 -0.832541
vn -0.494351 0.253209 -0.831566
vn -0.628222 0.321974 -0.708287
vn -0.628222 0.321974 -0.708287
vn -0.494351 0.253209 -0.831566
vn -0.544020 0.126549 -0.829475
vn -0.690353 0.160803 -0.705376
vn -0.690353 0.160803 -0.705376
vn -0.544020 0.126549 -0.829475
vn -0.557644 0.030681 -0.829513
vn -0.708256 0.038855 -0.704886
vn 0.810575 0.189002 -0.554298
vn 0.690351 0.160803 -0.705378
vn 0.628220 0.321973 -0.708289
vn 0.738735 0.378795 -0.557481
vn 0.738735 0.378795 -0.557481
vn 0.628220 0.321973 -0.708289
vn 0.529280 0.465111 -0.709602
vn 0.622898 0.547391 -0.558893
vn 0.622898 0.547391 -0.558893
vn 0.529280 0.465111 -0.709602
vn 0.406448 0.576662 -0.708703
vn 0.478214 0.678297 -0.557875
vn 0.478214 0.678297 -0.557875
vn 0.406448 0.576662 -0.708703
vn 0.272785 0.652854 -0.706661
vn 0.320666 0.767117 -0.555612
vn 0.320666 0.767117 -0.555612
vn 0.272785 0.652854 -0.706661
vn 0.136360 0.696134 -0.704843
vn 0.160160 0.817231 -0.553609
vn 0.160160 0.817231 -0.553609
vn 0.136360 0.696134 -0.704843
vn -0.000000 0.710061 -0.704140
vn 0.000000 0.833289 -0.552837
vn 0.000000 0.833289 -0.552837
vn -0.000000 0.710061 -0.704140
vn -0.136360 0.696134 -0.704843
vn -0.160160 0.817231 -0.553608
vn -0.160160 0.817231 -0.553608
vn -0.136360 0.696134 -0.704843
vn -0.272785 0.652854 -0.706661
vn -0.320666 0.767118 -0.555611
vn -0.320666 0.767118 -0.555611
vn -0.272785 0.652854 -0.706661
vn -0.406449 0.576663 -0.708702
vn -0.478215 0.678297 -0.557874
vn -0.478215 0.678297 -0.557874
vn -0.406449 0.576663 -0.708702
vn -0.529281 0.465112 -0.709600
vn -0.622899 0.547391 -0.558891
vn -0.622899 0.547391 -0.558891
vn -0.529281 0.465112 -0.709600
vn -0.628222 0.321974 -0.708287
vn -0.738736 0.378795 -0.557479
vn -0.738736 0.378795 -0.557479
vn -0.628222 0.321974 -0.708287
vn -0.690353 0.160803 -0.705376
vn -0.810576 0.189002 -0.554296
vn -0.810576 0.189002 -0.554296
vn -0.690353 0.160803 -0.705376
vn -0.708256 0.038855 -0.704886
vn -0.831643 0.045527 -0.553441
vn 0.900027 0.210021 -0.381892
vn 0.810575 0.189002 -0.554298
vn 0.738735 0.378795 -0.557481
vn 0.821330 0.421298 -0.384611
vn 0.821330 0.421298 -0.384611
vn 0.738735 0.378795 -0.557481
vn 0.622898 0.547391 -0.558893
vn 0.693007 0.609011 -0.385807
vn 0.693007 0.609011 -0.385807
vn 0.622898 0.547391 -0.558893
vn 0.478214 0.678297 -0.557875
vn 0.531889 0.754275 -0.384921
vn 0.531889 0.754275 -0.384921
vn 0.478214 0.678297 -0.557875
vn 0.320666 0.767117 -0.555612
vn 0.356366 0.852253 -0.382974
vn 0.356366 0.852253 -0.382974
vn 0.320666 0.767117 -0.555612
vn 0.160160 0.817231 -0.553609
vn 0.177856 0.907200 -0.381256
vn 0.177856 0.907200 -0.381256
vn 0.160160 0.817231 -0.553609
vn 0.000000 0.833289 -0.552837
vn -0.000000 0.924742 -0.380596
vn -0.000000 0.924742 -0.380596
vn 0.000000 0.833289 -0.552837
vn -0.160160 0.817231 -0.553608
vn -0.177856 0.907200 -0.381256
vn -0.177856 0.907200 -0.381256
vn -0.160160 0.817231 -0.553608
vn -0.320666 0.767118 -0.555611
vn -0.356366 0.852253 -0.382973
vn -0.356366 0.852253 -0.382973
vn -0.320666 0.767118 -0.555611
vn -0.478215 0.678297 -0.557874
vn -0.531889 0.754275 -0.384921
vn -0.531889 0.754275 -0.384921
vn -0.478215 0.678297 -0.557874
vn -0.622899 0.547391 -0.558891
vn -0.693007 0.609011 -0.385808
vn -0.693007 0.609011 -0.385808
vn -0.622899 0.547391 -0.558891
vn -0.738736 0.378795 -0.557479
vn -0.821329 0.421297 -0.384613
vn -0.821329 0.421297 -0.384613
vn -0.738736 0.378795 -0.557479
vn -0.810576 0.189002 -0.554296
vn -0.900027 0.210021 -0.381894
vn -0.900027 0.210021 -0.381894
vn -0.810576 0.189002 -0.554296
vn -0.831643 0.045527 -0.553441
vn -0.923192 0.050462 -0.381011
vn 0.955173 0.222997 -0.194722
vn 0.900027 0.210021 -0.381892
vn 0.821330 0.421298 -0.384611
vn 0.872422 0.447605 -0.196287
vn 0.872422 0.447605 -0.196287
vn 0.821330 0.421298 -0.384611
vn 0.693007 0.609011 -0.385807
vn 0.736443 0.647188 -0.196973
vn 0.736443 0.647188 -0.196973
vn 0.693007 0.609011 -0.385807
vn 0.531889 0.754275 -0.384921
vn 0.565110 0.801284 -0.196457
vn 0.565110 0.801284 -0.196457
vn 0.531889 0.754275 -0.384921
vn 0.356366 0.852253 -0.382974
vn 0.378410 0.904794 -0.195331
vn 0.378410 0.904794 -0.195331
vn 0.356366 0.852253 -0.382974
vn 0.177856 0.907200 -0.381256
vn 0.188760 0.962601 -0.194340
vn 0.188760 0.962601 -0.194340
vn 0.177856 0.907200 -0.381256
vn -0.000000 0.924742 -0.380596
vn 0.000000 0.981010 -0.193960
vn 0.000000 0.981010 -0.193960
vn -0.000000 0.924742 -0.380596
vn -0.177856 0.907200 -0.381256
vn -0.188760 0.962601 -0.194340
vn -0.188760 0.962601 -0.194340
vn -0.177856 0.907200 -0.381256
vn -0.356366 0.852253 -0.382973
vn -0.378410 0.904793 -0.195332
vn -0.378410 0.904793 -0.195332
vn -0.356366 0.852253 -0.382973
vn -0.531889 0.754275 -0.384921
vn -0.565110 0.801283 -0.196459
vn -0.565110 0.801283 -0.196459
vn -0.531889 0.754275 -0.384921
vn -0.693007 0.609011 -0.385808
vn -0.736443 0.647188 -0.196976
vn -0.736443 0.647188 -0.196976
vn -0.693007 0.609011 -0.385808
vn -0.821329 0.421297 -0.384613
vn -0.872422 0.447605 -0.196291
vn -0.872422 0.447605 -0.196291
vn -0.821329 0.421297 -0.384613
vn -0.900027 0.210021 -0.381894
vn -0.955173 0.222997 -0.194725
vn -0.955173 0.222997 -0.194725
vn -0.900027 0.210021 -0.381894
vn -0.923192 0.050462 -0.381011
vn -0.979508 0.053492 -0.194171
vn 0.973805 0.227383 0.000000
vn 0.955173 0.222997 -0.194722
vn 0.872422 0.447605 -0.196287
vn 0.889717 0.456513 0.000000
vn 0.889717 0.456513 0.000000
vn 0.872422 0.447605 -0.196287
vn 0.736443 0.647188 -0.196973
vn 0.751158 0.660122 0.000000
vn 0.751158 0.660122 0.000000
vn 0.736443 0.647188 -0.196973
vn 0.565110 0.801284 -0.196457
vn 0.576358 0.817197 0.000000
vn 0.576358 0.817197 0.000000
vn 0.565110 0.801284 -0.196457
vn 0.378410 0.904794 -0.195331
vn 0.385865 0.922556 0.000000
vn 0.385865 0.922556 0.000000
vn 0.378410 0.904794 -0.195331
vn 0.188760 0.962601 -0.194340
vn 0.192443 0.981308 0.000000
vn 0.192443 0.981308 0.000000
vn 0.188760 0.962601 -0.194340
vn 0.000000 0.981010 -0.193960
vn -0.000000 1.000000 -0.000000
vn -0.000000 1.000000 -0.000000
vn 0.000000 0.981010 -0.193960
vn -0.188760 0.962601 -0.194340
vn -0.192443 0.981308 0.000000
vn -0.192443 0.981308 0.000000
vn -0.188760 0.962601 -0.194340
vn -0.378410 0.904793 -0.195332
vn -0.385865 0.922555 0.000000
vn -0.385865 0.922555 0.000000
vn -0.378410 0.904793 -0.195332
vn -0.565110 0.801283 -0.196459
vn -0.576358 0.817197 -0.000000
vn -0.576358 0.817197 -0.000000
vn -0.565110 0.801283 -0.196459
vn -0.736443 0.647188 -0.196976
vn -0.751158 0.660122 0.000000
vn -0.751158 0.660122 0.000000
vn -0.736443 0.647188 -0.196976
vn -0.872422 0.447605 -0.196291
vn -0.889717 0.456513 0.000000
vn -0.889717 0.456513 0.000000
vn -0.872422 0.447605 -0.196291
vn -0.955173 0.222997 -0.194725
vn -0.973805 0.227383 -0.000000
vn -0.973805 0.227383 -0.000000
vn -0.955173 0.222997 -0.194725
vn -0.979508 0.053492 -0.194171
vn -0.998513 0.054513 0.000000
vn 0.955173 0.222997 0.194722
vn 0.973805 0.227383 0.000000
vn 0.889717 0.456513 0.000000
vn 0.872422 0.447605 0.196287
vn 0.872422 0.447605 0.196287
vn 0.889717 0.456513 0.000000
vn 0.751158 0.660122 0.000000
vn 0.736443 0.647188 0.196973
vn 0.736443 0.647188 0.196973
vn 0.751158 0.660122 0.000000
vn 0.576358 0.817197 0.000000
vn 0.565110 0.801284 0.196457
vn 0.565110 0.801284 0.196457
vn 0.576358 0.817197 0.000000
vn 0.385865 0.922556 0.000000
vn 0.378410 0.904794 0.195331
vn 0.378410 0.904794 0.195331
vn 0.385865 0.922556 0.000000
vn 0.192443 0.981308 0.000000
vn 0.188760 0.962601 0.194340
vn 0.188760 0.962601 0.194340
vn 0.192443 0.981308 0.000000
vn -0.000000 1.000000 -0.000000
vn 0.000000 0.981010 0.193960
vn 0.000000 0.981010 0.193960
vn -0.000000 1.000000 -0.000000
vn -0.192443 0.981308 0.000000
vn -0.188760 0.962601 0.194341
vn -0.188760 0.962601 0.194341
vn -0.192443 0.981308 0.000000
vn -0.385865 0.922555 0.000000
vn -0.378410 0.904793 0.195332
vn -0.378410 0.904793 0.195332
vn -0.385865 0.922555 0.000000
vn -0.576358 0.817197 -0.000000
vn -0.565110 0.801283 0.196459
vn -0.565110 0.801283 0.196459
vn -0.576358 0.817197 -0.000000
vn -0.751158 0.660122 0.000000
vn -0.736443 0.647188 0.196976
vn -0.736443 0.647188 0.196976
vn -0.751158 0.660122 0.000000
vn -0.889717 0.456513 0.000000
vn -0.872422 0.447605 0.196291
vn -0.872422 0.447605 0.196291
vn -0.889717 0.456513 0.000000
vn -0.973805 0.227383 -0.000000
vn -0.955173 0.222996 0.194725
vn -0.955173 0.222996 0.194725
vn -0.973805 0.227383 -0.000000
vn -0.998513 0.054513 0.000000
vn -0.979508 0.053492 0.194171
vn 0.900027 0.210021 0.381892
vn 0.955173 0.222997 0.194722
vn 0.872422 0.447605 0.196287
vn 0.821330 0.421298 0.384611
vn 0.821330 0.421298 0.384611
vn 0.872422 0.447605 0.196287
vn 0.736443 0.647188 0.196973
vn 0.693007 0.609011 0.385807
vn 0.693007 0.609011 0.385807
vn 0.736443 0.647188 0.196973
vn 0.565110 0.801284 0.196457
vn 0.531889 0.754275 0.384921
vn 0.531889 0.754275 0.384921
vn 0.565110 0.801284 0.196457
vn 0.378410 0.904794 0.195331
vn 0.356366 0.852253 0.382974
vn 0.356366 0.852253 0.382974
vn 0.378410 0.904794 0.195331
vn 0.188760 0.962601 0.194340
vn 0.177856 0.907200 0.381256
vn 0.177856 0.907200 0.381256
vn 0.188760 0.962601 0.194340
vn 0.000000 0.981010 0.193960
vn -0.000000 0.924742 0.380596
vn -0.000000 0.924742 0.380596
vn 0.000000 0.981010 0.193960
vn -0.188760 0.962601 0.194341
vn -0.177856 0.907200 0.381256
vn -0.177856 0.907200 0.381256
vn -0.188760 0.962601 0.194341
vn -0.378410 0.904793 0.195332
vn -0.356366 0.852253 0.382973
vn -0.356366 0.852253 0.382973
vn -0.378410 0.904793 0.195332
vn -0.565110 0.801283 0.196459
vn -0.531889 0.754275 0.384921
vn -0.531889 0.754275 0.384921
vn -0.565110 0.801283 0.196459
vn -0.736443 0.647188 0.196976
vn -0.693007 0.609011 0.385808
vn -0.693007 0.609011 0.385808
vn -0.736443 0.647188 0.196976
vn -0.872422 0.447605 0.196291
vn -0.821329 0.421297 0.384613
vn -0.821329 0.421297 0.384613
vn -0.872422 0.447605 0.196291
vn -0.955173 0.222996 0.194725
vn -0.900027 0.210021 0.381894
vn -0.900027 0.210021 0.381894
vn -0.955173 0.222996 0.194725
vn -0.979508 0.053492 0.194171
vn -0.923192 0.050462 0.381011
vn 0.810575 0.189002 0.554298
vn 0.900027 0.210021 0.381892
vn 0.821330 0.421298 0.384611
vn 0.738735 0.378795 0.557481
vn 0.738735 0.378795 0.557481
vn 0.821330 0.421298 0.384611
vn 0.693007 0.609011 0.385807
vn 0.622898 0.547391 0.558893
vn 0.622898 0.547391 0.558893
vn 0.693007 0.609011 0.385807
vn 0.531889 0.754275 0.384921
vn 0.478215 0.678297 0.557875
vn 0.478215 0.678297 0.557875
vn 0.531889 0.754275 0.384921
vn 0.356366 0.852253 0.382974
vn 0.320666 0.767117 0.555612
vn 0.320666 0.767117 0.555612
vn 0.356366 0.852253 0.382974
vn 0.177856 0.907200 0.381256
vn 0.160160 0.817231 0.553609
vn 0.160160 0.817231 0.553609
vn 0.177856 0.907200 0.381256
vn -0.000000 0.924742 0.380596
vn 0.000000 0.833289 0.552837
vn 0.000000 0.833289 0.552837
vn -0.000000 0.924742 0.380596
vn -0.177856 0.907200 0.381256
vn -0.160160 0.817231 0.553608
vn -0.160160 0.817231 0.553608
vn -0.177856 0.907200 0.381256
vn -0.356366 0.852253 0.382973
vn -0.320666 0.767118 0.555611
vn -0.320666 0.767118 0.555611
vn -0.356366 0.852253 0.382973
vn -0.531889 0.754275 0.384921
vn -0.478215 0.678297 0.557874
vn -0.478215 0.678297 0.557874
vn -0.531889 0.754275 0.384921
vn -0.693007 0.609011 0.385808
vn -0.622899 0.547391 0.558891
vn -0.622899 0.547391 0.558891
vn -0.693007 0.609011 0.385808
vn -0.821329 0.421297 0.384613
vn -0.738736 0.378795 0.557479
vn -0.738736 0.378795 0.557479
vn -0.821329 0.421297 0.384613
vn -0.900027 0.210021 0.381894
vn -0.810576 0.189002 0.554296
vn -0.810576 0.189002 0.554296
vn -0.900027 0.210021 0.381894
vn -0.923192 0.050462 0.381011
vn -0.831643 0.045527 0.553441
vn 0.690351 0.160803 0.705378
vn 0.810575 0.189002 0.554298
vn 0.738735 0.378795 0.557481
vn 0.628220 0.321973 0.708289
vn 0.628220 0.321973 0.708289
vn 0.738735 0.378795 0.557481
vn 0.622898 0.547391 0.558893
vn 0.529280 0.465111 0.709602
vn 0.529280 0.465111 0.709602
vn 0.622898 0.547391 0.558893
vn 0.478215 0.678297 0.557875
vn 0.406448 0.576662 0.708703
vn 0.406448 0.576662 0.708703
vn 0.478215 0.678297 0.557875
vn 0.320666 0.767117 0.555612
vn 0.272785 0.652854 0.706661
vn 0.272785 0.652854 0.706661
vn 0.320666 0.767117 0.555612
vn 0.160160 0.817231 0.553609
vn 0.136360 0.696134 0.704843
vn 0.136360 0.696134 0.704843
vn 0.160160 0.817231 0.553609
vn 0.000000 0.833289 0.552837
vn -0.000000 0.710061 0.704141
vn -0.000000 0.710061 0.704141
vn 0.000000 0.833289 0.552837
vn -0.160160 0.817231 0.553608
vn -0.136360 0.696134 0.704843
vn -0.136360 0.696134 0.704843
vn -0.160160 0.817231 0.553608
vn -0.320666 0.767118 0.555611
vn -0.272785 0.652854 0.706661
vn -0.272785 0.652854 0.706661
vn -0.320666 0.767118 0.555611
vn -0.478215 0.678297 0.557874
vn -0.406449 0.576663 0.708703
vn -0.406449 0.576663 0.708703
vn -0.478215 0.678297 0.557874
vn -0.622899 0.547391 0.558891
vn -0.529281 0.465112 0.709600
vn -0.529281 0.465112 0.709600
vn -0.622899 0.547391 0.558891
vn -0.738736 0.378795 0.557479
vn -0.628222 0.321974 0.708287
vn -0.628222 0.321974 0.708287
vn -0.738736 0.378795 0.557479
vn -0.810576 0.189002 0.554296
vn -0.690353 0.160803 0.705376
vn -0.690353 0.160803 0.705376
vn -0.810576 0.189002 0.554296
vn -0.831643 0.045527 0.553441
vn -0.708256 0.038855 0.704886
vn 0.544020 0.126550 0.829474
vn 0.690351 0.160803 0.705378
vn 0.628220 0.321973 0.708289
vn 0.494351 0.253209 0.831566
vn 0.494351 0.253209 0.831566
vn 0.628220 0.321973 0.708289
vn 0.529280 0.465111 0.709602
vn 0.416128 0.365668 0.832541
vn 0.416128 0.365668 0.832541
vn 0.529280 0.465111 0.709602
vn 0.406448 0.576662 0.708703
vn 0.319591 0.453587 0.831938
vn 0.319591 0.453587 0.831938
vn 0.406448 0.576662 0.708703
vn 0.272785 0.652854 0.706661
vn 0.214645 0.513992 0.830506
vn 0.214645 0.513992 0.830506
vn 0.272785 0.652854 0.706661
vn 0.136360 0.696134 0.704843
vn 0.107374 0.548513 0.829219
vn 0.107374 0.548513 0.829219
vn 0.136360 0.696134 0.704843
vn -0.000000 0.710061 0.704141
vn 0.000000 0.559663 0.828720
vn 0.000000 0.559663 0.828720
vn -0.000000 0.710061 0.704141
vn -0.136360 0.696134 0.704843
vn -0.107374 0.548513 0.829219
vn -0.107374 0.548513 0.829219
vn -0.136360 0.696134 0.704843
vn -0.272785 0.652854 0.706661
vn -0.214645 0.513992 0.830506
vn -0.214645 0.513992 0.830506
vn -0.272785 0.652854 0.706661
vn -0.406449 0.576663 0.708703
vn -0.319590 0.453588 0.831938
vn -0.319590 0.453588 0.831938
vn -0.406449 0.576663 0.708703
vn -0.529281 0.465112 0.709600
vn -0.416128 0.365668 0.832541
vn -0.416128 0.365668 0.832541
vn -0.529281 0.465112 0.709600
vn -0.628222 0.321974 0.708287
vn -0.494351 0.253209 0.831566
vn -0.494351 0.253209 0.831566
vn -0.628222 0.321974 0.708287
vn -0.690353 0.160803 0.705376
vn -0.544020 0.126549 0.829475
vn -0.544020 0.126549 0.829475
vn -0.690353 0.160803 0.705376
vn -0.708256 0.038855 0.704886
vn -0.557644 0.030681 0.829513
vn 0.377152 0.087571 0.922002
vn 0.544020 0.126550 0.829474
vn 0.494351 0.253209 0.831566
vn 0.342368 0.175217 0.923083
vn 0.342368 0.175217 0.923083
vn 0.494351 0.253209 0.831566
vn 0.416128 0.365668 0.832541
vn 0.287933 0.253008 0.923624
vn 0.287933 0.253008 0.923624
vn 0.416128 0.365668 0.832541
vn 0.319591 0.453587 0.831938
vn 0.221068 0.313909 0.923358
vn 0.221068 0.313909 0.923358
vn 0.319591 0.453587 0.831938
vn 0.214645 0.513992 0.830506
vn 0.148502 0.355883 0.922656
vn 0.148502 0.355883 0.922656
vn 0.214645 0.513992 0.830506
vn 0.107374 0.548513 0.829219
vn 0.074310 0.379956 0.922015
vn 0.074310 0.379956 0.922015
vn 0.107374 0.548513 0.829219
vn 0.000000 0.559663 0.828720
vn 0.000000 0.387749 0.921765
vn 0.000000 0.387749 0.921765
vn 0.000000 0.559663 0.828720
vn -0.107374 0.548513 0.829219
vn -0.074310 0.379956 0.922015
vn -0.074310 0.379956 0.922015
vn -0.107374 0.548513 0.829219
vn -0.214645 0.513992 0.830506
vn -0.148502 0.355883 0.922656
vn -0.148502 0.355883 0.922656
vn -0.214645 0.513992 0.830506
vn -0.319590 0.453588 0.831938
vn -0.221068 0.313909 0.923358
vn -0.221068 0.313909 0.923358
vn -0.319590 0.453588 0.831938
vn -0.416128 0.365668 0.832541
vn -0.287932 0.253008 0.923624
vn -0.287932 0.253008 0.923624
vn -0.416128 0.365668 0.832541
vn -0.494351 0.253209 0.831566
vn -0.342367 0.175217 0.923084
vn -0.342367 0.175217 0.923084
vn -0.494351 0.253209 0.831566
vn -0.544020 0.126549 0.829475
vn -0.377152 0.087571 0.922002
vn -0.377152 0.087571 0.922002
vn -0.544020 0.126549 0.829475
vn -0.557644 0.030681 0.829513
vn -0.385490 0.021302 0.922466
vn 0.196004 0.045337 0.979555
vn 0.377152 0.087571 0.922002
vn 0.342368 0.175217 0.923083
vn 0.177934 0.090909 0.979834
vn 0.177934 0.090909 0.979834
vn 0.342368 0.175217 0.923083
vn 0.287933 0.253008 0.923624
vn 0.149464 0.131325 0.980007
vn 0.149464 0.131325 0.980007
vn 0.287933 0.253008 0.923624
vn 0.221068 0.313909 0.923358
vn 0.114563 0.162839 0.979979
vn 0.114563 0.162839 0.979979
vn 0.221068 0.313909 0.923358
vn 0.148502 0.355883 0.922656
vn 0.076845 0.184460 0.979831
vn 0.076845 0.184460 0.979831
vn 0.148502 0.355883 0.922656
vn 0.074310 0.379956 0.922015
vn 0.038417 0.196818 0.979687
vn 0.038417 0.196818 0.979687
vn 0.074310 0.379956 0.922015
vn 0.000000 0.387749 0.921765
vn -0.000000 0.200812 0.979630
vn -0.000000 0.200812 0.979630
vn 0.000000 0.387749 0.921765
vn -0.074310 0.379956 0.922015
vn -0.038417 0.196818 0.979687
vn -0.038417 0.196818 0.979687
vn -0.074310 0.379956 0.922015
vn -0.148502 0.355883 0.922656
vn -0.076845 0.184460 0.979831
vn -0.076845 0.184460 0.979831
vn -0.148502 0.355883 0.922656
vn -0.221068 0.313909 0.923358
vn -0.114563 0.162839 0.979979
vn -0.114563 0.162839 0.979979
vn -0.221068 0.313909 0.923358
vn -0.287932 0.253008 0.923624
vn -0.149464 0.131325 0.980007
vn -0.149464 0.131325 0.980007
vn -0.287932 0.253008 0.923624
vn -0.342367 0.175217 0.923084
vn -0.177934 0.090909 0.979834
vn -0.177934 0.090909 0.979834
vn -0.342367 0.175217 0.923084
vn -0.377152 0.087571 0.922002
vn -0.196004 0.045337 0.979555
vn -0.196004 0.045337 0.979555
vn -0.377152 0.087571 0.922002
vn -0.385490 0.021302 0.922466
vn -0.198351 0.011069 0.980069
vn 0.007303 0.001411 0.999972
vn 0.196004 0.045337 0.979555
vn 0.177934 0.090909 0.979834
vn 0.006955 0.003305 0.999970
vn 0.006955 0.003305 0.999970
vn 0.177934 0.090909 0.979834
vn 0.149464 0.131325 0.980007
vn 0.005625 0.004927 0.999972
vn 0.005625 0.004927 0.999972
vn 0.149464 0.131325 0.980007
vn 0.114563 0.162839 0.979979
vn 0.003897 0.005805 0.999976
vn 0.003897 0.005805 0.999976
vn 0.114563 0.162839 0.979979
vn 0.076845 0.184460 0.979831
vn 0.002313 0.006047 0.999979
vn 0.002313 0.006047 0.999979
vn 0.076845 0.184460 0.979831
vn 0.038417 0.196818 0.979687
vn 0.001049 0.006007 0.999981
vn 0.001049 0.006007 0.999981
vn 0.038417 0.196818 0.979687
vn -0.000000 0.200812 0.979630
vn 0.000000 0.005962 0.999982
vn 0.000000 0.005962 0.999982
vn -0.000000 0.200812 0.979630
vn -0.038417 0.196818 0.979687
vn -0.001049 0.006007 0.999981
vn -0.001049 0.006007 0.999981
vn -0.038417 0.196818 0.979687
vn -0.076845 0.184460 0.979831
vn -0.002313 0.006047 0.999979
vn -0.002313 0.006047 0.999979
vn -0.076845 0.184460 0.979831
vn -0.114563 0.162839 0.979979
vn -0.003897 0.005805 0.999976
vn -0.003897 0.005805 0.999976
vn -0.114563 0.162839 0.979979
vn -0.149464 0.131325 0.980007
vn -0.005625 0.004927 0.999972
vn -0.005625 0.004927 0.999972
vn -0.149464 0.131325 0.980007
vn -0.177934 0.090909 0.979834
vn -0.006955 0.003305 0.999970
vn -0.006955 0.003305 0.999970
vn -0.177934 0.090909 0.979834
vn -0.196004 0.045337 0.979555
vn -0.007303 0.001411 0.999972
vn -0.007303 0.001411 0.999972
vn -0.196004 0.045337 0.979555
vn -0.198351 0.011069 0.980069
vn -0.003413 0.000375 0.999994
vn -0.181950 -0.042600 0.982385
vn 0.007303 0.001411 0.999972
vn 0.006955 0.003305 0.999970
vn -0.164536 -0.084522 0.982743
vn -0.164536 -0.084522 0.982743
vn 0.006955 0.003305 0.999970
vn 0.005625 0.004927 0.999972
vn -0.138614 -0.121821 0.982825
vn -0.138614 -0.121821 0.982825
vn 0.005625 0.004927 0.999972
vn 0.003897 0.005805 0.999976
vn -0.107040 -0.151655 0.982621
vn -0.107040 -0.151655 0.982621
vn 0.003897 0.005805 0.999976
vn 0.002313 0.006047 0.999979
vn -0.072376 -0.172820 0.982291
vn -0.072376 -0.172820 0.982291
vn 0.002313 0.006047 0.999979
vn 0.001049 0.006007 0.999981
vn -0.036389 -0.185260 0.982016
vn -0.036389 -0.185260 0.982016
vn 0.001049 0.006007 0.999981
vn 0.000000 0.005962 0.999982
vn -0.000000 -0.189342 0.981911
vn -0.000000 -0.189342 0.981911
vn 0.000000 0.005962 0.999982
vn -0.001049 0.006007 0.999981
vn 0.036389 -0.185260 0.982016
vn 0.036389 -0.185260 0.982016
vn -0.001049 0.006007 0.999981
vn -0.002313 0.006047 0.999979
vn 0.072376 -0.172820 0.982291
vn 0.072376 -0.172820 0.982291
vn -0.002313 0.006047 0.999979
vn -0.003897 0.005805 0.999976
vn 0.107040 -0.151655 0.982621
vn 0.107040 -0.151655 0.982621
vn -0.003897 0.005805 0.999976
vn -0.005625 0.004927 0.999972
vn 0.138614 -0.121821 0.982825
vn 0.138614 -0.121821 0.982825
vn -0.005625 0.004927 0.999972
vn -0.006955 0.003305 0.999970
vn 0.164537 -0.084522 0.982743
vn 0.164537 -0.084522 0.982743
vn -0.006955 0.003305 0.999970
vn -0.007303 0.001411 0.999972
vn 0.181950 -0.042600 0.982385
vn 0.181950 -0.042600 0.982385
vn -0.007303 0.001411 0.999972
vn -0.003413 0.000375 0.999994
vn 0.191787 -0.010363 0.981382
vn -0.364675 -0.085073 0.927240
vn -0.181950 -0.042600 0.982385
vn -0.164536 -0.084522 0.982743
vn -0.330437 -0.169470 0.928489
vn -0.330437 -0.169470 0.928489
vn -0.164536 -0.084522 0.982743
vn -0.138614 -0.121821 0.982825
vn -0.278235 -0.244510 0.928870
vn -0.278235 -0.244510 0.928870
vn -0.138614 -0.121821 0.982825
vn -0.107040 -0.151655 0.982621
vn -0.214323 -0.303947 0.928268
vn -0.214323 -0.303947 0.928268
vn -0.107040 -0.151655 0.982621
vn -0.072376 -0.172820 0.982291
vn -0.144483 -0.345541 0.927214
vn -0.144483 -0.345541 0.927214
vn -0.072376 -0.172820 0.982291
vn -0.036389 -0.185260 0.982016
vn -0.072480 -0.369699 0.926320
vn -0.072480 -0.369699 0.926320
vn -0.036389 -0.185260 0.982016
vn -0.000000 -0.189342 0.981911
vn 0.000000 -0.377573 0.925980
vn 0.000000 -0.377573 0.925980
vn -0.000000 -0.189342 0.981911
vn 0.036389 -0.185260 0.982016
vn 0.072480 -0.369699 0.926320
vn 0.072480 -0.369699 0.926320
vn 0.036389 -0.185260 0.982016
vn 0.072376 -0.172820 0.982291
vn 0.144483 -0.345541 0.927214
vn 0.144483 -0.345541 0.927214
vn 0.072376 -0.172820 0.982291
vn 0.107040 -0.151655 0.982621
vn 0.214323 -0.303947 0.928268
vn 0.214323 -0.303947 0.928268
vn 0.107040 -0.151655 0.982621
vn 0.138614 -0.121821 0.982825
vn 0.278235 -0.244510 0.928870
vn 0.278235 -0.244510 0.928870
vn 0.138614 -0.121821 0.982825
vn 0.164537 -0.084522 0.982743
vn 0.330437 -0.169470 0.928489
vn 0.330437 -0.169470 0.928489
vn 0.164537 -0.084522 0.982743
vn 0.181950 -0.042600 0.982385
vn 0.364675 -0.085073 0.927240
vn 0.364675 -0.085073 0.927240
vn 0.181950 -0.042600 0.982385
vn 0.191787 -0.010363 0.981382
vn 0.379674 -0.020719 0.924889
vn -0.533914 -0.124413 0.836335
vn -0.364675 -0.085073 0.927240
vn -0.330437 -0.169470 0.928489
vn -0.484647 -0.248435 0.838688
vn -0.484647 -0.248435 0.838688
vn -0.330437 -0.169470 0.928489
vn -0.278235 -0.244510 0.928870
vn -0.408190 -0.358705 0.839471
vn -0.408190 -0.358705 0.839471
vn -0.278235 -0.244510 0.928870
vn -0.214323 -0.303947 0.928268
vn -0.314029 -0.445484 0.838409
vn -0.314029 -0.445484 0.838409
vn -0.214323 -0.303947 0.928268
vn -0.144483 -0.345541 0.927214
vn -0.211305 -0.505609 0.836486
vn -0.211305 -0.505609 0.836486
vn -0.144483 -0.345541 0.927214
vn -0.072480 -0.369699 0.926320
vn -0.105843 -0.540208 0.834849
vn -0.105843 -0.540208 0.834849
vn -0.072480 -0.369699 0.926320
vn 0.000000 -0.377573 0.925980
vn -0.000000 -0.551423 0.834226
vn -0.000000 -0.551423 0.834226
vn 0.000000 -0.377573 0.925980
vn 0.072480 -0.369699 0.926320
vn 0.105843 -0.540208 0.834849
vn 0.105843 -0.540208 0.834849
vn 0.072480 -0.369699 0.926320
vn 0.144483 -0.345541 0.927214
vn 0.211305 -0.505609 0.836486
vn 0.211305 -0.505609 0.836486
vn 0.144483 -0.345541 0.927214
vn 0.214323 -0.303947 0.928268
vn 0.314029 -0.445484 0.838409
vn 0.314029 -0.445484 0.838409
vn 0.214323 -0.303947 0.928268
vn 0.278235 -0.244510 0.928870
vn 0.408190 -0.358705 0.839471
vn 0.408190 -0.358705 0.839471
vn 0.278235 -0.244510 0.928870
vn 0.330437 -0.169470 0.928489
vn 0.484647 -0.248435 0.838688
vn 0.484647 -0.248435 0.838688
vn 0.330437 -0.169470 0.928489
vn 0.364675 -0.085073 0.927240
vn 0.533914 -0.124413 0.836335
vn 0.533914 -0.124413 0.836335
vn 0.364675 -0.085073 0.927240
vn 0.379674 -0.020719 0.924889
vn 0.552941 -0.030281 0.832670
vn -0.683058 -0.159098 0.712825
vn -0.533914 -0.124413 0.836335
vn -0.484647 -0.248435 0.838688
vn -0.621193 -0.318371 0.716072
vn -0.621193 -0.318371 0.716072
vn -0.484647 -0.248435 0.838688
vn -0.408190 -0.358705 0.839471
vn -0.523468 -0.460005 0.717201
vn -0.523468 -0.460005 0.717201
vn -0.408190 -0.358705 0.839471
vn -0.314029 -0.445484 0.838409
vn -0.402312 -0.570792 0.715780
vn -0.402312 -0.570792 0.715780
vn -0.314029 -0.445484 0.838409
vn -0.211305 -0.505609 0.836486
vn -0.270256 -0.646802 0.713168
vn -0.270256 -0.646802 0.713168
vn -0.211305 -0.505609 0.836486
vn -0.105843 -0.540208 0.834849
vn -0.135183 -0.690134 0.710943
vn -0.135183 -0.690134 0.710943
vn -0.105843 -0.540208 0.834849
vn -0.000000 -0.551423 0.834226
vn 0.000000 -0.704104 0.710097
vn 0.000000 -0.704104 0.710097
vn -0.000000 -0.551423 0.834226
vn 0.105843 -0.540208 0.834849
vn 0.135183 -0.690134 0.710943
vn 0.135183 -0.690134 0.710943
vn 0.105843 -0.540208 0.834849
vn 0.211305 -0.505609 0.836486
vn 0.270255 -0.646802 0.713168
vn 0.270255 -0.646802 0.713168
vn 0.211305 -0.505609 0.836486
vn 0.314029 -0.445484 0.838409
vn 0.402312 -0.570792 0.715780
vn 0.402312 -0.570792 0.715780
vn 0.314029 -0.445484 0.838409
vn 0.408190 -0.358705 0.839471
vn 0.523468 -0.460004 0.717201
vn 0.523468 -0.460004 0.717201
vn 0.408190 -0.358705 0.839471
vn 0.484647 -0.248435 0.838688
vn 0.621193 -0.318371 0.716073
vn 0.621193 -0.318371 0.716073
vn 0.484647 -0.248435 0.838688
vn 0.533914 -0.124413 0.836335
vn 0.683058 -0.159099 0.712825
vn 0.683058 -0.159099 0.712825
vn 0.533914 -0.124413 0.836335
vn 0.552941 -0.030281 0.832670
vn 0.704859 -0.038670 0.708293
vn -0.806109 -0.187735 0.561198
vn -0.683058 -0.159098 0.712825
vn -0.621193 -0.318371 0.716072
vn -0.734435 -0.376390 0.564744
vn -0.734435 -0.376390 0.564744
vn -0.621193 -0.318371 0.716072
vn -0.523468 -0.460005 0.717201
vn -0.619269 -0.544190 0.566007
vn -0.619269 -0.544190 0.566007
vn -0.523468 -0.460005 0.717201
vn -0.402312 -0.570792 0.715780
vn -0.475533 -0.674706 0.564481
vn -0.475533 -0.674706 0.564481
vn -0.402312 -0.570792 0.715780
vn -0.270256 -0.646802 0.713168
vn -0.318956 -0.763421 0.561654
vn -0.318956 -0.763421 0.561654
vn -0.270256 -0.646802 0.713168
vn -0.135183 -0.690134 0.710943
vn -0.159339 -0.813542 0.559250
vn -0.159339 -0.813542 0.559250
vn -0.135183 -0.690134 0.710943
vn 0.000000 -0.704104 0.710097
vn -0.000000 -0.829614 0.558338
vn -0.000000 -0.829614 0.558338
vn 0.000000 -0.704104 0.710097
vn 0.135183 -0.690134 0.710943
vn 0.159338 -0.813542 0.559250
vn 0.159338 -0.813542 0.559250
vn 0.135183 -0.690134 0.710943
vn 0.270255 -0.646802 0.713168
vn 0.318956 -0.763421 0.561654
vn 0.318956 -0.763421 0.561654
vn 0.270255 -0.646802 0.713168
vn 0.402312 -0.570792 0.715780
vn 0.475534 -0.674706 0.564481
vn 0.475534 -0.674706 0.564481
vn 0.402312 -0.570792 0.715780
vn 0.523468 -0.460004 0.717201
vn 0.619269 -0.544189 0.566007
vn 0.619269 -0.544189 0.566007
vn 0.523468 -0.460004 0.717201
vn 0.621193 -0.318371 0.716073
vn 0.734435 -0.376390 0.564744
vn 0.734435 -0.376390 0.564744
vn 0.621193 -0.318371 0.716073
vn 0.683058 -0.159099 0.712825
vn 0.806109 -0.187736 0.561198
vn 0.806109 -0.187736 0.561198
vn 0.683058 -0.159099 0.712825
vn 0.704859 -0.038670 0.708293
vn 0.829544 -0.045556 0.556579
vn -0.897969 -0.209130 0.387190
vn -0.806109 -0.187735 0.561198
vn -0.734435 -0.376390 0.564744
vn -0.819383 -0.419928 0.390222
vn -0.819383 -0.419928 0.390222
vn -0.734435 -0.376390 0.564744
vn -0.619269 -0.544190 0.566007
vn -0.691274 -0.607464 0.391317
vn -0.691274 -0.607464 0.391317
vn -0.619269 -0.544190 0.566007
vn -0.475533 -0.674706 0.564481
vn -0.530466 -0.752653 0.390025
vn -0.530466 -0.752653 0.390025
vn -0.475533 -0.674706 0.564481
vn -0.318956 -0.763421 0.561654
vn -0.355359 -0.850571 0.387620
vn -0.355359 -0.850571 0.387620
vn -0.318956 -0.763421 0.561654
vn -0.159339 -0.813542 0.559250
vn -0.177338 -0.905472 0.385579
vn -0.177338 -0.905472 0.385579
vn -0.159339 -0.813542 0.559250
vn -0.000000 -0.829614 0.558338
vn -0.000001 -0.922998 0.384805
vn -0.000001 -0.922998 0.384805
vn -0.000000 -0.829614 0.558338
vn 0.159338 -0.813542 0.559250
vn 0.177337 -0.905473 0.385578
vn 0.177337 -0.905473 0.385578
vn 0.159338 -0.813542 0.559250
vn 0.318956 -0.763421 0.561654
vn 0.355360 -0.850571 0.387619
vn 0.355360 -0.850571 0.387619
vn 0.318956 -0.763421 0.561654
vn 0.475534 -0.674706 0.564481
vn 0.530467 -0.752653 0.390023
vn 0.530467 -0.752653 0.390023
vn 0.475534 -0.674706 0.564481
vn 0.619269 -0.544189 0.566007
vn 0.691274 -0.607464 0.391315
vn 0.691274 -0.607464 0.391315
vn 0.619269 -0.544189 0.566007
vn 0.734435 -0.376390 0.564744
vn 0.819383 -0.419928 0.390220
vn 0.819383 -0.419928 0.390220
vn 0.734435 -0.376390 0.564744
vn 0.806109 -0.187736 0.561198
vn 0.897970 -0.209130 0.387189
vn 0.897970 -0.209130 0.387189
vn 0.806109 -0.187736 0.561198
vn 0.829544 -0.045556 0.556579
vn 0.922189 -0.050673 0.383406
vn -0.954732 -0.222358 0.197595
vn -0.897969 -0.209130 0.387190
vn -0.819383 -0.419928 0.390222
vn -0.872071 -0.446939 0.199342
vn -0.872071 -0.446939 0.199342
vn -0.819383 -0.419928 0.390222
vn -0.691274 -0.607464 0.391317
vn -0.736002 -0.646769 0.199979
vn -0.736002 -0.646769 0.199979
vn -0.691274 -0.607464 0.391317
vn -0.530466 -0.752653 0.390025
vn -0.564543 -0.800997 0.199237
vn -0.564543 -0.800997 0.199237
vn -0.530466 -0.752653 0.390025
vn -0.355359 -0.850571 0.387620
vn -0.377877 -0.904468 0.197854
vn -0.377877 -0.904468 0.197854
vn -0.355359 -0.850571 0.387620
vn -0.177338 -0.905472 0.385579
vn -0.188444 -0.962188 0.196682
vn -0.188444 -0.962188 0.196682
vn -0.177338 -0.905472 0.385579
vn -0.000001 -0.922998 0.384805
vn -0.000001 -0.980556 0.196239
vn -0.000001 -0.980556 0.196239
vn -0.000001 -0.922998 0.384805
vn 0.177337 -0.905473 0.385578
vn 0.188444 -0.962188 0.196682
vn 0.188444 -0.962188 0.196682
vn 0.177337 -0.905473 0.385578
vn 0.355360 -0.850571 0.387619
vn 0.377878 -0.904468 0.197854
vn 0.377878 -0.904468 0.197854
vn 0.355360 -0.850571 0.387619
vn 0.530467 -0.752653 0.390023
vn 0.564543 -0.800997 0.199237
vn 0.564543 -0.800997 0.199237
vn 0.530467 -0.752653 0.390023
vn 0.691274 -0.607464 0.391315
vn 0.736001 -0.646769 0.199979
vn 0.736001 -0.646769 0.199979
vn 0.691274 -0.607464 0.391315
vn 0.819383 -0.419928 0.390220
vn 0.872071 -0.446940 0.199343
vn 0.872071 -0.446940 0.199343
vn 0.819383 -0.419928 0.390220
vn 0.897970 -0.209130 0.387189
vn 0.954732 -0.222358 0.197595
vn 0.954732 -0.222358 0.197595
vn 0.897970 -0.209130 0.387189
vn 0.922189 -0.050673 0.383406
vn 0.979233 -0.053822 0.195465
vn -0.973933 -0.226835 0.000000
vn -0.954732 -0.222358 0.197595
vn -0.872071 -0.446939 0.199342
vn -0.889930 -0.456097 0.000000
vn -0.889930 -0.456097 0.000000
vn -0.872071 -0.446939 0.199342
vn -0.736002 -0.646769 0.199979
vn -0.751175 -0.660103 0.000000
vn -0.751175 -0.660103 0.000000
vn -0.736002 -0.646769 0.199979
vn -0.564543 -0.800997 0.199237
vn -0.576095 -0.817383 0.000000
vn -0.576095 -0.817383 0.000000
vn -0.564543 -0.800997 0.199237
vn -0.377877 -0.904468 0.197854
vn -0.385499 -0.922708 -0.000000
vn -0.385499 -0.922708 -0.000000
vn -0.377877 -0.904468 0.197854
vn -0.188444 -0.962188 0.196682
vn -0.192198 -0.981356 -0.000000
vn -0.192198 -0.981356 -0.000000
vn -0.188444 -0.962188 0.196682
vn -0.000001 -0.980556 0.196239
vn -0.000000 -1.000000 0.000000
vn -0.000000 -1.000000 0.000000
vn -0.000001 -0.980556 0.196239
vn 0.188444 -0.962188 0.196682
vn 0.192198 -0.981356 -0.000000
vn 0.192198 -0.981356 -0.000000
vn 0.188444 -0.962188 0.196682
vn 0.377878 -0.904468 0.197854
vn 0.385499 -0.922709 -0.000000
vn 0.385499 -0.922709 -0.000000
vn 0.377878 -0.904468 0.197854
vn 0.564543 -0.800997 0.199237
vn 0.576094 -0.817384 -0.000000
vn 0.576094 -0.817384 -0.000000
vn 0.564543 -0.800997 0.199237
vn 0.736001 -0.646769 0.199979
vn 0.751175 -0.660104 -0.000000
vn 0.751175 -0.660104 -0.000000
vn 0.736001 -0.646769 0.199979
vn 0.872071 -0.446940 0.199343
vn 0.889930 -0.456097 0.000000
vn 0.889930 -0.456097 0.000000
vn 0.872071 -0.446940 0.199343
vn 0.954732 -0.222358 0.197595
vn 0.973933 -0.226834 -0.000000
vn 0.973933 -0.226834 -0.000000
vn 0.954732 -0.222358 0.197595
vn 0.979233 -0.053822 0.195465
vn 0.998493 -0.054885 0.000000
vn -0.954732 -0.222358 -0.197595
vn -0.973933 -0.226835 0.000000
vn -0.889930 -0.456097 0.000000
vn -0.872071 -0.446939 -0.199342
vn -0.872071 -0.446939 -0.199342
vn -0.889930 -0.456097 0.000000
vn -0.751175 -0.660103 0.000000
vn -0.736002 -0.646769 -0.199979
vn -0.736002 -0.646769 -0.199979
vn -0.751175 -0.660103 0.000000
vn -0.576095 -0.817383 0.000000
vn -0.564543 -0.800997 -0.199237
vn -0.564543 -0.800997 -0.199237
vn -0.576095 -0.817383 0.000000
vn -0.385499 -0.922708 -0.000000
vn -0.377877 -0.904468 -0.197854
vn -0.377877 -0.904468 -0.197854
vn -0.385499 -0.922708 -0.000000
vn -0.192198 -0.981356 -0.000000
vn -0.188444 -0.962188 -0.196682
vn -0.188444 -0.962188 -0.196682
vn -0.192198 -0.981356 -0.000000
vn -0.000000 -1.000000 0.000000
vn -0.000001 -0.980556 -0.196239
vn -0.000001 -0.980556 -0.196239
vn -0.000000 -1.000000 0.000000
vn 0.192198 -0.981356 -0.000000
vn 0.188444 -0.962188 -0.196682
vn 0.188444 -0.962188 -0.196682
vn 0.192198 -0.981356 -0.000000
vn 0.385499 -0.922709 -0.000000
vn 0.377878 -0.904468 -0.197854
vn 0.377878 -0.904468 -0.197854
vn 0.385499 -0.922709 -0.000000
vn 0.576094 -0.817384 -0.000000
vn 0.564543 -0.800997 -0.199237
vn 0.564543 -0.800997 -0.199237
vn 0.576094 -0.817384 -0.000000
vn 0.751175 -0.660104 -0.000000
vn 0.736001 -0.646769 -0.199979
vn 0.736001 -0.646769 -0.199979
vn 0.751175 -0.660104 -0.000000
vn 0.889930 -0.456097 0.000000
vn 0.872071 -0.446940 -0.199343
vn 0.872071 -0.446940 -0.199343
vn 0.889930 -0.456097 0.000000
vn 0.973933 -0.226834 -0.000000
vn 0.954732 -0.222358 -0.197595
vn 0.954732 -0.222358 -0.197595
vn 0.973933 -0.226834 -0.000000
vn 0.998493 -0.054885 0.000000
vn 0.979233 -0.053822 -0.195465
vn -0.897969 -0.209130 -0.387190
vn -0.954732 -0.222358 -0.197595
vn -0.872071 -0.446939 -0.199342
vn -0.819383 -0.419927 -0.390222
vn -0.819383 -0.419927 -0.390222
vn -0.872071 -0.446939 -0.199342
vn -0.736002 -0.646769 -0.199979
vn -0.691274 -0.607464 -0.391317
vn -0.691274 -0.607464 -0.391317
vn -0.736002 -0.646769 -0.199979
vn -0.564543 -0.800997 -0.199237
vn -0.530466 -0.752653 -0.390025
vn -0.530466 -0.752653 -0.390025
vn -0.564543 -0.800997 -0.199237
vn -0.377877 -0.904468 -0.197854
vn -0.355359 -0.850571 -0.387620
vn -0.355359 -0.850571 -0.387620
vn -0.377877 -0.904468 -0.197854
vn -0.188444 -0.962188 -0.196682
vn -0.177338 -0.905473 -0.385579
vn -0.177338 -0.905473 -0.385579
vn -0.188444 -0.962188 -0.196682
vn -0.000001 -0.980556 -0.196239
vn -0.000001 -0.922998 -0.384805
vn -0.000001 -0.922998 -0.384805
vn -0.000001 -0.980556 -0.196239
vn 0.188444 -0.962188 -0.196682
vn 0.177337 -0.905473 -0.385578
vn 0.177337 -0.905473 -0.385578
vn 0.188444 -0.962188 -0.196682
vn 0.377878 -0.904468 -0.197854
vn 0.355360 -0.850571 -0.387619
vn 0.355360 -0.850571 -0.387619
vn 0.377878 -0.904468 -0.197854
vn 0.564543 -0.800997 -0.199237
vn 0.530467 -0.752653 -0.390023
vn 0.530467 -0.752653 -0.390023
vn 0.564543 -0.800997 -0.199237
vn 0.736001 -0.646769 -0.199979
vn 0.691274 -0.607464 -0.391315
vn 0.691274 -0.607464 -0.391315
vn 0.736001 -0.646769 -0.199979
vn 0.872071 -0.446940 -0.199343
vn 0.819383 -0.419928 -0.390220
vn 0.819383 -0.419928 -0.390220
vn 0.872071 -0.446940 -0.199343
vn 0.954732 -0.222358 -0.197595
vn 0.897970 -0.209130 -0.387189
vn 0.897970 -0.209130 -0.387189
vn 0.954732 -0.222358 -0.197595
vn 0.979233 -0.053822 -0.195465
vn 0.922189 -0.050673 -0.383406
vn -0.806109 -0.187735 -0.561198
vn -0.897969 -0.209130 -0.387190
vn -0.819383 -0.419927 -0.390222
vn -0.734435 -0.376390 -0.564744
vn -0.734435 -0.376390 -0.564744
vn -0.819383 -0.419927 -0.390222
vn -0.691274 -0.607464 -0.391317
vn -0.619269 -0.544189 -0.566007
vn -0.619269 -0.544189 -0.566007
vn -0.691274 -0.607464 -0.391317
vn -0.530466 -0.752653 -0.390025
vn -0.475533 -0.674706 -0.564482
vn -0.475533 -0.674706 -0.564482
vn -0.530466 -0.752653 -0.390025
vn -0.355359 -0.850571 -0.387620
vn -0.318956 -0.763421 -0.561654
vn -0.318956 -0.763421 -0.561654
vn -0.355359 -0.850571 -0.387620
vn -0.177338 -0.905473 -0.385579
vn -0.159339 -0.813542 -0.559250
vn -0.159339 -0.813542 -0.559250
vn -0.177338 -0.905473 -0.385579
vn -0.000001 -0.922998 -0.384805
vn -0.000000 -0.829614 -0.558338
vn -0.000000 -0.829614 -0.558338
vn -0.000001 -0.922998 -0.384805
vn 0.177337 -0.905473 -0.385578
vn 0.159338 -0.813542 -0.559250
vn 0.159338 -0.813542 -0.559250
vn 0.177337 -0.905473 -0.385578
vn 0.355360 -0.850571 -0.387619
vn 0.318956 -0.763421 -0.561654
vn 0.318956 -0.763421 -0.561654
vn 0.355360 -0.850571 -0.387619
vn 0.530467 -0.752653 -0.390023
vn 0.475534 -0.674706 -0.564481
vn 0.475534 -0.674706 -0.564481
vn 0.530467 -0.752653 -0.390023
vn 0.691274 -0.607464 -0.391315
vn 0.619269 -0.544189 -0.566007
vn 0.619269 -0.544189 -0.566007
vn 0.691274 -0.607464 -0.391315
vn 0.819383 -0.419928 -0.390220
vn 0.734435 -0.376390 -0.564744
vn 0.734435 -0.376390 -0.564744
vn 0.819383 -0.419928 -0.390220
vn 0.897970 -0.209130 -0.387189
vn 0.806109 -0.187736 -0.561198
vn 0.806109 -0.187736 -0.561198
vn 0.897970 -0.209130 -0.387189
vn 0.922189 -0.050673 -0.383406
vn 0.829544 -0.045556 -0.556579
vn -0.683058 -0.159098 -0.712825
vn -0.806109 -0.187735 -0.561198
vn -0.734435 -0.376390 -0.564744
vn -0.621193 -0.318371 -0.716072
vn -0.621193 -0.318371 -0.716072
vn -0.734435 -0.376390 -0.564744
vn -0.619269 -0.544189 -0.566007
vn -0.523468 -0.460005 -0.717201
vn -0.523468 -0.460005 -0.717201
vn -0.619269 -0.544189 -0.566007
vn -0.475533 -0.674706 -0.564482
vn -0.402312 -0.570792 -0.715780
vn -0.402312 -0.570792 -0.715780
vn -0.475533 -0.674706 -0.564482
vn -0.318956 -0.763421 -0.561654
vn -0.270256 -0.646803 -0.713168
vn -0.270256 -0.646803 -0.713168
vn -0.318956 -0.763421 -0.561654
vn -0.159339 -0.813542 -0.559250
vn -0.135183 -0.690134 -0.710943
vn -0.135183 -0.690134 -0.710943
vn -0.159339 -0.813542 -0.559250
vn -0.000000 -0.829614 -0.558338
vn 0.000000 -0.704104 -0.710097
vn 0.000000 -0.704104 -0.710097
vn -0.000000 -0.829614 -0.558338
vn 0.159338 -0.813542 -0.559250
vn 0.135183 -0.690135 -0.710943
vn 0.135183 -0.690135 -0.710943
vn 0.159338 -0.813542 -0.559250
vn 0.318956 -0.763421 -0.561654
vn 0.270255 -0.646803 -0.713168
vn 0.270255 -0.646803 -0.713168
vn 0.318956 -0.763421 -0.561654
vn 0.475534 -0.674706 -0.564481
vn 0.402312 -0.570792 -0.715780
vn 0.402312 -0.570792 -0.715780
vn 0.475534 -0.674706 -0.564481
vn 0.619269 -0.544189 -0.566007
vn 0.523468 -0.460004 -0.717201
vn 0.523468 -0.460004 -0.717201
vn 0.619269 -0.544189 -0.566007
vn 0.734435 -0.376390 -0.564744
vn 0.621193 -0.318371 -0.716073
vn 0.621193 -0.318371 -0.716073
vn 0.734435 -0.376390 -0.564744
vn 0.806109 -0.187736 -0.561198
vn 0.683058 -0.159099 -0.712825
vn 0.683058 -0.159099 -0.712825
vn 0.806109 -0.187736 -0.561198
vn 0.829544 -0.045556 -0.556579
vn 0.704859 -0.038670 -0.708293
vn -0.533914 -0.124414 -0.836335
vn -0.683058 -0.159098 -0.712825
vn -0.621193 -0.318371 -0.716072
vn -0.484647 -0.248435 -0.838688
vn -0.484647 -0.248435 -0.838688
vn -0.621193 -0.318371 -0.716072
vn -0.523468 -0.460005 -0.717201
vn -0.408190 -0.358705 -0.839471
vn -0.408190 -0.358705 -0.839471
vn -0.523468 -0.460005 -0.717201
vn -0.402312 -0.570792 -0.715780
vn -0.314029 -0.445484 -0.838409
vn -0.314029 -0.445484 -0.838409
vn -0.402312 -0.570792 -0.715780
vn -0.270256 -0.646803 -0.713168
vn -0.211305 -0.505609 -0.836486
vn -0.211305 -0.505609 -0.836486
vn -0.270256 -0.646803 -0.713168
vn -0.135183 -0.690134 -0.710943
vn -0.105843 -0.540208 -0.834849
vn -0.105843 -0.540208 -0.834849
vn -0.135183 -0.690134 -0.710943
vn 0.000000 -0.704104 -0.710097
vn -0.000000 -0.551423 -0.834226
vn -0.000000 -0.551423 -0.834226
vn 0.000000 -0.704104 -0.710097
vn 0.135183 -0.690135 -0.710943
vn 0.105843 -0.540208 -0.834849
vn 0.105843 -0.540208 -0.834849
vn 0.135183 -0.690135 -0.710943
vn 0.270255 -0.646803 -0.713168
vn 0.211305 -0.505609 -0.836486
vn 0.211305 -0.505609 -0.836486
vn 0.270255 -0.646803 -0.713168
vn 0.402312 -0.570792 -0.715780
vn 0.314029 -0.445484 -0.838409
vn 0.314029 -0.445484 -0.838409
vn 0.402312 -0.570792 -0.715780
vn 0.523468 -0.460004 -0.717201
vn 0.408190 -0.358705 -0.839471
vn 0.408190 -0.358705 -0.839471
vn 0.523468 -0.460004 -0.717201
vn 0.621193 -0.318371 -0.716073
vn 0.484647 -0.248435 -0.838688
vn 0.484647 -0.248435 -0.838688
vn 0.621193 -0.318371 -0.716073
vn 0.683058 -0.159099 -0.712825
vn 0.533914 -0.124413 -0.836335
vn 0.533914 -0.124413 -0.836335
vn 0.683058 -0.159099 -0.712825
vn 0.704859 -0.038670 -0.708293
vn 0.552941 -0.030281 -0.832670
vn -0.364675 -0.085073 -0.927240
vn -0.533914 -0.124414 -0.836335
vn -0.484647 -0.248435 -0.838688
vn -0.330437 -0.169470 -0.928489
vn -0.330437 -0.169470 -0.928489
vn -0.484647 -0.248435 -0.838688
vn -0.408190 -0.358705 -0.839471
vn -0.278235 -0.244510 -0.928870
vn -0.278235 -0.244510 -0.928870
vn -0.408190 -0.358705 -0.839471
vn -0.314029 -0.445484 -0.838409
vn -0.214323 -0.303947 -0.928268
vn -0.214323 -0.303947 -0.928268
vn -0.314029 -0.445484 -0.838409
vn -0.211305 -0.505609 -0.836486
vn -0.144483 -0.345541 -0.927214
vn -0.144483 -0.345541 -0.927214
vn -0.211305 -0.505609 -0.836486
vn -0.105843 -0.540208 -0.834849
vn -0.072480 -0.369699 -0.926320
vn -0.072480 -0.369699 -0.926320
vn -0.105843 -0.540208 -0.834849
vn -0.000000 -0.551423 -0.834226
vn 0.000000 -0.377573 -0.925980
vn 0.000000 -0.377573 -0.925980
vn -0.000000 -0.551423 -0.834226
vn 0.105843 -0.540208 -0.834849
vn 0.072480 -0.369699 -0.926320
vn 0.072480 -0.369699 -0.926320
vn 0.105843 -0.540208 -0.834849
vn 0.211305 -0.505609 -0.836486
vn 0.144483 -0.345541 -0.927214
vn 0.144483 -0.345541 -0.927214
vn 0.211305 -0.505609 -0.836486
vn 0.314029 -0.445484 -0.838409
vn 0.214323 -0.303947 -0.928268
vn 0.214323 -0.303947 -0.928268
vn 0.314029 -0.445484 -0.838409
vn 0.408190 -0.358705 -0.839471
vn 0.278235 -0.244510 -0.928870
vn 0.278235 -0.244510 -0.928870
vn 0.408190 -0.358705 -0.839471
vn 0.484647 -0.248435 -0.838688
vn 0.330437 -0.169470 -0.928489
vn 0.330437 -0.169470 -0.928489
vn 0.484647 -0.248435 -0.838688
vn 0.533914 -0.124413 -0.836335
vn 0.364675 -0.085073 -0.927240
vn 0.364675 -0.085073 -0.927240
vn 0.533914 -0.124413 -0.836335
vn 0.552941 -0.030281 -0.832670
vn 0.379674 -0.020719 -0.924889
vn -0.181950 -0.042600 -0.982385
vn -0.364675 -0.085073 -0.927240
vn -0.330437 -0.169470 -0.928489
vn -0.164536 -0.084522 -0.982743
vn -0.164536 -0.084522 -0.982743
vn -0.330437 -0.169470 -0.928489
vn -0.278235 -0.244510 -0.928870
vn -0.138614 -0.121821 -0.982825
vn -0.138614 -0.121821 -0.982825
vn -0.278235 -0.244510 -0.928870
vn -0.214323 -0.303947 -0.928268
vn -0.107040 -0.151655 -0.982621
vn -0.107040 -0.151655 -0.982621
vn -0.214323 -0.303947 -0.928268
vn -0.144483 -0.345541 -0.927214
vn -0.072376 -0.172820 -0.982291
vn -0.072376 -0.172820 -0.982291
vn -0.144483 -0.345541 -0.927214
vn -0.072480 -0.369699 -0.926320
vn -0.036389 -0.185260 -0.982016
vn -0.036389 -0.185260 -0.982016
vn -0.072480 -0.369699 -0.926320
vn 0.000000 -0.377573 -0.925980
vn -0.000000 -0.189342 -0.981911
vn -0.000000 -0.189342 -0.981911
vn 0.000000 -0.377573 -0.925980
vn 0.072480 -0.369699 -0.926320
vn 0.036389 -0.185261 -0.982016
vn 0.036389 -0.185261 -0.982016
vn 0.072480 -0.369699 -0.926320
vn 0.144483 -0.345541 -0.927214
vn 0.072376 -0.172820 -0.982291
vn 0.072376 -0.172820 -0.982291
vn 0.144483 -0.345541 -0.927214
vn 0.214323 -0.303947 -0.928268
vn 0.107040 -0.151655 -0.982621
vn 0.107040 -0.151655 -0.982621
vn 0.214323 -0.303947 -0.928268
vn 0.278235 -0.244510 -0.928870
vn 0.138614 -0.121821 -0.982826
vn 0.138614 -0.121821 -0.982826
vn 0.278235 -0.244510 -0.928870
vn 0.330437 -0.169470 -0.928489
vn 0.164537 -0.084522 -0.982743
vn 0.164537 -0.084522 -0.982743
vn 0.330437 -0.169470 -0.928489
vn 0.364675 -0.085073 -0.927240
vn 0.181950 -0.042600 -0.982385
vn 0.181950 -0.042600 -0.982385
vn 0.364675 -0.085073 -0.927240
vn 0.379674 -0.020719 -0.924889
vn 0.191787 -0.010363 -0.981382
vn 0.007303 0.001411 -0.999972
vn -0.181950 -0.042600 -0.982385
vn -0.164536 -0.084522 -0.982743
vn 0.006955 0.003305 -0.999970
vn 0.006955 0.003305 -0.999970
vn -0.164536 -0.084522 -0.982743
vn -0.138614 -0.121821 -0.982825
vn 0.005625 0.004927 -0.999972
vn 0.005625 0.004927 -0.999972
vn -0.138614 -0.121821 -0.982825
vn -0.107040 -0.151655 -0.982621
vn 0.003897 0.005805 -0.999976
vn 0.003897 0.005805 -0.999976
vn -0.107040 -0.151655 -0.982621
vn -0.072376 -0.172820 -0.982291
vn 0.002313 0.006047 -0.999979
vn 0.002313 0.006047 -0.999979
vn -0.072376 -0.172820 -0.982291
vn -0.036389 -0.185260 -0.982016
vn 0.001049 0.006007 -0.999981
vn 0.001049 0.006007 -0.999981
vn -0.036389 -0.185260 -0.982016
vn -0.000000 -0.189342 -0.981911
vn 0.000000 0.005962 -0.999982
vn 0.000000 0.005962 -0.999982
vn -0.000000 -0.189342 -0.981911
vn 0.036389 -0.185261 -0.982016
vn -0.001049 0.006007 -0.999981
vn -0.001049 0.006007 -0.999981
vn 0.036389 -0.185261 -0.982016
vn 0.072376 -0.172820 -0.982291
vn -0.002313 0.006047 -0.999979
vn -0.002313 0.006047 -0.999979
vn 0.072376 -0.172820 -0.982291
vn 0.107040 -0.151655 -0.982621
vn -0.003897 0.005805 -0.999976
vn -0.003897 0.005805 -0.999976
vn 0.107040 -0.151655 -0.982621
vn 0.138614 -0.121821 -0.982826
vn -0.005625 0.004927 -0.999972
vn -0.005625 0.004927 -0.999972
vn 0.138614 -0.121821 -0.982826
vn 0.164537 -0.084522 -0.982743
vn -0.006955 0.003305 -0.999970
vn -0.006955 0.003305 -0.999970
vn 0.164537 -0.084522 -0.982743
vn 0.181950 -0.042600 -0.982385
vn -0.007303 0.001411 -0.999972
vn -0.007303 0.001411 -0.999972
vn 0.181950 -0.042600 -0.982385
vn 0.191787 -0.010363 -0.981382
vn -0.003413 0.000375 -0.999994
vn -0.000697 0.000005 1.000000
vn -0.195644 0.000014 0.980675
vn -0.193172 0.010518 0.981109
vn 0.001987 -0.000331 0.999998
vn -0.195644 0.000014 0.980675
vn -0.383075 0.000038 0.923717
vn -0.380872 0.021203 0.924385
vn -0.193172 0.010518 0.981109
vn -0.383075 0.000038 0.923717
vn -0.555812 0.000074 0.831308
vn -0.553838 0.031338 0.832034
vn -0.380872 0.021203 0.924385
vn -0.555812 0.000074 0.831308
vn -0.707234 0.000116 0.706980
vn -0.705400 0.040533 0.707649
vn -0.553838 0.031338 0.832034
vn -0.707234 0.000116 0.706980
vn -0.831524 0.000157 0.555489
vn -0.829746 0.048380 0.556040
vn -0.705400 0.040533 0.707649
vn -0.831524 0.000157 0.555489
vn -0.923897 0.000193 0.382642
vn -0.922127 0.054451 0.383037
vn -0.829746 0.048380 0.556040
vn -0.923897 0.000193 0.382642
vn -0.980788 0.000217 0.195075
vn -0.979011 0.058321 0.195284
vn -0.922127 0.054451 0.383037
vn -0.980788 0.000217 0.195075
vn -1.000000 0.000225 0.000000
vn -0.998219 0.059655 0.000000
vn -0.979011 0.058321 0.195284
vn -1.000000 0.000225 0.000000
vn -0.980788 0.000217 -0.195075
vn -0.979011 0.058321 -0.195284
vn -0.998219 0.059655 0.000000
vn -0.980788 0.000217 -0.195075
vn -0.923897 0.000193 -0.382642
vn -0.922127 0.054451 -0.383038
vn -0.979011 0.058321 -0.195284
vn -0.923897 0.000193 -0.382642
vn -0.831524 0.000157 -0.555489
vn -0.829746 0.048380 -0.556040
vn -0.922127 0.054451 -0.383038
vn -0.831524 0.000157 -0.555489
vn -0.707234 0.000116 -0.706980
vn -0.705400 0.040532 -0.707649
vn -0.829746 0.048380 -0.556040
vn -0.707234 0.000116 -0.706980
vn -0.555812 0.000074 -0.831308
vn -0.553838 0.031338 -0.832034
vn -0.705400 0.040532 -0.707649
vn -0.555812 0.000074 -0.831308
vn -0.383075 0.000038 -0.923717
vn -0.380872 0.021203 -0.924385
vn -0.553838 0.031338 -0.832034
vn -0.383075 0.000038 -0.923717
vn -0.195644 0.000014 -0.980675
vn -0.193172 0.010518 -0.981109
vn -0.380872 0.021203 -0.924385
vn -0.195644 0.000014 -0.980675
vn -0.000697 0.000005 -1.000000
vn 0.001987 -0.000331 -0.999998
vn -0.193172 0.010518 -0.981109
vn -0.000697 0.000005 -1.000000
vn 0.194306 0.000013 -0.980941
vn 0.197023 -0.010962 -0.980338
vn 0.001987 -0.000331 -0.999998
vn 0.194306 0.000013 -0.980941
vn 0.381891 0.000036 -0.924207
vn 0.384369 -0.021006 -0.922940
vn 0.197023 -0.010962 -0.980338
vn 0.381891 0.000036 -0.924207
vn 0.554858 0.000071 -0.831945
vn 0.556794 -0.030121 -0.830105
vn 0.384369 -0.021006 -0.922940
vn 0.554858 0.000071 -0.831945
vn 0.706548 0.000111 -0.707666
vn 0.707693 -0.038002 -0.705498
vn 0.556794 -0.030121 -0.830105
vn 0.706548 0.000111 -0.707666
vn 0.831103 0.000151 -0.556119
vn 0.831343 -0.044397 -0.553984
vn 0.707693 -0.038002 -0.705498
vn 0.831103 0.000151 -0.556119
vn 0.923698 0.000185 -0.383122
vn 0.923100 -0.049106 -0.381412
vn 0.831343 -0.044397 -0.553984
vn 0.923698 0.000185 -0.383122
vn 0.980737 0.000208 -0.195333
vn 0.979547 -0.051988 -0.194383
vn 0.923100 -0.049106 -0.381412
vn 0.980737 0.000208 -0.195333
vn 1.000000 0.000216 0.000000
vn 0.998597 -0.052958 0.000000
vn 0.979547 -0.051988 -0.194383
vn 1.000000 0.000216 0.000000
vn 0.980737 0.000208 0.195333
vn 0.979547 -0.051988 0.194383
vn 0.998597 -0.052958 0.000000
vn 0.980737 0.000208 0.195333
vn 0.923698 0.000185 0.383122
vn 0.923100 -0.049106 0.381412
vn 0.979547 -0.051988 0.194383
vn 0.923698 0.000185 0.383122
vn 0.831103 0.000151 0.556119
vn 0.831343 -0.044397 0.553984
vn 0.923100 -0.049106 0.381412
vn 0.831103 0.000151 0.556119
vn 0.706548 0.000111 0.707665
vn 0.707693 -0.038002 0.705498
vn 0.831343 -0.044397 0.553984
vn 0.706548 0.000111 0.707665
vn 0.554858 0.000071 0.831945
vn 0.556794 -0.030121 0.830105
vn 0.707693 -0.038002 0.705498
vn 0.554858 0.000071 0.831945
vn 0.381891 0.000036 0.924207
vn 0.384369 -0.021006 0.922941
vn 0.556794 -0.030121 0.830105
vn 0.381891 0.000036 0.924207
vn 0.194305 0.000013 0.980941
vn 0.197023 -0.010962 0.980338
vn 0.384369 -0.021006 0.922941
vn 0.194305 0.000013 0.980941
vn -0.000697 0.000005 1.000000
vn 0.001987 -0.000331 0.999998
vn 0.197023 -0.010962 0.980338
vn 0.000697 0.000005 1.000000
vn -0.194306 0.000013 0.980941
vn -0.197023 -0.010962 0.980338
vn -0.001987 -0.000331 0.999998
vn -0.194306 0.000013 0.980941
vn -0.381891 0.000036 0.924207
vn -0.384370 -0.021007 0.922940
vn -0.197023 -0.010962 0.980338
vn -0.381891 0.000036 0.924207
vn -0.554858 0.000071 0.831945
vn -0.556794 -0.030121 0.830104
vn -0.384370 -0.021007 0.922940
vn -0.554858 0.000071 0.831945
vn -0.706548 0.000111 0.707666
vn -0.707692 -0.038002 0.705498
vn -0.556794 -0.030121 0.830104
vn -0.706548 0.000111 0.707666
vn -0.831102 0.000151 0.556120
vn -0.831342 -0.044396 0.553985
vn -0.707692 -0.038002 0.705498
vn -0.831102 0.000151 0.556120
vn -0.923698 0.000185 0.383122
vn -0.923100 -0.049106 0.381413
vn -0.831342 -0.044396 0.553985
vn -0.923698 0.000185 0.383122
vn -0.980737 0.000208 0.195333
vn -0.979547 -0.051988 0.194383
vn -0.923100 -0.049106 0.381413
vn -0.980737 0.000208 0.195333
vn -1.000000 0.000216 0.000000
vn -0.998597 -0.052958 0.000000
vn -0.979547 -0.051988 0.194383
vn -1.000000 0.000216 0.000000
vn -0.980737 0.000208 -0.195333
vn -0.979547 -0.051988 -0.194383
vn -0.998597 -0.052958 0.000000
vn -0.980737 0.000208 -0.195333
vn -0.923698 0.000185 -0.383122
vn -0.923100 -0.049106 -0.381413
vn -0.979547 -0.051988 -0.194383
vn -0.923698 0.000185 -0.383122
vn -0.831102 0.000151 -0.556120
vn -0.831342 -0.044396 -0.553985
vn -0.923100 -0.049106 -0.381413
vn -0.831102 0.000151 -0.556120
vn -0.706548 0.000111 -0.707666
vn -0.707692 -0.038002 -0.705498
vn -0.831342 -0.044396 -0.553985
vn -0.706548 0.000111 -0.707666
vn -0.554858 0.000071 -0.831945
vn -0.556794 -0.030121 -0.830104
vn -0.707692 -0.038002 -0.705498
vn -0.554858 0.000071 -0.831945
vn -0.381891 0.000036 -0.924207
vn -0.384370 -0.021007 -0.922940
vn -0.556794 -0.030121 -0.830104
vn -0.381891 0.000036 -0.924207
vn -0.194306 0.000013 -0.980941
vn -0.197023 -0.010962 -0.980338
vn -0.384370 -0.021007 -0.922940
vn -0.194306 0.000013 -0.980941
vn 0.000697 0.000005 -1.000000
vn -0.001987 -0.000331 -0.999998
vn -0.197023 -0.010962 -0.980338
vn 0.000697 0.000005 -1.000000
vn 0.195644 0.000014 -0.980675
vn 0.193172 0.010518 -0.981109
vn -0.001987 -0.000331 -0.999998
vn 0.195644 0.000014 -0.980675
vn 0.383075 0.000038 -0.923717
vn 0.380872 0.021203 -0.924385
vn 0.193172 0.010518 -0.981109
vn 0.383075 0.000038 -0.923717
vn 0.555812 0.000074 -0.831308
vn 0.553839 0.031338 -0.832034
vn 0.380872 0.021203 -0.924385
vn 0.555812 0.000074 -0.831308
vn 0.707234 0.000116 -0.706980
vn 0.705400 0.040533 -0.707649
vn 0.553839 0.031338 -0.832034
vn 0.707234 0.000116 -0.706980
vn 0.831524 0.000157 -0.555489
vn 0.829746 0.048380 -0.556040
vn 0.705400 0.040533 -0.707649
vn 0.831524 0.000157 -0.555489
vn 0.923897 0.000193 -0.382642
vn 0.922126 0.054451 -0.383038
vn 0.829746 0.048380 -0.556040
vn 0.923897 0.000193 -0.382642
vn 0.980788 0.000217 -0.195074
vn 0.979011 0.058322 -0.195284
vn 0.922126 0.054451 -0.383038
vn 0.980788 0.000217 -0.195074
vn 1.000000 0.000225 0.000000
vn 0.998219 0.059655 0.000000
vn 0.979011 0.058322 -0.195284
vn 1.000000 0.000225 0.000000
vn 0.980788 0.000217 0.195074
vn 0.979011 0.058322 0.195284
vn 0.998219 0.059655 0.000000
vn 0.980788 0.000217 0.195074
vn 0.923897 0.000193 0.382642
vn 0.922126 0.054451 0.383038
vn 0.979011 0.058322 0.195284
vn 0.923897 0.000193 0.382642
vn 0.831524 0.000157 0.555489
vn 0.829746 0.048380 0.556040
vn 0.922126 0.054451 0.383038
vn 0.831524 0.000157 0.555489
vn 0.707234 0.000116 0.706980
vn 0.705400 0.040533 0.707649
vn 0.829746 0.048380 0.556040
vn 0.707234 0.000116 0.706980
vn 0.555812 0.000074 0.831308
vn 0.553839 0.031338 0.832034
vn 0.705400 0.040533 0.707649
vn 0.555812 0.000074 0.831308
vn 0.383075 0.000038 0.923717
vn 0.380872 0.021203 0.924385
vn 0.553839 0.031338 0.832034
vn 0.383075 0.000038 0.923717
vn 0.195644 0.000014 0.980675
vn 0.193172 0.010518 0.981109
vn 0.380872 0.021203 0.924385
vn 0.195644 0.000014 0.980675
vn 0.000697 0.000005 1.000000
vn -0.001987 -0.000331 0.999998
vn 0.193172 0.010518 0.981109
vn 0.193172 0.010518 0.981109
vn 0.184678 0.043448 0.981838
vn 0.367197 0.086175 0.926143
vn 0.380872 0.021203 0.924385
vn 0.380872 0.021203 0.924385
vn 0.367197 0.086175 0.926143
vn 0.535966 0.125982 0.834787
vn 0.553839 0.031338 0.832034
vn 0.553839 0.031338 0.832034
vn 0.535966 0.125982 0.834787
vn 0.684410 0.161352 0.711020
vn 0.705400 0.040533 0.707649
vn 0.705400 0.040533 0.707649
vn 0.684410 0.161352 0.711020
vn 0.806622 0.190835 0.559412
vn 0.829746 0.048380 0.556040
vn 0.829746 0.048380 0.556040
vn 0.806622 0.190835 0.559412
vn 0.897661 0.213088 0.385744
vn 0.922126 0.054451 0.383038
vn 0.922126 0.054451 0.383038
vn 0.897661 0.213088 0.385744
vn 0.953814 0.226973 0.196781
vn 0.979011 0.058322 0.195284
vn 0.979011 0.058322 0.195284
vn 0.953814 0.226973 0.196781
vn 0.972788 0.231698 0.000000
vn 0.998219 0.059655 0.000000
vn 0.998219 0.059655 0.000000
vn 0.972788 0.231698 0.000000
vn 0.953814 0.226973 -0.196781
vn 0.979011 0.058322 -0.195284
vn 0.979011 0.058322 -0.195284
vn 0.953814 0.226973 -0.196781
vn 0.897661 0.213088 -0.385743
vn 0.922126 0.054451 -0.383038
vn 0.922126 0.054451 -0.383038
vn 0.897661 0.213088 -0.385743
vn 0.806622 0.190835 -0.559412
vn 0.829746 0.048380 -0.556040
vn 0.829746 0.048380 -0.556040
vn 0.806622 0.190835 -0.559412
vn 0.684409 0.161352 -0.711020
vn 0.705400 0.040533 -0.707649
vn 0.705400 0.040533 -0.707649
vn 0.684409 0.161352 -0.711020
vn 0.535966 0.125982 -0.834787
vn 0.553839 0.031338 -0.832034
vn 0.553839 0.031338 -0.832034
vn 0.535966 0.125982 -0.834787
vn 0.367197 0.086175 -0.926143
vn 0.380872 0.021203 -0.924385
vn 0.380872 0.021203 -0.924385
vn 0.367197 0.086175 -0.926143
vn 0.184678 0.043448 -0.981838
vn 0.193172 0.010518 -0.981109
vn 0.193172 0.010518 -0.981109
vn 0.184678 0.043448 -0.981838
vn -0.004621 -0.000647 -0.999989
vn -0.001987 -0.000331 -0.999998
vn -0.001987 -0.000331 -0.999998
vn -0.004621 -0.000647 -0.999989
vn -0.193580 -0.044539 -0.980073
vn -0.197023 -0.010962 -0.980338
vn -0.197023 -0.010962 -0.980338
vn -0.193580 -0.044539 -0.980073
vn -0.375147 -0.086669 -0.922905
vn -0.384370 -0.021007 -0.922940
vn -0.384370 -0.021007 -0.922940
vn -0.375147 -0.086669 -0.922905
vn -0.542528 -0.125514 -0.830608
vn -0.556794 -0.030121 -0.830104
vn -0.556794 -0.030121 -0.830104
vn -0.542528 -0.125514 -0.830608
vn -0.689400 -0.159634 -0.706572
vn -0.707692 -0.038002 -0.705498
vn -0.707692 -0.038002 -0.705498
vn -0.689400 -0.159634 -0.706572
vn -0.810133 -0.187718 -0.555380
vn -0.831342 -0.044396 -0.553985
vn -0.831342 -0.044396 -0.553985
vn -0.810133 -0.187718 -0.555380
vn -0.899999 -0.208651 -0.382710
vn -0.923100 -0.049106 -0.381413
vn -0.923100 -0.049106 -0.381413
vn -0.899999 -0.208651 -0.382710
vn -0.955415 -0.221573 -0.195161
vn -0.979547 -0.051988 -0.194383
vn -0.979547 -0.051988 -0.194383
vn -0.955415 -0.221573 -0.195161
vn -0.974141 -0.225942 0.000000
vn -0.998597 -0.052958 0.000000
vn -0.998597 -0.052958 0.000000
vn -0.974141 -0.225942 0.000000
vn -0.955415 -0.221573 0.195161
vn -0.979547 -0.051988 0.194383
vn -0.979547 -0.051988 0.194383
vn -0.955415 -0.221573 0.195161
vn -0.899999 -0.208651 0.382710
vn -0.923100 -0.049106 0.381413
vn -0.923100 -0.049106 0.381413
vn -0.899999 -0.208651 0.382710
vn -0.810133 -0.187718 0.555381
vn -0.831342 -0.044396 0.553985
vn -0.831342 -0.044396 0.553985
vn -0.810133 -0.187718 0.555381
vn -0.689400 -0.159634 0.706572
vn -0.707692 -0.038002 0.705498
vn -0.707692 -0.038002 0.705498
vn -0.689400 -0.159634 0.706572
vn -0.542528 -0.125514 0.830608
vn -0.556794 -0.030121 0.830104
vn -0.556794 -0.030121 0.830104
vn -0.542528 -0.125514 0.830608
vn -0.375147 -0.086669 0.922905
vn -0.384370 -0.021007 0.922940
vn -0.384370 -0.021007 0.922940
vn -0.375147 -0.086669 0.922905
vn -0.193580 -0.044539 0.980073
vn -0.197023 -0.010962 0.980338
vn -0.197023 -0.010962 0.980338
vn -0.193580 -0.044539 0.980073
vn -0.004621 -0.000647 0.999989
vn -0.001987 -0.000331 0.999998
vn -0.001987 -0.000331 0.999998
vn -0.004621 -0.000647 0.999989
vn 0.184678 0.043448 0.981838
vn 0.193172 0.010518 0.981109
vn -0.193580 -0.044539 0.980073
vn -0.175221 -0.089466 0.980456
vn -0.004208 -0.001846 0.999990
vn -0.004621 -0.000647 0.999989
vn -0.175221 -0.089466 0.980456
vn -0.147172 -0.129360 0.980615
vn -0.003355 -0.002946 0.999990
vn -0.004208 -0.001846 0.999990
vn -0.147172 -0.129360 0.980615
vn -0.112878 -0.160577 0.980548
vn -0.002220 -0.003499 0.999991
vn -0.003355 -0.002946 0.999990
vn -0.112878 -0.160577 0.980548
vn -0.075780 -0.182088 0.980358
vn -0.001233 -0.003579 0.999993
vn -0.002220 -0.003499 0.999991
vn -0.075780 -0.182088 0.980358
vn -0.037910 -0.194432 0.980183
vn -0.000525 -0.003476 0.999994
vn -0.001233 -0.003579 0.999993
vn -0.037910 -0.194432 0.980183
vn 0.000000 -0.198430 0.980115
vn -0.000000 -0.003416 0.999994
vn -0.000525 -0.003476 0.999994
vn 0.000000 -0.198430 0.980115
vn 0.037910 -0.194432 0.980183
vn 0.000525 -0.003476 0.999994
vn -0.000000 -0.003416 0.999994
vn 0.037910 -0.194432 0.980183
vn 0.075780 -0.182088 0.980358
vn 0.001233 -0.003578 0.999993
vn 0.000525 -0.003476 0.999994
vn 0.075780 -0.182088 0.980358
vn 0.112878 -0.160577 0.980548
vn 0.002220 -0.003499 0.999991
vn 0.001233 -0.003578 0.999993
vn 0.112878 -0.160577 0.980548
vn 0.147172 -0.129360 0.980615
vn 0.003355 -0.002946 0.999990
vn 0.002220 -0.003499 0.999991
vn 0.147172 -0.129360 0.980615
vn 0.175221 -0.089466 0.980456
vn 0.004208 -0.001846 0.999989
vn 0.003355 -0.002946 0.999990
vn 0.175221 -0.089466 0.980456
vn 0.193580 -0.044539 0.980073
vn 0.004621 -0.000646 0.999989
vn 0.004208 -0.001846 0.999989
vn 0.193580 -0.044539 0.980073
vn 0.197023 -0.010962 0.980338
vn 0.001987 -0.000331 0.999998
vn 0.004621 -0.000646 0.999989
vn -0.375147 -0.086669 0.922905
vn -0.339880 -0.173890 0.924253
vn -0.175221 -0.089466 0.980456
vn -0.193580 -0.044539 0.980073
vn -0.339880 -0.173890 0.924253
vn -0.285761 -0.251224 0.924785
vn -0.147172 -0.129360 0.980615
vn -0.175221 -0.089466 0.980456
vn -0.285761 -0.251224 0.924785
vn -0.219456 -0.311880 0.924429
vn -0.112878 -0.160577 0.980548
vn -0.147172 -0.129360 0.980615
vn -0.219456 -0.311880 0.924429
vn -0.147490 -0.353792 0.923622
vn -0.075780 -0.182088 0.980358
vn -0.112878 -0.160577 0.980548
vn -0.147490 -0.353792 0.923622
vn -0.073834 -0.377885 0.922904
vn -0.037910 -0.194432 0.980183
vn -0.075780 -0.182088 0.980358
vn -0.073834 -0.377885 0.922904
vn 0.000000 -0.385695 0.922626
vn 0.000000 -0.198430 0.980115
vn -0.037910 -0.194432 0.980183
vn 0.000000 -0.385695 0.922626
vn 0.073834 -0.377885 0.922904
vn 0.037910 -0.194432 0.980183
vn 0.000000 -0.198430 0.980115
vn 0.073834 -0.377885 0.922904
vn 0.147490 -0.353792 0.923622
vn 0.075780 -0.182088 0.980358
vn 0.037910 -0.194432 0.980183
vn 0.147490 -0.353792 0.923622
vn 0.219456 -0.311880 0.924429
vn 0.112878 -0.160577 0.980548
vn 0.075780 -0.182088 0.980358
vn 0.219456 -0.311880 0.924429
vn 0.285761 -0.251224 0.924785
vn 0.147172 -0.129360 0.980615
vn 0.112878 -0.160577 0.980548
vn 0.285761 -0.251224 0.924785
vn 0.339879 -0.173890 0.924253
vn 0.175221 -0.089466 0.980456
vn 0.147172 -0.129360 0.980615
vn 0.339879 -0.173890 0.924253
vn 0.375146 -0.086668 0.922905
vn 0.193580 -0.044539 0.980073
vn 0.175221 -0.089466 0.980456
vn 0.375146 -0.086668 0.922905
vn 0.384369 -0.021006 0.922941
vn 0.197023 -0.010962 0.980338
vn 0.193580 -0.044539 0.980073
vn -0.542528 -0.125514 0.830608
vn -0.492261 -0.252089 0.833145
vn -0.339880 -0.173890 0.924253
vn -0.375147 -0.086669 0.922905
vn -0.492261 -0.252089 0.833145
vn -0.414219 -0.364213 0.834129
vn -0.285761 -0.251224 0.924785
vn -0.339880 -0.173890 0.924253
vn -0.414219 -0.364213 0.834129
vn -0.318136 -0.451954 0.833383
vn -0.219456 -0.311880 0.924429
vn -0.285761 -0.251224 0.924785
vn -0.318136 -0.451954 0.833383
vn -0.213724 -0.512324 0.831773
vn -0.147490 -0.353792 0.923622
vn -0.219456 -0.311880 0.924429
vn -0.213724 -0.512324 0.831773
vn -0.106942 -0.546875 0.830356
vn -0.073834 -0.377885 0.922904
vn -0.147490 -0.353792 0.923622
vn -0.106942 -0.546875 0.830356
vn 0.000000 -0.558044 0.829811
vn 0.000000 -0.385695 0.922626
vn -0.073834 -0.377885 0.922904
vn 0.000000 -0.558044 0.829811
vn 0.106941 -0.546875 0.830356
vn 0.073834 -0.377885 0.922904
vn 0.000000 -0.385695 0.922626
vn 0.106941 -0.546875 0.830356
vn 0.213724 -0.512324 0.831773
vn 0.147490 -0.353792 0.923622
vn 0.073834 -0.377885 0.922904
vn 0.213724 -0.512324 0.831773
vn 0.318136 -0.451954 0.833383
vn 0.219456 -0.311880 0.924429
vn 0.147490 -0.353792 0.923622
vn 0.318136 -0.451954 0.833383
vn 0.414219 -0.364213 0.834129
vn 0.285761 -0.251224 0.924785
vn 0.219456 -0.311880 0.924429
vn 0.414219 -0.364213 0.834129
vn 0.492261 -0.252090 0.833145
vn 0.339879 -0.173890 0.924253
vn 0.285761 -0.251224 0.924785
vn 0.492261 -0.252090 0.833145
vn 0.542527 -0.125514 0.830608
vn 0.375146 -0.086668 0.922905
vn 0.339879 -0.173890 0.924253
vn 0.542527 -0.125514 0.830608
vn 0.556794 -0.030121 0.830105
vn 0.384369 -0.021006 0.922941
vn 0.375146 -0.086668 0.922905
vn -0.689400 -0.159634 0.706572
vn -0.626654 -0.321125 0.710059
vn -0.492261 -0.252089 0.833145
vn -0.542528 -0.125514 0.830608
vn -0.626654 -0.321125 0.710059
vn -0.527751 -0.464095 0.711404
vn -0.414219 -0.364213 0.834129
vn -0.492261 -0.252089 0.833145
vn -0.527751 -0.464095 0.711404
vn -0.405219 -0.575535 0.710322
vn -0.318136 -0.451954 0.833383
vn -0.414219 -0.364213 0.834129
vn -0.405219 -0.575535 0.710322
vn -0.271982 -0.651691 0.708043
vn -0.213724 -0.512324 0.831773
vn -0.318136 -0.451954 0.833383
vn -0.271982 -0.651691 0.708043
vn -0.135977 -0.694982 0.706052
vn -0.106942 -0.546875 0.830356
vn -0.213724 -0.512324 0.831773
vn -0.135977 -0.694982 0.706052
vn 0.000000 -0.708919 0.705289
vn 0.000000 -0.558044 0.829811
vn -0.106942 -0.546875 0.830356
vn 0.000000 -0.708919 0.705289
vn 0.135977 -0.694982 0.706052
vn 0.106941 -0.546875 0.830356
vn 0.000000 -0.558044 0.829811
vn 0.135977 -0.694982 0.706052
vn 0.271982 -0.651691 0.708043
vn 0.213724 -0.512324 0.831773
vn 0.106941 -0.546875 0.830356
vn 0.271982 -0.651691 0.708043
vn 0.405220 -0.575535 0.710321
vn 0.318136 -0.451954 0.833383
vn 0.213724 -0.512324 0.831773
vn 0.405220 -0.575535 0.710321
vn 0.527752 -0.464095 0.711403
vn 0.414219 -0.364213 0.834129
vn 0.318136 -0.451954 0.833383
vn 0.527752 -0.464095 0.711403
vn 0.626656 -0.321126 0.710056
vn 0.492261 -0.252090 0.833145
vn 0.414219 -0.364213 0.834129
vn 0.626656 -0.321126 0.710056
vn 0.689402 -0.159634 0.706570
vn 0.542527 -0.125514 0.830608
vn 0.492261 -0.252090 0.833145
vn 0.689402 -0.159634 0.706570
vn 0.707693 -0.038002 0.705498
vn 0.556794 -0.030121 0.830105
vn 0.542527 -0.125514 0.830608
vn -0.810133 -0.187718 0.555381
vn -0.737741 -0.378242 0.559170
vn -0.626654 -0.321125 0.710059
vn -0.689400 -0.159634 0.706572
vn -0.737741 -0.378242 0.559170
vn -0.621806 -0.546854 0.560632
vn -0.527751 -0.464095 0.711404
vn -0.626654 -0.321125 0.710059
vn -0.621806 -0.546854 0.560632
vn -0.477243 -0.677709 0.559419
vn -0.405219 -0.575535 0.710322
vn -0.527751 -0.464095 0.711404
vn -0.477243 -0.677709 0.559419
vn -0.319988 -0.766466 0.556900
vn -0.271982 -0.651691 0.708043
vn -0.405219 -0.575535 0.710322
vn -0.319988 -0.766466 0.556900
vn -0.159826 -0.816548 0.554712
vn -0.135977 -0.694982 0.706052
vn -0.271982 -0.651691 0.708043
vn -0.159826 -0.816548 0.554712
vn -0.000000 -0.832599 0.553876
vn 0.000000 -0.708919 0.705289
vn -0.135977 -0.694982 0.706052
vn -0.000000 -0.832599 0.553876
vn 0.159826 -0.816548 0.554712
vn 0.135977 -0.694982 0.706052
vn 0.000000 -0.708919 0.705289
vn 0.159826 -0.816548 0.554712
vn 0.319988 -0.766466 0.556900
vn 0.271982 -0.651691 0.708043
vn 0.135977 -0.694982 0.706052
vn 0.319988 -0.766466 0.556900
vn 0.477243 -0.677709 0.559418
vn 0.405220 -0.575535 0.710321
vn 0.271982 -0.651691 0.708043
vn 0.477243 -0.677709 0.559418
vn 0.621806 -0.546855 0.560630
vn 0.527752 -0.464095 0.711403
vn 0.405220 -0.575535 0.710321
vn 0.621806 -0.546855 0.560630
vn 0.737742 -0.378243 0.559168
vn 0.626656 -0.321126 0.710056
vn 0.527752 -0.464095 0.711403
vn 0.737742 -0.378243 0.559168
vn 0.810134 -0.187718 0.555378
vn 0.689402 -0.159634 0.706570
vn 0.626656 -0.321126 0.710056
vn 0.810134 -0.187718 0.555378
vn 0.831343 -0.044397 0.553984
vn 0.707693 -0.038002 0.705498
vn 0.689402 -0.159634 0.706570
vn -0.899999 -0.208651 0.382710
vn -0.820853 -0.421013 0.385938
vn -0.737741 -0.378242 0.559170
vn -0.810133 -0.187718 0.555381
vn -0.820853 -0.421013 0.385938
vn -0.692325 -0.608912 0.387185
vn -0.621806 -0.546854 0.560632
vn -0.737741 -0.378242 0.559170
vn -0.692325 -0.608912 0.387185
vn -0.531158 -0.754169 0.386134
vn -0.477243 -0.677709 0.559419
vn -0.621806 -0.546854 0.560632
vn -0.531158 -0.754169 0.386134
vn -0.355801 -0.852042 0.383967
vn -0.319988 -0.766466 0.556900
vn -0.477243 -0.677709 0.559419
vn -0.355801 -0.852042 0.383967
vn -0.177563 -0.906905 0.382093
vn -0.159826 -0.816548 0.554712
vn -0.319988 -0.766466 0.556900
vn -0.177563 -0.906905 0.382093
vn 0.000000 -0.924419 0.381378
vn -0.000000 -0.832599 0.553876
vn -0.159826 -0.816548 0.554712
vn 0.000000 -0.924419 0.381378
vn 0.177563 -0.906905 0.382092
vn 0.159826 -0.816548 0.554712
vn -0.000000 -0.832599 0.553876
vn 0.177563 -0.906905 0.382092
vn 0.355801 -0.852042 0.383967
vn 0.319988 -0.766466 0.556900
vn 0.159826 -0.816548 0.554712
vn 0.355801 -0.852042 0.383967
vn 0.531159 -0.754169 0.386134
vn 0.477243 -0.677709 0.559418
vn 0.319988 -0.766466 0.556900
vn 0.531159 -0.754169 0.386134
vn 0.692325 -0.608912 0.387185
vn 0.621806 -0.546855 0.560630
vn 0.477243 -0.677709 0.559418
vn 0.692325 -0.608912 0.387185
vn 0.820853 -0.421013 0.385939
vn 0.737742 -0.378243 0.559168
vn 0.621806 -0.546855 0.560630
vn 0.820853 -0.421013 0.385939
vn 0.899999 -0.208651 0.382710
vn 0.810134 -0.187718 0.555378
vn 0.737742 -0.378243 0.559168
vn 0.899999 -0.208651 0.382710
vn 0.923100 -0.049106 0.381412
vn 0.831343 -0.044397 0.553984
vn 0.810134 -0.187718 0.555378
vn -0.955415 -0.221573 0.195161
vn -0.872308 -0.447508 0.197018
vn -0.820853 -0.421013 0.385938
vn -0.899999 -0.208651 0.382710
vn -0.872308 -0.447508 0.197018
vn -0.736055 -0.647397 0.197736
vn -0.692325 -0.608912 0.387185
vn -0.820853 -0.421013 0.385938
vn -0.736055 -0.647397 0.197736
vn -0.564552 -0.801513 0.197125
vn -0.531158 -0.754169 0.386134
vn -0.692325 -0.608912 0.387185
vn -0.564552 -0.801513 0.197125
vn -0.377923 -0.904881 0.195871
vn -0.355801 -0.852042 0.383967
vn -0.531158 -0.754169 0.386134
vn -0.377923 -0.904881 0.195871
vn -0.188494 -0.962563 0.194790
vn -0.177563 -0.906905 0.382093
vn -0.355801 -0.852042 0.383967
vn -0.188494 -0.962563 0.194790
vn -0.000000 -0.980927 0.194378
vn 0.000000 -0.924419 0.381378
vn -0.177563 -0.906905 0.382093
vn -0.000000 -0.980927 0.194378
vn 0.188494 -0.962563 0.194790
vn 0.177563 -0.906905 0.382092
vn 0.000000 -0.924419 0.381378
vn 0.188494 -0.962563 0.194790
vn 0.377923 -0.904881 0.195872
vn 0.355801 -0.852042 0.383967
vn 0.177563 -0.906905 0.382092
vn 0.377923 -0.904881 0.195872
vn 0.564552 -0.801513 0.197127
vn 0.531159 -0.754169 0.386134
vn 0.355801 -0.852042 0.383967
vn 0.564552 -0.801513 0.197127
vn 0.736055 -0.647397 0.197738
vn 0.692325 -0.608912 0.387185
vn 0.531159 -0.754169 0.386134
vn 0.736055 -0.647397 0.197738
vn 0.872307 -0.447508 0.197021
vn 0.820853 -0.421013 0.385939
vn 0.692325 -0.608912 0.387185
vn 0.872307 -0.447508 0.197021
vn 0.955414 -0.221573 0.195163
vn 0.899999 -0.208651 0.382710
vn 0.820853 -0.421013 0.385939
vn 0.955414 -0.221573 0.195163
vn 0.979547 -0.051988 0.194383
vn 0.923100 -0.049106 0.381412
vn 0.899999 -0.208651 0.382710
vn -0.974141 -0.225942 0.000000
vn -0.889732 -0.456483 0.000000
vn -0.872308 -0.447508 0.197018
vn -0.955415 -0.221573 0.195161
vn -0.889732 -0.456483 0.000000
vn -0.750877 -0.660442 -0.000000
vn -0.736055 -0.647397 0.197736
vn -0.872308 -0.447508 0.197018
vn -0.750877 -0.660442 -0.000000
vn -0.575863 -0.817547 -0.000000
vn -0.564552 -0.801513 0.197125
vn -0.736055 -0.647397 0.197736
vn -0.575863 -0.817547 -0.000000
vn -0.385404 -0.922748 -0.000000
vn -0.377923 -0.904881 0.195871
vn -0.564552 -0.801513 0.197125
vn -0.385404 -0.922748 -0.000000
vn -0.192186 -0.981359 0.000000
vn -0.188494 -0.962563 0.194790
vn -0.377923 -0.904881 0.195871
vn -0.192186 -0.981359 0.000000
vn 0.000000 -1.000000 0.000000
vn -0.000000 -0.980927 0.194378
vn -0.188494 -0.962563 0.194790
vn 0.000000 -1.000000 0.000000
vn 0.192186 -0.981359 -0.000000
vn 0.188494 -0.962563 0.194790
vn -0.000000 -0.980927 0.194378
vn 0.192186 -0.981359 -0.000000
vn 0.385404 -0.922748 -0.000000
vn 0.377923 -0.904881 0.195872
vn 0.188494 -0.962563 0.194790
vn 0.385404 -0.922748 -0.000000
vn 0.575863 -0.817546 -0.000000
vn 0.564552 -0.801513 0.197127
vn 0.377923 -0.904881 0.195872
vn 0.575863 -0.817546 -0.000000
vn 0.750877 -0.660442 0.000000
vn 0.736055 -0.647397 0.197738
vn 0.564552 -0.801513 0.197127
vn 0.750877 -0.660442 0.000000
vn 0.889732 -0.456483 0.000000
vn 0.872307 -0.447508 0.197021
vn 0.736055 -0.647397 0.197738
vn 0.889732 -0.456483 0.000000
vn 0.974141 -0.225942 0.000000
vn 0.955414 -0.221573 0.195163
vn 0.872307 -0.447508 0.197021
vn 0.974141 -0.225942 0.000000
vn 0.998597 -0.052958 0.000000
vn 0.979547 -0.051988 0.194383
vn 0.955414 -0.221573 0.195163
vn -0.955415 -0.221573 -0.195161
vn -0.872308 -0.447508 -0.197017
vn -0.889732 -0.456483 0.000000
vn -0.974141 -0.225942 0.000000
vn -0.872308 -0.447508 -0.197017
vn -0.736055 -0.647397 -0.197735
vn -0.750877 -0.660442 -0.000000
vn -0.889732 -0.456483 0.000000
vn -0.736055 -0.647397 -0.197735
vn -0.564552 -0.801513 -0.197125
vn -0.575863 -0.817547 -0.000000
vn -0.750877 -0.660442 -0.000000
vn -0.564552 -0.801513 -0.197125
vn -0.377922 -0.904881 -0.195871
vn -0.385404 -0.922748 -0.000000
vn -0.575863 -0.817547 -0.000000
vn -0.377922 -0.904881 -0.195871
vn -0.188494 -0.962563 -0.194789
vn -0.192186 -0.981359 0.000000
vn -0.385404 -0.922748 -0.000000
vn -0.188494 -0.962563 -0.194789
vn -0.000000 -0.980927 -0.194378
vn 0.000000 -1.000000 0.000000
vn -0.192186 -0.981359 0.000000
vn -0.000000 -0.980927 -0.194378
vn 0.188494 -0.962563 -0.194790
vn 0.192186 -0.981359 -0.000000
vn 0.000000 -1.000000 0.000000
vn 0.188494 -0.962563 -0.194790
vn 0.377922 -0.904881 -0.195872
vn 0.385404 -0.922748 -0.000000
vn 0.192186 -0.981359 -0.000000
vn 0.377922 -0.904881 -0.195872
vn 0.564552 -0.801513 -0.197127
vn 0.575863 -0.817546 -0.000000
vn 0.385404 -0.922748 -0.000000
vn 0.564552 -0.801513 -0.197127
vn 0.736055 -0.647397 -0.197738
vn 0.750877 -0.660442 0.000000
vn 0.575863 -0.817546 -0.000000
vn 0.736055 -0.647397 -0.197738
vn 0.872307 -0.447507 -0.197020
vn 0.889732 -0.456483 0.000000
vn 0.750877 -0.660442 0.000000
vn 0.872307 -0.447507 -0.197020
vn 0.955414 -0.221573 -0.195163
vn 0.974141 -0.225942 0.000000
vn 0.889732 -0.456483 0.000000
vn 0.955414 -0.221573 -0.195163
vn 0.979547 -0.051988 -0.194383
vn 0.998597 -0.052958 0.000000
vn 0.974141 -0.225942 0.000000
vn -0.899999 -0.208651 -0.382710
vn -0.820853 -0.421013 -0.385938
vn -0.872308 -0.447508 -0.197017
vn -0.955415 -0.221573 -0.195161
vn -0.820853 -0.421013 -0.385938
vn -0.692325 -0.608912 -0.387185
vn -0.736055 -0.647397 -0.197735
vn -0.872308 -0.447508 -0.197017
vn -0.692325 -0.608912 -0.387185
vn -0.531159 -0.754169 -0.386134
vn -0.564552 -0.801513 -0.197125
vn -0.736055 -0.647397 -0.197735
vn -0.531159 -0.754169 -0.386134
vn -0.355801 -0.852042 -0.383967
vn -0.377922 -0.904881 -0.195871
vn -0.564552 -0.801513 -0.197125
vn -0.355801 -0.852042 -0.383967
vn -0.177563 -0.906905 -0.382093
vn -0.188494 -0.962563 -0.194789
vn -0.377922 -0.904881 -0.195871
vn -0.177563 -0.906905 -0.382093
vn -0.000000 -0.924419 -0.381378
vn -0.000000 -0.980927 -0.194378
vn -0.188494 -0.962563 -0.194789
vn -0.000000 -0.924419 -0.381378
vn 0.177563 -0.906905 -0.382092
vn 0.188494 -0.962563 -0.194790
vn -0.000000 -0.980927 -0.194378
vn 0.177563 -0.906905 -0.382092
vn 0.355801 -0.852042 -0.383967
vn 0.377922 -0.904881 -0.195872
vn 0.188494 -0.962563 -0.194790
vn 0.355801 -0.852042 -0.383967
vn 0.531159 -0.754169 -0.386133
vn 0.564552 -0.801513 -0.197127
vn 0.377922 -0.904881 -0.195872
vn 0.531159 -0.754169 -0.386133
vn 0.692325 -0.608912 -0.387185
vn 0.736055 -0.647397 -0.197738
vn 0.564552 -0.801513 -0.197127
vn 0.692325 -0.608912 -0.387185
vn 0.820853 -0.421012 -0.385939
vn 0.872307 -0.447507 -0.197020
vn 0.736055 -0.647397 -0.197738
vn 0.820853 -0.421012 -0.385939
vn 0.899999 -0.208651 -0.382710
vn 0.955414 -0.221573 -0.195163
vn 0.872307 -0.447507 -0.197020
vn 0.899999 -0.208651 -0.382710
vn 0.923100 -0.049106 -0.381412
vn 0.979547 -0.051988 -0.194383
vn 0.955414 -0.221573 -0.195163
vn -0.810133 -0.187718 -0.555380
vn -0.737741 -0.378242 -0.559170
vn -0.820853 -0.421013 -0.385938
vn -0.899999 -0.208651 -0.382710
vn -0.737741 -0.378242 -0.559170
vn -0.621806 -0.546854 -0.560632
vn -0.692325 -0.608912 -0.387185
vn -0.820853 -0.421013 -0.385938
vn -0.621806 -0.546854 -0.560632
vn -0.477243 -0.677709 -0.559419
vn -0.531159 -0.754169 -0.386134
vn -0.692325 -0.608912 -0.387185
vn -0.477243 -0.677709 -0.559419
vn -0.319988 -0.766466 -0.556900
vn -0.355801 -0.852042 -0.383967
vn -0.531159 -0.754169 -0.386134
vn -0.319988 -0.766466 -0.556900
vn -0.159826 -0.816548 -0.554712
vn -0.177563 -0.906905 -0.382093
vn -0.355801 -0.852042 -0.383967
vn -0.159826 -0.816548 -0.554712
vn -0.000000 -0.832599 -0.553876
vn -0.000000 -0.924419 -0.381378
vn -0.177563 -0.906905 -0.382093
vn -0.000000 -0.832599 -0.553876
vn 0.159825 -0.816548 -0.554712
vn 0.177563 -0.906905 -0.382092
vn -0.000000 -0.924419 -0.381378
vn 0.159825 -0.816548 -0.554712
vn 0.319988 -0.766466 -0.556900
vn 0.355801 -0.852042 -0.383967
vn 0.177563 -0.906905 -0.382092
vn 0.319988 -0.766466 -0.556900
vn 0.477243 -0.677709 -0.559418
vn 0.531159 -0.754169 -0.386133
vn 0.355801 -0.852042 -0.383967
vn 0.477243 -0.677709 -0.559418
vn 0.621806 -0.546855 -0.560630
vn 0.692325 -0.608912 -0.387185
vn 0.531159 -0.754169 -0.386133
vn 0.621806 -0.546855 -0.560630
vn 0.737742 -0.378243 -0.559168
vn 0.820853 -0.421012 -0.385939
vn 0.692325 -0.608912 -0.387185
vn 0.737742 -0.378243 -0.559168
vn 0.810134 -0.187718 -0.555378
vn 0.899999 -0.208651 -0.382710
vn 0.820853 -0.421012 -0.385939
vn 0.810134 -0.187718 -0.555378
vn 0.831343 -0.044397 -0.553984
vn 0.923100 -0.049106 -0.381412
vn 0.899999 -0.208651 -0.382710
vn -0.689400 -0.159634 -0.706572
vn -0.626654 -0.321125 -0.710059
vn -0.737741 -0.378242 -0.559170
vn -0.810133 -0.187718 -0.555380
vn -0.626654 -0.321125 -0.710059
vn -0.527751 -0.464095 -0.711404
vn -0.621806 -0.546854 -0.560632
vn -0.737741 -0.378242 -0.559170
vn -0.527751 -0.464095 -0.711404
vn -0.405219 -0.575535 -0.710322
vn -0.477243 -0.677709 -0.559419
vn -0.621806 -0.546854 -0.560632
vn -0.405219 -0.575535 -0.710322
vn -0.271982 -0.651691 -0.708043
vn -0.319988 -0.766466 -0.556900
vn -0.477243 -0.677709 -0.559419
vn -0.271982 -0.651691 -0.708043
vn -0.135977 -0.694982 -0.706052
vn -0.159826 -0.816548 -0.554712
vn -0.319988 -0.766466 -0.556900
vn -0.135977 -0.694982 -0.706052
vn -0.000000 -0.708919 -0.705290
vn -0.000000 -0.832599 -0.553876
vn -0.159826 -0.816548 -0.554712
vn -0.000000 -0.708919 -0.705290
vn 0.135977 -0.694982 -0.706052
vn 0.159825 -0.816548 -0.554712
vn -0.000000 -0.832599 -0.553876
vn 0.135977 -0.694982 -0.706052
vn 0.271982 -0.651691 -0.708043
vn 0.319988 -0.766466 -0.556900
vn 0.159825 -0.816548 -0.554712
vn 0.271982 -0.651691 -0.708043
vn 0.405220 -0.575535 -0.710321
vn 0.477243 -0.677709 -0.559418
vn 0.319988 -0.766466 -0.556900
vn 0.405220 -0.575535 -0.710321
vn 0.527752 -0.464095 -0.711403
vn 0.621806 -0.546855 -0.560630
vn 0.477243 -0.677709 -0.559418
vn 0.527752 -0.464095 -0.711403
vn 0.626656 -0.321126 -0.710056
vn 0.737742 -0.378243 -0.559168
vn 0.621806 -0.546855 -0.560630
vn 0.626656 -0.321126 -0.710056
vn 0.689403 -0.159634 -0.706570
vn 0.810134 -0.187718 -0.555378
vn 0.737742 -0.378243 -0.559168
vn 0.689403 -0.159634 -0.706570
vn 0.707693 -0.038002 -0.705498
vn 0.831343 -0.044397 -0.553984
vn 0.810134 -0.187718 -0.555378
vn -0.542528 -0.125514 -0.830608
vn -0.492261 -0.252089 -0.833145
vn -0.626654 -0.321125 -0.710059
vn -0.689400 -0.159634 -0.706572
vn -0.492261 -0.252089 -0.833145
vn -0.414219 -0.364213 -0.834129
vn -0.527751 -0.464095 -0.711404
vn -0.626654 -0.321125 -0.710059
vn -0.414219 -0.364213 -0.834129
vn -0.318136 -0.451954 -0.833383
vn -0.405219 -0.575535 -0.710322
vn -0.527751 -0.464095 -0.711404
vn -0.318136 -0.451954 -0.833383
vn -0.213724 -0.512324 -0.831773
vn -0.271982 -0.651691 -0.708043
vn -0.405219 -0.575535 -0.710322
vn -0.213724 -0.512324 -0.831773
vn -0.106942 -0.546875 -0.830356
vn -0.135977 -0.694982 -0.706052
vn -0.271982 -0.651691 -0.708043
vn -0.106942 -0.546875 -0.830356
vn -0.000000 -0.558044 -0.829811
vn -0.000000 -0.708919 -0.705290
vn -0.135977 -0.694982 -0.706052
vn -0.000000 -0.558044 -0.829811
vn 0.106942 -0.546875 -0.830356
vn 0.135977 -0.694982 -0.706052
vn -0.000000 -0.708919 -0.705290
vn 0.106942 -0.546875 -0.830356
vn 0.213724 -0.512324 -0.831773
vn 0.271982 -0.651691 -0.708043
vn 0.135977 -0.694982 -0.706052
vn 0.213724 -0.512324 -0.831773
vn 0.318136 -0.451954 -0.833383
vn 0.405220 -0.575535 -0.710321
vn 0.271982 -0.651691 -0.708043
vn 0.318136 -0.451954 -0.833383
vn 0.414219 -0.364213 -0.834129
vn 0.527752 -0.464095 -0.711403
vn 0.405220 -0.575535 -0.710321
vn 0.414219 -0.364213 -0.834129
vn 0.492261 -0.252089 -0.833145
vn 0.626656 -0.321126 -0.710056
vn 0.527752 -0.464095 -0.711403
vn 0.492261 -0.252089 -0.833145
vn 0.542528 -0.125514 -0.830608
vn 0.689403 -0.159634 -0.706570
vn 0.626656 -0.321126 -0.710056
vn 0.542528 -0.125514 -0.830608
vn 0.556794 -0.030121 -0.830105
vn 0.707693 -0.038002 -0.705498
vn 0.689403 -0.159634 -0.706570
vn -0.375147 -0.086669 -0.922905
vn -0.339880 -0.173891 -0.924253
vn -0.492261 -0.252089 -0.833145
vn -0.542528 -0.125514 -0.830608
vn -0.339880 -0.173891 -0.924253
vn -0.285761 -0.251224 -0.924785
vn -0.414219 -0.364213 -0.834129
vn -0.492261 -0.252089 -0.833145
vn -0.285761 -0.251224 -0.924785
vn -0.219456 -0.311880 -0.924429
vn -0.318136 -0.451954 -0.833383
vn -0.414219 -0.364213 -0.834129
vn -0.219456 -0.311880 -0.924429
vn -0.147490 -0.353792 -0.923622
vn -0.213724 -0.512324 -0.831773
vn -0.318136 -0.451954 -0.833383
vn -0.147490 -0.353792 -0.923622
vn -0.073834 -0.377885 -0.922904
vn -0.106942 -0.546875 -0.830356
vn -0.213724 -0.512324 -0.831773
vn -0.073834 -0.377885 -0.922904
vn 0.000000 -0.385695 -0.922626
vn -0.000000 -0.558044 -0.829811
vn -0.106942 -0.546875 -0.830356
vn 0.000000 -0.385695 -0.922626
vn 0.073834 -0.377885 -0.922904
vn 0.106942 -0.546875 -0.830356
vn -0.000000 -0.558044 -0.829811
vn 0.073834 -0.377885 -0.922904
vn 0.147490 -0.353792 -0.923622
vn 0.213724 -0.512324 -0.831773
vn 0.106942 -0.546875 -0.830356
vn 0.147490 -0.353792 -0.923622
vn 0.219456 -0.311880 -0.924429
vn 0.318136 -0.451954 -0.833383
vn 0.213724 -0.512324 -0.831773
vn 0.219456 -0.311880 -0.924429
vn 0.285761 -0.251224 -0.924785
vn 0.414219 -0.364213 -0.834129
vn 0.318136 -0.451954 -0.833383
vn 0.285761 -0.251224 -0.924785
vn 0.339879 -0.173890 -0.924253
vn 0.492261 -0.252089 -0.833145
vn 0.414219 -0.364213 -0.834129
vn 0.339879 -0.173890 -0.924253
vn 0.375147 -0.086668 -0.922905
vn 0.542528 -0.125514 -0.830608
vn 0.492261 -0.252089 -0.833145
vn 0.375147 -0.086668 -0.922905
vn 0.384369 -0.021006 -0.922940
vn 0.556794 -0.030121 -0.830105
vn 0.542528 -0.125514 -0.830608
vn -0.193580 -0.044539 -0.980073
vn -0.175221 -0.089466 -0.980456
vn -0.339880 -0.173891 -0.924253
vn -0.375147 -0.086669 -0.922905
vn -0.175221 -0.089466 -0.980456
vn -0.147172 -0.129359 -0.980615
vn -0.285761 -0.251224 -0.924785
vn -0.339880 -0.173891 -0.924253
vn -0.147172 -0.129359 -0.980615
vn -0.112878 -0.160577 -0.980548
vn -0.219456 -0.311880 -0.924429
vn -0.285761 -0.251224 -0.924785
vn -0.112878 -0.160577 -0.980548
vn -0.075780 -0.182088 -0.980358
vn -0.147490 -0.353792 -0.923622
vn -0.219456 -0.311880 -0.924429
vn -0.075780 -0.182088 -0.980358
vn -0.037910 -0.194432 -0.980183
vn -0.073834 -0.377885 -0.922904
vn -0.147490 -0.353792 -0.923622
vn -0.037910 -0.194432 -0.980183
vn 0.000000 -0.198430 -0.980115
vn 0.000000 -0.385695 -0.922626
vn -0.073834 -0.377885 -0.922904
vn 0.000000 -0.198430 -0.980115
vn 0.037910 -0.194432 -0.980183
vn 0.073834 -0.377885 -0.922904
vn 0.000000 -0.385695 -0.922626
vn 0.037910 -0.194432 -0.980183
vn 0.075780 -0.182089 -0.980358
vn 0.147490 -0.353792 -0.923622
vn 0.073834 -0.377885 -0.922904
vn 0.075780 -0.182089 -0.980358
vn 0.112878 -0.160577 -0.980548
vn 0.219456 -0.311880 -0.924429
vn 0.147490 -0.353792 -0.923622
vn 0.112878 -0.160577 -0.980548
vn 0.147173 -0.129360 -0.980615
vn 0.285761 -0.251224 -0.924785
vn 0.219456 -0.311880 -0.924429
vn 0.147173 -0.129360 -0.980615
vn 0.175221 -0.089466 -0.980456
vn 0.339879 -0.173890 -0.924253
vn 0.285761 -0.251224 -0.924785
vn 0.175221 -0.089466 -0.980456
vn 0.193580 -0.044539 -0.980073
vn 0.375147 -0.086668 -0.922905
vn 0.339879 -0.173890 -0.924253
vn 0.193580 -0.044539 -0.980073
vn 0.197023 -0.010962 -0.980338
vn 0.384369 -0.021006 -0.922940
vn 0.375147 -0.086668 -0.922905
vn -0.004621 -0.000647 -0.999989
vn -0.004208 -0.001846 -0.999990
vn -0.175221 -0.089466 -0.980456
vn -0.193580 -0.044539 -0.980073
vn -0.004208 -0.001846 -0.999990
vn -0.003355 -0.002946 -0.999990
vn -0.147172 -0.129359 -0.980615
vn -0.175221 -0.089466 -0.980456
vn -0.003355 -0.002946 -0.999990
vn -0.002220 -0.003499 -0.999991
vn -0.112878 -0.160577 -0.980548
vn -0.147172 -0.129359 -0.980615
vn -0.002220 -0.003499 -0.999991
vn -0.001233 -0.003578 -0.999993
vn -0.075780 -0.182088 -0.980358
vn -0.112878 -0.160577 -0.980548
vn -0.001233 -0.003578 -0.999993
vn -0.000525 -0.003476 -0.999994
vn -0.037910 -0.194432 -0.980183
vn -0.075780 -0.182088 -0.980358
vn -0.000525 -0.003476 -0.999994
vn -0.000000 -0.003416 -0.999994
vn 0.000000 -0.198430 -0.980115
vn -0.037910 -0.194432 -0.980183
vn -0.000000 -0.003416 -0.999994
vn 0.000525 -0.003476 -0.999994
vn 0.037910 -0.194432 -0.980183
vn 0.000000 -0.198430 -0.980115
vn 0.000525 -0.003476 -0.999994
vn 0.001233 -0.003578 -0.999993
vn 0.075780 -0.182089 -0.980358
vn 0.037910 -0.194432 -0.980183
vn 0.001233 -0.003578 -0.999993
vn 0.002220 -0.003499 -0.999991
vn 0.112878 -0.160577 -0.980548
vn 0.075780 -0.182089 -0.980358
vn 0.002220 -0.003499 -0.999991
vn 0.003354 -0.002946 -0.999990
vn 0.147173 -0.129360 -0.980615
vn 0.112878 -0.160577 -0.980548
vn 0.003354 -0.002946 -0.999990
vn 0.004208 -0.001846 -0.999989
vn 0.175221 -0.089466 -0.980456
vn 0.147173 -0.129360 -0.980615
vn 0.004208 -0.001846 -0.999989
vn 0.004621 -0.000646 -0.999989
vn 0.193580 -0.044539 -0.980073
vn 0.175221 -0.089466 -0.980456
vn 0.004621 -0.000646 -0.999989
vn 0.001987 -0.000331 -0.999998
vn 0.197023 -0.010962 -0.980338
vn 0.193580 -0.044539 -0.980073
vn 0.184678 0.043448 -0.981838
vn 0.167134 0.085900 -0.982185
vn -0.004208 -0.001846 -0.999990
vn -0.004621 -0.000647 -0.999989
vn 0.167134 0.085900 -0.982185
vn 0.140748 0.123653 -0.982293
vn -0.003355 -0.002946 -0.999990
vn -0.004208 -0.001846 -0.999990
vn 0.140748 0.123653 -0.982293
vn 0.108648 0.153811 -0.982109
vn -0.002220 -0.003499 -0.999991
vn -0.003355 -0.002946 -0.999990
vn 0.108648 0.153811 -0.982109
vn 0.073442 0.175185 -0.981793
vn -0.001233 -0.003578 -0.999993
vn -0.002220 -0.003499 -0.999991
vn 0.073442 0.175185 -0.981793
vn 0.036917 0.187737 -0.981525
vn -0.000525 -0.003476 -0.999994
vn -0.001233 -0.003578 -0.999993
vn 0.036917 0.187737 -0.981525
vn 0.000000 0.191853 -0.981424
vn -0.000000 -0.003416 -0.999994
vn -0.000525 -0.003476 -0.999994
vn 0.000000 0.191853 -0.981424
vn -0.036917 0.187737 -0.981525
vn 0.000525 -0.003476 -0.999994
vn -0.000000 -0.003416 -0.999994
vn -0.036917 0.187737 -0.981525
vn -0.073442 0.175185 -0.981793
vn 0.001233 -0.003578 -0.999993
vn 0.000525 -0.003476 -0.999994
vn -0.073442 0.175185 -0.981793
vn -0.108648 0.153811 -0.982109
vn 0.002220 -0.003499 -0.999991
vn 0.001233 -0.003578 -0.999993
vn -0.108648 0.153811 -0.982109
vn -0.140748 0.123654 -0.982293
vn 0.003354 -0.002946 -0.999990
vn 0.002220 -0.003499 -0.999991
vn -0.140748 0.123654 -0.982293
vn -0.167135 0.085900 -0.982185
vn 0.004208 -0.001846 -0.999989
vn 0.003354 -0.002946 -0.999990
vn -0.167135 0.085900 -0.982185
vn -0.184679 0.043448 -0.981838
vn 0.004621 -0.000646 -0.999989
vn 0.004208 -0.001846 -0.999989
vn -0.184679 0.043448 -0.981838
vn -0.193172 0.010518 -0.981109
vn 0.001987 -0.000331 -0.999998
vn 0.004621 -0.000646 -0.999989
vn 0.367197 0.086175 -0.926143
vn 0.332728 0.170686 -0.927447
vn 0.167134 0.085900 -0.982185
vn 0.184678 0.043448 -0.981838
vn 0.332728 0.170686 -0.927447
vn 0.280152 0.246045 -0.927888
vn 0.140748 0.123653 -0.982293
vn 0.167134 0.085900 -0.982185
vn 0.280152 0.246045 -0.927888
vn 0.215830 0.305770 -0.927320
vn 0.108648 0.153811 -0.982109
vn 0.140748 0.123653 -0.982293
vn 0.215830 0.305770 -0.927320
vn 0.145522 0.347607 -0.926279
vn 0.073442 0.175185 -0.981793
vn 0.108648 0.153811 -0.982109
vn 0.145522 0.347607 -0.926279
vn 0.073008 0.371921 -0.925389
vn 0.036917 0.187737 -0.981525
vn 0.073442 0.175185 -0.981793
vn 0.073008 0.371921 -0.925389
vn -0.000000 0.379847 -0.925049
vn 0.000000 0.191853 -0.981424
vn 0.036917 0.187737 -0.981525
vn -0.000000 0.379847 -0.925049
vn -0.073008 0.371921 -0.925389
vn -0.036917 0.187737 -0.981525
vn 0.000000 0.191853 -0.981424
vn -0.073008 0.371921 -0.925389
vn -0.145522 0.347608 -0.926279
vn -0.073442 0.175185 -0.981793
vn -0.036917 0.187737 -0.981525
vn -0.145522 0.347608 -0.926279
vn -0.215830 0.305771 -0.927320
vn -0.108648 0.153811 -0.982109
vn -0.073442 0.175185 -0.981793
vn -0.215830 0.305771 -0.927320
vn -0.280152 0.246045 -0.927888
vn -0.140748 0.123654 -0.982293
vn -0.108648 0.153811 -0.982109
vn -0.280152 0.246045 -0.927888
vn -0.332728 0.170686 -0.927447
vn -0.167135 0.085900 -0.982185
vn -0.140748 0.123654 -0.982293
vn -0.332728 0.170686 -0.927447
vn -0.367197 0.086175 -0.926143
vn -0.184679 0.043448 -0.981838
vn -0.167135 0.085900 -0.982185
vn -0.367197 0.086175 -0.926143
vn -0.380872 0.021203 -0.924385
vn -0.193172 0.010518 -0.981109
vn -0.184679 0.043448 -0.981838
vn 0.535966 0.125982 -0.834787
vn 0.486510 0.249432 -0.837312
vn 0.332728 0.170686 -0.927447
vn 0.367197 0.086175 -0.926143
vn 0.486510 0.249432 -0.837312
vn 0.409845 0.359819 -0.838187
vn 0.280152 0.246045 -0.927888
vn 0.332728 0.170686 -0.927447
vn 0.409845 0.359819 -0.838187
vn 0.315436 0.446822 -0.837168
vn 0.215830 0.305770 -0.927320
vn 0.280152 0.246045 -0.927888
vn 0.315436 0.446822 -0.837168
vn 0.212331 0.507215 -0.835254
vn 0.145522 0.347607 -0.926279
vn 0.215830 0.305770 -0.927320
vn 0.212331 0.507215 -0.835254
vn 0.106379 0.542010 -0.833612
vn 0.073008 0.371921 -0.925389
vn 0.145522 0.347607 -0.926279
vn 0.106379 0.542010 -0.833612
vn -0.000000 0.553294 -0.832986
vn -0.000000 0.379847 -0.925049
vn 0.073008 0.371921 -0.925389
vn -0.000000 0.553294 -0.832986
vn -0.106379 0.542010 -0.833612
vn -0.073008 0.371921 -0.925389
vn -0.000000 0.379847 -0.925049
vn -0.106379 0.542010 -0.833612
vn -0.212331 0.507215 -0.835254
vn -0.145522 0.347608 -0.926279
vn -0.073008 0.371921 -0.925389
vn -0.212331 0.507215 -0.835254
vn -0.315436 0.446822 -0.837168
vn -0.215830 0.305771 -0.927320
vn -0.145522 0.347608 -0.926279
vn -0.315436 0.446822 -0.837168
vn -0.409845 0.359819 -0.838187
vn -0.280152 0.246045 -0.927888
vn -0.215830 0.305771 -0.927320
vn -0.409845 0.359819 -0.838187
vn -0.486509 0.249432 -0.837313
vn -0.332728 0.170686 -0.927447
vn -0.280152 0.246045 -0.927888
vn -0.486509 0.249432 -0.837313
vn -0.535966 0.125982 -0.834787
vn -0.367197 0.086175 -0.926143
vn -0.332728 0.170686 -0.927447
vn -0.535966 0.125982 -0.834787
vn -0.553838 0.031338 -0.832034
vn -0.380872 0.021203 -0.924385
vn -0.367197 0.086175 -0.926143
vn 0.684409 0.161352 -0.711020
vn 0.622551 0.319119 -0.714558
vn 0.486510 0.249432 -0.837312
vn 0.535966 0.125982 -0.834787
vn 0.622551 0.319119 -0.714558
vn 0.524853 0.460613 -0.715796
vn 0.409845 0.359819 -0.838187
vn 0.486510 0.249432 -0.837312
vn 0.524853 0.460613 -0.715796
vn 0.403648 0.571541 -0.714429
vn 0.315436 0.446822 -0.837168
vn 0.409845 0.359819 -0.838187
vn 0.403648 0.571541 -0.714429
vn 0.271301 0.647843 -0.711825
vn 0.212331 0.507215 -0.835254
vn 0.315436 0.446822 -0.837168
vn 0.271301 0.647843 -0.711825
vn 0.135746 0.691414 -0.709592
vn 0.106379 0.542010 -0.833612
vn 0.212331 0.507215 -0.835254
vn 0.135746 0.691414 -0.709592
vn -0.000000 0.705469 -0.708741
vn -0.000000 0.553294 -0.832986
vn 0.106379 0.542010 -0.833612
vn -0.000000 0.705469 -0.708741
vn -0.135746 0.691414 -0.709591
vn -0.106379 0.542010 -0.833612
vn -0.000000 0.553294 -0.832986
vn -0.135746 0.691414 -0.709591
vn -0.271301 0.647843 -0.711825
vn -0.212331 0.507215 -0.835254
vn -0.106379 0.542010 -0.833612
vn -0.271301 0.647843 -0.711825
vn -0.403648 0.571541 -0.714430
vn -0.315436 0.446822 -0.837168
vn -0.212331 0.507215 -0.835254
vn -0.403648 0.571541 -0.714430
vn -0.524853 0.460613 -0.715797
vn -0.409845 0.359819 -0.838187
vn -0.315436 0.446822 -0.837168
vn -0.524853 0.460613 -0.715797
vn -0.622550 0.319119 -0.714559
vn -0.486509 0.249432 -0.837313
vn -0.409845 0.359819 -0.838187
vn -0.622550 0.319119 -0.714559
vn -0.684409 0.161352 -0.711020
vn -0.535966 0.125982 -0.834787
vn -0.486509 0.249432 -0.837313
vn -0.684409 0.161352 -0.711020
vn -0.705400 0.040532 -0.707649
vn -0.553838 0.031338 -0.832034
vn -0.535966 0.125982 -0.834787
vn 0.806622 0.190835 -0.559412
vn 0.735273 0.376895 -0.563315
vn 0.622551 0.319119 -0.714558
vn 0.684409 0.161352 -0.711020
vn 0.735273 0.376895 -0.563315
vn 0.620404 0.544267 -0.564687
vn 0.524853 0.460613 -0.715796
vn 0.622551 0.319119 -0.714558
vn 0.620404 0.544267 -0.564687
vn 0.476842 0.674835 -0.563222
vn 0.403648 0.571541 -0.714429
vn 0.524853 0.460613 -0.715796
vn 0.476842 0.674835 -0.563222
vn 0.320063 0.763874 -0.560408
vn 0.271301 0.647843 -0.711825
vn 0.403648 0.571541 -0.714429
vn 0.320063 0.763874 -0.560408
vn 0.159952 0.814282 -0.557996
vn 0.135746 0.691414 -0.709592
vn 0.271301 0.647843 -0.711825
vn 0.159952 0.814282 -0.557996
vn 0.000000 0.830459 -0.557079
vn -0.000000 0.705469 -0.708741
vn 0.135746 0.691414 -0.709592
vn 0.000000 0.830459 -0.557079
vn -0.159952 0.814282 -0.557996
vn -0.135746 0.691414 -0.709591
vn -0.000000 0.705469 -0.708741
vn -0.159952 0.814282 -0.557996
vn -0.320063 0.763874 -0.560408
vn -0.271301 0.647843 -0.711825
vn -0.135746 0.691414 -0.709591
vn -0.320063 0.763874 -0.560408
vn -0.476842 0.674835 -0.563222
vn -0.403648 0.571541 -0.714430
vn -0.271301 0.647843 -0.711825
vn -0.476842 0.674835 -0.563222
vn -0.620405 0.544267 -0.564687
vn -0.524853 0.460613 -0.715797
vn -0.403648 0.571541 -0.714430
vn -0.620405 0.544267 -0.564687
vn -0.735273 0.376895 -0.563315
vn -0.622550 0.319119 -0.714559
vn -0.524853 0.460613 -0.715797
vn -0.735273 0.376895 -0.563315
vn -0.806623 0.190835 -0.559412
vn -0.684409 0.161352 -0.711020
vn -0.622550 0.319119 -0.714559
vn -0.806623 0.190835 -0.559412
vn -0.829746 0.048380 -0.556040
vn -0.705400 0.040532 -0.707649
vn -0.684409 0.161352 -0.711020
vn 0.897661 0.213088 -0.385743
vn 0.819760 0.420228 -0.389104
vn 0.735273 0.376895 -0.563315
vn 0.806622 0.190835 -0.559412
vn 0.819760 0.420228 -0.389104
vn 0.692206 0.607063 -0.390289
vn 0.620404 0.544267 -0.564687
vn 0.735273 0.376895 -0.563315
vn 0.692206 0.607063 -0.390289
vn 0.531786 0.752225 -0.389052
vn 0.476842 0.674835 -0.563222
vn 0.620404 0.544267 -0.564687
vn 0.531786 0.752225 -0.389052
vn 0.356553 0.850507 -0.386663
vn 0.320063 0.763874 -0.560408
vn 0.476842 0.674835 -0.563222
vn 0.356553 0.850507 -0.386663
vn 0.178014 0.905748 -0.384619
vn 0.159952 0.814282 -0.557996
vn 0.320063 0.763874 -0.560408
vn 0.178014 0.905748 -0.384619
vn 0.000000 0.923399 -0.383842
vn 0.000000 0.830459 -0.557079
vn 0.159952 0.814282 -0.557996
vn 0.000000 0.923399 -0.383842
vn -0.178014 0.905748 -0.384618
vn -0.159952 0.814282 -0.557996
vn 0.000000 0.830459 -0.557079
vn -0.178014 0.905748 -0.384618
vn -0.356554 0.850507 -0.386662
vn -0.320063 0.763874 -0.560408
vn -0.159952 0.814282 -0.557996
vn -0.356554 0.850507 -0.386662
vn -0.531786 0.752226 -0.389050
vn -0.476842 0.674835 -0.563222
vn -0.320063 0.763874 -0.560408
vn -0.531786 0.752226 -0.389050
vn -0.692207 0.607064 -0.390287
vn -0.620405 0.544267 -0.564687
vn -0.476842 0.674835 -0.563222
vn -0.692207 0.607064 -0.390287
vn -0.819760 0.420229 -0.389103
vn -0.735273 0.376895 -0.563315
vn -0.620405 0.544267 -0.564687
vn -0.819760 0.420229 -0.389103
vn -0.897662 0.213089 -0.385742
vn -0.806623 0.190835 -0.559412
vn -0.735273 0.376895 -0.563315
vn -0.897662 0.213089 -0.385742
vn -0.922127 0.054451 -0.383038
vn -0.829746 0.048380 -0.556040
vn -0.806623 0.190835 -0.559412
vn 0.953814 0.226973 -0.196781
vn 0.872127 0.447104 -0.198728
vn 0.819760 0.420228 -0.389104
vn 0.897661 0.213088 -0.385743
vn 0.872127 0.447104 -0.198728
vn 0.736802 0.646031 -0.199414
vn 0.692206 0.607063 -0.390289
vn 0.819760 0.420228 -0.389104
vn 0.736802 0.646031 -0.199414
vn 0.565887 0.800180 -0.198706
vn 0.531786 0.752225 -0.389052
vn 0.692206 0.607063 -0.390289
vn 0.565887 0.800180 -0.198706
vn 0.379150 0.904049 -0.197335
vn 0.356553 0.850507 -0.386663
vn 0.531786 0.752225 -0.389052
vn 0.379150 0.904049 -0.197335
vn 0.189176 0.962150 -0.196163
vn 0.178014 0.905748 -0.384619
vn 0.356553 0.850507 -0.386663
vn 0.189176 0.962150 -0.196163
vn 0.000000 0.980660 -0.195718
vn 0.000000 0.923399 -0.383842
vn 0.178014 0.905748 -0.384619
vn 0.000000 0.980660 -0.195718
vn -0.189176 0.962150 -0.196163
vn -0.178014 0.905748 -0.384618
vn 0.000000 0.923399 -0.383842
vn -0.189176 0.962150 -0.196163
vn -0.379150 0.904049 -0.197336
vn -0.356554 0.850507 -0.386662
vn -0.178014 0.905748 -0.384618
vn -0.379150 0.904049 -0.197336
vn -0.565886 0.800180 -0.198707
vn -0.531786 0.752226 -0.389050
vn -0.356554 0.850507 -0.386662
vn -0.565886 0.800180 -0.198707
vn -0.736802 0.646032 -0.199415
vn -0.692207 0.607064 -0.390287
vn -0.531786 0.752226 -0.389050
vn -0.736802 0.646032 -0.199415
vn -0.872127 0.447104 -0.198728
vn -0.819760 0.420229 -0.389103
vn -0.692207 0.607064 -0.390287
vn -0.872127 0.447104 -0.198728
vn -0.953813 0.226973 -0.196782
vn -0.897662 0.213089 -0.385742
vn -0.819760 0.420229 -0.389103
vn -0.953813 0.226973 -0.196782
vn -0.979011 0.058321 -0.195284
vn -0.922127 0.054451 -0.383038
vn -0.897662 0.213089 -0.385742
vn 0.972788 0.231698 0.000000
vn 0.889870 0.456214 -0.000000
vn 0.872127 0.447104 -0.198728
vn 0.953814 0.226973 -0.196781
vn 0.889870 0.456214 -0.000000
vn 0.751929 0.659244 0.000000
vn 0.736802 0.646031 -0.199414
vn 0.872127 0.447104 -0.198728
vn 0.751929 0.659244 0.000000
vn 0.577451 0.816426 0.000000
vn 0.565887 0.800180 -0.198706
vn 0.736802 0.646031 -0.199414
vn 0.577451 0.816426 0.000000
vn 0.386804 0.922162 -0.000000
vn 0.379150 0.904049 -0.197335
vn 0.565887 0.800180 -0.198706
vn 0.386804 0.922162 -0.000000
vn 0.192952 0.981208 -0.000000
vn 0.189176 0.962150 -0.196163
vn 0.379150 0.904049 -0.197335
vn 0.192952 0.981208 -0.000000
vn 0.000000 1.000000 -0.000000
vn 0.000000 0.980660 -0.195718
vn 0.189176 0.962150 -0.196163
vn 0.000000 1.000000 -0.000000
vn -0.192952 0.981208 0.000000
vn -0.189176 0.962150 -0.196163
vn 0.000000 0.980660 -0.195718
vn -0.192952 0.981208 0.000000
vn -0.386804 0.922162 0.000000
vn -0.379150 0.904049 -0.197336
vn -0.189176 0.962150 -0.196163
vn -0.386804 0.922162 0.000000
vn -0.577450 0.816426 0.000000
vn -0.565886 0.800180 -0.198707
vn -0.379150 0.904049 -0.197336
vn -0.577450 0.816426 0.000000
vn -0.751929 0.659244 0.000000
vn -0.736802 0.646032 -0.199415
vn -0.565886 0.800180 -0.198707
vn -0.751929 0.659244 0.000000
vn -0.889870 0.456214 0.000000
vn -0.872127 0.447104 -0.198728
vn -0.736802 0.646032 -0.199415
vn -0.889870 0.456214 0.000000
vn -0.972788 0.231697 -0.000000
vn -0.953813 0.226973 -0.196782
vn -0.872127 0.447104 -0.198728
vn -0.972788 0.231697 -0.000000
vn -0.998219 0.059655 0.000000
vn -0.979011 0.058321 -0.195284
vn -0.953813 0.226973 -0.196782
vn 0.953814 0.226973 0.196781
vn 0.872127 0.447104 0.198728
vn 0.889870 0.456214 -0.000000
vn 0.972788 0.231698 0.000000
vn 0.872127 0.447104 0.198728
vn 0.736802 0.646031 0.199414
vn 0.751929 0.659244 0.000000
vn 0.889870 0.456214 -0.000000
vn 0.736802 0.646031 0.199414
vn 0.565887 0.800180 0.198706
vn 0.577451 0.816426 0.000000
vn 0.751929 0.659244 0.000000
vn 0.565887 0.800180 0.198706
vn 0.379150 0.904049 0.197335
vn 0.386804 0.922162 -0.000000
vn 0.577451 0.816426 0.000000
vn 0.379150 0.904049 0.197335
vn 0.189176 0.962150 0.196163
vn 0.192952 0.981208 -0.000000
vn 0.386804 0.922162 -0.000000
vn 0.189176 0.962150 0.196163
vn 0.000001 0.980660 0.195718
vn 0.000000 1.000000 -0.000000
vn 0.192952 0.981208 -0.000000
vn 0.000001 0.980660 0.195718
vn -0.189176 0.962150 0.196163
vn -0.192952 0.981208 0.000000
vn 0.000000 1.000000 -0.000000
vn -0.189176 0.962150 0.196163
vn -0.379150 0.904049 0.197336
vn -0.386804 0.922162 0.000000
vn -0.192952 0.981208 0.000000
vn -0.379150 0.904049 0.197336
vn -0.565887 0.800180 0.198707
vn -0.577450 0.816426 0.000000
vn -0.386804 0.922162 0.000000
vn -0.565887 0.800180 0.198707
vn -0.736802 0.646032 0.199415
vn -0.751929 0.659244 0.000000
vn -0.577450 0.816426 0.000000
vn -0.736802 0.646032 0.199415
vn -0.872127 0.447104 0.198729
vn -0.889870 0.456214 0.000000
vn -0.751929 0.659244 0.000000
vn -0.872127 0.447104 0.198729
vn -0.953814 0.226973 0.196782
vn -0.972788 0.231697 -0.000000
vn -0.889870 0.456214 0.000000
vn -0.953814 0.226973 0.196782
vn -0.979011 0.058321 0.195284
vn -0.998219 0.059655 0.000000
vn -0.972788 0.231697 -0.000000
vn 0.897661 0.213088 0.385744
vn 0.819760 0.420228 0.389105
vn 0.872127 0.447104 0.198728
vn 0.953814 0.226973 0.196781
vn 0.819760 0.420228 0.389105
vn 0.692206 0.607063 0.390289
vn 0.736802 0.646031 0.199414
vn 0.872127 0.447104 0.198728
vn 0.692206 0.607063 0.390289
vn 0.531786 0.752225 0.389052
vn 0.565887 0.800180 0.198706
vn 0.736802 0.646031 0.199414
vn 0.531786 0.752225 0.389052
vn 0.356553 0.850507 0.386663
vn 0.379150 0.904049 0.197335
vn 0.565887 0.800180 0.198706
vn 0.356553 0.850507 0.386663
vn 0.178015 0.905748 0.384619
vn 0.189176 0.962150 0.196163
vn 0.379150 0.904049 0.197335
vn 0.178015 0.905748 0.384619
vn 0.000001 0.923399 0.383842
vn 0.000001 0.980660 0.195718
vn 0.189176 0.962150 0.196163
vn 0.000001 0.923399 0.383842
vn -0.178014 0.905748 0.384619
vn -0.189176 0.962150 0.196163
vn 0.000001 0.980660 0.195718
vn -0.178014 0.905748 0.384619
vn -0.356554 0.850507 0.386662
vn -0.379150 0.904049 0.197336
vn -0.189176 0.962150 0.196163
vn -0.356554 0.850507 0.386662
vn -0.531786 0.752226 0.389050
vn -0.565887 0.800180 0.198707
vn -0.379150 0.904049 0.197336
vn -0.531786 0.752226 0.389050
vn -0.692207 0.607063 0.390287
vn -0.736802 0.646032 0.199415
vn -0.565887 0.800180 0.198707
vn -0.692207 0.607063 0.390287
vn -0.819760 0.420229 0.389103
vn -0.872127 0.447104 0.198729
vn -0.736802 0.646032 0.199415
vn -0.819760 0.420229 0.389103
vn -0.897662 0.213089 0.385742
vn -0.953814 0.226973 0.196782
vn -0.872127 0.447104 0.198729
vn -0.897662 0.213089 0.385742
vn -0.922127 0.054451 0.383037
vn -0.979011 0.058321 0.195284
vn -0.953814 0.226973 0.196782
vn 0.806622 0.190835 0.559412
vn 0.735273 0.376895 0.563315
vn 0.819760 0.420228 0.389105
vn 0.897661 0.213088 0.385744
vn 0.735273 0.376895 0.563315
vn 0.620404 0.544267 0.564687
vn 0.692206 0.607063 0.390289
vn 0.819760 0.420228 0.389105
vn 0.620404 0.544267 0.564687
vn 0.476842 0.674835 0.563222
vn 0.531786 0.752225 0.389052
vn 0.692206 0.607063 0.390289
vn 0.476842 0.674835 0.563222
vn 0.320063 0.763874 0.560408
vn 0.356553 0.850507 0.386663
vn 0.531786 0.752225 0.389052
vn 0.320063 0.763874 0.560408
vn 0.159952 0.814282 0.557996
vn 0.178015 0.905748 0.384619
vn 0.356553 0.850507 0.386663
vn 0.159952 0.814282 0.557996
vn 0.000000 0.830459 0.557079
vn 0.000001 0.923399 0.383842
vn 0.178015 0.905748 0.384619
vn 0.000000 0.830459 0.557079
vn -0.159952 0.814282 0.557996
vn -0.178014 0.905748 0.384619
vn 0.000001 0.923399 0.383842
vn -0.159952 0.814282 0.557996
vn -0.320063 0.763874 0.560408
vn -0.356554 0.850507 0.386662
vn -0.178014 0.905748 0.384619
vn -0.320063 0.763874 0.560408
vn -0.476842 0.674835 0.563222
vn -0.531786 0.752226 0.389050
vn -0.356554 0.850507 0.386662
vn -0.476842 0.674835 0.563222
vn -0.620404 0.544267 0.564687
vn -0.692207 0.607063 0.390287
vn -0.531786 0.752226 0.389050
vn -0.620404 0.544267 0.564687
vn -0.735273 0.376895 0.563315
vn -0.819760 0.420229 0.389103
vn -0.692207 0.607063 0.390287
vn -0.735273 0.376895 0.563315
vn -0.806623 0.190835 0.559412
vn -0.897662 0.213089 0.385742
vn -0.819760 0.420229 0.389103
vn -0.806623 0.190835 0.559412
vn -0.829746 0.048380 0.556040
vn -0.922127 0.054451 0.383037
vn -0.897662 0.213089 0.385742
vn 0.684410 0.161352 0.711020
vn 0.622551 0.319119 0.714558
vn 0.735273 0.376895 0.563315
vn 0.806622 0.190835 0.559412
vn 0.622551 0.319119 0.714558
vn 0.524853 0.460613 0.715796
vn 0.620404 0.544267 0.564687
vn 0.735273 0.376895 0.563315
vn 0.524853 0.460613 0.715796
vn 0.403648 0.571541 0.714429
vn 0.476842 0.674835 0.563222
vn 0.620404 0.544267 0.564687
vn 0.403648 0.571541 0.714429
vn 0.271301 0.647843 0.711825
vn 0.320063 0.763874 0.560408
vn 0.476842 0.674835 0.563222
vn 0.271301 0.647843 0.711825
vn 0.135746 0.691414 0.709592
vn 0.159952 0.814282 0.557996
vn 0.320063 0.763874 0.560408
vn 0.135746 0.691414 0.709592
vn -0.000000 0.705469 0.708741
vn 0.000000 0.830459 0.557079
vn 0.159952 0.814282 0.557996
vn -0.000000 0.705469 0.708741
vn -0.135746 0.691414 0.709591
vn -0.159952 0.814282 0.557996
vn 0.000000 0.830459 0.557079
vn -0.135746 0.691414 0.709591
vn -0.271301 0.647843 0.711825
vn -0.320063 0.763874 0.560408
vn -0.159952 0.814282 0.557996
vn -0.271301 0.647843 0.711825
vn -0.403648 0.571541 0.714430
vn -0.476842 0.674835 0.563222
vn -0.320063 0.763874 0.560408
vn -0.403648 0.571541 0.714430
vn -0.524853 0.460613 0.715797
vn -0.620404 0.544267 0.564687
vn -0.476842 0.674835 0.563222
vn -0.524853 0.460613 0.715797
vn -0.622550 0.319119 0.714559
vn -0.735273 0.376895 0.563315
vn -0.620404 0.544267 0.564687
vn -0.622550 0.319119 0.714559
vn -0.684409 0.161352 0.711020
vn -0.806623 0.190835 0.559412
vn -0.735273 0.376895 0.563315
vn -0.684409 0.161352 0.711020
vn -0.705400 0.040533 0.707649
vn -0.829746 0.048380 0.556040
vn -0.806623 0.190835 0.559412
vn 0.535966 0.125982 0.834787
vn 0.486510 0.249432 0.837312
vn 0.622551 0.319119 0.714558
vn 0.684410 0.161352 0.711020
vn 0.486510 0.249432 0.837312
vn 0.409845 0.359819 0.838187
vn 0.524853 0.460613 0.715796
vn 0.622551 0.319119 0.714558
vn 0.409845 0.359819 0.838187
vn 0.315436 0.446822 0.837168
vn 0.403648 0.571541 0.714429
vn 0.524853 0.460613 0.715796
vn 0.315436 0.446822 0.837168
vn 0.212331 0.507215 0.835254
vn 0.271301 0.647843 0.711825
vn 0.403648 0.571541 0.714429
vn 0.212331 0.507215 0.835254
vn 0.106379 0.542010 0.833612
vn 0.135746 0.691414 0.709592
vn 0.271301 0.647843 0.711825
vn 0.106379 0.542010 0.833612
vn -0.000000 0.553294 0.832986
vn -0.000000 0.705469 0.708741
vn 0.135746 0.691414 0.709592
vn -0.000000 0.553294 0.832986
vn -0.106379 0.542010 0.833612
vn -0.135746 0.691414 0.709591
vn -0.000000 0.705469 0.708741
vn -0.106379 0.542010 0.833612
vn -0.212331 0.507215 0.835254
vn -0.271301 0.647843 0.711825
vn -0.135746 0.691414 0.709591
vn -0.212331 0.507215 0.835254
vn -0.315436 0.446822 0.837168
vn -0.403648 0.571541 0.714430
vn -0.271301 0.647843 0.711825
vn -0.315436 0.446822 0.837168
vn -0.409845 0.359819 0.838187
vn -0.524853 0.460613 0.715797
vn -0.403648 0.571541 0.714430
vn -0.409845 0.359819 0.838187
vn -0.486510 0.249432 0.837313
vn -0.622550 0.319119 0.714559
vn -0.524853 0.460613 0.715797
vn -0.486510 0.249432 0.837313
vn -0.535966 0.125982 0.834787
vn -0.684409 0.161352 0.711020
vn -0.622550 0.319119 0.714559
vn -0.535966 0.125982 0.834787
vn -0.553838 0.031338 0.832034
vn -0.705400 0.040533 0.707649
vn -0.684409 0.161352 0.711020
vn 0.367197 0.086175 0.926143
vn 0.332728 0.170686 0.927447
vn 0.486510 0.249432 0.837312
vn 0.535966 0.125982 0.834787
vn 0.332728 0.170686 0.927447
vn 0.280152 0.246045 0.927888
vn 0.409845 0.359819 0.838187
vn 0.486510 0.249432 0.837312
vn 0.280152 0.246045 0.927888
vn 0.215830 0.305771 0.927320
vn 0.315436 0.446822 0.837168
vn 0.409845 0.359819 0.838187
vn 0.215830 0.305771 0.927320
vn 0.145522 0.347607 0.926279
vn 0.212331 0.507215 0.835254
vn 0.315436 0.446822 0.837168
vn 0.145522 0.347607 0.926279
vn 0.073008 0.371922 0.925389
vn 0.106379 0.542010 0.833612
vn 0.212331 0.507215 0.835254
vn 0.073008 0.371922 0.925389
vn -0.000000 0.379847 0.925049
vn -0.000000 0.553294 0.832986
vn 0.106379 0.542010 0.833612
vn -0.000000 0.379847 0.925049
vn -0.073008 0.371921 0.925389
vn -0.106379 0.542010 0.833612
vn -0.000000 0.553294 0.832986
vn -0.073008 0.371921 0.925389
vn -0.145522 0.347607 0.926279
vn -0.212331 0.507215 0.835254
vn -0.106379 0.542010 0.833612
vn -0.145522 0.347607 0.926279
vn -0.215830 0.305771 0.927320
vn -0.315436 0.446822 0.837168
vn -0.212331 0.507215 0.835254
vn -0.215830 0.305771 0.927320
vn -0.280152 0.246045 0.927888
vn -0.409845 0.359819 0.838187
vn -0.315436 0.446822 0.837168
vn -0.280152 0.246045 0.927888
vn -0.332728 0.170686 0.927447
vn -0.486510 0.249432 0.837313
vn -0.409845 0.359819 0.838187
vn -0.332728 0.170686 0.927447
vn -0.367197 0.086175 0.926143
vn -0.535966 0.125982 0.834787
vn -0.486510 0.249432 0.837313
vn -0.367197 0.086175 0.926143
vn -0.380872 0.021203 0.924385
vn -0.553838 0.031338 0.832034
vn -0.535966 0.125982 0.834787
vn 0.184678 0.043448 0.981838
vn 0.167134 0.085900 0.982185
vn 0.332728 0.170686 0.927447
vn 0.367197 0.086175 0.926143
vn 0.167134 0.085900 0.982185
vn 0.140748 0.123654 0.982293
vn 0.280152 0.246045 0.927888
vn 0.332728 0.170686 0.927447
vn 0.140748 0.123654 0.982293
vn 0.108648 0.153811 0.982109
vn 0.215830 0.305771 0.927320
vn 0.280152 0.246045 0.927888
vn 0.108648 0.153811 0.982109
vn 0.073442 0.175185 0.981793
vn 0.145522 0.347607 0.926279
vn 0.215830 0.305771 0.927320
vn 0.073442 0.175185 0.981793
vn 0.036917 0.187737 0.981525
vn 0.073008 0.371922 0.925389
vn 0.145522 0.347607 0.926279
vn 0.036917 0.187737 0.981525
vn -0.000000 0.191853 0.981424
vn -0.000000 0.379847 0.925049
vn 0.073008 0.371922 0.925389
vn -0.000000 0.191853 0.981424
vn -0.036917 0.187737 0.981525
vn -0.073008 0.371921 0.925389
vn -0.000000 0.379847 0.925049
vn -0.036917 0.187737 0.981525
vn -0.073442 0.175185 0.981793
vn -0.145522 0.347607 0.926279
vn -0.073008 0.371921 0.925389
vn -0.073442 0.175185 0.981793
vn -0.108648 0.153811 0.982109
vn -0.215830 0.305771 0.927320
vn -0.145522 0.347607 0.926279
vn -0.108648 0.153811 0.982109
vn -0.140748 0.123654 0.982293
vn -0.280152 0.246045 0.927888
vn -0.215830 0.305771 0.927320
vn -0.140748 0.123654 0.982293
vn -0.167135 0.085901 0.982185
vn -0.332728 0.170686 0.927447
vn -0.280152 0.246045 0.927888
vn -0.167135 0.085901 0.982185
vn -0.184679 0.043448 0.981838
vn -0.367197 0.086175 0.926143
vn -0.332728 0.170686 0.927447
vn -0.184679 0.043448 0.981838
vn -0.193172 0.010518 0.981109
vn -0.380872 0.021203 0.924385
vn -0.367197 0.086175 0.926143
vn -0.004621 -0.000647 0.999989
vn -0.004208 -0.001846 0.999990
vn 0.167134 0.085900 0.982185
vn 0.184678 0.043448 0.981838
vn -0.004208 -0.001846 0.999990
vn -0.003355 -0.002946 0.999990
vn 0.140748 0.123654 0.982293
vn 0.167134 0.085900 0.982185
vn -0.003355 -0.002946 0.999990
vn -0.002220 -0.003499 0.999991
vn 0.108648 0.153811 0.982109
vn 0.140748 0.123654 0.982293
vn -0.002220 -0.003499 0.999991
vn -0.001233 -0.003579 0.999993
vn 0.073442 0.175185 0.981793
vn 0.108648 0.153811 0.982109
vn -0.001233 -0.003579 0.999993
vn -0.000525 -0.003476 0.999994
vn 0.036917 0.187737 0.981525
vn 0.073442 0.175185 0.981793
vn -0.000525 -0.003476 0.999994
vn -0.000000 -0.003416 0.999994
vn -0.000000 0.191853 0.981424
vn 0.036917 0.187737 0.981525
vn -0.000000 -0.003416 0.999994
vn 0.000525 -0.003476 0.999994
vn -0.036917 0.187737 0.981525
vn -0.000000 0.191853 0.981424
vn 0.000525 -0.003476 0.999994
vn 0.001233 -0.003578 0.999993
vn -0.073442 0.175185 0.981793
vn -0.036917 0.187737 0.981525
vn 0.001233 -0.003578 0.999993
vn 0.002220 -0.003499 0.999991
vn -0.108648 0.153811 0.982109
vn -0.073442 0.175185 0.981793
vn 0.002220 -0.003499 0.999991
vn 0.003355 -0.002946 0.999990
vn -0.140748 0.123654 0.982293
vn -0.108648 0.153811 0.982109
vn 0.003355 -0.002946 0.999990
vn 0.004208 -0.001846 0.999989
vn -0.167135 0.085901 0.982185
vn -0.140748 0.123654 0.982293
vn 0.004208 -0.001846 0.999989
vn 0.004621 -0.000646 0.999989
vn -0.184679 0.043448 0.981838
vn -0.167135 0.085901 0.982185
vn 0.004621 -0.000646 0.999989
vn 0.001987 -0.000331 0.999998
vn -0.193172 0.010518 0.981109
vn -0.184679 0.043448 0.981838
vn 0.000000 1.000000 0.000000
vn 0.000000 1.000000 0.000000
vn 0.000000 1.000000 0.000000
vn 0.000000 1.000000 0.000000
vn 0.000000 1.000000 0.000000
vn 0.000000 1.000000 0.000000
vn 0.000000 1.000000 0.000000
vn 0.000000 1.000000 0.000000
vn 0.000000 1.000000 0.000000
vn 0.000000 1.000000 0.000000
vn 0.000000 1.000000 0.000000
vn 0.000000 1.000000 0.000000
vn 0.000000 1.000000 0.000000
vn 0.000000 1.000000 0.000000
vn 0.000000 1.000000 0.000000
vn 0.000000 1.000000 0.000000
vn 0.000000 1.000000 0.000000
vn 0.000000 1.000000 0.000000
vn 0.000000 1.000000 0.000000
vn 0.000000 1.000000 0.000000
vn 0.000000 1.000000 0.000000
vn 0.000000 1.000000 0.000000
vn 0.000000 1.000000 0.000000
vn 0.000000 1.000000 0.000000
vn 0.000000 1.000000 0.000000
vn 0.000000 1.000000 0.000000
vn 0.000000 1.000000 0.000000
vn 0.000000 1.000000 0.000000
vn 0.000000 1.000000 0.000000
vn 0.000000 1.000000 0.000000
vn 0.000000 1.000000 0.000000
vn 0.000000 1.000000 0.000000
vn 0.000000 1.000000 0.000000
vn 0.000000 1.000000 0.000000
vn 0.000000 1.000000 0.000000
vn 0.000000 1.000000 0.000000
vn 0.000000 1.000000 0.000000
vn 0.000000 1.000000 0.000000
vn 0.000000 1.000000 0.000000
vn 0.000000 1.000000 0.000000
vn 0.000000 1.000000 0.000000
vn 0.000000 1.000000 0.000000
vn 0.000000 1.000000 0.000000
vn 0.000000 1.000000 0.000000
vn 0.000000 1.000000 0.000000
vn 0.000000 1.000000 0.000000
vn 0.000000 1.000000 0.000000
vn 0.000000 1.000000 0.000000
vn 0.000000 1.000000 0.000000
vn 0.000000 1.000000 0.000000
vn 0.000000 1.000000 0.000000
vn 0.000000 1.000000 0.000000
vn 0.000000 1.000000 0.000000
vn 0.000000 1.000000 0.000000
vn 0.000000 1.000000 0.000000
vn 0.000000 1.000000 0.000000
vn 0.000000 1.000000 0.000000
vn 0.000000 1.000000 0.000000
vn 0.000000 1.000000 0.000000
vn 0.000000 1.000000 0.000000
vn 0.000000 1.000000 0.000000
vn 0.000000 1.000000 0.000000
vn 0.000000 1.000000 0.000000
vn 0.000000 1.000000 0.000000
vn 0.000000 1.000000 0.000000
vn 0.000000 1.000000 0.000000
vn 0.000000 1.000000 0.000000
vn 0.000000 1.000000 0.000000
vn 0.000000 1.000000 0.000000
vn 0.000000 1.000000 0.000000
vn 0.000000 1.000000 0.000000
vn 0.000000 1.000000 0.000000
vn 0.000000 1.000000 0.000000
vn 0.000000 1.000000 0.000000
vn 0.000000 1.000000 0.000000
vn 0.000000 1.000000 0.000000
vn 0.000000 1.000000 0.000000
vn 0.000000 1.000000 0.000000
vn 0.000000 1.000000 0.000000
vn 0.000000 1.000000 0.000000
vn 0.000000 1.000000 0.000000
vn 0.000000 1.000000 0.000000
vn 0.000000 1.000000 0.000000
vn 0.000000 1.000000 0.000000
vn 0.000000 1.000000 0.000000
vn 0.000000 1.000000 0.000000
vn 0.000000 1.000000 0.000000
vn 0.000000 1.000000 0.000000
vn 0.000000 1.000000 0.000000
vn 0.000000 1.000000 0.000000
vn 0.000000 1.000000 0.000000
vn 0.000000 1.000000 0.000000
vn 0.000000 1.000000 0.000000
vn 0.000000 1.000000 0.000000
vn 0.000000 1.000000 0.000000
vn 0.000000 1.000000 0.000000
vn 0.000000 1.000000 0.000000
vn 0.000000 1.000000 0.000000
vn 0.000000 1.000000 0.000000
vn 0.000000 1.000000 0.000000
vn 0.000000 1.000000 0.000000
vn 0.000000 1.000000 0.000000
vn 0.000000 1.000000 0.000000
vn 0.000000 1.000000 0.000000
vn 0.000000 1.000000 0.000000
vn 0.000000 1.000000 0.000000
vn 0.000000 1.000000 0.000000
vn 0.000000 1.000000 0.000000
vn 0.000000 1.000000 0.000000
vn 0.000000 1.000000 0.000000
vn 0.000000 1.000000 0.000000
vn 0.000000 1.000000 0.000000
vn 0.000000 1.000000 0.000000
vn 0.000000 1.000000 0.000000
vn 0.000000 1.000000 0.000000
vn 0.000000 1.000000 0.000000
vn 0.000000 1.000000 0.000000
vn 0.000000 1.000000 0.000000
vn 0.000000 1.000000 0.000000
vn 0.000000 1.000000 0.000000
vn 0.000000 1.000000 0.000000
vn 0.000000 1.000000 0.000000
vn 0.000000 1.000000 0.000000
vn 0.000000 1.000000 0.000000
vn 0.000000 1.000000 0.000000
vn 0.000000 1.000000 0.000000
vn 0.000000 1.000000 0.000000
vn 0.000000 1.000000 0.000000
vn 0.000000 1.000000 0.000000
vn 0.000000 1.000000 0.000000
vn 0.000000 1.000000 0.000000
vn 0.000000 1.000000 0.000000
vn 0.000000 1.000000 0.000000
vn 0.000000 1.000000 0.000000
vn 0.000000 1.000000 0.000000
vn 0.000000 1.000000 0.000000
vn -0.195089 -0.003222 -0.980780
vn -0.382681 -0.003222 -0.923875
vn -0.382682 -0.003222 -0.923875
vn -0.195089 -0.003222 -0.980780
vn 0.980785 0.000000 -0.195091
vn 1.000000 0.000000 0.000000
vn 1.000000 0.000000 0.000000
vn 0.980785 0.000000 -0.195091
vn -0.923879 0.000000 -0.382684
vn -0.831469 0.000000 -0.555570
vn -0.831469 0.000000 -0.555570
vn -0.923879 0.000000 -0.382684
vn -0.382681 -0.003222 -0.923875
vn -0.555567 -0.003222 -0.831465
vn -0.555567 -0.003222 -0.831465
vn -0.382682 -0.003222 -0.923875
vn 0.923880 0.000000 -0.382683
vn 0.980785 0.000000 -0.195091
vn 0.980785 0.000000 -0.195091
vn 0.923880 0.000000 -0.382683
vn -0.980785 0.000000 -0.195090
vn -0.923879 0.000000 -0.382684
vn -0.923879 0.000000 -0.382684
vn -0.980785 0.000000 -0.195090
vn -0.555567 -0.003222 -0.831465
vn -0.707103 -0.003222 -0.707103
vn -0.707103 -0.003222 -0.707103
vn -0.555567 -0.003222 -0.831465
vn 0.831470 0.000000 -0.555570
vn 0.923880 0.000000 -0.382683
vn 0.923880 0.000000 -0.382683
vn 0.831470 0.000000 -0.555570
vn -1.000000 0.000000 0.000000
vn -0.980785 0.000000 -0.195090
vn -0.980785 0.000000 -0.195090
vn -1.000000 0.000000 0.000000
vn -0.707103 -0.003222 -0.707103
vn -0.831465 -0.003222 -0.555568
vn -0.831465 -0.003222 -0.555568
vn -0.707103 -0.003222 -0.707103
vn 0.707107 0.000000 -0.707107
vn 0.831470 0.000000 -0.555570
vn 0.831470 0.000000 -0.555570
vn 0.707107 0.000000 -0.707107
vn -0.980785 0.000000 0.195090
vn -1.000000 0.000000 0.000000
vn -1.000000 0.000000 0.000000
vn -0.980785 0.000000 0.195090
vn -0.831465 -0.003222 -0.555568
vn -0.923875 -0.003222 -0.382681
vn -0.923875 -0.003222 -0.382681
vn -0.831465 -0.003222 -0.555568
vn 0.555570 0.000000 -0.831470
vn 0.707107 0.000000 -0.707107
vn 0.707107 0.000000 -0.707107
vn 0.555570 0.000000 -0.831470
vn -0.923879 0.000000 0.382684
vn -0.980785 0.000000 0.195090
vn -0.980785 0.000000 0.195090
vn -0.923879 0.000000 0.382684
vn -0.923875 -0.003222 -0.382681
vn -0.980780 -0.003222 -0.195089
vn -0.980780 -0.003222 -0.195089
vn -0.923875 -0.003222 -0.382681
vn 0.382683 0.000000 -0.923880
vn 0.555570 0.000000 -0.831470
vn 0.555570 0.000000 -0.831470
vn 0.382683 0.000000 -0.923880
vn -0.831469 0.000000 0.555570
vn -0.923879 0.000000 0.382684
vn -0.923879 0.000000 0.382684
vn -0.831469 0.000000 0.555570
vn -0.980780 -0.003222 -0.195089
vn -0.999995 -0.003222 0.000000
vn -0.999995 -0.003222 0.000000
vn -0.980780 -0.003222 -0.195089
vn 0.195091 0.000000 -0.980785
vn 0.382683 0.000000 -0.923880
vn 0.382683 0.000000 -0.923880
vn 0.195091 0.000000 -0.980785
vn -0.707107 0.000000 0.707107
vn -0.831469 0.000000 0.555570
vn -0.831469 0.000000 0.555570
vn -0.707107 0.000000 0.707107
vn -0.999995 -0.003222 0.000000
vn -0.980780 -0.003222 0.195089
vn -0.980780 -0.003222 0.195089
vn -0.999995 -0.003222 0.000000
vn -0.000000 0.000000 -1.000000
vn 0.195091 0.000000 -0.980785
vn 0.195091 0.000000 -0.980785
vn -0.000000 0.000000 -1.000000
vn -0.555570 0.000000 0.831470
vn -0.707107 0.000000 0.707107
vn -0.707107 0.000000 0.707107
vn -0.555570 0.000000 0.831470
vn -0.980780 -0.003222 0.195089
vn -0.923875 -0.003222 0.382681
vn -0.923875 -0.003222 0.382681
vn -0.980780 -0.003222 0.195089
vn -0.382683 0.000000 0.923880
vn -0.555570 0.000000 0.831470
vn -0.555570 0.000000 0.831470
vn -0.382683 0.000000 0.923880
vn -0.923875 -0.003222 0.382681
vn -0.831465 -0.003222 0.555568
vn -0.831465 -0.003222 0.555568
vn -0.923875 -0.003222 0.382681
vn -0.195091 0.000000 0.980785
vn -0.382683 0.000000 0.923880
vn -0.382683 0.000000 0.923880
vn -0.195091 0.000000 0.980785
vn -0.831465 -0.003222 0.555568
vn -0.707103 -0.003222 0.707103
vn -0.707103 -0.003222 0.707103
vn -0.831465 -0.003222 0.555568
vn 0.000000 0.000000 1.000000
vn -0.195091 0.000000 0.980785
vn -0.195091 0.000000 0.980785
vn 0.000000 0.000000 1.000000
vn -0.707103 -0.003222 0.707103
vn -0.555567 -0.003222 0.831465
vn -0.555567 -0.003222 0.831465
vn -0.707103 -0.003222 0.707103
vn 0.195090 0.000000 0.980785
vn 0.000000 0.000000 1.000000
vn 0.000000 0.000000 1.000000
vn 0.195090 0.000000 0.980785
vn -0.555567 -0.003222 0.831465
vn -0.382681 -0.003222 0.923875
vn -0.382682 -0.003222 0.923875
vn -0.555567 -0.003222 0.831465
vn 0.382683 0.000000 0.923880
vn 0.195090 0.000000 0.980785
vn 0.195090 0.000000 0.980785
vn 0.382683 0.000000 0.923880
vn -0.382681 -0.003222 0.923875
vn -0.195089 -0.003222 0.980780
vn -0.195089 -0.003222 0.980780
vn -0.382682 -0.003222 0.923875
vn 0.555570 0.000000 0.831470
vn 0.382683 0.000000 0.923880
vn 0.382683 0.000000 0.923880
vn 0.555570 0.000000 0.831470
vn -0.195089 -0.003222 0.980780
vn -0.000000 -0.003222 0.999995
vn -0.000000 -0.003222 0.999995
vn -0.195089 -0.003222 0.980780
vn 0.707107 0.000000 0.707107
vn 0.555570 0.000000 0.831470
vn 0.555570 0.000000 0.831470
vn 0.707107 0.000000 0.707107
vn -0.000000 -0.003222 0.999995
vn 0.195089 -0.003222 0.980780
vn 0.195089 -0.003222 0.980780
vn -0.000000 -0.003222 0.999995
vn 0.831470 0.000000 0.555570
vn 0.707107 0.000000 0.707107
vn 0.707107 0.000000 0.707107
vn 0.831470 0.000000 0.555570
vn 0.195089 -0.003222 0.980780
vn 0.382682 -0.003222 0.923875
vn 0.382682 -0.003222 0.923875
vn 0.195089 -0.003222 0.980780
vn 0.923880 0.000000 0.382683
vn 0.831470 0.000000 0.555570
vn 0.831470 0.000000 0.555570
vn 0.923880 0.000000 0.382683
vn 0.382682 -0.003222 0.923875
vn 0.555567 -0.003222 0.831465
vn 0.555567 -0.003222 0.831465
vn 0.382682 -0.003222 0.923875
vn 0.980785 0.000000 0.195090
vn 0.923880 0.000000 0.382683
vn 0.923880 0.000000 0.382683
vn 0.980785 0.000000 0.195090
vn 0.555567 -0.003222 0.831465
vn 0.707103 -0.003222 0.707103
vn 0.707103 -0.003222 0.707103
vn 0.555567 -0.003222 0.831465
vn 1.000000 0.000000 0.000000
vn 0.980785 0.000000 0.195090
vn 0.980785 0.000000 0.195090
vn 1.000000 0.000000 0.000000
vn 0.707103 -0.003222 0.707103
vn 0.831465 -0.003222 0.555568
vn 0.831465 -0.003222 0.555568
vn 0.707103 -0.003222 0.707103
vn 0.980785 0.000000 -0.195090
vn 1.000000 0.000000 0.000000
vn 1.000000 0.000000 0.000000
vn 0.980785 0.000000 -0.195090
vn 0.831465 -0.003222 0.555568
vn 0.923875 -0.003222 0.382681
vn 0.923875 -0.003222 0.382681
vn 0.831465 -0.003222 0.555568
vn 0.923880 0.000000 -0.382683
vn 0.980785 0.000000 -0.195090
vn 0.980785 0.000000 -0.195090
vn 0.923880 0.000000 -0.382683
vn 0.923875 -0.003222 0.382681
vn 0.980780 -0.003222 0.195088
vn 0.980780 -0.003222 0.195088
vn 0.923875 -0.003222 0.382681
vn 0.831470 0.000000 -0.555570
vn 0.923880 0.000000 -0.382683
vn 0.923880 0.000000 -0.382683
vn 0.831470 0.000000 -0.555570
vn 0.980780 -0.003222 0.195088
vn 0.999995 -0.003222 0.000000
vn 0.999995 -0.003222 0.000000
vn 0.980780 -0.003222 0.195088
vn 0.707107 0.000000 -0.707107
vn 0.831470 0.000000 -0.555570
vn 0.831470 0.000000 -0.555570
vn 0.707107 0.000000 -0.707107
vn 0.999995 -0.003222 0.000000
vn 0.980780 -0.003222 -0.195088
vn 0.980780 -0.003222 -0.195088
vn 0.999995 -0.003222 0.000000
vn 0.555570 0.000000 -0.831470
vn 0.707107 0.000000 -0.707107
vn 0.707107 0.000000 -0.707107
vn 0.555570 0.000000 -0.831470
vn 0.980780 -0.003222 -0.195088
vn 0.923875 -0.003222 -0.382681
vn 0.923875 -0.003222 -0.382681
vn 0.980780 -0.003222 -0.195088
vn 0.382683 0.000000 -0.923880
vn 0.555570 0.000000 -0.831470
vn 0.555570 0.000000 -0.831470
vn 0.382683 0.000000 -0.923880
vn 0.923875 -0.003222 -0.382681
vn 0.831465 -0.003222 -0.555568
vn 0.831465 -0.003222 -0.555568
vn 0.923875 -0.003222 -0.382681
vn 0.195090 0.000000 -0.980785
vn 0.382683 0.000000 -0.923880
vn 0.382683 0.000000 -0.923880
vn 0.195090 0.000000 -0.980785
vn 0.831465 -0.003222 -0.555568
vn 0.707103 -0.003222 -0.707103
vn 0.707103 -0.003222 -0.707103
vn 0.831465 -0.003222 -0.555568
vn 0.000000 0.000000 -1.000000
vn 0.195090 0.000000 -0.980785
vn 0.195090 0.000000 -0.980785
vn 0.000000 0.000000 -1.000000
vn 0.707103 -0.003222 -0.707103
vn 0.555567 -0.003222 -0.831465
vn 0.555567 -0.003222 -0.831465
vn 0.707103 -0.003222 -0.707103
vn -0.195090 0.000000 -0.980785
vn -0.000000 0.000000 -1.000000
vn -0.000000 0.000000 -1.000000
vn -0.195090 0.000000 -0.980785
vn 0.000000 1.000000 0.000000
vn 0.000000 1.000000 0.000000
vn 0.000000 1.000000 0.000000
vn 0.000000 1.000000 0.000000
vn 0.000000 1.000000 0.000000
vn 0.000000 1.000000 0.000000
vn 0.000000 1.000000 0.000000
vn 0.000000 1.000000 0.000000
vn 0.000000 1.000000 0.000000
vn 0.000000 1.000000 0.000000
vn 0.000000 1.000000 0.000000
vn 0.000000 1.000000 0.000000
vn 0.000000 1.000000 0.000000
vn 0.000000 1.000000 0.000000
vn 0.000000 1.000000 0.000000
vn 0.000000 1.000000 0.000000
vn 0.000000 1.000000 0.000000
vn 0.000000 1.000000 0.000000
vn 0.000000 1.000000 0.000000
vn 0.000000 1.000000 0.000000
vn 0.000000 1.000000 0.000000
vn 0.000000 1.000000 0.000000
vn 0.000000 1.000000 0.000000
vn 0.000000 1.000000 0.000000
vn 0.000000 1.000000 0.000000
vn 0.000000 1.000000 0.000000
vn 0.000000 1.000000 0.000000
vn 0.000000 1.000000 0.000000
vn 0.000000 1.000000 0.000000
vn 0.000000 1.000000 0.000000
vn 0.000000 1.000000 0.000000
vn 0.000000 1.000000 0.000000
vn 0.000000 1.000000 0.000000
vn 0.000000 1.000000 0.000000
vn 0.000000 1.000000 0.000000
vn 0.000000 1.000000 0.000000
vn 0.000000 1.000000 0.000000
vn 0.000000 1.000000 0.000000
vn 0.000000 1.000000 0.000000
vn 0.000000 1.000000 0.000000
vn 0.000000 1.000000 0.000000
vn 0.000000 1.000000 0.000000
vn 0.000000 1.000000 0.000000
vn 0.000000 1.000000 0.000000
vn 0.000000 1.000000 0.000000
vn 0.000000 1.000000 0.000000
vn 0.000000 1.000000 0.000000
vn 0.000000 1.000000 0.000000
vn 0.000000 1.000000 0.000000
vn 0.000000 1.000000 0.000000
vn 0.000000 1.000000 0.000000
vn 0.000000 1.000000 0.000000
vn 0.000000 1.000000 0.000000
vn 0.000000 1.000000 0.000000
vn 0.000000 1.000000 0.000000
vn 0.000000 1.000000 0.000000
vn 0.000000 1.000000 0.000000
vn 0.000000 1.000000 0.000000
vn 0.000000 1.000000 0.000000
vn 0.000000 1.000000 0.000000
vn 0.000000 1.000000 0.000000
vn 0.000000 1.000000 0.000000
vn 0.000000 1.000000 0.000000
vn 0.000000 1.000000 0.000000
vn 0.000000 1.000000 0.000000
vn 0.000000 1.000000 0.000000
vn 0.000000 1.000000 0.000000
vn 0.000000 1.000000 0.000000
vn 0.000000 1.000000 0.000000
vn 0.000000 1.000000 0.000000
vn 0.000000 1.000000 0.000000
vn 0.000000 1.000000 0.000000
vn 0.000000 1.000000 0.000000
vn 0.000000 1.000000 0.000000
vn 0.000000 1.000000 0.000000
vn 0.000000 1.000000 0.000000
vn 0.000000 1.000000 0.000000
vn 0.000000 1.000000 0.000000
vn 0.000000 1.000000 0.000000
vn 0.000000 1.000000 0.000000
vn 0.000000 1.000000 0.000000
vn 0.000000 1.000000 0.000000
vn 0.000000 1.000000 0.000000
vn 0.000000 1.000000 0.000000
vn 0.000000 1.000000 0.000000
vn 0.000000 1.000000 0.000000
vn 0.000000 1.000000 0.000000
vn 0.000000 1.000000 0.000000
vn 0.000000 1.000000 0.000000
vn 0.000000 1.000000 0.000000
vn 0.000000 1.000000 0.000000
vn 0.000000 1.000000 0.000000
vn 0.000000 1.000000 0.000000
vn 0.000000 1.000000 0.000000
vn 0.000000 1.000000 0.000000
vn 0.000000 1.000000 0.000000
vn 0.000000 1.000000 0.000000
vn 0.000000 1.000000 0.000000
vn 0.000000 1.000000 0.000000
vn 0.000000 1.000000 0.000000
vn 0.000000 1.000000 0.000000
vn 0.000000 1.000000 0.000000
vn 0.000000 1.000000 0.000000
vn 0.000000 1.000000 0.000000
vn 0.000000 1.000000 0.000000
vn 0.000000 1.000000 0.000000
vn 0.000000 1.000000 0.000000
vn 0.000000 1.000000 0.000000
vn 0.000000 1.000000 0.000000
vn 0.000000 1.000000 0.000000
vn 0.000000 1.000000 0.000000
vn 0.000000 1.000000 0.000000
vn 0.000000 1.000000 0.000000
vn 0.000000 1.000000 0.000000
vn 0.000000 1.000000 0.000000
vn 0.000000 1.000000 0.000000
vn 0.000000 1.000000 0.000000
vn 0.000000 1.000000 0.000000
vn 0.000000 1.000000 0.000000
vn 0.000000 1.000000 0.000000
vn -0.000000 -1.000000 0.000000
vn -0.000000 -1.000000 0.000000
vn -0.000000 -1.000000 0.000000
vn -0.000000 -1.000000 0.000000
vn -0.000000 -1.000000 0.000000
vn 0.000000 -1.000000 0.000000
vn 0.000000 -1.000000 0.000000
vn -0.000000 -1.000000 0.000000
vn 0.000000 -1.000000 0.000000
vn 0.000000 -1.000000 0.000000
vn 0.000000 -1.000000 0.000000
vn 0.000000 -1.000000 0.000000
vn 0.000000 -1.000000 0.000000
vn -0.000000 -1.000000 0.000000
vn -0.000000 -1.000000 0.000000
vn 0.000000 -1.000000 0.000000
vn -0.000000 -1.000000 0.000000
vn 0.000000 -1.000000 0.000000
vn 0.000000 -1.000000 0.000000
vn -0.000000 -1.000000 0.000000
vn 0.000000 -1.000000 0.000000
vn 0.000000 -1.000000 0.000000
vn 0.000000 -1.000000 0.000000
vn 0.000000 -1.000000 0.000000
vn 0.000000 -1.000000 0.000000
vn 0.000000 -1.000000 0.000000
vn 0.000000 -1.000000 0.000000
vn 0.000000 -1.000000 0.000000
vn 0.000000 -1.000000 0.000000
vn 0.000000 -1.000000 0.000000
vn 0.000000 -1.000000 0.000000
vn 0.000000 -1.000000 0.000000
vn 0.000000 -1.000000 0.000000
vn 0.000000 -1.000000 0.000000
vn 0.000000 -1.000000 0.000000
vn 0.000000 -1.000000 0.000000
vn 0.000000 -1.000000 0.000000
vn 0.000000 -1.000000 0.000000
vn 0.000000 -1.000000 0.000000
vn 0.000000 -1.000000 0.000000
vn 0.000000 -1.000000 0.000000
vn 0.000000 -1.000000 0.000000
vn 0.000000 -1.000000 0.000000
vn 0.000000 -1.000000 0.000000
vn 0.000000 -1.000000 0.000000
vn -0.000000 -1.000000 0.000000
vn -0.000000 -1.000000 0.000000
vn 0.000000 -1.000000 0.000000
vn -0.000000 -1.000000 0.000000
vn 0.000000 -1.000000 0.000000
vn 0.000000 -1.000000 0.000000
vn -0.000000 -1.000000 0.000000
vn 0.000000 -1.000000 0.000000
vn 0.000000 -1.000000 0.000000
vn 0.000000 -1.000000 0.000000
vn 0.000000 -1.000000 0.000000
vn 0.000000 -1.000000 0.000000
vn -0.000000 -1.000000 0.000000
vn -0.000000 -1.000000 0.000000
vn 0.000000 -1.000000 0.000000
vn -0.000000 -1.000000 0.000000
vn -0.000000 -1.000000 0.000000
vn -0.000000 -1.000000 0.000000
vn -0.000000 -1.000000 0.000000
vn -0.000000 -1.000000 0.000000
vn 0.000000 -1.000000 0.000000
vn 0.000000 -1.000000 0.000000
vn -0.000000 -1.000000 0.000000
vn 0.000000 -1.000000 0.000000
vn -0.000000 -1.000000 0.000000
vn -0.000000 -1.000000 0.000000
vn 0.000000 -1.000000 0.000000
vn -0.000000 -1.000000 0.000000
vn -0.000000 -1.000000 0.000000
vn -0.000000 -1.000000 0.000000
vn -0.000000 -1.000000 0.000000
vn -0.000000 -1.000000 0.000000
vn -0.000000 -1.000000 0.000000
vn -0.000000 -1.000000 0.000000
vn -0.000000 -1.000000 0.000000
vn -0.000000 -1.000000 0.000000
vn -0.000000 -1.000000 0.000000
vn -0.000000 -1.000000 0.000000
vn -0.000000 -1.000000 0.000000
vn -0.000000 -1.000000 0.000000
vn -0.000000 -1.000000 0.000000
vn -0.000000 -1.000000 0.000000
vn -0.000000 -1.000000 0.000000
vn -0.000000 -1.000000 0.000000
vn -0.000000 -1.000000 0.000000
vn -0.000000 -1.000000 0.000000
vn -0.000000 -1.000000 0.000000
vn -0.000000 -1.000000 0.000000
vn 0.000000 -1.000000 0.000000
vn 0.000000 -1.000000 0.000000
vn -0.000000 -1.000000 0.000000
vn 0.000000 -1.000000 0.000000
vn -0.000000 -1.000000 0.000000
vn -0.000000 -1.000000 0.000000
vn 0.000000 -1.000000 0.000000
vn -0.000000 -1.000000 0.000000
vn -0.000000 -1.000000 0.000000
vn -0.000000 -1.000000 0.000000
vn -0.000000 -1.000000 0.000000
vn -0.000000 -1.000000 0.000000
vn 0.000000 -1.000000 0.000000
vn 0.000000 -1.000000 0.000000
vn -0.000000 -1.000000 0.000000
vn 0.000000 -1.000000 0.000000
vn 0.000000 -1.000000 0.000000
vn 0.000000 -1.000000 0.000000
vn 0.000000 -1.000000 0.000000
vn 0.000000 -1.000000 0.000000
vn -0.000000 -1.000000 0.000000
vn -0.000000 -1.000000 0.000000
vn 0.000000 -1.000000 0.000000
vn -0.000000 -1.000000 0.000000
vn -0.000000 -1.000000 0.000000
vn -0.000000 -1.000000 0.000000
vn -0.000000 -1.000000 0.000000
vn -0.000000 -1.000000 0.000000
vn 0.000000 -1.000000 0.000000
vn 0.000000 -1.000000 0.000000
vn -0.000000 -1.000000 0.000000
vn 0.000000 -1.000000 0.000000
vn -0.000000 -1.000000 0.000000
vn -0.000000 -1.000000 0.000000
vn 0.000000 -1.000000 0.000000
vn -0.000000 -1.000000 0.000000
vn -0.000000 -1.000000 0.000000
vn -0.000000 -1.000000 0.000000
vn -0.000000 -1.000000 0.000000
vn -0.000000 -1.000000 0.000000
vn 0.000000 -1.000000 0.000000
vn 0.000000 -1.000000 0.000000
vn -0.000000 -1.000000 0.000000
vn 0.000000 -1.000000 0.000000
vn 0.000000 -1.000000 0.000000
vn 0.000000 -1.000000 0.000000
vn 0.000000 -1.000000 0.000000
vn 0.000000 -1.000000 0.000000
vn 0.000000 -1.000000 0.000000
vn 0.000000 -1.000000 0.000000
vn 0.000000 -1.000000 0.000000
vn 0.000000 -1.000000 0.000000
vn 0.000000 -1.000000 0.000000
vn 0.000000 -1.000000 0.000000
vn 0.000000 -1.000000 0.000000
vn 0.000000 -1.000000 0.000000
vn 0.000000 -1.000000 0.000000
vn 0.000000 -1.000000 0.000000
vn 0.000000 -1.000000 0.000000
vn 0.000000 -1.000000 0.000000
vn 0.000000 -1.000000 0.000000
vn 0.000000 -1.000000 0.000000
vn 0.000000 -1.000000 0.000000
vn 0.000000 -1.000000 0.000000
vn 0.000000 -1.000000 0.000000
vn 0.000000 -1.000000 0.000000
vn 0.000000 -1.000000 0.000000
vn 0.000000 -1.000000 0.000000
vn 0.000000 -1.000000 0.000000
vn 0.000000 -1.000000 0.000000
vn 0.000000 -1.000000 0.000000
vn 0.000000 -1.000000 0.000000
vn 0.000000 -1.000000 0.000000
vn 0.000000 -1.000000 0.000000
vn 0.000000 -1.000000 0.000000
vn 0.000000 -1.000000 0.000000
vn -0.000000 -1.000000 0.000000
vn -0.000000 -1.000000 0.000000
vn 0.000000 -1.000000 0.000000
vn -0.000000 -1.000000 0.000000
vn -0.000000 -1.000000 0.000000
vn -0.000000 -1.000000 0.000000
vn -0.000000 -1.000000 0.000000
vn -0.000000 -1.000000 0.000000
vn 0.000000 -1.000000 0.000000
vn 0.000000 -1.000000 0.000000
vn -0.000000 -1.000000 0.000000
vn 0.000000 -1.000000 0.000000
vn 0.000000 -1.000000 0.000000
vn 0.000000 -1.000000 0.000000
vn 0.000000 -1.000000 0.000000
vn 0.000000 -1.000000 0.000000
vn -0.000000 -1.000000 0.000000
vn -0.000000 -1.000000 0.000000
vn 0.000000 -1.000000 0.000000
vn -0.000000 -1.000000 0.000000
vn -0.000000 -1.000000 0.000000
vn -0.000000 -1.000000 0.000000
vn -0.000000 -1.000000 0.000000
vn -0.000000 -1.000000 0.000000
vn 0.000000 -1.000000 0.000000
vn 0.000000 -1.000000 0.000000
vn -0.000000 -1.000000 0.000000
vn 0.000000 -1.000000 0.000000
vn -0.000000 -1.000000 0.000000
vn -0.000000 -1.000000 0.000000
vn 0.000000 -1.000000 0.000000
vn -0.000000 -1.000000 0.000000
vn -0.000000 -1.000000 0.000000
vn -0.000000 -1.000000 0.000000
vn -0.000000 -1.000000 0.000000
vn -0.000000 -1.000000 0.000000
vn -0.000000 -1.000000 0.000000
vn -0.000000 -1.000000 0.000000
vn -0.000000 -1.000000 0.000000
vn -0.000000 -1.000000 0.000000
vn -0.000000 -1.000000 0.000000
vn -0.000000 -1.000000 0.000000
vn -0.000000 -1.000000 0.000000
vn -0.000000 -1.000000 0.000000
vn -0.000000 -1.000000 0.000000
vn -0.000000 -1.000000 0.000000
vn -0.000000 -1.000000 0.000000
vn -0.000000 -1.000000 0.000000
vn -0.000000 -1.000000 0.000000
vn -0.000000 -1.000000 0.000000
vn -0.000000 -1.000000 0.000000
vn -0.000000 -1.000000 0.000000
vn 0.000000 -1.000000 0.000000
vn 0.000000 -1.000000 0.000000
vn -0.000000 -1.000000 0.000000
vn 0.000000 -1.000000 0.000000
vn -0.000000 -1.000000 0.000000
vn -0.000000 -1.000000 0.000000
vn 0.000000 -1.000000 0.000000
vn -0.000000 -1.000000 0.000000
vn -0.000000 -1.000000 0.000000
vn -0.000000 -1.000000 0.000000
vn -0.000000 -1.000000 0.000000
vn -0.000000 -1.000000 0.000000
vn 0.000000 -1.000000 0.000000
vn 0.000000 -1.000000 0.000000
vn -0.000000 -1.000000 0.000000
vn 0.000000 -1.000000 0.000000
vn 0.000000 -1.000000 0.000000
vn 0.000000 -1.000000 0.000000
vn 0.000000 -1.000000 0.000000
vn 0.000000 -1.000000 0.000000
vn -0.000000 -1.000000 0.000000
vn -0.000000 -1.000000 0.000000
vn 0.000000 -1.000000 0.000000
vn -0.000000 -1.000000 0.000000
vn -0.000000 -1.000000 0.000000
vn -0.000000 -1.000000 0.000000
vn -0.000000 -1.000000 0.000000
vn -0.000000 -1.000000 0.000000
vn 0.000000 -1.000000 0.000000
vn 0.000000 -1.000000 0.000000
vn -0.000000 -1.000000 0.000000
vn 0.000000 -1.000000 0.000000
vn -0.000000 -1.000000 0.000000
vn -0.000000 -1.000000 0.000000
vn 0.000000 -1.000000 0.000000
vn -0.831469 0.000000 -0.555570
vn -0.707107 0.000000 -0.707107
vn -0.707107 0.000000 -0.707107
vn -0.831469 0.000000 -0.555570
vn 1.000000 0.000000 0.000000
vn 0.980785 0.000000 0.195091
vn 0.980785 0.000000 0.195091
vn 1.000000 0.000000 0.000000
vn -0.000000 -0.003222 -0.999995
vn -0.195089 -0.003222 -0.980780
vn -0.195089 -0.003222 -0.980780
vn -0.000000 -0.003222 -0.999995
vn -0.707107 0.000000 -0.707107
vn -0.555570 0.000000 -0.831470
vn -0.555570 0.000000 -0.831470
vn -0.707107 0.000000 -0.707107
vn 0.980785 0.000000 0.195091
vn 0.923880 0.000000 0.382683
vn 0.923880 0.000000 0.382683
vn 0.980785 0.000000 0.195091
vn 0.195089 -0.003222 -0.980780
vn -0.000000 -0.003222 -0.999995
vn -0.000000 -0.003222 -0.999995
vn 0.195089 -0.003222 -0.980780
vn -0.555570 0.000000 -0.831470
vn -0.382683 0.000000 -0.923880
vn -0.382683 0.000000 -0.923880
vn -0.555570 0.000000 -0.831470
vn 0.923880 0.000000 0.382683
vn 0.831470 0.000000 0.555570
vn 0.831470 0.000000 0.555570
vn 0.923880 0.000000 0.382683
vn 0.382682 -0.003222 -0.923875
vn 0.195089 -0.003222 -0.980780
vn 0.195089 -0.003222 -0.980780
vn 0.382682 -0.003222 -0.923875
vn -0.382683 0.000000 -0.923880
vn -0.195091 0.000000 -0.980785
vn -0.195091 0.000000 -0.980785
vn -0.382683 0.000000 -0.923880
vn 0.831470 0.000000 0.555570
vn 0.707107 0.000000 0.707107
vn 0.707107 0.000000 0.707107
vn 0.831470 0.000000 0.555570
vn 0.555567 -0.003222 -0.831465
vn 0.382682 -0.003222 -0.923875
vn 0.382682 -0.003222 -0.923875
vn 0.555567 -0.003222 -0.831465
vn -0.195091 0.000000 -0.980785
vn 0.000000 0.000000 -1.000000
vn 0.000000 0.000000 -1.000000
vn -0.195091 0.000000 -0.980785
vn 0.707107 0.000000 0.707107
vn 0.555570 0.000000 0.831470
vn 0.555570 0.000000 0.831470
vn 0.707107 0.000000 0.707107
vn 0.707103 -0.003222 -0.707103
vn 0.555567 -0.003222 -0.831465
vn 0.555567 -0.003222 -0.831465
vn 0.707103 -0.003222 -0.707103
vn -0.195089 -0.003222 0.980780
vn -0.000000 -0.003222 0.999995
vn -0.000000 -0.003222 0.999995
vn -0.195089 -0.003222 0.980780
vn 0.555570 0.000000 0.831470
vn 0.382683 0.000000 0.923880
vn 0.382683 0.000000 0.923880
vn 0.555570 0.000000 0.831470
vn 0.831465 -0.003222 -0.555567
vn 0.707103 -0.003222 -0.707103
vn 0.707103 -0.003222 -0.707103
vn 0.831465 -0.003222 -0.555567
vn -0.382681 -0.003222 0.923875
vn -0.195089 -0.003222 0.980780
vn -0.195089 -0.003222 0.980780
vn -0.382681 -0.003222 0.923875
vn 0.382683 0.000000 0.923880
vn 0.195091 0.000000 0.980785
vn 0.195091 0.000000 0.980785
vn 0.382683 0.000000 0.923880
vn 0.923874 -0.003222 -0.382682
vn 0.831465 -0.003222 -0.555567
vn 0.831465 -0.003222 -0.555567
vn 0.923874 -0.003222 -0.382682
vn -0.555567 -0.003222 0.831465
vn -0.382681 -0.003222 0.923875
vn -0.382681 -0.003222 0.923875
vn -0.555567 -0.003222 0.831465
vn 0.195091 0.000000 0.980785
vn -0.000000 0.000000 1.000000
vn -0.000000 0.000000 1.000000
vn 0.195091 0.000000 0.980785
vn 0.980780 -0.003222 -0.195090
vn 0.923874 -0.003222 -0.382682
vn 0.923874 -0.003222 -0.382682
vn 0.980780 -0.003222 -0.195089
vn -0.707103 -0.003222 0.707103
vn -0.555567 -0.003222 0.831465
vn -0.555567 -0.003222 0.831465
vn -0.707103 -0.003222 0.707103
vn -0.000000 0.000000 1.000000
vn -0.195090 0.000000 0.980785
vn -0.195090 0.000000 0.980785
vn -0.000000 0.000000 1.000000
vn 0.999995 -0.003222 0.000000
vn 0.980780 -0.003222 -0.195090
vn 0.980780 -0.003222 -0.195089
vn 0.999995 -0.003222 0.000000
vn -0.831465 -0.003222 0.555567
vn -0.707103 -0.003222 0.707103
vn -0.707103 -0.003222 0.707103
vn -0.831465 -0.003222 0.555567
vn -0.195090 0.000000 0.980785
vn -0.382683 0.000000 0.923880
vn -0.382683 0.000000 0.923880
vn -0.195090 0.000000 0.980785
vn 0.980780 -0.003222 0.195090
vn 0.999995 -0.003222 0.000000
vn 0.999995 -0.003222 0.000000
vn 0.980780 -0.003222 0.195089
vn -0.923875 -0.003222 0.382681
vn -0.831465 -0.003222 0.555567
vn -0.831465 -0.003222 0.555567
vn -0.923875 -0.003222 0.382681
vn -0.382683 0.000000 0.923880
vn -0.555570 0.000000 0.831470
vn -0.555570 0.000000 0.831470
vn -0.382683 0.000000 0.923880
vn 0.923874 -0.003222 0.382682
vn 0.980780 -0.003222 0.195090
vn 0.980780 -0.003222 0.195089
vn 0.923874 -0.003222 0.382682
vn -0.980780 -0.003222 0.195090
vn -0.923875 -0.003222 0.382681
vn -0.923875 -0.003222 0.382681
vn -0.980780 -0.003222 0.195090
vn -0.555570 0.000000 0.831470
vn -0.707107 0.000000 0.707107
vn -0.707107 0.000000 0.707107
vn -0.555570 0.000000 0.831470
vn 0.831465 -0.003222 0.555567
vn 0.923874 -0.003222 0.382682
vn 0.923874 -0.003222 0.382682
vn 0.831465 -0.003222 0.555567
vn -0.999995 -0.003222 0.000000
vn -0.980780 -0.003222 0.195090
vn -0.980780 -0.003222 0.195090
vn -0.999995 -0.003222 0.000000
vn -0.707107 0.000000 0.707107
vn -0.831469 0.000000 0.555571
vn -0.831469 0.000000 0.555571
vn -0.707107 0.000000 0.707107
vn 0.707103 -0.003222 0.707103
vn 0.831465 -0.003222 0.555567
vn 0.831465 -0.003222 0.555567
vn 0.707103 -0.003222 0.707103
vn -0.980780 -0.003222 -0.195090
vn -0.999995 -0.003222 0.000000
vn -0.999995 -0.003222 0.000000
vn -0.980780 -0.003222 -0.195090
vn -0.831469 0.000000 0.555571
vn -0.923879 0.000000 0.382684
vn -0.923879 0.000000 0.382684
vn -0.831469 0.000000 0.555571
vn 0.555567 -0.003222 0.831465
vn 0.707103 -0.003222 0.707103
vn 0.707103 -0.003222 0.707103
vn 0.555567 -0.003222 0.831465
vn -0.923875 -0.003222 -0.382681
vn -0.980780 -0.003222 -0.195090
vn -0.980780 -0.003222 -0.195090
vn -0.923875 -0.003222 -0.382681
vn -0.923879 0.000000 0.382684
vn -0.980785 0.000000 0.195089
vn -0.980785 0.000000 0.195089
vn -0.923879 0.000000 0.382684
vn 0.382682 -0.003222 0.923875
vn 0.555567 -0.003222 0.831465
vn 0.555567 -0.003222 0.831465
vn 0.382682 -0.003222 0.923875
vn -0.831465 -0.003222 -0.555567
vn -0.923875 -0.003222 -0.382681
vn -0.923875 -0.003222 -0.382681
vn -0.831465 -0.003222 -0.555567
vn -0.980785 0.000000 0.195089
vn -1.000000 0.000000 0.000000
vn -1.000000 0.000000 0.000000
vn -0.980785 0.000000 0.195089
vn 0.195089 -0.003222 0.980780
vn 0.382682 -0.003222 0.923875
vn 0.382682 -0.003222 0.923875
vn 0.195089 -0.003222 0.980780
vn -0.707103 -0.003222 -0.707103
vn -0.831465 -0.003222 -0.555567
vn -0.831465 -0.003222 -0.555567
vn -0.707103 -0.003222 -0.707103
vn -1.000000 0.000000 0.000000
vn -0.980785 0.000000 -0.195089
vn -0.980785 0.000000 -0.195089
vn -1.000000 0.000000 0.000000
vn -0.000000 -0.003222 0.999995
vn 0.195089 -0.003222 0.980780
vn 0.195089 -0.003222 0.980780
vn -0.000000 -0.003222 0.999995
vn -0.555567 -0.003222 -0.831465
vn -0.707103 -0.003222 -0.707103
vn -0.707103 -0.003222 -0.707103
vn -0.555567 -0.003222 -0.831465
vn -0.980785 0.000000 -0.195089
vn -0.923879 0.000000 -0.382684
vn -0.923879 0.000000 -0.382684
vn -0.980785 0.000000 -0.195089
vn -0.382681 -0.003222 -0.923875
vn -0.555567 -0.003222 -0.831465
vn -0.555567 -0.003222 -0.831465
vn -0.382681 -0.003222 -0.923875
vn -0.923879 0.000000 -0.382684
vn -0.831469 0.000000 -0.555571
vn -0.831469 0.000000 -0.555571
vn -0.923879 0.000000 -0.382684
vn -0.195089 -0.003222 -0.980780
vn -0.382681 -0.003222 -0.923875
vn -0.382681 -0.003222 -0.923875
vn -0.195089 -0.003222 -0.980780
vn -0.831469 0.000000 -0.555571
vn -0.707107 0.000000 -0.707107
vn -0.707107 0.000000 -0.707107
vn -0.831469 0.000000 -0.555571
vn -0.000000 -0.003222 -0.999995
vn -0.195089 -0.003222 -0.980780
vn -0.195089 -0.003222 -0.980780
vn -0.000000 -0.003222 -0.999995
vn -0.707107 0.000000 -0.707107
vn -0.555570 0.000000 -0.831470
vn -0.555570 0.000000 -0.831470
vn -0.707107 0.000000 -0.707107
vn 0.195089 -0.003222 -0.980780
vn -0.000000 -0.003222 -0.999995
vn -0.000000 -0.003222 -0.999995
vn 0.195089 -0.003222 -0.980780
vn -0.555570 0.000000 -0.831470
vn -0.382683 0.000000 -0.923880
vn -0.382683 0.000000 -0.923880
vn -0.555570 0.000000 -0.831470
vn 0.382682 -0.003222 -0.923875
vn 0.195089 -0.003222 -0.980780
vn 0.195089 -0.003222 -0.980780
vn 0.382682 -0.003222 -0.923875
vn -0.382683 0.000000 -0.923880
vn -0.195090 0.000000 -0.980785
vn -0.195090 0.000000 -0.980785
vn -0.382683 0.000000 -0.923880
vn 0.555567 -0.003222 -0.831465
vn 0.382682 -0.003222 -0.923875
vn 0.382682 -0.003222 -0.923875
vn 0.555567 -0.003222 -0.831465
s off
g UPipe
usemtl Pipe_2SG
f 1/545/1 2/511/2 4/505/3 3/543/4
f 3/543/5 4/505/6 6/496/7 5/541/8
f 5/541/9 6/496/10 8/490/11 7/539/12
f 7/539/13 8/490/14 10/484/15 9/537/16
f 9/537/17 10/484/18 12/475/19 11/535/20
f 11/535/21 12/475/22 14/464/23 13/533/24
f 13/533/25 14/464/26 16/457/27 15/531/28
f 15/531/29 16/457/30 18/455/31 17/529/32
f 17/529/33 18/455/34 20/459/35 19/530/36
f 19/530/37 20/459/38 22/467/39 21/532/40
f 21/532/41 22/467/42 24/478/43 23/534/44
f 23/534/45 24/478/46 26/487/47 25/536/48
f 25/536/49 26/487/50 28/493/51 27/538/52
f 27/538/53 28/493/54 30/499/55 29/540/56
f 29/540/57 30/499/58 32/508/59 31/542/60
f 31/542/61 32/508/62 34/512/63 33/544/64
f 33/544/65 34/512/66 36/514/67 35/546/68
f 35/546/69 36/514/70 38/516/71 37/548/72
f 37/548/73 38/516/74 40/518/75 39/550/76
f 39/550/77 40/518/78 42/520/79 41/552/80
f 41/552/81 42/520/82 44/522/83 43/554/84
f 43/554/85 44/522/86 46/525/87 45/556/88
f 45/556/89 46/525/90 48/527/91 47/558/92
f 47/558/93 48/527/94 50/528/95 49/560/96
f 49/561/97 50/526/98 52/524/99 51/559/100
f 51/559/101 52/524/102 54/523/103 53/557/104
f 53/557/105 54/523/106 56/521/107 55/555/108
f 55/555/109 56/521/110 58/519/111 57/553/112
f 57/553/113 58/519/114 60/517/115 59/551/116
f 59/551/117 60/517/118 62/515/119 61/549/120
f 61/549/121 62/515/122 64/513/123 63/547/124
f 63/547/125 64/513/126 2/511/127 1/545/128
f 65/18/129 66/50/130 68/48/131 67/16/132
f 67/16/133 68/48/134 70/46/135 69/14/136
f 69/14/137 70/46/138 72/44/139 71/12/140
f 71/12/141 72/44/142 74/42/143 73/10/144
f 73/10/145 74/42/146 76/40/147 75/8/148
f 75/8/149 76/40/150 78/37/151 77/6/152
f 77/6/153 78/37/154 80/35/155 79/4/156
f 79/4/157 80/35/158 82/34/159 81/2/160
f 81/1/161 82/36/162 84/38/163 83/3/164
f 83/3/165 84/38/166 86/39/167 85/5/168
f 85/5/169 86/39/170 88/41/171 87/7/172
f 87/7/173 88/41/174 90/43/175 89/9/176
f 89/9/177 90/43/178 92/45/179 91/11/180
f 91/11/181 92/45/182 94/47/183 93/13/184
f 93/13/185 94/47/186 96/49/187 95/15/188
f 95/15/189 96/49/190 98/51/191 97/17/192
f 97/17/193 98/51/194 100/57/195 99/19/196
f 99/19/197 100/57/198 102/66/199 101/21/200
f 101/21/201 102/66/202 104/72/203 103/23/204
f 103/23/205 104/72/206 106/78/207 105/25/208
f 105/25/209 106/78/210 108/87/211 107/27/212
f 107/27/213 108/87/214 110/98/215 109/29/216
f 109/29/217 110/98/218 112/105/219 111/31/220
f 111/31/221 112/105/222 114/107/223 113/33/224
f 113/33/225 114/107/226 116/103/227 115/32/228
f 115/32/229 116/103/230 118/95/231 117/30/232
f 117/30/233 118/95/234 120/84/235 119/28/236
f 119/28/237 120/84/238 122/75/239 121/26/240
f 121/26/241 122/75/242 124/69/243 123/24/244
f 123/24/245 124/69/246 126/63/247 125/22/248
f 125/22/249 126/63/250 128/54/251 127/20/252
f 127/20/253 128/54/254 66/50/255 65/18/256
f 128/54/257 126/63/258 531/83/259 532/77/260
f 126/63/261 124/69/262 518/94/263 531/83/264
f 124/69/265 122/75/266 505/104/267 518/94/268
f 122/75/269 120/84/270 492/112/271 505/104/272
f 120/84/273 118/95/274 479/117/275 492/112/276
f 118/95/277 116/103/278 466/124/279 479/117/280
f 116/103/281 114/107/282 453/130/283 466/124/284
f 114/107/285 112/105/286 440/127/287 453/130/288
f 112/105/289 110/98/290 427/120/291 440/127/292
f 110/98/293 108/87/294 414/114/295 427/120/296
f 108/87/297 106/78/298 401/109/299 414/114/300
f 106/78/301 104/72/302 388/99/303 401/109/304
f 104/72/305 102/66/306 375/88/307 388/99/308
f 102/66/309 100/57/310 362/80/311 375/88/312
f 100/57/313 98/51/314 349/76/315 362/80/316
f 98/51/317 96/49/318 336/73/319 349/76/320
f 96/49/321 94/47/322 323/70/323 336/73/324
f 94/47/325 92/45/326 310/68/327 323/70/328
f 92/45/329 90/43/330 297/65/331 310/68/332
f 90/43/333 88/41/334 284/62/335 297/65/336
f 88/41/337 86/39/338 271/60/339 284/62/340
f 86/39/341 84/38/342 258/58/343 271/60/344
f 84/38/345 82/36/346 245/56/347 258/58/348
f 82/34/349 80/35/350 232/53/351 245/52/352
f 80/35/353 78/37/354 219/55/355 232/53/356
f 78/37/357 76/40/358 206/59/359 219/55/360
f 76/40/361 74/42/362 193/61/363 206/59/364
f 74/42/365 72/44/366 180/64/367 193/61/368
f 72/44/369 70/46/370 167/67/371 180/64/372
f 70/46/373 68/48/374 154/71/375 167/67/376
f 68/48/377 66/50/378 141/74/379 154/71/380
f 66/50/381 128/54/382 532/77/383 141/74/384
f 154/71/385 141/74/386 140/106/387 153/101/388
f 153/101/389 140/106/390 139/141/391 152/138/392
f 152/138/393 139/141/394 138/176/395 151/171/396
f 151/171/397 138/176/398 137/207/399 150/206/400
f 150/206/401 137/207/402 136/240/403 149/239/404
f 149/239/405 136/240/406 135/273/407 148/272/408
f 148/272/409 135/273/410 134/309/411 147/311/412
f 147/311/413 134/309/414 133/344/415 146/346/416
f 146/346/417 133/344/418 132/378/419 145/382/420
f 145/382/421 132/378/422 131/416/423 144/419/424
f 144/419/425 131/416/426 130/452/427 143/454/428
f 143/454/429 130/452/430 129/486/431 142/489/432
f 142/489/433 129/486/434 2/511/435 64/513/436
f 167/67/437 154/71/438 153/101/439 166/97/440
f 166/97/441 153/101/442 152/138/443 165/134/444
f 165/134/445 152/138/446 151/171/447 164/166/448
f 164/166/449 151/171/450 150/206/451 163/205/452
f 163/205/453 150/206/454 149/239/455 162/238/456
f 162/238/457 149/239/458 148/272/459 161/271/460
f 161/271/461 148/272/462 147/311/463 160/312/464
f 160/312/465 147/311/466 146/346/467 159/347/468
f 159/347/469 146/346/470 145/382/471 158/384/472
f 158/384/473 145/382/474 144/419/475 157/422/476
f 157/422/477 144/419/478 143/454/479 156/460/480
f 156/460/481 143/454/482 142/489/483 155/492/484
f 155/492/485 142/489/486 64/513/487 62/515/488
f 180/64/489 167/67/490 166/97/491 179/92/492
f 179/92/493 166/97/494 165/134/495 178/129/496
f 178/129/497 165/134/498 164/166/499 177/164/500
f 177/164/501 164/166/502 163/205/503 176/203/504
f 176/203/505 163/205/506 162/238/507 175/237/508
f 175/237/509 162/238/510 161/271/511 174/270/512
f 174/270/513 161/271/514 160/312/515 173/313/516
f 173/313/517 160/312/518 159/347/519 172/348/520
f 172/348/521 159/347/522 158/384/523 171/387/524
f 171/387/525 158/384/526 157/422/527 170/423/528
f 170/423/529 157/422/530 156/460/531 169/462/532
f 169/462/533 156/460/534 155/492/535 168/494/536
f 168/494/537 155/492/538 62/515/539 60/517/540
f 193/61/541 180/64/542 179/92/543 192/90/544
f 192/90/545 179/92/546 178/129/547 191/125/548
f 191/125/549 178/129/550 177/164/551 190/163/552
f 190/163/553 177/164/554 176/203/555 189/201/556
f 189/201/557 176/203/558 175/237/559 188/236/560
f 188/236/561 175/237/562 174/270/563 187/269/564
f 187/269/565 174/270/566 173/313/567 186/315/568
f 186/315/569 173/313/570 172/348/571 185/350/572
f 185/350/573 172/348/574 171/387/575 184/389/576
f 184/389/577 171/387/578 170/423/579 183/426/580
f 183/426/581 170/423/582 169/462/583 182/466/584
f 182/466/585 169/462/586 168/494/587 181/497/588
f 181/497/589 168/494/590 60/517/591 58/519/592
f 206/59/593 193/61/594 192/90/595 205/85/596
f 205/85/597 192/90/598 191/125/599 204/123/600
f 204/123/601 191/125/602 190/163/603 203/161/604
f 203/161/605 190/163/606 189/201/607 202/199/608
f 202/199/609 189/201/610 188/236/611 201/235/612
f 201/235/613 188/236/614 187/269/615 200/268/616
f 200/268/617 187/269/618 186/315/619 199/317/620
f 199/317/621 186/315/622 185/350/623 198/351/624
f 198/351/625 185/350/626 184/389/627 197/390/628
f 197/390/629 184/389/630 183/426/631 196/427/632
f 196/427/633 183/426/634 182/466/635 195/469/636
f 195/469/637 182/466/638 181/497/639 194/500/640
f 194/500/641 181/497/642 58/519/643 56/521/644
f 219/55/645 206/59/646 205/85/647 218/82/648
f 218/82/649 205/85/650 204/123/651 217/122/652
f 217/122/653 204/123/654 203/161/655 216/160/656
f 216/160/657 203/161/658 202/199/659 215/198/660
f 215/198/661 202/199/662 201/235/663 214/234/664
f 214/234/665 201/235/666 200/268/667 213/267/668
f 213/267/669 200/268/670 199/317/671 212/318/672
f 212/318/673 199/317/674 198/351/675 211/352/676
f 211/352/677 198/351/678 197/390/679 210/392/680
f 210/392/681 197/390/682 196/427/683 209/430/684
f 209/430/685 196/427/686 195/469/687 208/471/688
f 208/471/689 195/469/690 194/500/691 207/502/692
f 207/502/693 194/500/694 56/521/695 54/523/696
f 232/53/697 219/55/698 218/82/699 231/81/700
f 231/81/701 218/82/702 217/122/703 230/119/704
f 230/119/705 217/122/706 216/160/707 229/159/708
f 229/159/709 216/160/710 215/198/711 228/196/712
f 228/196/713 215/198/714 214/234/715 227/233/716
f 227/233/717 214/234/718 213/267/719 226/266/720
f 226/266/721 213/267/722 212/318/723 225/316/724
f 225/316/725 212/318/726 211/352/727 224/354/728
f 224/354/729 211/352/730 210/392/731 223/393/732
f 223/393/733 210/392/734 209/430/735 222/431/736
f 222/431/737 209/430/738 208/471/739 221/473/740
f 221/473/741 208/471/742 207/502/743 220/504/744
f 220/504/745 207/502/746 54/523/747 52/524/748
f 245/52/749 232/53/750 231/81/751 244/79/752
f 244/79/753 231/81/754 230/119/755 243/118/756
f 243/118/757 230/119/758 229/159/759 242/158/760
f 242/158/761 229/159/762 228/196/763 241/195/764
f 241/195/765 228/196/766 227/233/767 240/232/768
f 240/232/769 227/233/770 226/266/771 239/265/772
f 239/265/773 226/266/774 225/316/775 238/314/776
f 238/314/777 225/316/778 224/354/779 237/353/780
f 237/353/781 224/354/782 223/393/783 236/394/784
f 236/394/785 223/393/786 222/431/787 235/434/788
f 235/434/789 222/431/790 221/473/791 234/476/792
f 234/476/793 221/473/794 220/504/795 233/506/796
f 233/506/797 220/504/798 52/524/799 50/526/800
f 258/58/801 245/56/802 244/86/803 257/89/804
f 257/89/805 244/86/806 243/128/807 256/131/808
f 256/131/809 243/128/810 242/168/811 255/169/812
f 255/169/813 242/168/814 241/209/815 254/208/816
f 254/208/817 241/209/818 240/248/819 253/246/820
f 253/246/821 240/248/822 239/297/823 252/296/824
f 252/296/825 239/297/826 238/330/827 251/329/828
f 251/329/829 238/330/830 237/367/831 250/366/832
f 250/366/833 237/367/834 236/404/835 249/403/836
f 249/403/837 236/404/838 235/444/839 248/443/840
f 248/443/841 235/444/842 234/483/843 247/481/844
f 247/481/845 234/483/846 233/510/847 246/509/848
f 246/509/849 233/510/850 50/528/851 48/527/852
f 271/60/853 258/58/854 257/89/855 270/91/856
f 270/91/857 257/89/858 256/131/859 269/132/860
f 269/132/861 256/131/862 255/169/863 268/170/864
f 268/170/865 255/169/866 254/208/867 267/210/868
f 267/210/869 254/208/870 253/246/871 266/244/872
f 266/244/873 253/246/874 252/296/875 265/295/876
f 265/295/877 252/296/878 251/329/879 264/328/880
f 264/328/881 251/329/882 250/366/883 263/364/884
f 263/364/885 250/366/886 249/403/887 262/402/888
f 262/402/889 249/403/890 248/443/891 261/440/892
f 261/440/893 248/443/894 247/481/895 260/480/896
f 260/480/897 247/481/898 246/509/899 259/507/900
f 259/507/901 246/509/902 48/527/903 46/525/904
f 284/62/905 271/60/906 270/91/907 283/93/908
f 283/93/909 270/91/910 269/132/911 282/135/912
f 282/135/913 269/132/914 268/170/915 281/172/916
f 281/172/917 268/170/918 267/210/919 280/211/920
f 280/211/921 267/210/922 266/244/923 279/245/924
f 279/245/925 266/244/926 265/295/927 278/294/928
f 278/294/929 265/295/930 264/328/931 277/327/932
f 277/327/933 264/328/934 263/364/935 276/363/936
f 276/363/937 263/364/938 262/402/939 275/401/940
f 275/401/941 262/402/942 261/440/943 274/439/944
f 274/439/945 261/440/946 260/480/947 273/477/948
f 273/477/949 260/480/950 259/507/951 272/503/952
f 272/503/953 259/507/954 46/525/955 44/522/956
f 297/65/957 284/62/958 283/93/959 296/96/960
f 296/96/961 283/93/962 282/135/963 295/136/964
f 295/136/965 282/135/966 281/172/967 294/173/968
f 294/173/969 281/172/970 280/211/971 293/212/972
f 293/212/973 280/211/974 279/245/975 292/247/976
f 292/247/977 279/245/978 278/294/979 291/293/980
f 291/293/981 278/294/982 277/327/983 290/326/984
f 290/326/985 277/327/986 276/363/987 289/361/988
f 289/361/989 276/363/990 275/401/991 288/399/992
f 288/399/993 275/401/994 274/439/995 287/437/996
f 287/437/997 274/439/998 273/477/999 286/472/1000
f 286/472/1001 273/477/1002 272/503/1003 285/501/1004
f 285/501/1005 272/503/1006 44/522/1007 42/520/1008
f 310/68/1009 297/65/1010 296/96/1011 309/100/1012
f 309/100/1013 296/96/1014 295/136/1015 308/139/1016
f 308/139/1017 295/136/1018 294/173/1019 307/175/1020
f 307/175/1021 294/173/1022 293/212/1023 306/214/1024
f 306/214/1025 293/212/1026 292/247/1027 305/249/1028
f 305/249/1029 292/247/1030 291/293/1031 304/292/1032
f 304/292/1033 291/293/1034 290/326/1035 303/325/1036
f 303/325/1037 290/326/1038 289/361/1039 302/359/1040
f 302/359/1041 289/361/1042 288/399/1043 301/398/1044
f 301/398/1045 288/399/1046 287/437/1047 300/433/1048
f 300/433/1049 287/437/1050 286/472/1051 299/470/1052
f 299/470/1053 286/472/1054 285/501/1055 298/498/1056
f 298/498/1057 285/501/1058 42/520/1059 40/518/1060
f 323/70/1061 310/68/1062 309/100/1063 322/102/1064
f 322/102/1065 309/100/1066 308/139/1067 321/140/1068
f 321/140/1069 308/139/1070 307/175/1071 320/178/1072
f 320/178/1073 307/175/1074 306/214/1075 319/215/1076
f 319/215/1077 306/214/1078 305/249/1079 318/250/1080
f 318/250/1081 305/249/1082 304/292/1083 317/291/1084
f 317/291/1085 304/292/1086 303/325/1087 316/324/1088
f 316/324/1089 303/325/1090 302/359/1091 315/357/1092
f 315/357/1093 302/359/1094 301/398/1095 314/396/1096
f 314/396/1097 301/398/1098 300/433/1099 313/428/1100
f 313/428/1101 300/433/1102 299/470/1103 312/465/1104
f 312/465/1105 299/470/1106 298/498/1107 311/495/1108
f 311/495/1109 298/498/1110 40/518/1111 38/516/1112
f 336/73/1113 323/70/1114 322/102/1115 335/108/1116
f 335/108/1117 322/102/1118 321/140/1119 334/143/1120
f 334/143/1121 321/140/1122 320/178/1123 333/180/1124
f 333/180/1125 320/178/1126 319/215/1127 332/216/1128
f 332/216/1129 319/215/1130 318/250/1131 331/251/1132
f 331/251/1133 318/250/1134 317/291/1135 330/290/1136
f 330/290/1137 317/291/1138 316/324/1139 329/323/1140
f 329/323/1141 316/324/1142 315/357/1143 328/356/1144
f 328/356/1145 315/357/1146 314/396/1147 327/391/1148
f 327/391/1149 314/396/1150 313/428/1151 326/424/1152
f 326/424/1153 313/428/1154 312/465/1155 325/461/1156
f 325/461/1157 312/465/1158 311/495/1159 324/491/1160
f 324/491/1161 311/495/1162 38/516/1163 36/514/1164
f 349/76/1165 336/73/1166 335/108/1167 348/110/1168
f 348/110/1169 335/108/1170 334/143/1171 347/146/1172
f 347/146/1173 334/143/1174 333/180/1175 346/184/1176
f 346/184/1177 333/180/1178 332/216/1179 345/218/1180
f 345/218/1181 332/216/1182 331/251/1183 344/253/1184
f 344/253/1185 331/251/1186 330/290/1187 343/289/1188
f 343/289/1189 330/290/1190 329/323/1191 342/322/1192
f 342/322/1193 329/323/1194 328/356/1195 341/355/1196
f 341/355/1197 328/356/1198 327/391/1199 340/386/1200
f 340/386/1201 327/391/1202 326/424/1203 339/421/1204
f 339/421/1205 326/424/1206 325/461/1207 338/456/1208
f 338/456/1209 325/461/1210 324/491/1211 337/488/1212
f 337/488/1213 324/491/1214 36/514/1215 34/512/1216
f 362/80/1217 349/76/1218 348/110/1219 361/113/1220
f 361/113/1221 348/110/1222 347/146/1223 360/149/1224
f 360/149/1225 347/146/1226 346/184/1227 359/186/1228
f 359/186/1229 346/184/1230 345/218/1231 358/220/1232
f 358/220/1233 345/218/1234 344/253/1235 357/254/1236
f 357/254/1237 344/253/1238 343/289/1239 356/288/1240
f 356/288/1241 343/289/1242 342/322/1243 355/321/1244
f 355/321/1245 342/322/1246 341/355/1247 354/349/1248
f 354/349/1249 341/355/1250 340/386/1251 353/383/1252
f 353/383/1253 340/386/1254 339/421/1255 352/417/1256
f 352/417/1257 339/421/1258 338/456/1259 351/451/1260
f 351/451/1261 338/456/1262 337/488/1263 350/485/1264
f 350/485/1265 337/488/1266 34/512/1267 32/508/1268
f 375/88/1269 362/80/1270 361/113/1271 374/116/1272
f 374/116/1273 361/113/1274 360/149/1275 373/152/1276
f 373/152/1277 360/149/1278 359/186/1279 372/188/1280
f 372/188/1281 359/186/1282 358/220/1283 371/221/1284
f 371/221/1285 358/220/1286 357/254/1287 370/255/1288
f 370/255/1289 357/254/1290 356/288/1291 369/287/1292
f 369/287/1293 356/288/1294 355/321/1295 368/320/1296
f 368/320/1297 355/321/1298 354/349/1299 367/345/1300
f 367/345/1301 354/349/1302 353/383/1303 366/377/1304
f 366/377/1305 353/383/1306 352/417/1307 365/414/1308
f 365/414/1309 352/417/1310 351/451/1311 364/447/1312
f 364/447/1313 351/451/1314 350/485/1315 363/479/1316
f 363/479/1317 350/485/1318 32/508/1319 30/499/1320
f 388/99/1321 375/88/1322 374/116/1323 387/126/1324
f 387/126/1325 374/116/1326 373/152/1327 386/156/1328
f 386/156/1329 373/152/1330 372/188/1331 385/189/1332
f 385/189/1333 372/188/1334 371/221/1335 384/223/1336
f 384/223/1337 371/221/1338 370/255/1339 383/257/1340
f 383/257/1341 370/255/1342 369/287/1343 382/286/1344
f 382/286/1345 369/287/1346 368/320/1347 381/319/1348
f 381/319/1349 368/320/1350 367/345/1351 380/343/1352
f 380/343/1353 367/345/1354 366/377/1355 379/375/1356
f 379/375/1357 366/377/1358 365/414/1359 378/408/1360
f 378/408/1361 365/414/1362 364/447/1363 377/441/1364
f 377/441/1365 364/447/1366 363/479/1367 376/468/1368
f 376/468/1369 363/479/1370 30/499/1371 28/493/1372
f 401/109/1373 388/99/1374 387/126/1375 400/137/1376
f 400/137/1377 387/126/1378 386/156/1379 399/162/1380
f 399/162/1381 386/156/1382 385/189/1383 398/191/1384
f 398/191/1385 385/189/1386 384/223/1387 397/225/1388
f 397/225/1389 384/223/1390 383/257/1391 396/259/1392
f 396/259/1393 383/257/1394 382/286/1395 395/285/1396
f 395/285/1397 382/286/1398 381/319/1399 394/310/1400
f 394/310/1401 381/319/1402 380/343/1403 393/340/1404
f 393/340/1405 380/343/1406 379/375/1407 392/372/1408
f 392/372/1409 379/375/1410 378/408/1411 391/405/1412
f 391/405/1413 378/408/1414 377/441/1415 390/429/1416
f 390/429/1417 377/441/1418 376/468/1419 389/458/1420
f 389/458/1421 376/468/1422 28/493/1423 26/487/1424
f 414/114/1425 401/109/1426 400/137/1427 413/144/1428
f 413/144/1429 400/137/1430 399/162/1431 412/167/1432
f 412/167/1433 399/162/1434 398/191/1435 411/193/1436
f 411/193/1437 398/191/1438 397/225/1439 410/226/1440
f 410/226/1441 397/225/1442 396/259/1443 409/260/1444
f 409/260/1445 396/259/1446 395/285/1447 408/284/1448
f 408/284/1449 395/285/1450 394/310/1451 407/306/1452
f 407/306/1453 394/310/1454 393/340/1455 406/338/1456
f 406/338/1457 393/340/1458 392/372/1459 405/370/1460
f 405/370/1461 392/372/1462 391/405/1463 404/397/1464
f 404/397/1465 391/405/1466 390/429/1467 403/420/1468
f 403/420/1469 390/429/1470 389/458/1471 402/450/1472
f 402/450/1473 389/458/1474 26/487/1475 24/478/1476
f 427/120/1477 414/114/1478 413/144/1479 426/150/1480
f 426/150/1481 413/144/1482 412/167/1483 425/177/1484
f 425/177/1485 412/167/1486 411/193/1487 424/197/1488
f 424/197/1489 411/193/1490 410/226/1491 423/228/1492
f 423/228/1493 410/226/1494 409/260/1495 422/262/1496
f 422/262/1497 409/260/1498 408/284/1499 421/283/1500
f 421/283/1501 408/284/1502 407/306/1503 420/304/1504
f 420/304/1505 407/306/1506 406/338/1507 419/335/1508
f 419/335/1509 406/338/1510 405/370/1511 418/368/1512
f 418/368/1513 405/370/1514 404/397/1515 417/388/1516
f 417/388/1517 404/397/1518 403/420/1519 416/415/1520
f 416/415/1521 403/420/1522 402/450/1523 415/445/1524
f 415/445/1525 402/450/1526 24/478/1527 22/467/1528
f 440/127/1529 427/120/1530 426/150/1531 439/153/1532
f 439/153/1533 426/150/1534 425/177/1535 438/182/1536
f 438/182/1537 425/177/1538 424/197/1539 437/202/1540
f 437/202/1541 424/197/1542 423/228/1543 436/230/1544
f 436/230/1545 423/228/1546 422/262/1547 435/264/1548
f 435/264/1549 422/262/1550 421/283/1551 434/282/1552
f 434/282/1553 421/283/1554 420/304/1555 433/301/1556
f 433/301/1557 420/304/1558 419/335/1559 432/333/1560
f 432/333/1561 419/335/1562 418/368/1563 431/362/1564
f 431/362/1565 418/368/1566 417/388/1567 430/381/1568
f 430/381/1569 417/388/1570 416/415/1571 429/411/1572
f 429/411/1573 416/415/1574 415/445/1575 428/438/1576
f 428/438/1577 415/445/1578 22/467/1579 20/459/1580
f 453/130/1581 440/127/1582 439/153/1583 452/155/1584
f 452/155/1585 439/153/1586 438/182/1587 451/183/1588
f 451/183/1589 438/182/1590 437/202/1591 450/204/1592
f 450/204/1593 437/202/1594 436/230/1595 449/231/1596
f 449/231/1597 436/230/1598 435/264/1599 448/263/1600
f 448/263/1601 435/264/1602 434/282/1603 447/281/1604
f 447/281/1605 434/282/1606 433/301/1607 446/299/1608
f 446/299/1609 433/301/1610 432/333/1611 445/331/1612
f 445/331/1613 432/333/1614 431/362/1615 444/358/1616
f 444/358/1617 431/362/1618 430/381/1619 443/379/1620
f 443/379/1621 430/381/1622 429/411/1623 442/407/1624
f 442/407/1625 429/411/1626 428/438/1627 441/432/1628
f 441/432/1629 428/438/1630 20/459/1631 18/455/1632
f 466/124/1633 453/130/1634 452/155/1635 465/151/1636
f 465/151/1637 452/155/1638 451/183/1639 464/181/1640
f 464/181/1641 451/183/1642 450/204/1643 463/200/1644
f 463/200/1645 450/204/1646 449/231/1647 462/229/1648
f 462/229/1649 449/231/1650 448/263/1651 461/261/1652
f 461/261/1653 448/263/1654 447/281/1655 460/280/1656
f 460/280/1657 447/281/1658 446/299/1659 459/298/1660
f 459/298/1661 446/299/1662 445/331/1663 458/332/1664
f 458/332/1665 445/331/1666 444/358/1667 457/360/1668
f 457/360/1669 444/358/1670 443/379/1671 456/380/1672
f 456/380/1673 443/379/1674 442/407/1675 455/409/1676
f 455/409/1677 442/407/1678 441/432/1679 454/435/1680
f 454/435/1681 441/432/1682 18/455/1683 16/457/1684
f 479/117/1685 466/124/1686 465/151/1687 478/147/1688
f 478/147/1689 465/151/1690 464/181/1691 477/174/1692
f 477/174/1693 464/181/1694 463/200/1695 476/194/1696
f 476/194/1697 463/200/1698 462/229/1699 475/227/1700
f 475/227/1701 462/229/1702 461/261/1703 474/258/1704
f 474/258/1705 461/261/1706 460/280/1707 473/279/1708
f 473/279/1709 460/280/1710 459/298/1711 472/300/1712
f 472/300/1713 459/298/1714 458/332/1715 471/334/1716
f 471/334/1717 458/332/1718 457/360/1719 470/365/1720
f 470/365/1721 457/360/1722 456/380/1723 469/385/1724
f 469/385/1725 456/380/1726 455/409/1727 468/412/1728
f 468/412/1729 455/409/1730 454/435/1731 467/442/1732
f 467/442/1733 454/435/1734 16/457/1735 14/464/1736
f 492/112/1737 479/117/1738 478/147/1739 491/142/1740
f 491/142/1741 478/147/1742 477/174/1743 490/165/1744
f 490/165/1745 477/174/1746 476/194/1747 489/192/1748
f 489/192/1749 476/194/1750 475/227/1751 488/224/1752
f 488/224/1753 475/227/1754 474/258/1755 487/256/1756
f 487/256/1757 474/258/1758 473/279/1759 486/278/1760
f 486/278/1761 473/279/1762 472/300/1763 485/302/1764
f 485/302/1765 472/300/1766 471/334/1767 484/336/1768
f 484/336/1769 471/334/1770 470/365/1771 483/369/1772
f 483/369/1773 470/365/1774 469/385/1775 482/395/1776
f 482/395/1777 469/385/1778 468/412/1779 481/418/1780
f 481/418/1781 468/412/1782 467/442/1783 480/448/1784
f 480/448/1785 467/442/1786 14/464/1787 12/475/1788
f 505/104/1789 492/112/1790 491/142/1791 504/133/1792
f 504/133/1793 491/142/1794 490/165/1795 503/157/1796
f 503/157/1797 490/165/1798 489/192/1799 502/190/1800
f 502/190/1801 489/192/1802 488/224/1803 501/222/1804
f 501/222/1805 488/224/1806 487/256/1807 500/252/1808
f 500/252/1809 487/256/1810 486/278/1811 499/277/1812
f 499/277/1813 486/278/1814 485/302/1815 498/303/1816
f 498/303/1817 485/302/1818 484/336/1819 497/337/1820
f 497/337/1821 484/336/1822 483/369/1823 496/371/1824
f 496/371/1825 483/369/1826 482/395/1827 495/400/1828
f 495/400/1829 482/395/1830 481/418/1831 494/425/1832
f 494/425/1833 481/418/1834 480/448/1835 493/453/1836
f 493/453/1837 480/448/1838 12/475/1839 10/484/1840
f 518/94/1841 505/104/1842 504/133/1843 517/121/1844
f 517/121/1845 504/133/1846 503/157/1847 516/154/1848
f 516/154/1849 503/157/1850 502/190/1851 515/187/1852
f 515/187/1853 502/190/1854 501/222/1855 514/219/1856
f 514/219/1857 501/222/1858 500/252/1859 513/243/1860
f 513/243/1861 500/252/1862 499/277/1863 512/276/1864
f 512/276/1865 499/277/1866 498/303/1867 511/305/1868
f 511/305/1869 498/303/1870 497/337/1871 510/339/1872
f 510/339/1873 497/337/1874 496/371/1875 509/373/1876
f 509/373/1877 496/371/1878 495/400/1879 508/406/1880
f 508/406/1881 495/400/1882 494/425/1883 507/436/1884
f 507/436/1885 494/425/1886 493/453/1887 506/463/1888
f 506/463/1889 493/453/1890 10/484/1891 8/490/1892
f 531/83/1893 518/94/1894 517/121/1895 530/115/1896
f 530/115/1897 517/121/1898 516/154/1899 529/148/1900
f 529/148/1901 516/154/1902 515/187/1903 528/185/1904
f 528/185/1905 515/187/1906 514/219/1907 527/217/1908
f 527/217/1909 514/219/1910 513/243/1911 526/242/1912
f 526/242/1913 513/243/1914 512/276/1915 525/275/1916
f 525/275/1917 512/276/1918 511/305/1919 524/307/1920
f 524/307/1921 511/305/1922 510/339/1923 523/341/1924
f 523/341/1925 510/339/1926 509/373/1927 522/374/1928
f 522/374/1929 509/373/1930 508/406/1931 521/410/1932
f 521/410/1933 508/406/1934 507/436/1935 520/446/1936
f 520/446/1937 507/436/1938 506/463/1939 519/474/1940
f 519/474/1941 506/463/1942 8/490/1943 6/496/1944
f 532/77/1945 531/83/1946 530/115/1947 533/111/1948
f 533/111/1949 530/115/1950 529/148/1951 534/145/1952
f 534/145/1953 529/148/1954 528/185/1955 535/179/1956
f 535/179/1957 528/185/1958 527/217/1959 536/213/1960
f 536/213/1961 527/217/1962 526/242/1963 537/241/1964
f 537/241/1965 526/242/1966 525/275/1967 538/274/1968
f 538/274/1969 525/275/1970 524/307/1971 539/308/1972
f 539/308/1973 524/307/1974 523/341/1975 540/342/1976
f 540/342/1977 523/341/1978 522/374/1979 541/376/1980
f 541/376/1981 522/374/1982 521/410/1983 542/413/1984
f 542/413/1985 521/410/1986 520/446/1987 543/449/1988
f 543/449/1989 520/446/1990 519/474/1991 544/482/1992
f 544/482/1993 519/474/1994 6/496/1995 4/505/1996
f 141/74/1997 532/77/1998 533/111/1999 140/106/2000
f 140/106/2001 533/111/2002 534/145/2003 139/141/2004
f 139/141/2005 534/145/2006 535/179/2007 138/176/2008
f 138/176/2009 535/179/2010 536/213/2011 137/207/2012
f 137/207/2013 536/213/2014 537/241/2015 136/240/2016
f 136/240/2017 537/241/2018 538/274/2019 135/273/2020
f 135/273/2021 538/274/2022 539/308/2023 134/309/2024
f 134/309/2025 539/308/2026 540/342/2027 133/344/2028
f 133/344/2029 540/342/2030 541/376/2031 132/378/2032
f 132/378/2033 541/376/2034 542/413/2035 131/416/2036
f 131/416/2037 542/413/2038 543/449/2039 130/452/2040
f 130/452/2041 543/449/2042 544/482/2043 129/486/2044
f 129/486/2045 544/482/2046 4/505/2047 2/511/2048
f 545/695/2049 547/697/2050 548/745/2051 546/743/2052
f 547/697/2053 549/699/2054 550/747/2055 548/745/2056
f 549/699/2057 551/700/2058 552/749/2059 550/747/2060
f 551/700/2061 553/706/2062 554/751/2063 552/749/2064
f 553/706/2065 555/708/2066 556/753/2067 554/751/2068
f 555/708/2069 557/712/2070 558/755/2071 556/753/2072
f 557/712/2073 559/714/2074 560/757/2075 558/755/2076
f 559/714/2077 561/716/2078 562/759/2079 560/757/2080
f 561/716/2081 563/719/2082 564/758/2083 562/759/2084
f 563/719/2085 565/718/2086 566/756/2087 564/758/2088
f 565/718/2089 567/715/2090 568/754/2091 566/756/2092
f 567/715/2093 569/713/2094 570/752/2095 568/754/2096
f 569/713/2097 571/710/2098 572/750/2099 570/752/2100
f 571/710/2101 573/707/2102 574/748/2103 572/750/2104
f 573/707/2105 575/704/2106 576/746/2107 574/748/2108
f 575/704/2109 577/701/2110 578/744/2111 576/746/2112
f 577/701/2113 579/702/2114 580/742/2115 578/744/2116
f 579/702/2117 581/705/2118 582/740/2119 580/742/2120
f 581/705/2121 583/709/2122 584/738/2123 582/740/2124
f 583/709/2125 585/717/2126 586/736/2127 584/738/2128
f 585/717/2129 587/721/2130 588/734/2131 586/736/2132
f 587/721/2133 589/723/2134 590/732/2135 588/734/2136
f 589/723/2137 591/725/2138 592/730/2139 590/732/2140
f 591/725/2141 593/726/2142 594/728/2143 592/730/2144
f 593/724/2145 595/722/2146 596/729/2147 594/727/2148
f 595/722/2149 597/720/2150 598/731/2151 596/729/2152
f 597/720/2153 599/711/2154 600/733/2155 598/731/2156
f 599/711/2157 601/703/2158 602/735/2159 600/733/2160
f 601/703/2161 603/698/2162 604/737/2163 602/735/2164
f 603/698/2165 605/696/2166 606/739/2167 604/737/2168
f 605/696/2169 607/694/2170 608/741/2171 606/739/2172
f 607/694/2173 545/695/2174 546/743/2175 608/741/2176
f 609/1253/2177 611/1254/2178 612/1207/2179 610/1205/2180
f 611/1254/2181 613/1251/2182 614/1209/2183 612/1207/2184
f 613/1251/2185 615/1245/2186 616/1211/2187 614/1209/2188
f 615/1245/2189 617/1240/2190 618/1213/2191 616/1211/2192
f 617/1240/2193 619/1235/2194 620/1215/2195 618/1213/2196
f 619/1235/2197 621/1227/2198 622/1217/2199 620/1215/2200
f 621/1227/2201 623/1225/2202 624/1219/2203 622/1217/2204
f 623/1225/2205 625/1223/2206 626/1221/2207 624/1219/2208
f 625/1222/2209 627/1224/2210 628/1218/2211 626/1220/2212
f 627/1224/2213 629/1226/2214 630/1216/2215 628/1218/2216
f 629/1226/2217 631/1231/2218 632/1214/2219 630/1216/2220
f 631/1231/2221 633/1238/2222 634/1212/2223 632/1214/2224
f 633/1238/2225 635/1242/2226 636/1210/2227 634/1212/2228
f 635/1242/2229 637/1246/2230 638/1208/2231 636/1210/2232
f 637/1246/2233 639/1249/2234 640/1206/2235 638/1208/2236
f 639/1249/2237 641/1252/2238 642/1204/2239 640/1206/2240
f 641/1252/2241 643/1250/2242 644/1202/2243 642/1204/2244
f 643/1250/2245 645/1247/2246 646/1200/2247 644/1202/2248
f 645/1247/2249 647/1243/2250 648/1198/2251 646/1200/2252
f 647/1243/2253 649/1239/2254 650/1196/2255 648/1198/2256
f 649/1239/2257 651/1236/2258 652/1194/2259 650/1196/2260
f 651/1236/2261 653/1233/2262 654/1192/2263 652/1194/2264
f 653/1233/2265 655/1230/2266 656/1190/2267 654/1192/2268
f 655/1230/2269 657/1229/2270 658/1189/2271 656/1190/2272
f 657/1229/2273 659/1228/2274 660/1191/2275 658/1189/2276
f 659/1228/2277 661/1232/2278 662/1193/2279 660/1191/2280
f 661/1232/2281 663/1234/2282 664/1195/2283 662/1193/2284
f 663/1234/2285 665/1237/2286 666/1197/2287 664/1195/2288
f 665/1237/2289 667/1241/2290 668/1199/2291 666/1197/2292
f 667/1241/2293 669/1244/2294 670/1201/2295 668/1199/2296
f 669/1244/2297 671/1248/2298 672/1203/2299 670/1201/2300
f 671/1248/2301 609/1253/2302 610/1205/2303 672/1203/2304
f 672/1203/2305 1076/1170/2306 1075/1168/2307 670/1201/2308
f 670/1201/2309 1075/1168/2310 1062/1166/2311 668/1199/2312
f 668/1199/2313 1062/1166/2314 1049/1164/2315 666/1197/2316
f 666/1197/2317 1049/1164/2318 1036/1162/2319 664/1195/2320
f 664/1195/2321 1036/1162/2322 1023/1160/2323 662/1193/2324
f 662/1193/2325 1023/1160/2326 1010/1158/2327 660/1191/2328
f 660/1191/2329 1010/1158/2330 997/1156/2331 658/1189/2332
f 658/1189/2333 997/1156/2334 984/1157/2335 656/1190/2336
f 656/1190/2337 984/1157/2338 971/1159/2339 654/1192/2340
f 654/1192/2341 971/1159/2342 958/1161/2343 652/1194/2344
f 652/1194/2345 958/1161/2346 945/1163/2347 650/1196/2348
f 650/1196/2349 945/1163/2350 932/1165/2351 648/1198/2352
f 648/1198/2353 932/1165/2354 919/1167/2355 646/1200/2356
f 646/1200/2357 919/1167/2358 906/1169/2359 644/1202/2360
f 644/1202/2361 906/1169/2362 893/1171/2363 642/1204/2364
f 642/1204/2365 893/1171/2366 880/1173/2367 640/1206/2368
f 640/1206/2369 880/1173/2370 867/1175/2371 638/1208/2372
f 638/1208/2373 867/1175/2374 854/1177/2375 636/1210/2376
f 636/1210/2377 854/1177/2378 841/1179/2379 634/1212/2380
f 634/1212/2381 841/1179/2382 828/1181/2383 632/1214/2384
f 632/1214/2385 828/1181/2386 815/1183/2387 630/1216/2388
f 630/1216/2389 815/1183/2390 802/1185/2391 628/1218/2392
f 628/1218/2393 802/1185/2394 789/1187/2395 626/1220/2396
f 626/1221/2397 789/1188/2398 776/1186/2399 624/1219/2400
f 624/1219/2401 776/1186/2402 763/1184/2403 622/1217/2404
f 622/1217/2405 763/1184/2406 750/1182/2407 620/1215/2408
f 620/1215/2409 750/1182/2410 737/1180/2411 618/1213/2412
f 618/1213/2413 737/1180/2414 724/1178/2415 616/1211/2416
f 616/1211/2417 724/1178/2418 711/1176/2419 614/1209/2420
f 614/1209/2421 711/1176/2422 698/1174/2423 612/1207/2424
f 612/1207/2425 698/1174/2426 685/1172/2427 610/1205/2428
f 610/1205/2429 685/1172/2430 1076/1170/2431 672/1203/2432
f 698/1174/2433 697/1141/2434 684/1139/2435 685/1172/2436
f 697/1141/2437 696/1108/2438 683/1106/2439 684/1139/2440
f 696/1108/2441 695/1075/2442 682/1073/2443 683/1106/2444
f 695/1075/2445 694/1042/2446 681/1040/2447 682/1073/2448
f 694/1042/2449 693/1011/2450 680/1007/2451 681/1040/2452
f 693/1011/2453 692/979/2454 679/981/2455 680/1007/2456
f 692/979/2457 691/939/2458 678/942/2459 679/981/2460
f 691/939/2461 690/907/2462 677/908/2463 678/942/2464
f 690/907/2465 689/873/2466 676/875/2467 677/908/2468
f 689/873/2469 688/840/2470 675/842/2471 676/875/2472
f 688/840/2473 687/807/2474 674/809/2475 675/842/2476
f 687/807/2477 686/774/2478 673/776/2479 674/809/2480
f 686/774/2481 608/741/2482 546/743/2483 673/776/2484
f 711/1176/2485 710/1143/2486 697/1141/2487 698/1174/2488
f 710/1143/2489 709/1110/2490 696/1108/2491 697/1141/2492
f 709/1110/2493 708/1077/2494 695/1075/2495 696/1108/2496
f 708/1077/2497 707/1046/2498 694/1042/2499 695/1075/2500
f 707/1046/2501 706/1015/2502 693/1011/2503 694/1042/2504
f 706/1015/2505 705/978/2506 692/979/2507 693/1011/2508
f 705/978/2509 704/936/2510 691/939/2511 692/979/2512
f 704/936/2513 703/903/2514 690/907/2515 691/939/2516
f 703/903/2517 702/871/2518 689/873/2519 690/907/2520
f 702/871/2521 701/838/2522 688/840/2523 689/873/2524
f 701/838/2525 700/805/2526 687/807/2527 688/840/2528
f 700/805/2529 699/772/2530 686/774/2531 687/807/2532
f 699/772/2533 606/739/2534 608/741/2535 686/774/2536
f 724/1178/2537 723/1145/2538 710/1143/2539 711/1176/2540
f 723/1145/2541 722/1112/2542 709/1110/2543 710/1143/2544
f 722/1112/2545 721/1081/2546 708/1077/2547 709/1110/2548
f 721/1081/2549 720/1050/2550 707/1046/2551 708/1077/2552
f 720/1050/2553 719/1019/2554 706/1015/2555 707/1046/2556
f 719/1019/2557 718/977/2558 705/978/2559 706/1015/2560
f 718/977/2561 717/932/2562 704/936/2563 705/978/2564
f 717/932/2565 716/899/2566 703/903/2567 704/936/2568
f 716/899/2569 715/867/2570 702/871/2571 703/903/2572
f 715/867/2573 714/836/2574 701/838/2575 702/871/2576
f 714/836/2577 713/803/2578 700/805/2579 701/838/2580
f 713/803/2581 712/770/2582 699/772/2583 700/805/2584
f 712/770/2585 604/737/2586 606/739/2587 699/772/2588
f 737/1180/2589 736/1147/2590 723/1145/2591 724/1178/2592
f 736/1147/2593 735/1114/2594 722/1112/2595 723/1145/2596
f 735/1114/2597 734/1085/2598 721/1081/2599 722/1112/2600
f 734/1085/2601 733/1055/2602 720/1050/2603 721/1081/2604
f 733/1055/2605 732/1022/2606 719/1019/2607 720/1050/2608
f 732/1022/2609 731/975/2610 718/977/2611 719/1019/2612
f 731/975/2613 730/928/2614 717/932/2615 718/977/2616
f 730/928/2617 729/895/2618 716/899/2619 717/932/2620
f 729/895/2621 728/863/2622 715/867/2623 716/899/2624
f 728/863/2625 727/834/2626 714/836/2627 715/867/2628
f 727/834/2629 726/801/2630 713/803/2631 714/836/2632
f 726/801/2633 725/768/2634 712/770/2635 713/803/2636
f 725/768/2637 602/735/2638 604/737/2639 712/770/2640
f 750/1182/2641 749/1149/2642 736/1147/2643 737/1180/2644
f 749/1149/2645 748/1117/2646 735/1114/2647 736/1147/2648
f 748/1117/2649 747/1089/2650 734/1085/2651 735/1114/2652
f 747/1089/2653 746/1056/2654 733/1055/2655 734/1085/2656
f 746/1056/2657 745/1023/2658 732/1022/2659 733/1055/2660
f 745/1023/2661 744/974/2662 731/975/2663 732/1022/2664
f 744/974/2665 743/927/2666 730/928/2667 731/975/2668
f 743/927/2669 742/893/2670 729/895/2671 730/928/2672
f 742/893/2673 741/860/2674 728/863/2675 729/895/2676
f 741/860/2677 740/832/2678 727/834/2679 728/863/2680
f 740/832/2681 739/799/2682 726/801/2683 727/834/2684
f 739/799/2685 738/766/2686 725/768/2687 726/801/2688
f 738/766/2689 600/733/2690 602/735/2691 725/768/2692
f 763/1184/2693 762/1151/2694 749/1149/2695 750/1182/2696
f 762/1151/2697 761/1121/2698 748/1117/2699 749/1149/2700
f 761/1121/2701 760/1088/2702 747/1089/2703 748/1117/2704
f 760/1088/2705 759/1054/2706 746/1056/2707 747/1089/2708
f 759/1054/2709 758/1021/2710 745/1023/2711 746/1056/2712
f 758/1021/2713 757/973/2714 744/974/2715 745/1023/2716
f 757/973/2717 756/931/2718 743/927/2719 744/974/2720
f 756/931/2721 755/897/2722 742/893/2723 743/927/2724
f 755/897/2725 754/859/2726 741/860/2727 742/893/2728
f 754/859/2729 753/827/2730 740/832/2731 741/860/2732
f 753/827/2733 752/797/2734 739/799/2735 740/832/2736
f 752/797/2737 751/764/2738 738/766/2739 739/799/2740
f 751/764/2741 598/731/2742 600/733/2743 738/766/2744
f 776/1186/2745 775/1153/2746 762/1151/2747 763/1184/2748
f 775/1153/2749 774/1122/2750 761/1121/2751 762/1151/2752
f 774/1122/2753 773/1084/2754 760/1088/2755 761/1121/2756
f 773/1084/2757 772/1048/2758 759/1054/2759 760/1088/2760
f 772/1048/2761 771/1014/2762 758/1021/2763 759/1054/2764
f 771/1014/2765 770/972/2766 757/973/2767 758/1021/2768
f 770/972/2769 769/935/2770 756/931/2771 757/973/2772
f 769/935/2773 768/901/2774 755/897/2775 756/931/2776
f 768/901/2777 767/864/2778 754/859/2779 755/897/2780
f 767/864/2781 766/826/2782 753/827/2783 754/859/2784
f 766/826/2785 765/795/2786 752/797/2787 753/827/2788
f 765/795/2789 764/762/2790 751/764/2791 752/797/2792
f 764/762/2793 596/729/2794 598/731/2795 751/764/2796
f 789/1188/2797 788/1155/2798 775/1153/2799 776/1186/2800
f 788/1155/2801 787/1120/2802 774/1122/2803 775/1153/2804
f 787/1120/2805 786/1080/2806 773/1084/2807 774/1122/2808
f 786/1080/2809 785/1044/2810 772/1048/2811 773/1084/2812
f 785/1044/2813 784/1010/2814 771/1014/2815 772/1048/2816
f 784/1010/2817 783/970/2818 770/972/2819 771/1014/2820
f 783/970/2821 782/940/2822 769/935/2823 770/972/2824
f 782/940/2825 781/905/2826 768/901/2827 769/935/2828
f 781/905/2829 780/869/2830 767/864/2831 768/901/2832
f 780/869/2833 779/829/2834 766/826/2835 767/864/2836
f 779/829/2837 778/793/2838 765/795/2839 766/826/2840
f 778/793/2841 777/760/2842 764/762/2843 765/795/2844
f 777/760/2845 594/727/2846 596/729/2847 764/762/2848
f 802/1185/2849 801/1152/2850 788/1154/2851 789/1187/2852
f 801/1152/2853 800/1119/2854 787/1116/2855 788/1154/2856
f 800/1119/2857 799/1082/2858 786/1078/2859 787/1116/2860
f 799/1082/2861 798/1047/2862 785/1043/2863 786/1078/2864
f 798/1047/2865 797/1012/2866 784/1008/2867 785/1043/2868
f 797/1012/2869 796/959/2870 783/958/2871 784/1008/2872
f 796/959/2873 795/933/2874 782/937/2875 783/958/2876
f 795/933/2877 794/900/2878 781/904/2879 782/937/2880
f 794/900/2881 793/865/2882 780/870/2883 781/904/2884
f 793/865/2885 792/828/2886 779/831/2887 780/870/2888
f 792/828/2889 791/796/2890 778/794/2891 779/831/2892
f 791/796/2893 790/763/2894 777/761/2895 778/794/2896
f 790/763/2897 592/730/2898 594/728/2899 777/761/2900
f 815/1183/2901 814/1150/2902 801/1152/2903 802/1185/2904
f 814/1150/2905 813/1118/2906 800/1119/2907 801/1152/2908
f 813/1118/2909 812/1086/2910 799/1082/2911 800/1119/2912
f 812/1086/2913 811/1051/2914 798/1047/2915 799/1082/2916
f 811/1051/2917 810/1016/2918 797/1012/2919 798/1047/2920
f 810/1016/2921 809/960/2922 796/959/2923 797/1012/2924
f 809/960/2925 808/929/2926 795/933/2927 796/959/2928
f 808/929/2929 807/896/2930 794/900/2931 795/933/2932
f 807/896/2933 806/861/2934 793/865/2935 794/900/2936
f 806/861/2937 805/830/2938 792/828/2939 793/865/2940
f 805/830/2941 804/798/2942 791/796/2943 792/828/2944
f 804/798/2945 803/765/2946 790/763/2947 791/796/2948
f 803/765/2949 590/732/2950 592/730/2951 790/763/2952
f 828/1181/2953 827/1148/2954 814/1150/2955 815/1183/2956
f 827/1148/2957 826/1115/2958 813/1118/2959 814/1150/2960
f 826/1115/2961 825/1087/2962 812/1086/2963 813/1118/2964
f 825/1087/2965 824/1053/2966 811/1051/2967 812/1086/2968
f 824/1053/2969 823/1018/2970 810/1016/2971 811/1051/2972
f 823/1018/2973 822/961/2974 809/960/2975 810/1016/2976
f 822/961/2977 821/925/2978 808/929/2979 809/960/2980
f 821/925/2981 820/892/2982 807/896/2983 808/929/2984
f 820/892/2985 819/862/2986 806/861/2987 807/896/2988
f 819/862/2989 818/833/2990 805/830/2991 806/861/2992
f 818/833/2993 817/800/2994 804/798/2995 805/830/2996
f 817/800/2997 816/767/2998 803/765/2999 804/798/3000
f 816/767/3001 588/734/3002 590/732/3003 803/765/3004
f 841/1179/3005 840/1146/3006 827/1148/3007 828/1181/3008
f 840/1146/3009 839/1113/3010 826/1115/3011 827/1148/3012
f 839/1113/3013 838/1083/3014 825/1087/3015 826/1115/3016
f 838/1083/3017 837/1052/3018 824/1053/3019 825/1087/3020
f 837/1052/3021 836/1020/3022 823/1018/3023 824/1053/3024
f 836/1020/3025 835/962/3026 822/961/3027 823/1018/3028
f 835/962/3029 834/926/3030 821/925/3031 822/961/3032
f 834/926/3033 833/894/3034 820/892/3035 821/925/3036
f 833/894/3037 832/866/3038 819/862/3039 820/892/3040
f 832/866/3041 831/835/3042 818/833/3043 819/862/3044
f 831/835/3045 830/802/3046 817/800/3047 818/833/3048
f 830/802/3049 829/769/3050 816/767/3051 817/800/3052
f 829/769/3053 586/736/3054 588/734/3055 816/767/3056
f 854/1177/3057 853/1144/3058 840/1146/3059 841/1179/3060
f 853/1144/3061 852/1111/3062 839/1113/3063 840/1146/3064
f 852/1111/3065 851/1079/3066 838/1083/3067 839/1113/3068
f 851/1079/3069 850/1049/3070 837/1052/3071 838/1083/3072
f 850/1049/3073 849/1017/3074 836/1020/3075 837/1052/3076
f 849/1017/3077 848/963/3078 835/962/3079 836/1020/3080
f 848/963/3081 847/930/3082 834/926/3083 835/962/3084
f 847/930/3085 846/898/3086 833/894/3087 834/926/3088
f 846/898/3089 845/868/3090 832/866/3091 833/894/3092
f 845/868/3093 844/837/3094 831/835/3095 832/866/3096
f 844/837/3097 843/804/3098 830/802/3099 831/835/3100
f 843/804/3101 842/771/3102 829/769/3103 830/802/3104
f 842/771/3105 584/738/3106 586/736/3107 829/769/3108
f 867/1175/3109 866/1142/3110 853/1144/3111 854/1177/3112
f 866/1142/3113 865/1109/3114 852/1111/3115 853/1144/3116
f 865/1109/3117 864/1076/3118 851/1079/3119 852/1111/3120
f 864/1076/3121 863/1045/3122 850/1049/3123 851/1079/3124
f 863/1045/3125 862/1013/3126 849/1017/3127 850/1049/3128
f 862/1013/3129 861/964/3130 848/963/3131 849/1017/3132
f 861/964/3133 860/934/3134 847/930/3135 848/963/3136
f 860/934/3137 859/902/3138 846/898/3139 847/930/3140
f 859/902/3141 858/872/3142 845/868/3143 846/898/3144
f 858/872/3145 857/839/3146 844/837/3147 845/868/3148
f 857/839/3149 856/806/3150 843/804/3151 844/837/3152
f 856/806/3153 855/773/3154 842/771/3155 843/804/3156
f 855/773/3157 582/740/3158 584/738/3159 842/771/3160
f 880/1173/3161 879/1140/3162 866/1142/3163 867/1175/3164
f 879/1140/3165 878/1107/3166 865/1109/3167 866/1142/3168
f 878/1107/3169 877/1074/3170 864/1076/3171 865/1109/3172
f 877/1074/3173 876/1041/3174 863/1045/3175 864/1076/3176
f 876/1041/3177 875/1009/3178 862/1013/3179 863/1045/3180
f 875/1009/3181 874/965/3182 861/964/3183 862/1013/3184
f 874/965/3185 873/938/3186 860/934/3187 861/964/3188
f 873/938/3189 872/906/3190 859/902/3191 860/934/3192
f 872/906/3193 871/874/3194 858/872/3195 859/902/3196
f 871/874/3197 870/841/3198 857/839/3199 858/872/3200
f 870/841/3201 869/808/3202 856/806/3203 857/839/3204
f 869/808/3205 868/775/3206 855/773/3207 856/806/3208
f 868/775/3209 580/742/3210 582/740/3211 855/773/3212
f 893/1171/3213 892/1138/3214 879/1140/3215 880/1173/3216
f 892/1138/3217 891/1105/3218 878/1107/3219 879/1140/3220
f 891/1105/3221 890/1072/3222 877/1074/3223 878/1107/3224
f 890/1072/3225 889/1039/3226 876/1041/3227 877/1074/3228
f 889/1039/3229 888/1006/3230 875/1009/3231 876/1041/3232
f 888/1006/3233 887/966/3234 874/965/3235 875/1009/3236
f 887/966/3237 886/941/3238 873/938/3239 874/965/3240
f 886/941/3241 885/909/3242 872/906/3243 873/938/3244
f 885/909/3245 884/876/3246 871/874/3247 872/906/3248
f 884/876/3249 883/843/3250 870/841/3251 871/874/3252
f 883/843/3253 882/810/3254 869/808/3255 870/841/3256
f 882/810/3257 881/777/3258 868/775/3259 869/808/3260
f 881/777/3261 578/744/3262 580/742/3263 868/775/3264
f 906/1169/3265 905/1136/3266 892/1138/3267 893/1171/3268
f 905/1136/3269 904/1103/3270 891/1105/3271 892/1138/3272
f 904/1103/3273 903/1070/3274 890/1072/3275 891/1105/3276
f 903/1070/3277 902/1037/3278 889/1039/3279 890/1072/3280
f 902/1037/3281 901/1004/3282 888/1006/3283 889/1039/3284
f 901/1004/3285 900/967/3286 887/966/3287 888/1006/3288
f 900/967/3289 899/943/3290 886/941/3291 887/966/3292
f 899/943/3293 898/911/3294 885/909/3295 886/941/3296
f 898/911/3297 897/878/3298 884/876/3299 885/909/3300
f 897/878/3301 896/845/3302 883/843/3303 884/876/3304
f 896/845/3305 895/812/3306 882/810/3307 883/843/3308
f 895/812/3309 894/779/3310 881/777/3311 882/810/3312
f 894/779/3313 576/746/3314 578/744/3315 881/777/3316
f 919/1167/3317 918/1134/3318 905/1136/3319 906/1169/3320
f 918/1134/3321 917/1101/3322 904/1103/3323 905/1136/3324
f 917/1101/3325 916/1068/3326 903/1070/3327 904/1103/3328
f 916/1068/3329 915/1035/3330 902/1037/3331 903/1070/3332
f 915/1035/3333 914/1002/3334 901/1004/3335 902/1037/3336
f 914/1002/3337 913/968/3338 900/967/3339 901/1004/3340
f 913/968/3341 912/945/3342 899/943/3343 900/967/3344
f 912/945/3345 911/913/3346 898/911/3347 899/943/3348
f 911/913/3349 910/880/3350 897/878/3351 898/911/3352
f 910/880/3353 909/847/3354 896/845/3355 897/878/3356
f 909/847/3357 908/814/3358 895/812/3359 896/845/3360
f 908/814/3361 907/781/3362 894/779/3363 895/812/3364
f 907/781/3365 574/748/3366 576/746/3367 894/779/3368
f 932/1165/3369 931/1132/3370 918/1134/3371 919/1167/3372
f 931/1132/3373 930/1099/3374 917/1101/3375 918/1134/3376
f 930/1099/3377 929/1066/3378 916/1068/3379 917/1101/3380
f 929/1066/3381 928/1033/3382 915/1035/3383 916/1068/3384
f 928/1033/3385 927/1000/3386 914/1002/3387 915/1035/3388
f 927/1000/3389 926/969/3390 913/968/3391 914/1002/3392
f 926/969/3393 925/947/3394 912/945/3395 913/968/3396
f 925/947/3397 924/915/3398 911/913/3399 912/945/3400
f 924/915/3401 923/882/3402 910/880/3403 911/913/3404
f 923/882/3405 922/849/3406 909/847/3407 910/880/3408
f 922/849/3409 921/816/3410 908/814/3411 909/847/3412
f 921/816/3413 920/783/3414 907/781/3415 908/814/3416
f 920/783/3417 572/750/3418 574/748/3419 907/781/3420
f 945/1163/3421 944/1130/3422 931/1132/3423 932/1165/3424
f 944/1130/3425 943/1097/3426 930/1099/3427 931/1132/3428
f 943/1097/3429 942/1064/3430 929/1066/3431 930/1099/3432
f 942/1064/3433 941/1031/3434 928/1033/3435 929/1066/3436
f 941/1031/3437 940/998/3438 927/1000/3439 928/1033/3440
f 940/998/3441 939/971/3442 926/969/3443 927/1000/3444
f 939/971/3445 938/949/3446 925/947/3447 926/969/3448
f 938/949/3449 937/917/3450 924/915/3451 925/947/3452
f 937/917/3453 936/884/3454 923/882/3455 924/915/3456
f 936/884/3457 935/851/3458 922/849/3459 923/882/3460
f 935/851/3461 934/818/3462 921/816/3463 922/849/3464
f 934/818/3465 933/785/3466 920/783/3467 921/816/3468
f 933/785/3469 570/752/3470 572/750/3471 920/783/3472
f 958/1161/3473 957/1128/3474 944/1130/3475 945/1163/3476
f 957/1128/3477 956/1095/3478 943/1097/3479 944/1130/3480
f 956/1095/3481 955/1062/3482 942/1064/3483 943/1097/3484
f 955/1062/3485 954/1029/3486 941/1031/3487 942/1064/3488
f 954/1029/3489 953/996/3490 940/998/3491 941/1031/3492
f 953/996/3493 952/976/3494 939/971/3495 940/998/3496
f 952/976/3497 951/951/3498 938/949/3499 939/971/3500
f 951/951/3501 950/919/3502 937/917/3503 938/949/3504
f 950/919/3505 949/886/3506 936/884/3507 937/917/3508
f 949/886/3509 948/853/3510 935/851/3511 936/884/3512
f 948/853/3513 947/820/3514 934/818/3515 935/851/3516
f 947/820/3517 946/787/3518 933/785/3519 934/818/3520
f 946/787/3521 568/754/3522 570/752/3523 933/785/3524
f 971/1159/3525 970/1126/3526 957/1128/3527 958/1161/3528
f 970/1126/3529 969/1093/3530 956/1095/3531 957/1128/3532
f 969/1093/3533 968/1060/3534 955/1062/3535 956/1095/3536
f 968/1060/3537 967/1027/3538 954/1029/3539 955/1062/3540
f 967/1027/3541 966/994/3542 953/996/3543 954/1029/3544
f 966/994/3545 965/980/3546 952/976/3547 953/996/3548
f 965/980/3549 964/953/3550 951/951/3551 952/976/3552
f 964/953/3553 963/921/3554 950/919/3555 951/951/3556
f 963/921/3557 962/888/3558 949/886/3559 950/919/3560
f 962/888/3561 961/855/3562 948/853/3563 949/886/3564
f 961/855/3565 960/822/3566 947/820/3567 948/853/3568
f 960/822/3569 959/789/3570 946/787/3571 947/820/3572
f 959/789/3573 566/756/3574 568/754/3575 946/787/3576
f 984/1157/3577 983/1124/3578 970/1126/3579 971/1159/3580
f 983/1124/3581 982/1091/3582 969/1093/3583 970/1126/3584
f 982/1091/3585 981/1058/3586 968/1060/3587 969/1093/3588
f 981/1058/3589 980/1025/3590 967/1027/3591 968/1060/3592
f 980/1025/3593 979/992/3594 966/994/3595 967/1027/3596
f 979/992/3597 978/983/3598 965/980/3599 966/994/3600
f 978/983/3601 977/955/3602 964/953/3603 965/980/3604
f 977/955/3605 976/923/3606 963/921/3607 964/953/3608
f 976/923/3609 975/890/3610 962/888/3611 963/921/3612
f 975/890/3613 974/857/3614 961/855/3615 962/888/3616
f 974/857/3617 973/824/3618 960/822/3619 961/855/3620
f 973/824/3621 972/791/3622 959/789/3623 960/822/3624
f 972/791/3625 564/758/3626 566/756/3627 959/789/3628
f 997/1156/3629 996/1123/3630 983/1124/3631 984/1157/3632
f 996/1123/3633 995/1090/3634 982/1091/3635 983/1124/3636
f 995/1090/3637 994/1057/3638 981/1058/3639 982/1091/3640
f 994/1057/3641 993/1024/3642 980/1025/3643 981/1058/3644
f 993/1024/3645 992/991/3646 979/992/3647 980/1025/3648
f 992/991/3649 991/986/3650 978/983/3651 979/992/3652
f 991/986/3653 990/957/3654 977/955/3655 978/983/3656
f 990/957/3657 989/924/3658 976/923/3659 977/955/3660
f 989/924/3661 988/891/3662 975/890/3663 976/923/3664
f 988/891/3665 987/858/3666 974/857/3667 975/890/3668
f 987/858/3669 986/825/3670 973/824/3671 974/857/3672
f 986/825/3673 985/792/3674 972/791/3675 973/824/3676
f 985/792/3677 562/759/3678 564/758/3679 972/791/3680
f 1010/1158/3681 1009/1125/3682 996/1123/3683 997/1156/3684
f 1009/1125/3685 1008/1092/3686 995/1090/3687 996/1123/3688
f 1008/1092/3689 1007/1059/3690 994/1057/3691 995/1090/3692
f 1007/1059/3693 1006/1026/3694 993/1024/3695 994/1057/3696
f 1006/1026/3697 1005/993/3698 992/991/3699 993/1024/3700
f 1005/993/3701 1004/988/3702 991/986/3703 992/991/3704
f 1004/988/3705 1003/956/3706 990/957/3707 991/986/3708
f 1003/956/3709 1002/922/3710 989/924/3711 990/957/3712
f 1002/922/3713 1001/889/3714 988/891/3715 989/924/3716
f 1001/889/3717 1000/856/3718 987/858/3719 988/891/3720
f 1000/856/3721 999/823/3722 986/825/3723 987/858/3724
f 999/823/3725 998/790/3726 985/792/3727 986/825/3728
f 998/790/3729 560/757/3730 562/759/3731 985/792/3732
f 1023/1160/3733 1022/1127/3734 1009/1125/3735 1010/1158/3736
f 1022/1127/3737 1021/1094/3738 1008/1092/3739 1009/1125/3740
f 1021/1094/3741 1020/1061/3742 1007/1059/3743 1008/1092/3744
f 1020/1061/3745 1019/1028/3746 1006/1026/3747 1007/1059/3748
f 1019/1028/3749 1018/995/3750 1005/993/3751 1006/1026/3752
f 1018/995/3753 1017/990/3754 1004/988/3755 1005/993/3756
f 1017/990/3757 1016/954/3758 1003/956/3759 1004/988/3760
f 1016/954/3761 1015/920/3762 1002/922/3763 1003/956/3764
f 1015/920/3765 1014/887/3766 1001/889/3767 1002/922/3768
f 1014/887/3769 1013/854/3770 1000/856/3771 1001/889/3772
f 1013/854/3773 1012/821/3774 999/823/3775 1000/856/3776
f 1012/821/3777 1011/788/3778 998/790/3779 999/823/3780
f 1011/788/3781 558/755/3782 560/757/3783 998/790/3784
f 1036/1162/3785 1035/1129/3786 1022/1127/3787 1023/1160/3788
f 1035/1129/3789 1034/1096/3790 1021/1094/3791 1022/1127/3792
f 1034/1096/3793 1033/1063/3794 1020/1061/3795 1021/1094/3796
f 1033/1063/3797 1032/1030/3798 1019/1028/3799 1020/1061/3800
f 1032/1030/3801 1031/997/3802 1018/995/3803 1019/1028/3804
f 1031/997/3805 1030/989/3806 1017/990/3807 1018/995/3808
f 1030/989/3809 1029/952/3810 1016/954/3811 1017/990/3812
f 1029/952/3813 1028/918/3814 1015/920/3815 1016/954/3816
f 1028/918/3817 1027/885/3818 1014/887/3819 1015/920/3820
f 1027/885/3821 1026/852/3822 1013/854/3823 1014/887/3824
f 1026/852/3825 1025/819/3826 1012/821/3827 1013/854/3828
f 1025/819/3829 1024/786/3830 1011/788/3831 1012/821/3832
f 1024/786/3833 556/753/3834 558/755/3835 1011/788/3836
f 1049/1164/3837 1048/1131/3838 1035/1129/3839 1036/1162/3840
f 1048/1131/3841 1047/1098/3842 1034/1096/3843 1035/1129/3844
f 1047/1098/3845 1046/1065/3846 1033/1063/3847 1034/1096/3848
f 1046/1065/3849 1045/1032/3850 1032/1030/3851 1033/1063/3852
f 1045/1032/3853 1044/999/3854 1031/997/3855 1032/1030/3856
f 1044/999/3857 1043/987/3858 1030/989/3859 1031/997/3860
f 1043/987/3861 1042/950/3862 1029/952/3863 1030/989/3864
f 1042/950/3865 1041/916/3866 1028/918/3867 1029/952/3868
f 1041/916/3869 1040/883/3870 1027/885/3871 1028/918/3872
f 1040/883/3873 1039/850/3874 1026/852/3875 1027/885/3876
f 1039/850/3877 1038/817/3878 1025/819/3879 1026/852/3880
f 1038/817/3881 1037/784/3882 1024/786/3883 1025/819/3884
f 1037/784/3885 554/751/3886 556/753/3887 1024/786/3888
f 1062/1166/3889 1061/1133/3890 1048/1131/3891 1049/1164/3892
f 1061/1133/3893 1060/1100/3894 1047/1098/3895 1048/1131/3896
f 1060/1100/3897 1059/1067/3898 1046/1065/3899 1047/1098/3900
f 1059/1067/3901 1058/1034/3902 1045/1032/3903 1046/1065/3904
f 1058/1034/3905 1057/1001/3906 1044/999/3907 1045/1032/3908
f 1057/1001/3909 1056/985/3910 1043/987/3911 1044/999/3912
f 1056/985/3913 1055/948/3914 1042/950/3915 1043/987/3916
f 1055/948/3917 1054/914/3918 1041/916/3919 1042/950/3920
f 1054/914/3921 1053/881/3922 1040/883/3923 1041/916/3924
f 1053/881/3925 1052/848/3926 1039/850/3927 1040/883/3928
f 1052/848/3929 1051/815/3930 1038/817/3931 1039/850/3932
f 1051/815/3933 1050/782/3934 1037/784/3935 1038/817/3936
f 1050/782/3937 552/749/3938 554/751/3939 1037/784/3940
f 1075/1168/3941 1074/1135/3942 1061/1133/3943 1062/1166/3944
f 1074/1135/3945 1073/1102/3946 1060/1100/3947 1061/1133/3948
f 1073/1102/3949 1072/1069/3950 1059/1067/3951 1060/1100/3952
f 1072/1069/3953 1071/1036/3954 1058/1034/3955 1059/1067/3956
f 1071/1036/3957 1070/1003/3958 1057/1001/3959 1058/1034/3960
f 1070/1003/3961 1069/984/3962 1056/985/3963 1057/1001/3964
f 1069/984/3965 1068/946/3966 1055/948/3967 1056/985/3968
f 1068/946/3969 1067/912/3970 1054/914/3971 1055/948/3972
f 1067/912/3973 1066/879/3974 1053/881/3975 1054/914/3976
f 1066/879/3977 1065/846/3978 1052/848/3979 1053/881/3980
f 1065/846/3981 1064/813/3982 1051/815/3983 1052/848/3984
f 1064/813/3985 1063/780/3986 1050/782/3987 1051/815/3988
f 1063/780/3989 550/747/3990 552/749/3991 1050/782/3992
f 1076/1170/3993 1077/1137/3994 1074/1135/3995 1075/1168/3996
f 1077/1137/3997 1078/1104/3998 1073/1102/3999 1074/1135/4000
f 1078/1104/4001 1079/1071/4002 1072/1069/4003 1073/1102/4004
f 1079/1071/4005 1080/1038/4006 1071/1036/4007 1072/1069/4008
f 1080/1038/4009 1081/1005/4010 1070/1003/4011 1071/1036/4012
f 1081/1005/4013 1082/982/4014 1069/984/4015 1070/1003/4016
f 1082/982/4017 1083/944/4018 1068/946/4019 1069/984/4020
f 1083/944/4021 1084/910/4022 1067/912/4023 1068/946/4024
f 1084/910/4025 1085/877/4026 1066/879/4027 1067/912/4028
f 1085/877/4029 1086/844/4030 1065/846/4031 1066/879/4032
f 1086/844/4033 1087/811/4034 1064/813/4035 1065/846/4036
f 1087/811/4037 1088/778/4038 1063/780/4039 1064/813/4040
f 1088/778/4041 548/745/4042 550/747/4043 1063/780/4044
f 685/1172/4045 684/1139/4046 1077/1137/4047 1076/1170/4048
f 684/1139/4049 683/1106/4050 1078/1104/4051 1077/1137/4052
f 683/1106/4053 682/1073/4054 1079/1071/4055 1078/1104/4056
f 682/1073/4057 681/1040/4058 1080/1038/4059 1079/1071/4060
f 681/1040/4061 680/1007/4062 1081/1005/4063 1080/1038/4064
f 680/1007/4065 679/981/4066 1082/982/4067 1081/1005/4068
f 679/981/4069 678/942/4070 1083/944/4071 1082/982/4072
f 678/942/4073 677/908/4074 1084/910/4075 1083/944/4076
f 677/908/4077 676/875/4078 1085/877/4079 1084/910/4080
f 676/875/4081 675/842/4082 1086/844/4083 1085/877/4084
f 675/842/4085 674/809/4086 1087/811/4087 1086/844/4088
f 674/809/4089 673/776/4090 1088/778/4091 1087/811/4092
f 673/776/4093 546/743/4094 548/745/4095 1088/778/4096
f 19/576/4097 21/575/4098 1099/602/4099 1098/597/4100
f 53/588/4101 55/586/4102 1116/619/4103 1115/621/4104
f 87/1361/4105 89/1363/4106 1133/1330/4107 1132/1328/4108
f 121/1381/4109 123/1373/4110 1150/1342/4111 1149/1340/4112
f 17/567/4113 19/576/4114 1098/597/4115 1097/598/4116
f 51/606/4117 53/588/4118 1115/621/4119 1114/623/4120
f 85/1359/4121 87/1361/4122 1132/1328/4123 1131/1326/4124
f 119/1377/4125 121/1381/4126 1149/1340/4127 1148/1351/4128
f 15/568/4129 17/567/4130 1097/598/4131 1096/596/4132
f 49/611/4133 51/606/4134 1114/623/4135 1113/625/4136
f 83/1356/4137 85/1359/4138 1131/1326/4139 1130/1324/4140
f 117/1384/4141 119/1377/4142 1148/1351/4143 1147/1346/4144
f 13/569/4145 15/568/4146 1096/596/4147 1095/594/4148
f 47/614/4149 49/618/4150 1113/627/4151 1112/626/4152
f 81/1350/4153 83/1356/4154 1130/1324/4155 1129/1322/4156
f 115/1378/4157 117/1384/4158 1147/1346/4159 1146/1348/4160
f 11/565/4161 13/569/4162 1095/594/4163 1094/593/4164
f 45/608/4165 47/614/4166 1112/626/4167 1111/624/4168
f 79/1357/4169 81/1353/4170 1129/1321/4171 1128/1323/4172
f 113/1374/4173 115/1378/4174 1146/1348/4175 1145/1349/4176
f 9/566/4177 11/565/4178 1094/593/4179 1093/591/4180
f 43/595/4181 45/608/4182 1111/624/4183 1110/622/4184
f 77/1358/4185 79/1357/4186 1128/1323/4187 1127/1325/4188
f 111/1383/4189 113/1374/4190 1145/1349/4191 1144/1343/4192
f 7/563/4193 9/566/4194 1093/591/4195 1092/589/4196
f 41/587/4197 43/595/4198 1110/622/4199 1109/620/4200
f 75/1360/4201 77/1358/4202 1127/1325/4203 1126/1327/4204
f 109/1375/4205 111/1383/4206 1144/1343/4207 1143/1344/4208
f 5/562/4209 7/563/4210 1092/589/4211 1091/590/4212
f 39/585/4213 41/587/4214 1109/620/4215 1108/617/4216
f 73/1362/4217 75/1360/4218 1126/1327/4219 1125/1329/4220
f 107/1372/4221 109/1375/4222 1143/1344/4223 1142/1347/4224
f 3/564/4225 5/562/4226 1091/590/4227 1090/592/4228
f 37/583/4229 39/585/4230 1108/617/4231 1107/615/4232
f 639/1249/4233 637/1246/4234 1263/1266/4235 1264/1269/4236
f 1096/596/4237 1097/598/4238 1161/633/4239 1160/634/4240
f 1147/1346/4241 1148/1351/4242 1212/1310/4243 1211/1315/4244
f 637/1246/4245 635/1242/4246 1262/1265/4247 1263/1266/4248
f 1095/594/4249 1096/596/4250 1160/634/4251 1159/632/4252
f 1146/1348/4253 1147/1346/4254 1211/1315/4255 1210/1318/4256
f 635/1242/4257 633/1238/4258 1261/1263/4259 1262/1265/4260
f 1094/593/4261 1095/594/4262 1159/632/4263 1158/629/4264
f 1145/1349/4265 1146/1348/4266 1210/1318/4267 1209/1312/4268
f 633/1238/4269 631/1231/4270 1260/1262/4271 1261/1263/4272
f 1093/591/4273 1094/593/4274 1158/629/4275 1157/628/4276
f 1144/1343/4277 1145/1349/4278 1209/1312/4279 1208/1319/4280
f 631/1231/4281 629/1226/4282 1259/1259/4283 1260/1262/4284
f 1092/589/4285 1093/591/4286 1157/628/4287 1156/631/4288
f 1143/1344/4289 1144/1343/4290 1208/1319/4291 1207/1317/4292
f 629/1226/4293 627/1224/4294 1258/1257/4295 1259/1259/4296
f 1091/590/4297 1092/589/4298 1156/631/4299 1155/630/4300
f 1142/1347/4301 1143/1344/4302 1207/1317/4303 1206/1313/4304
f 627/1224/4305 625/1222/4306 1257/1255/4307 1258/1257/4308
f 1090/592/4309 1091/590/4310 1155/630/4311 1154/637/4312
f 1141/1345/4313 1142/1347/4314 1206/1313/4315 1205/1320/4316
f 625/1223/4317 623/1225/4318 1256/1258/4319 1257/1256/4320
f 1089/599/4321 1090/592/4322 1154/637/4323 1153/640/4324
f 1140/1355/4325 1141/1345/4326 1205/1320/4327 1204/1314/4328
f 623/1225/4329 621/1227/4330 1255/1260/4331 1256/1258/4332
f 1139/1354/4333 1140/1355/4334 1204/1314/4335 1203/1311/4336
f 621/1227/4337 619/1235/4338 1254/1261/4339 1255/1260/4340
f 1138/1352/4341 1139/1354/4342 1203/1311/4343 1202/1308/4344
f 619/1235/4345 617/1240/4346 1253/1264/4347 1254/1261/4348
f 1137/1341/4349 1138/1352/4350 1202/1308/4351 1201/1306/4352
f 617/1240/4353 615/1245/4354 1252/1267/4355 1253/1264/4356
f 1136/1337/4357 1137/1341/4358 1201/1306/4359 1200/1303/4360
f 615/1245/4361 613/1251/4362 1251/1268/4363 1252/1267/4364
f 1135/1334/4365 1136/1337/4366 1200/1303/4367 1199/1301/4368
f 613/1251/4369 611/1254/4370 1250/1274/4371 1251/1268/4372
f 1134/1332/4373 1135/1334/4374 1199/1301/4375 1198/1299/4376
f 611/1254/4377 609/1253/4378 1249/1271/4379 1250/1274/4380
f 1133/1330/4381 1134/1332/4382 1198/1299/4383 1197/1297/4384
f 545/695/4385 607/694/4386 1248/671/4387 1217/672/4388
f 1132/1328/4389 1133/1330/4390 1197/1297/4391 1196/1295/4392
f 607/694/4393 605/696/4394 1247/679/4395 1248/671/4396
f 1131/1326/4397 1132/1328/4398 1196/1295/4399 1195/1293/4400
f 605/696/4401 603/698/4402 1246/681/4403 1247/679/4404
f 1130/1324/4405 1131/1326/4406 1195/1293/4407 1194/1291/4408
f 603/698/4409 601/703/4410 1245/684/4411 1246/681/4412
f 1129/1322/4413 1130/1324/4414 1194/1291/4415 1193/1289/4416
f 601/703/4417 599/711/4418 1244/685/4419 1245/684/4420
f 1128/1323/4421 1129/1321/4422 1193/1288/4423 1192/1290/4424
f 599/711/4425 597/720/4426 1243/688/4427 1244/685/4428
f 1127/1325/4429 1128/1323/4430 1192/1290/4431 1191/1292/4432
f 597/720/4433 595/722/4434 1242/690/4435 1243/688/4436
f 1126/1327/4437 1127/1325/4438 1191/1292/4439 1190/1294/4440
f 595/722/4441 593/724/4442 1241/692/4443 1242/690/4444
f 1125/1329/4445 1126/1327/4446 1190/1294/4447 1189/1296/4448
f 593/726/4449 591/725/4450 1240/691/4451 1241/693/4452
f 1124/1331/4453 1125/1329/4454 1189/1296/4455 1188/1298/4456
f 591/725/4457 589/723/4458 1239/689/4459 1240/691/4460
f 1123/1333/4461 1124/1331/4462 1188/1298/4463 1187/1300/4464
f 589/723/4465 587/721/4466 1238/687/4467 1239/689/4468
f 1122/1335/4469 1123/1333/4470 1187/1300/4471 1186/1302/4472
f 587/721/4473 585/717/4474 1237/686/4475 1238/687/4476
f 1121/1336/4477 1122/1335/4478 1186/1302/4479 1185/1304/4480
f 585/717/4481 583/709/4482 1236/683/4483 1237/686/4484
f 1120/605/4485 1089/599/4486 1153/640/4487 1184/644/4488
f 123/1373/4489 125/1376/4490 1151/1339/4491 1150/1342/4492
f 89/1363/4493 91/1365/4494 1134/1332/4495 1133/1330/4496
f 55/586/4497 57/584/4498 1117/616/4499 1116/619/4500
f 21/575/4501 23/573/4502 1100/601/4503 1099/602/4504
f 125/1376/4505 127/1367/4506 1152/1338/4507 1151/1339/4508
f 91/1365/4509 93/1370/4510 1135/1334/4511 1134/1332/4512
f 57/584/4513 59/582/4514 1118/613/4515 1117/616/4516
f 23/573/4517 25/572/4518 1101/600/4519 1100/601/4520
f 127/1367/4521 65/1369/4522 1121/1336/4523 1152/1338/4524
f 93/1370/4525 95/1371/4526 1136/1337/4527 1135/1334/4528
f 59/582/4529 61/579/4530 1119/609/4531 1118/613/4532
f 25/572/4533 27/571/4534 1102/603/4535 1101/600/4536
f 95/1371/4537 97/1379/4538 1137/1341/4539 1136/1337/4540
f 61/579/4541 63/577/4542 1120/605/4543 1119/609/4544
f 27/571/4545 29/574/4546 1103/604/4547 1102/603/4548
f 97/1379/4549 99/1385/4550 1138/1352/4551 1137/1341/4552
f 63/577/4553 1/570/4554 1089/599/4555 1120/605/4556
f 29/574/4557 31/578/4558 1104/607/4559 1103/604/4560
f 65/1369/4561 67/1368/4562 1122/1335/4563 1121/1336/4564
f 99/1385/4565 101/1386/4566 1139/1354/4567 1138/1352/4568
f 31/578/4569 33/580/4570 1105/610/4571 1104/607/4572
f 101/1386/4573 103/1380/4574 1140/1355/4575 1139/1354/4576
f 67/1368/4577 69/1366/4578 1123/1333/4579 1122/1335/4580
f 33/580/4581 35/581/4582 1106/612/4583 1105/610/4584
f 103/1380/4585 105/1382/4586 1141/1345/4587 1140/1355/4588
f 1/570/4589 3/564/4590 1090/592/4591 1089/599/4592
f 69/1366/4593 71/1364/4594 1124/1331/4595 1123/1333/4596
f 35/581/4597 37/583/4598 1107/615/4599 1106/612/4600
f 105/1382/4601 107/1372/4602 1142/1347/4603 1141/1345/4604
f 71/1364/4605 73/1362/4606 1125/1329/4607 1124/1331/4608
f 1153/640/4609 1154/637/4610 1218/663/4611 1217/672/4612
f 1154/637/4613 1155/630/4614 1219/668/4615 1218/663/4616
f 1155/630/4617 1156/631/4618 1220/662/4619 1219/668/4620
f 1156/631/4621 1157/628/4622 1221/670/4623 1220/662/4624
f 1157/628/4625 1158/629/4626 1222/666/4627 1221/670/4628
f 1158/629/4629 1159/632/4630 1223/664/4631 1222/666/4632
f 1159/632/4633 1160/634/4634 1224/661/4635 1223/664/4636
f 1160/634/4637 1161/633/4638 1225/669/4639 1224/661/4640
f 1161/633/4641 1162/636/4642 1226/665/4643 1225/669/4644
f 1162/636/4645 1163/635/4646 1227/673/4647 1226/665/4648
f 1163/635/4649 1164/639/4650 1228/667/4651 1227/673/4652
f 1164/639/4653 1165/638/4654 1229/677/4655 1228/667/4656
f 1165/638/4657 1166/641/4658 1230/675/4659 1229/677/4660
f 1166/641/4661 1167/642/4662 1231/674/4663 1230/675/4664
f 1167/642/4665 1168/643/4666 1232/676/4667 1231/674/4668
f 1168/643/4669 1169/645/4670 1233/678/4671 1232/676/4672
f 1169/645/4673 1170/647/4674 1234/680/4675 1233/678/4676
f 1170/647/4677 1171/649/4678 1235/682/4679 1234/680/4680
f 1171/649/4681 1172/651/4682 1236/683/4683 1235/682/4684
f 1172/651/4685 1173/652/4686 1237/686/4687 1236/683/4688
f 1173/652/4689 1174/654/4690 1238/687/4691 1237/686/4692
f 1174/654/4693 1175/656/4694 1239/689/4695 1238/687/4696
f 1175/656/4697 1176/658/4698 1240/691/4699 1239/689/4700
f 1176/658/4701 1177/660/4702 1241/693/4703 1240/691/4704
f 1177/659/4705 1178/657/4706 1242/690/4707 1241/692/4708
f 1178/657/4709 1179/655/4710 1243/688/4711 1242/690/4712
f 1179/655/4713 1180/653/4714 1244/685/4715 1243/688/4716
f 1180/653/4717 1181/650/4718 1245/684/4719 1244/685/4720
f 1181/650/4721 1182/648/4722 1246/681/4723 1245/684/4724
f 1182/648/4725 1183/646/4726 1247/679/4727 1246/681/4728
f 1183/646/4729 1184/644/4730 1248/671/4731 1247/679/4732
f 1184/644/4733 1153/640/4734 1217/672/4735 1248/671/4736
f 1185/1304/4737 1186/1302/4738 1250/1274/4739 1249/1271/4740
f 1186/1302/4741 1187/1300/4742 1251/1268/4743 1250/1274/4744
f 1187/1300/4745 1188/1298/4746 1252/1267/4747 1251/1268/4748
f 1188/1298/4749 1189/1296/4750 1253/1264/4751 1252/1267/4752
f 1189/1296/4753 1190/1294/4754 1254/1261/4755 1253/1264/4756
f 1190/1294/4757 1191/1292/4758 1255/1260/4759 1254/1261/4760
f 1191/1292/4761 1192/1290/4762 1256/1258/4763 1255/1260/4764
f 1192/1290/4765 1193/1288/4766 1257/1256/4767 1256/1258/4768
f 1193/1289/4769 1194/1291/4770 1258/1257/4771 1257/1255/4772
f 1194/1291/4773 1195/1293/4774 1259/1259/4775 1258/1257/4776
f 1195/1293/4777 1196/1295/4778 1260/1262/4779 1259/1259/4780
f 1196/1295/4781 1197/1297/4782 1261/1263/4783 1260/1262/4784
f 1197/1297/4785 1198/1299/4786 1262/1265/4787 1261/1263/4788
f 1198/1299/4789 1199/1301/4790 1263/1266/4791 1262/1265/4792
f 1199/1301/4793 1200/1303/4794 1264/1269/4795 1263/1266/4796
f 1200/1303/4797 1201/1306/4798 1265/1276/4799 1264/1269/4800
f 1201/1306/4801 1202/1308/4802 1266/1280/4803 1265/1276/4804
f 1202/1308/4805 1203/1311/4806 1267/1285/4807 1266/1280/4808
f 1203/1311/4809 1204/1314/4810 1268/1287/4811 1267/1285/4812
f 1204/1314/4813 1205/1320/4814 1269/1281/4815 1268/1287/4816
f 1205/1320/4817 1206/1313/4818 1270/1286/4819 1269/1281/4820
f 1206/1313/4821 1207/1317/4822 1271/1278/4823 1270/1286/4824
f 1207/1317/4825 1208/1319/4826 1272/1272/4827 1271/1278/4828
f 1208/1319/4829 1209/1312/4830 1273/1279/4831 1272/1272/4832
f 1209/1312/4833 1210/1318/4834 1274/1270/4835 1273/1279/4836
f 1210/1318/4837 1211/1315/4838 1275/1277/4839 1274/1270/4840
f 1211/1315/4841 1212/1310/4842 1276/1284/4843 1275/1277/4844
f 1212/1310/4845 1213/1316/4846 1277/1275/4847 1276/1284/4848
f 1213/1316/4849 1214/1307/4850 1278/1283/4851 1277/1275/4852
f 1214/1307/4853 1215/1309/4854 1279/1273/4855 1278/1283/4856
f 1215/1309/4857 1216/1305/4858 1280/1282/4859 1279/1273/4860
f 1216/1305/4861 1185/1304/4862 1249/1271/4863 1280/1282/4864
f 1148/1351/4865 1149/1340/4866 1213/1316/4867 1212/1310/4868
f 1097/598/4869 1098/597/4870 1162/636/4871 1161/633/4872
f 641/1252/4873 639/1249/4874 1264/1269/4875 1265/1276/4876
f 1149/1340/4877 1150/1342/4878 1214/1307/4879 1213/1316/4880
f 1098/597/4881 1099/602/4882 1163/635/4883 1162/636/4884
f 643/1250/4885 641/1252/4886 1265/1276/4887 1266/1280/4888
f 1150/1342/4889 1151/1339/4890 1215/1309/4891 1214/1307/4892
f 1099/602/4893 1100/601/4894 1164/639/4895 1163/635/4896
f 645/1247/4897 643/1250/4898 1266/1280/4899 1267/1285/4900
f 1151/1339/4901 1152/1338/4902 1216/1305/4903 1215/1309/4904
f 1100/601/4905 1101/600/4906 1165/638/4907 1164/639/4908
f 647/1243/4909 645/1247/4910 1267/1285/4911 1268/1287/4912
f 1152/1338/4913 1121/1336/4914 1185/1304/4915 1216/1305/4916
f 1101/600/4917 1102/603/4918 1166/641/4919 1165/638/4920
f 649/1239/4921 647/1243/4922 1268/1287/4923 1269/1281/4924
f 547/697/4925 545/695/4926 1217/672/4927 1218/663/4928
f 1102/603/4929 1103/604/4930 1167/642/4931 1166/641/4932
f 651/1236/4933 649/1239/4934 1269/1281/4935 1270/1286/4936
f 549/699/4937 547/697/4938 1218/663/4939 1219/668/4940
f 1103/604/4941 1104/607/4942 1168/643/4943 1167/642/4944
f 653/1233/4945 651/1236/4946 1270/1286/4947 1271/1278/4948
f 551/700/4949 549/699/4950 1219/668/4951 1220/662/4952
f 1104/607/4953 1105/610/4954 1169/645/4955 1168/643/4956
f 655/1230/4957 653/1233/4958 1271/1278/4959 1272/1272/4960
f 553/706/4961 551/700/4962 1220/662/4963 1221/670/4964
f 1105/610/4965 1106/612/4966 1170/647/4967 1169/645/4968
f 657/1229/4969 655/1230/4970 1272/1272/4971 1273/1279/4972
f 555/708/4973 553/706/4974 1221/670/4975 1222/666/4976
f 1106/612/4977 1107/615/4978 1171/649/4979 1170/647/4980
f 659/1228/4981 657/1229/4982 1273/1279/4983 1274/1270/4984
f 557/712/4985 555/708/4986 1222/666/4987 1223/664/4988
f 1107/615/4989 1108/617/4990 1172/651/4991 1171/649/4992
f 661/1232/4993 659/1228/4994 1274/1270/4995 1275/1277/4996
f 559/714/4997 557/712/4998 1223/664/4999 1224/661/5000
f 1108/617/5001 1109/620/5002 1173/652/5003 1172/651/5004
f 663/1234/5005 661/1232/5006 1275/1277/5007 1276/1284/5008
f 561/716/5009 559/714/5010 1224/661/5011 1225/669/5012
f 1109/620/5013 1110/622/5014 1174/654/5015 1173/652/5016
f 665/1237/5017 663/1234/5018 1276/1284/5019 1277/1275/5020
f 563/719/5021 561/716/5022 1225/669/5023 1226/665/5024
f 1110/622/5025 1111/624/5026 1175/656/5027 1174/654/5028
f 667/1241/5029 665/1237/5030 1277/1275/5031 1278/1283/5032
f 565/718/5033 563/719/5034 1226/665/5035 1227/673/5036
f 1111/624/5037 1112/626/5038 1176/658/5039 1175/656/5040
f 669/1244/5041 667/1241/5042 1278/1283/5043 1279/1273/5044
f 567/715/5045 565/718/5046 1227/673/5047 1228/667/5048
f 1112/626/5049 1113/627/5050 1177/660/5051 1176/658/5052
f 671/1248/5053 669/1244/5054 1279/1273/5055 1280/1282/5056
f 569/713/5057 567/715/5058 1228/667/5059 1229/677/5060
f 1113/625/5061 1114/623/5062 1178/657/5063 1177/659/5064
f 609/1253/5065 671/1248/5066 1280/1282/5067 1249/1271/5068
f 571/710/5069 569/713/5070 1229/677/5071 1230/675/5072
f 1114/623/5073 1115/621/5074 1179/655/5075 1178/657/5076
f 573/707/5077 571/710/5078 1230/675/5079 1231/674/5080
f 1115/621/5081 1116/619/5082 1180/653/5083 1179/655/5084
f 575/704/5085 573/707/5086 1231/674/5087 1232/676/5088
f 1116/619/5089 1117/616/5090 1181/650/5091 1180/653/5092
f 577/701/5093 575/704/5094 1232/676/5095 1233/678/5096
f 1117/616/5097 1118/613/5098 1182/648/5099 1181/650/5100
f 579/702/5101 577/701/5102 1233/678/5103 1234/680/5104
f 1118/613/5105 1119/609/5106 1183/646/5107 1182/648/5108
f 581/705/5109 579/702/5110 1234/680/5111 1235/682/5112
f 1119/609/5113 1120/605/5114 1184/644/5115 1183/646/5116
f 583/709/5117 581/705/5118 1235/682/5119 1236/683/5120
